{
    "name": "root",
    "gauges": {
        "MyBehavior.Policy.Entropy.mean": {
            "value": 1.2246828079223633,
            "min": 1.2246828079223633,
            "max": 1.4189385175704956,
            "count": 200
        },
        "MyBehavior.Policy.Entropy.sum": {
            "value": 614.790771484375,
            "min": 608.6673583984375,
            "max": 729.3343505859375,
            "count": 200
        },
        "MyBehavior.Step.mean": {
            "value": 99999.0,
            "min": 499.0,
            "max": 99999.0,
            "count": 200
        },
        "MyBehavior.Step.sum": {
            "value": 99999.0,
            "min": 499.0,
            "max": 99999.0,
            "count": 200
        },
        "MyBehavior.Policy.ExtrinsicValueEstimate.mean": {
            "value": 0.8017022609710693,
            "min": -0.17507857084274292,
            "max": 0.8753460645675659,
            "count": 200
        },
        "MyBehavior.Policy.ExtrinsicValueEstimate.sum": {
            "value": 400.85113525390625,
            "min": -87.5392837524414,
            "max": 437.67303466796875,
            "count": 200
        },
        "MyBehavior.Environment.EpisodeLength.mean": {
            "value": 12.515151515151516,
            "min": 12.285714285714286,
            "max": 24.083333333333332,
            "count": 200
        },
        "MyBehavior.Environment.EpisodeLength.sum": {
            "value": 413.0,
            "min": 337.0,
            "max": 681.0,
            "count": 200
        },
        "MyBehavior.Environment.CumulativeReward.mean": {
            "value": 12.247148586042,
            "min": 11.575622072926274,
            "max": 12.407797327408424,
            "count": 200
        },
        "MyBehavior.Environment.CumulativeReward.sum": {
            "value": 404.155903339386,
            "min": 239.98869168758392,
            "max": 471.1953715085983,
            "count": 200
        },
        "MyBehavior.Policy.ExtrinsicReward.mean": {
            "value": 12.247148586042,
            "min": 11.575622072926274,
            "max": 12.407797327408424,
            "count": 200
        },
        "MyBehavior.Policy.ExtrinsicReward.sum": {
            "value": 404.155903339386,
            "min": 239.98869168758392,
            "max": 471.1953715085983,
            "count": 200
        },
        "MyBehavior.IsTraining.mean": {
            "value": 1.0,
            "min": 1.0,
            "max": 1.0,
            "count": 200
        },
        "MyBehavior.IsTraining.sum": {
            "value": 1.0,
            "min": 1.0,
            "max": 1.0,
            "count": 200
        },
        "MyBehavior.Losses.PolicyLoss.mean": {
            "value": 0.03401706813589499,
            "min": 0.032720009826589375,
            "max": 0.038422714781190734,
            "count": 9
        },
        "MyBehavior.Losses.PolicyLoss.sum": {
            "value": 0.03401706813589499,
            "min": 0.032720009826589375,
            "max": 0.038422714781190734,
            "count": 9
        },
        "MyBehavior.Losses.ValueLoss.mean": {
            "value": 0.23190609067678453,
            "min": 0.22849934831261634,
            "max": 0.2949721185863018,
            "count": 9
        },
        "MyBehavior.Losses.ValueLoss.sum": {
            "value": 0.23190609067678453,
            "min": 0.22849934831261634,
            "max": 0.2949721185863018,
            "count": 9
        },
        "MyBehavior.Policy.LearningRate.mean": {
            "value": 3.9140092172000014e-05,
            "min": 3.9140092172000014e-05,
            "max": 0.00044879501024100004,
            "count": 9
        },
        "MyBehavior.Policy.LearningRate.sum": {
            "value": 3.9140092172000014e-05,
            "min": 3.9140092172000014e-05,
            "max": 0.00044879501024100004,
            "count": 9
        },
        "MyBehavior.Policy.Epsilon.mean": {
            "value": 0.10782800000000002,
            "min": 0.10782800000000002,
            "max": 0.18975900000000004,
            "count": 9
        },
        "MyBehavior.Policy.Epsilon.sum": {
            "value": 0.10782800000000002,
            "min": 0.10782800000000002,
            "max": 0.18975900000000004,
            "count": 9
        },
        "MyBehavior.Policy.Beta.mean": {
            "value": 0.00040061720000000015,
            "min": 0.00040061720000000015,
            "max": 0.0044889741,
            "count": 9
        },
        "MyBehavior.Policy.Beta.sum": {
            "value": 0.00040061720000000015,
            "min": 0.00040061720000000015,
            "max": 0.0044889741,
            "count": 9
        }
    },
    "metadata": {
        "timer_format_version": "0.1.0",
        "start_time_seconds": "1761291381",
        "python_version": "3.10.12 | packaged by conda-forge | (main, Jun 23 2023, 22:40:32) [GCC 12.3.0]",
        "command_line_arguments": "/home/dudrjs/anaconda3/envs/mlagents/bin/mlagents-learn config/251024.yaml --run-id=MyGrasp251024 --time-scale=50 --force",
        "mlagents_version": "1.1.0",
        "mlagents_envs_version": "1.1.0",
        "communication_protocol_version": "1.5.0",
        "pytorch_version": "2.7.1+cu126",
        "numpy_version": "1.23.5",
        "end_time_seconds": "1761323271"
    },
    "total": 31889.545961928,
    "count": 1,
    "self": 0.0032620129932183772,
    "children": {
        "run_training.setup": {
            "total": 0.013212525998824276,
            "count": 1,
            "self": 0.013212525998824276
        },
        "TrainerController.start_learning": {
            "total": 31889.52948738901,
            "count": 1,
            "self": 1.6053110161665245,
            "children": {
                "TrainerController._reset_env": {
                    "total": 6.837176957997144,
                    "count": 1,
                    "self": 6.837176957997144
                },
                "TrainerController.advance": {
                    "total": 31881.05795606685,
                    "count": 100015,
                    "self": 1.4623485607953626,
                    "children": {
                        "env_step": {
                            "total": 31698.41591843176,
                            "count": 100015,
                            "self": 31633.50226390869,
                            "children": {
                                "SubprocessEnvManager._take_step": {
                                    "total": 63.83514581430791,
                                    "count": 100015,
                                    "self": 2.705629254807718,
                                    "children": {
                                        "TorchPolicy.evaluate": {
                                            "total": 61.12951655950019,
                                            "count": 100015,
                                            "self": 61.12951655950019
                                        }
                                    }
                                },
                                "workers": {
                                    "total": 1.078508708764275,
                                    "count": 100015,
                                    "self": 0.0,
                                    "children": {
                                        "worker_root": {
                                            "total": 31887.442089229997,
                                            "count": 100015,
                                            "is_parallel": true,
                                            "self": 320.3703898112217,
                                            "children": {
                                                "run_training.setup": {
                                                    "total": 0.0,
                                                    "count": 0,