0,0,1
0,0,1
0,0,1
0,1,1
0,0,1
0,0.8642534,1
0,0,1
0,0,1
0,0,1
0,0,1
0,1,1
0,0,1
0,0,1
0,0,0
0,0,0
0,0,1
0,1,1
0,0,1
0,0,1
0,0,0
0,0,1
0,0,0
0,0,1
0,0,0
0,0,0
0,1,1
0,1,1
0,0,0
0,0,0
0,0,0
0,0,1
0,0,1
0,0,0
0,0,1
0,0,0
0,0,1
0,0,1
0,0,1
0,0,1
0,0,0
0,0,1
0,0,0
0,1,1
0,0,0
0,1,1
0,0,1
0,0,1
0,0,1
0,0,1
0,0,1
0,0,0
0,0,1
0,0,0
0,0,0
0,0,1
0,0,1
0,0.7643403,1
0,0.8615152,1
0,0,1
0,0,0
0,0,1
0,0,1
0,0,0
0,0,1
0,1,1
0,0,1
0,0,0
0,0,0
0,0,0
0,0,1
0,1,1
0,0,1
0,0,1
0,0,0
0,0,1
0,0,1
0,0,1
0,0,0
0,1,1
0,0,1
0,0,0
0,0,0
0,0,1
0,0.8785719,1
0,0,0
0,0,0
0,0,1
0,0,1
0,0,1
0,0,0
0,0,1
0,0,1
0,0,1
0,1,1
0,0,0
0,0,0
0,0,1
0,0,1
0,0,1
0,0,0
0,0,0
0,0,1
0,0,0
0,0,0
0,0,1
0,1,1
0,1,1
0,0,0
0,1,1
0,0,0
0,0,1
0,0,1
0,0,1
0,0,0
0,0,1
0,0,1
0,0.7349838,1
0,0,1
0,1,1
0,0,1
0,0,0
0,0,1
0,0,0
0,0,0
0,0,0
0,0,0
0,0,1
0,0,0
0,0,1
0,1,1
0,0.7855082,1
0,0,0
0,0,1
0,0,1
0,0,1
0,0,1
0,0,1
0,0,1
0,0.860552,1
0,0,1
0,0,0
0,0,1
0,0,1
0,0.8440368,1
0,0,1
0,0,1
0,0,1
0,0,0
0,0,0
0,0,1
0,0,0
0,0,1
0,0,0
0,0,1
0,0,0
0,1,1
0,0,1
0,0,0
0,0,0
0,0,1
0,0,0
0,1,1
0,0,0
0,0,1
0,0,0
0,0,0
0,0,1
0,0,1
0,0,1
0,1,1
0,0,1
0,0,0
0,0,0
0,1,1
0,0,0
0,0,0
0,0.8167289,1
0,0,1
0,1,1
0,0,1
0,0,0
0,0,1
0,0,1
0,0,1
0,0,1
0,0,1
0,0.8632947,1
0,0,0
0,0,0
0,0,1
0,0,1
0,1,1
0,0,1
0,1,1
0,0,1
0,0,0
0,0,1
0,0,0
0,0,0
0,0,1
0,1,1
0,0,0
0,0,1
0,1,1
0,0,0
0,0.7182213,1
0,0,0
0,0,1
0,0,0
0,1,1
0,0,1
0,0,0
0,1,1
0,0,0
0,0,1
0,1,1
0,0,1
0,0,1
0,1,1
0,0,1
0,0,0
0,0,1
0,0,1
0,0,0
0,1,1
0,0,1
0,0,0
0,0,0
0,0,1
0,1,1
0,0.8134593,1
0,0,0
0,0,0
0,0,1
0,0,1
0,0.8578393,1
0,0,1
0,1,1
0,0,0
0,0,0
0,0,0
0,0,1
0,1,1
0,0,0
0,0,0
0,0,1
0,0,0
0,0,0
0,0,0
0,0,0
0,0,0
0,0,0
0,1,1
0,0,0
0,0,1
0,0,1
0,0,0
0,0,1
0,0,1
0,0,0
0,0,0
0,0.8577546,1
0,0,0
0,1,1
0,0,1
0,0,0
0,0,1
0,1,1
0,0,0
0,0,0
0,0,1
0,0,1
0,1,1
0,0,0
0,0,0
0,0,1
0,0,1
0,0,1
0,0,0
0,1,1
0,0,1
0,0,1
0,0,1
0,0,1
0,1,1
0,0,0
0,0,0
0,0,1
0,0.8118744,1
0,0,1
0,0,1
0,0.8649157,1
0,1,1
0,0,1
0,0,1
0,0,0
0,0,1
0,1,1
0,0,1
0,0.8562634,1
0,0,1
0,1,1
0,0,1
0,0,0
0,0,1
0,0,1
0,0,1
0,0,0
0,0,1
0,0,0
0,0,1
0,0,0
0,0,0
0,0,0
0,0,0
0,0.881215,1
0,0,1
0,0,1
0,0,0
0,0,1
0,0,0
0,1,1
0,0,1
0,1,1
0,0,0
0,0,0
0,0,1
0,0,0
0,0,1
0,0,1
0,0,1
0,0,1
0,1,1
0,0,0
0,0,0
0,0,1
0,0,0
0,0,0
0,0,0
0,0,0
0,1,1
0,0,1
0,0,1
0,0,0
0,1,1
0,0,0
0,0,0
0,0,0
0,0,1
0,1,1
0,0,1
0,1,1
0,0,0
0,0,1
0,0,0
0,0,1
0,1,1
0,0,0
0,0,0
0,0,0
0,0,0
0,0,1
0,0,0
0,0,0
0,0,1
0,0,0
0,0,0
0,0,1
0,0,1
0,0,1
0,0,1
0,0,1
0,0.7601773,1
0,1,1
0,0,0
0,0,1
0,1,1
0,0,1
0,0,1
0,0,1
0,0,1
0,0,0
0,1,1
0,0,1
0,1,1
0,0,1
0,0,1
0,0,1
0,0,1
0,0,1
0,0,0
0,1,1
0,0,1
0,0,0
0,0,1
0,0,1
0,0,0
0,0,1
0,0,0
0,0,1
0,0,1
0,0,0
0,0,1
0,0,1
0,0,0
0,0,1
0,0,0
0,0,1
0,0,1
0,1,1
0,0,0
0,1,1
0,0,0
0,0,1
0,0,0
0,0,0
0,0,1
0,0,1
0,0,0
0,0,1
0,1,1
0,0,1
0,0,1
0,1,1
0,0,1
0,0,0
0,0,0
0,0,0
0,0.8612394,1
0,0,1
0,1,1
0,0,1
0,0,0
0,0,0
0,0,1
0,0,1
0,0,1
0,0,0
0,0,1
0,0,0
0,0,1
0,0,1
0,0,1
0,1,1
0,0,0
0,0,1
0,0,0
0,1,1
0,0,0
0,0,1
0,1,1
0,0,0
0,1,1
0,0,1
0,0,1
0,0,0
0,0,1
0,1,1
0,0,0
0,1,1
0,0,1
0,0,0
0,0,0
0,0,1
0,0,0
0,0,1
0,0.7876824,1
0,0.8582771,1
0,0,1
0,0,1
0,0,1
0,0,1
0,0,0
0,0,0
0,0,0
0,0,0
0,0,0
0,0,1
0,0,0
0,0,1
0,0,0
0,0,1
0,0,1
0,0,1
0,0,0
0,0,1
0,0,0
0,0,1
0,0,1
0,0,0
0,0,1
0,0,1
0,0,0
0,1,1
0,0,0
0,0.8616453,1
0,0,1
0,0,1
0,0,0
0,0,1
0,0,1
0,0,0
0,1,1
0,0,1
0,0,0
0,0,0
0,0,1
0,0,1
0,0,1
0,0,1
0,1,1
0,0,1
0,0,1
0,1,1
0,0,1
0,0,1
0,0,1
0,0,0
0,1,1
0,0.722747,1
0,0,0
0,0,1
0,0,1
0,0,1
0,0,1
0,1,1
0,0,1
0,0,0
0,0,1
0,0,0
0,1,1
0,0,1
0,0,0
0,0,0
0,0,1
0,0,1
0,0,1
0,0,1
0,0,1
0,0,1
0,0,0
0,0,0
0,0,1
0,0,0
0,0,1
0,0,1
0,0,0
0,0,0
0,0,1
0,0,0
0,0,1
0,0,1
0,0.8699819,1
0,0,1
0,0.8581437,1
0,0,0
0,0.8590635,1
0,0,1
0,0,0
0,1,1
0,1,1
0,0,1
0,0,1
0,0,1
0,0,0
0,0.8573083,1
0,0,0
0,0,0
0,0,1
0,0,0
0,0,0
0,0,1
0,0,0
0,0.8682297,1
0,1,1
0,0,0
0,0,0
0,0,1
0,0,0
0,0,1
0,0,0
0,0,0
0,0,1
0,0,0
0,0.8778338,1
0,0,0
0,0,1
0,0,0
0,0,0
0,1,1
0,0,1
0,0,1
0,0,0
0,0,1
0,0,1
0,1,1
0,0,0
0,0,1
0,0,0
0,0,1
0,0,0
0,0,1
0,1,1
0,0,0
0,0,1
0,0,1
0,0.7107086,1
0,0,1
0,0,1
0,0,1
0,1,1
0,0,0
0,0,1
0,0,1
0,0.8621222,1
0,0,0
0,0,0
0,0,1
0,0,0
0,0,1
0,0,1
0,0,1
0,0,1
0,0,0
0,0,1
0,0,0
0,0,1
0,0,1
0,0,1
0,0,0
0,0,0
0,0,1
0,0,0
0,0,1
0,1,1
0,1,1
0,1,1
0,0,1
0,0,1
0,0,0
0,0,0
0,0,1
0,0,0
0,0,1
0,0,1
0,0,0
0,0,0
0,0,1
0,0,1
0,0,1
0,0.7394469,1
0,0,0
0,0,1
0,0,1
0,0,1
0,0.7123703,1
0,0,0
0,0,1
0,0,1
0,1,1
0,0.8790308,1
0,0,0
0,1,1
0,0,0
0,1,1
0,1,1
0,0,0
0,1,1
0,0,1
0,0,1
0,0,1
0,0,0
0,0,1
0,0,0
0,0,1
0,0,1
0,0,0
0,1,1
0,1,1
0,0,1
0,0.8846921,1
0,0,0
0,0,1
0,1,1
0,0,0
0,0,1
0,0,0
0,0,0
0,0,0
0,0,0
0,0,1
0,0.8676575,1
0,0,0
0,0,0
0,0,0
0,0,0
0,0,0
0,0,1
0,0.8540225,1
0,0.8630266,1
0,0,1
0,0,1
0,0,0
0,0,1
0,0,1
0,0,0
0,0,1
0,0,0
0,0,0
0,0,1
0,1,1
0,1,1
0,0,1
0,1,1
0,0,1
0,0,0
0,0,1
0,0,0
0,0,1
0,0,1
0,0,1
0,0.8610976,1
0,0,1
0,0,0
0,0,1
0,0.8735958,1
0,0,0
0,0,1
0,1,1
0,0,0
0,0,1
0,0,1
0,0,1
0,1,1
0,0,0
0,0,0
0,0,1
0,0,0
0,0,1
0,0,0
0,0,1
0,1,1
0,0,0
0,0,1
0,0,0
0,0,1
0,0,0
0,0,1
0,0.978424,1
0,1,1
0,1,1
0,0,0
0,1,1
0,1,1
0,0,1
0,0,1
0,1,1
0,1,1
0,0,1
0,0,0
0,0,1
0,1,1
0,1,1
0,1,1
0,0,0
0,1,1
0,0,0
0,0,1
0,0,1
0,0,0
0,0.8657714,1
0,0,0
0,0,1
0,1,1
0,0,1
0,1,1
0,0,1
0,0,1
0,0,1
0,0,1
0,0,1
0,0,1
0,0,0
0,0.8717731,1
0,0,1
0,0,1
0,0,1
0,0,1
0,1,1
0,0,0
0,0,1
0,1,1
0,0,1
0,0,1
0,0,0
0,0,1
0,0,1
0,1,1
0,1,1
0,1,1
0,0,0
0,0,0
0,0,0
0,0,0
0,1,1
0,0,0
0,0,0
0,0.8648787,1
0,0,1
0,1,1
0,0,0
0,0,0
0,0,1
0,0,0
0,0,0
0,0,1
0,0,0
0,0.8580393,1
0,0,0
0,0,0
0,0,0
0,0,1
0,0,0
0,0,1
0,0,1
0,1,1
0,0,1
0,0,0
0,1,1
0,0,1
0,0,1
0,0.7154349,1
0,0,1
0,0,1
0,0,0
0,1,1
0,0.8623,1
0,0,0
0,0,1
0,0,1
0,0,1
0,0,0
0,0,1
0,0,0
0,0,1
0,0,1
0,0,1
0,0,0
0,1,1
0,0,0
0,0,0
0,0.7903568,1
0,0,1
0,1,1
0,0,1
0,0,1
0,0,0
0,0,1
0,0.8682092,1
0,0.8653358,1
0,0,1
0,0,1
0,0.7119256,1
0,1,1
0,0,1
0,1,1
0,1,1
0,0,0
0,0.7524832,1
0,0,1
0,0,0
0,0,1
0,0,1
0,0.854582,1
0,1,1
0,0.861184,1
0,0,0
0,0,1
0,0,1
0,0,0
0,0,0
0,0,0
0,0,1
0,0,1
0,0,1
0,0,0
0,1,1
0,0,1
0,0,0
0,0,1
0,1,1
0,0,1
0,0,0
0,0.8692318,1
0,0,1
0,0,0
0,0.8694326,1
0,1,1
0,0,1
0,0,1
0,0,1
0,0,1
0,1,1
0,1,1
0,0,0
0,0,1
0,0,1
0,0,1
0,0,1
0,0,0
0,0,0
0,0,1
0,0,1
0,0,1
0,0,0
0,0,1
0,1,1
0,0,1
0,0,0
0,0,1
0,0,0
0,0,1
0,1,1
0,0,1
0,0,0
0,0,1
0,0,1
0,0,0
0,0,1
0,0,0
0,1,1
0,1,1
0,0,0
0,1,1
0,0,0
0,1,1
0,1,1
0,0,0
0,0,0
0,1,1
0,0,1
0,1,1
0,0,1
0,0,0
0,0,1
0,0,1
0,0,0
0,0,0
0,0,1
0,0,0
0,0,1
0,0,0
0,0,0
0,0,1
0,0,1
0,0,0
0,0,1
0,0,0
0,0,1
0,0,0
0,0,1
0,0,1
0,0,1
0,0,1
0,0,0
0,0,0
0,0,0
0,0,0
0,1,1
0,0,1
0,1,1
0,0,0
0,0,0
0,0,1
0,0,0
0,1,1
0,0,1
0,0,0
0,0,1
0,0,1
0,0,1
0,0,0
0,0,1
0,0,0
0,0,0
0,0,0
0,0,1
0,0,0
0,1,1
0,0.808081,1
0,0,0
0,0,1
0,0,1
0,0,1
0,0,1
0,0.8628536,1
0,0,1
0,1,1
0,1,1
0,0.7276498,1
0,0,1
0,0,1
0,0,1
0,0,1
0,0,0
0,0,1
0,0,1
0,0,0
0,0.8606533,1
0,0,0
0,0.8672274,1
0,0,1
0,0,1
0,0,1
0,0,0
0,0,0
0,0,1
0,0,1
0,0,0
0,1,1
0,0,1
0,0.8606654,1
0,0,0
0,0,0
0,0,1
0,1,1
0,0.8622055,1
0,0.8786906,1
0,0,0
0,0,0
0,0,1
0,1,1
0,0,1
0,0,1
0,0,0
0,1,1
0,0,1
0,0,0
0,0,0
0,0,1
0,0,0
0,1,1
0,0,1
0,0,0
0,0,1
0,1,1
0,0,1
0,0,0
0,0.8886704,1
0,0,0
0,1,1
0,0,0
0,0,1
0,0,1
0,0,0
0,0,0
0,0,1
0,0,1
0,1,1
0,1,1
0,0,1
0,0.8597059,1
0,0,1
0,0,1
0,0.9077083,1
0,0,0
0,0,0
0,0,1
0,0,1
0,1,1
0,0,0
0,0,1
0,0,1
0,1,1
0,0,1
0,0,1
0,0,1
0,0,0
0,0,0
0,0,0
0,1,1
0,0,1
0,0,0
0,0,1
0,0,1
0,0,1
0,0.7808446,1
0,0,1
0,1,1
0,0,0
0,0,1
0,0,0
0,0,0
0,0,0
0,0,0
0,0,0
0,0,0
0,0,1
0,0,1
0,1,1
0,0,1
0,0,1
0,0,1
0,0,1
0,0,1
0,0,0
0,0,0
0,0,1
0,0,1
0,1,1
0,0,1
0,0,1
0,0,0
0,0,1
0,0.8647896,1
0,0.9035143,1
0,0,1
0,0,1
0,0,1
0,0.8449091,1
0,0,1
0,0,1
0,0,0
0,0,1
0,0,1
0,0,0
0,1,1
0,1,1
0,0,1
0,0,1
0,0,1
0,0,1
0,0.9087876,1
0,0,0
0,0,0
0,0.7844309,1
0,0,0
0,0,0
0,0,0
0,0,1
0,0,0
0,0,0
0,0,0
0,0,0
0,0,0
0,0.7408015,1
0,0,1
0,0.8903786,1
0,0,1
0,0,1
0,1,1
0,1,1
0,1,1
0,0,1
0,1,1
0,0,0
0,0,1
0,1,1
0,0,1
0,0,1
0,0,0
0,0,0
0,0,1
0,0,1
0,0,0
0,0,1
0,0,1
0,1,1
0,0,0
0,0,0
0,0,0
0,0,0
0,0,1
0,0,1
0,0,1
0,0,0
0,0,0
0,0,1
0,1,1
0,0,1
0,0,1
0,0.8670448,1
0,0,0
0,0,1
0,0,1
0,0,1
0,0,1
0,0,1
0,0,1
0,0,1
0,0,1
0,0,1
0,1,1
0,0,0
0,0,0
0,0.8580041,1
0,0,1
0,0,0
0,1,1
0,0,1
0,0,0
0,0,1
0,0,1
0,0,1
0,0,0
0,0,1
0,0,0
0,1,1
0,0,1
0,0,1
0,0,1
0,0,1
0,0,1
0,0,1
0,1,1
0,0,0
0,0,0
0,0,1
0,1,1
0,1,1
0,0,1
0,0,1
0,0,1
0,0.7322971,1
0,0,0
0,0,1
0,0,1
0,0,0
0,0,1
0,0,1
0,0,1
0,1,1
0,0,1
0,0,0
0,0,0
0,1,1
0,0,0
0,0,1
0,0,1
0,0,1
0,0,1
0,0,1
0,0,1
0,0,1
0,1,1
0,0,1
0,0,1
0,0,0
0,1,1
0,1,1
0,0,1
0,0,1
0,0,1
0,0,1
0,1,1
0,0,0
0,0,1
0,0,0
0,1,1
0,0,1
0,0.7043347,1
0,1,1
0,0,0
0,0,1
0,0,1
0,0,0
0,0,1
0,0,0
0,0,1
0,1,1
0,0.8850456,1
0,0.857726,1
0,1,1
0,0,0
0,1,1
0,0,1
0,0.8668433,1
0,0,0
0,0,1
0,0,0
0,0,1
0,0,1
0,0,1
0,0,1
0,0,1
0,0.8647171,1
0,0,1
0,0.7040731,1
0,0,0
0,0,0
0,0,0
0,0,0
0,1,1
0,1,1
0,0,0
0,0,0
0,0,1
0,1,1
0,0,1
0,0,1
0,0,1
0,0,0
0,0,1
0,0,0
0,0,1
0,0,1
0,0,1
0,0,1
0,0,0
0,0,0
0,0,1
0,1,1
0,0,1
0,0,0
0,0,1
0,0,1
0,0,0
0,0,1
0,1,1
0,1,1
0,1,1
0,0,1
0,0,1
0,1,1
0,0,0
0,1,1
0,0,1
0,0.8637408,1
0,0,1
0,0,1
0,1,1
0,0.9397007,1
0,0,1
0,0,0
0,1,1
0,0,1
0,1,1
0,0,0
0,1,1
0,1,1
0,0,0
0,0,0
0,0,0
0,0,0
0,0,1
0,0,1
0,0,0
0,0,1
0,0,1
0,0,1
0,0,0
0,1,1
0,0,1
0,0,0
0,0,1
0,0,1
0,0,1
0,1,1
0,0,1
0,0,1
0,0.8301495,1
0,0,1
0,0,0
0,0,1
0,1,1
0,0,0
0,0,1
0,0,0
0,0,0
0,0.8659228,1
0,0,1
0,0,1
0,0.8622402,1
0,0,0
0,0,1
0,0,1
0,0,0
0,0.7122923,1
0,0,0
0,0,1
0,0,0
0,1,1
0,0,1
0,0,0
0,1,1
0,0,0
0,1,1
0,0,0
0,0,1
0,0,1
0,1,1
0,0,0
0,1,1
0,0,1
0,0.8572911,1
0,0,1
0,1,1
0,0,0
0,0,1
0,1,1
0,0.753662,1
0,0,0
0,0,1
0,0,0
0,0,0
0,0,1
0,0,1
0,0,1
0,0,1
0,1,1
0,0,1
0,0,0
0,0,1
0,1,1
0,0,1
0,0,0
0,1,1
0,0,0
0,0,1
0,0,0
0,0,1
0,0,0
0,0,1
0,0,1
0,0,1
0,0.7624625,1
0,1,1
0,0,0
0,0,0
0,0,1
0,1,1
0,0,0
0,0,0
0,0,0
0,0,1
0,0,1
0,0,1
0,0,0
0,0,0
0,0,0
0,1,1
0,0,0
0,0,1
0,0,1
0,0,1
0,1,1
0,1,1
0,1,1
0,0,0
0,0,0
0,0,1
0,0,0
0,1,1
0,0,1
0,0.8667494,1
0,0,1
0,0,0
0,1,1
0,0,0
0,1,1
0,1,1
0,0,1
0,0,1
0,0,1
0,0,1
0,0.7756804,1
0,0,0
0,0,1
0,0,1
0,0,1
0,0.8623611,1
0,0,0
0,0,0
0,0,0
0,0.8654064,1
0,1,1
0,0,1
0,1,1
0,0,1
0,0,0
0,0,1
0,0,0
0,0.7107142,1
0,1,1
0,0,0
0,0,1
0,0,1
0,0,1
0,0,1
0,0,1
0,0,1
0,1,1
0,1,1
0,0,1
0,0,1
0,0,1
0,0,0
0,0,0
0,0,1
0,0,1
0,0,1
0,0,0
0,0,0
0,0,0
0,0,1
0,0,1
0,0,1
0,0,1
0,0,0
0,0,1
0,0,0
0,1,1
0,1,1
0,0,0
0,0,0
0,0,0
0,0,1
0,1,1
0,0,0
0,1,1
0,1,1
0,0,1
0,0,1
0,0,1
0,0,1
0,1,1
0,1,1
0,0,1
0,0,1
0,0,1
0,0,0
0,0,0
0,1,1
0,1,1
0,1,1
0,0,1
0,0,1
0,0,0
0,0,0
0,0,1
0,0,0
0,0,0
0,1,1
0,0,0
0,0.7370049,1
0,0,1
0,0,1
0,0.8672765,1
0,0,0
0,1,1
0,1,1
0,0,0
0,0,1
0,0,1
0,0,0
0,0,0
0,0.889452,1
0,0,1
0,0,0
0,0,1
0,0,0
0,0,0
0,0,1
0,0,0
0,0,0
0,0,1
0,0,0
0,1,1
0,0,1
0,0,1
0,0,0
0,0,1
0,0,1
0,0,0
0,0,1
0,0,0
0,0,0
0,0,1
0,0,1
0,0,1
0,0,0
0,0.8371472,1
0,0,0
0,0,0
0,0,0
0,1,1
0,0,1
0,0,1
0,0.8581903,1
0,0,1
0,1,1
0,0,1
0,0,0
0,1,1
0,0,1
0,0,0
0,0,0
0,0,1
0,0,1
0,0,1
0,0,1
0,0,0
0,0,0
0,0,0
0,0,0
0,0,0
0,0,1
0,0,1
0,0,0
0,0,1
0,0,1
0,0,0
0,0,1
0,0,0
0,0,1
0,1,1
0,0,0
0,0,1
0,0,0
0,1,1
0,0,1
0,0,1
0,0,0
0,1,1
0,0,1
0,0,1
0,0,1
0,0,1
0,0,1
0,0,1
0,0,1
0,0,1
0,0,0
0,0.8586375,1
0,0,0
0,0,1
0,0,1
0,0,0
0,0.8658037,1
0,0,1
0,0.8590609,1
0,0,1
0,0,0
0,0,0
0,0,0
0,0,0
0,0,1
0,1,1
0,0,1
0,0,1
0,1,1
0,1,1
0,1,1
0,0,1
0,0,0
0,0,1
0,0.7123877,1
0,0,1
0,1,1
0,0,1
0,0,1
0,0,1
0,1,1
0,1,1
0,0,0
0,0,1
0,0,0
0,0,0
0,0,1
0,0,0
0,0.8644961,1
0,1,1
0,0.7706827,1
0,0,0
0,1,1
0,1,1
0,0,0
0,0,1
0,1,1
0,1,1
0,0,0
0,0,1
0,0,1
0,0,1
0,0,0
0,0,1
0,1,1
0,0,1
0,1,1
0,1,1
0,0,0
0,0,1
0,1,1
0,0,0
0,0,1
0,0,1
0,1,1
0,0,0
0,0,0
0,0,1
0,0,0
0,0,1
0,0,1
0,0,1
0,1,1
0,0,0
0,0,1
0,0.8619756,1
0,0,1
0,0,1
0,0,1
0,0.7555462,1
0,0,0
0,0,1
0,0,0
0,0,0
0,0,0
0,1,1
0,0,1
0,0,1
0,0,1
0,1,1
0,0,1
0,0,0
0,0.8631488,1
0,0,0
0,0,1
0,0,1
0,0,1
0,0,1
0,0,1
0,0,1
0,0,1
0,0,1
0,1,1
0,0,1
0,1,1
0,0,1
0,0,1
0,0,0
0,0,0
0,0,1
0,1,1
0,0,0
0,0.7022525,1
0,1,1
0,0,1
0,0,1
0,0,0
0,0,0
0,0,0
0,0,0
0,0,1
0,0,0
0,0,0
0,1,1
0,1,1
0,0,1
0,0,0
0,0,0
0,0,1
0,1,1
0,0,1
0,0,1
0,1,1
0,0.710824,1
0,0,1
0,1,1
0,0,0
0,0,1
0,0.8678941,1
0,0.8821768,1
0,0,1
0,1,1
0,1,1
0,1,1
0,1,1
0,0,1
0,0,1
0,0,0
0,1,1
0,1,1
0,0,0
0,1,1
0,0,1
0,0,1
0,1,1
0,0,0
0,0,1
0,0,1
0,0,1
0,0,0
0,0,1
0,0,1
0,0,0
0,0,0
0,0,0
0,1,1
0,0,1
0,0,0
0,0,0
0,0,0
0,0,1
0,0,0
0,0.7562603,1
0,0,1
0,0,0
0,1,1
0,0,1
0,0,1
0,0,1
0,0,1
0,0,0
0,0,1
0,0,0
0,0,0
0,0,1
0,0,1
0,0.8758405,1
0,0,0
0,1,1
0,0,1
0,1,1
0,0,1
0,0,1
0,0,1
0,0,0
0,0,0
0,0,0
0,0,1
0,0,1
0,0,1
0,0,0
0,0,1
0,1,1
0,1,1
0,0,0
0,0,0
0,0,0
0,1,1
0,1,1
0,0,1
0,0,1
0,0.7094389,1
0,0,0
0,1,1
0,1,1
0,0,0
0,0,1
0,0,0
0,0,1
0,0.8678318,1
0,0,1
0,0,0
0,0,0
0,0.8781025,1
0,1,1
0,0,0
0,0,1
0,0,0
0,0,1
0,0,0
0,0.7600586,1
0,0,0
0,0,1
0,1,1
0,0,1
0,0,1
0,0,1
0,0,0
0,1,1
0,1,1
0,0,1
0,0,0
0,0,1
0,0,1
0,0,1
0,0,1
0,0,1
0,0,1
0,0,1
0,0,0
0,0,1
0,0,1
0,1,1
0,0,0
0,0,1
0,0,0
0,0,1
0,1,1
0,0,0
0,0,1
0,0,1
0,0,0
0,1,1
0,0,0
0,0,1
0,0,0
0,0,1
0,0,0
0,1,1
0,0,1
0,0,1
0,0.7759126,1
0,0,1
0,0,1
0,0,0
0,0,1
0,0,1
0,0,0
0,0,0
0,0,0
0,0,1
0,0,0
0,0,0
0,0,1
0,0,1
0,0,1
0,0,1
0,1,1
0,0,1
0,0,0
0,0,1
0,0,1
0,1,1
0,1,1
0,0,0
0,0,0
0,1,1
0,0,0
0,0,0
0,0,1
0,0,1
0,0.984936,1
0,0,0
0,1,1
0,0,0
0,0,1
0,0,1
0,1,1
0,0,0
0,0,1
0,0,0
0,0,1
0,1,1
0,0.7624949,1
0,0.862765,1
0,0,1
0,0,0
0,0,0
0,0,1
0,0,1
0,1,1
0,1,1
0,0,1
0,0,1
0,1,1
0,0,0
0,0,1
0,0,0
0,1,1
0,0,0
0,0,1
0,0,0
0,0,0
0,0,0
0,0,0
0,0,1
0,0,0
0,1,1
0,0,1
0,1,1
0,0,0
0,1,1
0,0.8593638,1
0,0,1
0,0,1
0,0,1
0,1,1
0,0,1
0,0,1
0,0,1
0,0,1
0,0,1
0,0,1
0,0,0
0,0,0
0,0,1
0,0.7083775,1
0,0,1
0,0,0
0,0,1
0,0,0
0,0.8320345,1
0,0,0
0,0,1
0,0,1
0,0.8007197,1
0,0,0
0,0,1
0,0,0
0,0,0
0,1,1
0,0,1
0,0,0
0,0,0
0,0,0
0,1,1
0,1,1
0,1,1
0,0,0
0,0,0
0,0,0
0,0,1
0,0,0
0,0,0
0,0,1
0,0,1
0,0,0
0,0.8585262,1
0,0,1
0,0.862363,1
0,0.8037461,1
0,0.9120854,1
0,0,0
0,0,0
0,0,1
0,1,1
0,0,1
0,0,0
0,1,1
0,0,0
0,0,1
0,0,1
0,1,1
0,0.8697007,1
0,0,1
0,0,1
0,0,0
0,0,1
0,1,1
0,1,1
0,0,1
0,0,1
0,0,1
0,0.7661787,1
0,0,0
0,0,1
0,0,1
0,0,0
0,0,1
0,0,1
0,0,0
0,0,1
0,0.9037789,1
0,0,1
0,0,1
0,0,0
0,0,1
0,0,0
0,0,0
0,0,1
0,1,1
0,0,0
0,0,0
0,0,0
0,0,1
0,0,0
0,0,1
0,0.8714508,1
0,0.9200853,1
0,0.8262633,1
0,0,0
0,0,1
0,0,1
0,0,1
0,0,1
0,0,1
0,0,1
0,1,1
0,0,1
0,0,1
0,1,1
0,0,0
0,0.863603,1
0,0,1
0,1,1
0,0,1
0,0,1
0,0,0
0,1,1
0,1,1
0,0,1
0,0,0
0,0,0
0,1,1
0,0,1
0,1,1
0,1,1
0,0,0
0,1,1
0,0,1
0,1,1
0,0,0
0,0,0
0,0,0
0,0,1
0,0,1
0,0,1
0,0,0
0,1,1
0,0,0
0,0,0
0,1,1
0,0,1
0,0,1
0,1,1
0,0,1
0,0,1
0,0.8600427,1
0,0,1
0,0,1
0,0,1
0,0,1
0,0,1
0,1,1
0,1,1
0,1,1
0,1,1
0,1,1
0,0,1
0,1,1
0,0,0
0,0,1
0,0,0
0,1,1
0,0,1
0,0,1
0,0,1
0,0,1
0,0,1
0,0,0
0,0,1
0,0,0
0,0,1
0,1,1
0,0,1
0,0,1
0,0,0
0,1,1
0,0,1
0,1,1
0,0,1
0,1,1
0,1,1
0,0,0
0,0,1
0,1,1
0,0,0
0,0,0
0,1,1
0,0,0
0,0,1
0,1,1
0,0,0
0,1,1
0,0,0
0,0,1
0,0,0
0,0,1
0,0,1
0,0,0
0,0.8134671,1
0,0,1
0,0,1
0,1,1
0,0,1
0,0,1
0,0,0
0,1,1
0,0,1
0,0,0
0,1,1
0,1,1
0,1,1
0,0.8516806,1
0,1,1
0,0,1
0,0,0
0,1,1
0,0,1
0,0.865033,1
0,1,1
0,1,1
0,0,1
0,0,1
0,0,0
0,1,1
0,0,1
0,0,1
0,0,1
0,0,1
0,0.867293,1
0,0,1
0,1,1
0,0.8655864,1
0,0,1
0,0,1
0,0,0
0,0,1
0,0,1
0,0,1
0,0.8641894,1
0,0,1
0,0,1
0,0,1
0,1,1
0,0.8568748,1
0,0,1
0,0,1
0,0,0
0,0,1
0,0,1
0,0,1
0,0,1
0,0,1
0,1,1
0,0,1
0,0,1
0,1,1
0,1,1
0,0,0
0,1,1
0,0,1
0,0,1
0,0,1
0,0,0
0,0.8758733,1
0,1,1
0,0,0
0,1,1
0,0,1
0,0,1
0,0,1
0,0,1
0,0,0
0,1,1
0,0.7650644,1
0,0,1
0,1,1
0,1,1
0,0,0
0,0,1
0,0,0
0,1,1
0,1,1
0,1,1
0,0,1
0,0,1
0,0,1
0,0,0
0,1,1
0,0,0
0,0,1
0,0,1
0,0,1
0,0,0
0,0,1
0,0,1
0,0,1
0,0,0
0,1,1
0,0,1
0,0,0
0,0,1
0,0,0
0,1,1
0,0,1
0,1,1
0,1,1
0,0,1
0,1,1
0,1,1
0,0,0
0,0,0
0,0.865744,1
0,1,1
0,0,1
0,0.8647305,1
0,1,1
0,1,1
0,0,1
0,0,1
0,0,1
0,0,0
0,0,1
0,0,1
0,0,1
0,0,0
0,0,0
0,0.7938844,1
0,0,1
0,1,1
0,0,0
0,0.871984,1
0,0.8535851,1
0,1,1
0,0,1
0,0,1
0,0,1
0,0,0
0,0,1
0,0.8615086,1
0,0,1
0,0,1
0,0,0
0,0,0
0,0,1
0,0,1
0,0,1
0,0,1
0,0,1
0,0,0
0,0,0
0,1,1
0,1,1
0,0,1
0,0,0
0,0,0
0,0.8963637,1
0,0,1
0,1,1
0,0,1
0,0,0
0,0,1
0,0,1
0,0.7707465,1
0,0.9151634,1
0,1,1
0,0,1
0,1,1
0,1,1
0,0,1
0,1,1
0,0,1
0,1,1
0,0,0
0,0,1
0,1,1
0,0,0
0,1,1
0,1,1
0,1,1
0,0.8041189,1
0,0,1
0,1,1
0,0.8568971,1
0,1,1
0,1,1
0,0,1
0,1,1
0,0,1
0,0,0
0,0,1
0,0,1
0,0,0
0,0,1
0,1,1
0,1,1
0,1,1
0,1,1
0,0,0
0,0,1
0,0,1
0,0,0
0,0,1
0,1,1
0,0,1
0,0,1
0,0,1
0,0,0
0,0,0
0,0,1
0,1,1
0,0.71659,1
0,0,0
0,1,1
0,0,1
0,1,1
0,0,0
0,0,1
0,1,1
0,1,1
0,0,1
0,0,1
0,1,1
0,0,0
0,0,1
0,0.7954333,1
0,0,0
0,0,1
0,0,0
0,0,0
0,0,1
0,0,1
0,0,0
0,0,0
0,0,0
0,1,1
0,0,1
0,0,1
0,0,0
0,1,1
0,1,1
0,0,0
0,1,1
0,0,1
0,0.8616706,1
0,1,1
0,0.8680645,1
0,0,1
0,0,0
0,0,0
0,0,1
0,1,1
0,0,1
0,0,1
0,0,0
0,0.8649555,1
0,0,1
0,1,1
0,0,1
0,1,1
0,0,1
0,1,1
0,0,1
0,0,1
0,0,1
0,0,0
0,0,0
0,1,1
0,1,1
0,1,1
0,1,1
0,0,1
0,0,1
0,0,1
0,0,1
0,0,1
0,0,1
0,0,0
0,0,0
0,0,0
0,0,0
0,0,1
0,0.7293078,1
0,1,1
0,0,0
0,0,1
0,0,1
0,0,0
0,0,1
0,0,0
0,1,1
0,0,0
0,0,0
0,0,0
0,0,0
0,0,0
0,1,1
0,0.8554527,1
0,0,0
0,0,1
0,0,1
0,0,1
0,0,1
0,0,0
0,0,1
0,0,0
0,0,0
0,0,1
0,0,1
0,0,1
0,0,1
0,0,0
0,0,1
0,1,1
0,0,1
0,0,1
0,0,0
0,1,1
0,0,0
0,0.8176432,1
0,0.732098,1
0,1,1
0,0,0
0,0,1
0,0,1
0,1,1
0,1,1
0,0,1
0,0,1
0,1,1
0,0,0
0,0,1
0,0,1
0,1,1
0,0,1
0,0.8574703,1
0,1,1
0,1,1
0,0,1
0,0,1
0,0,1
0,0,1
0,0,1
0,0,0
0,0,1
0,1,1
0,0,0
0,1,1
0,0.8639175,1
0,1,1
0,0,0
0,0,1
0,0,0
0,0,1
0,1,1
0,0.7564379,1
0,1,1
0,1,1
0,0,1
0,0,1
0,0,0
0,0.8580183,1
0,1,1
0,0,0
0,0,1
0,1,1
0,0,1
0,0,1
0,0,1
0,0,1
0,0,1
0,0,0
0,0,1
0,0,0
0,0,0
0,1,1
0,0,1
0,0.7093533,1
0,1,1
0,1,1
0,0,1
0,0,1
0,1,1
0,0,0
0,0,1
0,0.8620018,1
0,0,1
0,1,1
0,0,1
0,0,1
0,0,1
0,0,1
0,1,1
0,0.7901862,1
0,0,0
0,0,1
0,0,1
0,0,0
0,0,0
0,1,1
0,0,0
0,0,0
0,0,0
0,0,0
0,0,1
0,0.8624536,1
0,0,0
0,0,1
0,0,0
0,0,0
0,1,1
0,0,1
0,0,1
0,1,1
0,0,1
0,0,1
0,0,1
0,1,1
0,0,1
0,0,1
0,1,1
0,0,1
0,0,1
0,0,0
0,1,1
0,0,0
0,0,0
0,0,1
0,0,0
0,0,1
0,0,1
0,0,0
0,0,1
0,1,1
0,0,0
0,0,1
0,1,1
0,0,1
0,0,1
0,0.8808737,1
0,0,1
0,0,0
0,0,0
0,0,1
0,0,1
0,0,0
0,0,1
0,0,1
0,0,1
0,0.7711217,1
0,0,1
0,0,1
0,1,1
0,0,1
0,0,1
0,0,0
0,0,1
0,0,1
0,0,1
0,0,1
0,1,1
0,0,1
0,0,1
0,0,1
0,0,0
0,0,0
0,1,1
0,0,1
0,0.8908926,1
0,1,1
0,0,0
0,0,1
0,1,1
0,1,1
0,0,0
0,0,1
0,1,1
0,0,1
0,0,1
0,0,0
0,0,0
0,0,0
0,0,1
0,0,1
0,0,0
0,0,1
0,0,0
0,1,1
0,1,1
0,0,1
0,1,1
0,0.8544546,1
0,0,1
0,0,1
0,0,1
0,0,0
0,0,0
0,0,1
0,0,0
0,0,1
0,0,1
0,0,1
0,0,1
0,0,0
0,0.7994086,1
0,1,1
0,0,0
0,0,0
0,0,0
0,0,0
0,0,0
0,0.7231727,1
0,0,1
0,0,0
0,0.8756741,1
0,0,1
0,1,1
0,1,1
0,0,0
0,0,1
0,0.863309,1
0,0,1
0,0,1
0,0,1
0,1,1
0,0,0
0,0,1
0,0,1
0,0,1
0,0,1
0,1,1
0,0,1
0,0,1
0,1,1
0,0,0
0,1,1
0,0,0
0,0,1
0,1,1
0,0,0
0,0,1
0,0,0
0,0,1
0,0,1
0,0,1
0,0,1
0,1,1
0,0,1
0,1,1
0,1,1
0,0,1
0,0,1
0,0,1
0,0,1
0,0.7626983,1
0,0,1
0,0,1
0,1,1
0,0,1
0,0,0
0,0,1
0,0,1
0,1,1
0,0,1
0,0,1
0,0,1
0,0,0
0,0,1
0,1,1
0,0,0
0,0,0
0,0,1
0,0,0
0,0,1
0,0,1
0,1,1
0,1,1
0,0,1
0,0,0
0,0,0
0,0,1
0,0,1
0,0,1
0,0,1
0,0,1
0,0.7559987,1
0,0,1
0,1,1
0,0,0
0,0,1
0,0,1
0,1,1
0,0,1
0,0,0
0,0,1
0,1,1
0,1,1
0,1,1
0,0,1
0,1,1
0,0,1
0,0,0
0,0.8650998,1
0,0,1
0,0,1
0,0.8666688,1
0,0.7480217,1
0,0,1
0,0,0
0,0,1
0,0,0
0,0,0
0,0,1
0,0,0
0,0,1
0,1,1
0,0,0
0,1,1
0,0,1
0,0,0
0,0,1
0,0,1
0,0,0
0,0,0
0,0,0
0,1,1
0,0,1
0,0.8586587,1
0,0,1
0,0,0
0,0.756689,1
0,1,1
0,0,0
0,0,1
0,0,1
0,0,1
0,0,0
0,0,1
0,0,1
0,1,1
0,0,1
0,0,1
0,1,1
0,0,1
0,1,1
0,0,1
0,0,1
0,0,1
0,0,0
0,0,0
0,0,1
0,0,1
0,1,1
0,0,1
0,0,1
0,0,1
0,0,1
0,1,1
0,1,1
0,0,0
0,0,1
0,0,1
0,0,1
0,1,1
0,0,0
0,1,1
0,0,1
0,0,0
0,0,0
0,0,0
0,0,1
0,0.7865158,1
0,1,1
0,0,0
0,0.8669933,1
0,0,0
0,1,1
0,0,1
0,0,1
0,0.7078425,1
0,0,1
0,0,1
0,1,1
0,1,1
0,0,0
0,0.8578299,1
0,1,1
0,0.7194599,1
0,0,1
0,1,1
0,0,1
0,0,1
0,0,1
0,1,1
0,0,0
0,0,0
0,0,1
0,0,1
0,0,0
0,1,1
0,0,1
0,0,0
0,0,1
0,1,1
0,1,1
0,0,1
0,1,1
0,1,1
0,0,0
0,0,1
0,1,1
0,0,1
0,1,1
0,0,1
0,0,0
0,0,1
0,0,1
0,0,1
0,0.9521161,1
0,0,1
0,0,1
0,1,1
0,0,0
0,0.7995238,1
0,1,1
0,0,0
0,1,1
0,1,1
0,1,1
0,0,1
0,1,1
0,0,1
0,0,1
0,0,0
0,0,1
0,0,1
0,0,1
0,0,1
0,0,1
0,0,0
0,1,1
0,0,0
0,0,1
0,0,0
0,0,1
0,0,0
0,0,0
0,0,0
0,0,1
0,1,1
0,0,1
0,1,1
0,0,1
0,0,1
0,0.8580207,1
0,0,0
0,0,1
0,0,0
0,1,1
0,1,1
0,0,1
0,0,1
0,0,1
0,0,0
0,1,1
0,0,1
0,0,1
0,0.7069734,1
0,0,0
0,0,1
0,1,1
0,0,0
0,1,1
0,0,0
0,1,1
0,1,1
0,0,1
0,1,1
0,0,1
0,1,1
0,0,1
0,0,0
0,1,1
0,0,0
0,0,1
0,0,1
0,0,0
0,0,0
0,0.8637151,1
0,0.8654898,1
0,0,1
0,0.8665096,1
0,0,1
0,1,1
0,0,0
0,0,0
0,0,1
0,0.8654788,1
0,0,1
0,0,1
0,0,1
0,0,1
0,0,1
0,0,1
0,0.7527952,1
0,0,1
0,0,1
0,1,1
0,0,0
0,0,1
0,0,1
0,0,1
0,0,1
0,1,1
0,0,1
0,0,1
0,0,1
0,0,0
0,0,0
0,0,1
0,1,1
0,0,1
0,0,0
0,0,1
0,0,0
0,1,1
0,0,1
0,0,0
0,0,0
0,0,1
0,1,1
0,0,0
0,0,1
0,1,1
0,0,1
0,0,1
0,0,1
0,0,1
0,1,1
0,0,0
0,1,1
0,0,0
0,0,0
0,0,1
0,0,1
0,0,1
0,0,1
0,1,1
0,0,1
0,1,1
0,0,1
0,1,1
0,0,0
0,0,1
0,0,1
0,0,1
0,0,1
0,1,1
0,1,1
0,0,0
0,1,1
0,0,1
0,0,1
0,0,1
0,0,0
0,0,1
0,1,1
0,0,1
0,1,1
0,1,1
0,0,1
0,0,1
0,0,1
0,1,1
0,0,0
0,0,0
0,0.855225,1
0,0,0
0,0,0
0,0.8042859,1
0,1,1
0,0,0
0,1,1
0,1,1
0,0,1
0,0,1
0,0,1
0,0.8690042,1
0,0,0
0,0,1
0,1,1
0,0,1
0,0,1
0,1,1
0,0,1
0,0,0
0,0,1
0,1,1
0,0,0
0,1,1
0,0,1
0,0,1
0,0,1
0,0,1
0,1,1
0,0,1
0,0,0
0,1,1
0,0,0
0,0.7374018,1
0,1,1
0,1,1
0,0,0
0,0,1
0,0,0
0,0,1
0,1,1
0,1,1
0,1,1
0,1,1
0,1,1
0,0,0
0,0,0
0,1,1
0,1,1
0,1,1
0,0,1
0,1,1
0,1,1
0,0,1
0,0,1
0,0,1
0,0,1
0,0,1
0,0,1
0,0,0
0,0,0
0,0.8583356,1
0,1,1
0,0.8614365,1
0,0,1
0,1,1
0,1,1
0,0,0
0,0.863242,1
0,0,0
0,0,0
0,0,0
0,0,0
0,1,1
0,1,1
0,0.8626924,1
0,0,1
0,0,1
0,0.7529646,1
0,1,1
0,1,1
0,1,1
0,0,1
0,0,1
0,0,0
0,0,1
0,0,1
0,0,0
0,0,0
0,0,1
0,0,1
0,1,1
0,1,1
0,0.8587445,1
0,1,1
0,1,1
0,1,1
0,0,1
0,1,1
0,1,1
0,1,1
0,0,0
0,0.8749419,1
0,0,0
0,1,1
0,1,1
0,0,1
0,0,1
0,0,1
0,0,0
0,0,0
0,0,1
0,0,1
0,1,1
0,0.8624333,1
0,0.8392663,1
0,0,1
0,0,0
0,0,1
0,1,1
0,1,1
0,0,1
0,1,1
0,0,0
0,0,0
0,0,1
0,0,0
0,1,1
0,1,1
0,1,1
0,0,1
0,0,1
0,1,1
0,0,0
0,0,1
0,0,1
0,1,1
0,1,1
0,0,1
0,0,1
0,0,1
0,1,1
0,0,0
0,0.8680073,1
0,0,0
0,0,1
0,1,1
0,0.8587688,1
0,0,0
0,1,1
0,0,1
0,0.7694638,1
0,1,1
0,1,1
0,0,1
0,1,1
0,0,1
0,0,1
0,0,1
0,1,1
0,0,0
0,0.8638021,1
0,1,1
0,0.830403,1
0,1,1
0,0.8682119,1
0,0,1
0,0,1
0,0,1
0,0.8600866,1
0,0,0
0,0,1
0,0,1
0,0.8642546,1
0,0,1
0,0,0
0,0,1
0,0,1
0,1,1
0,0,0
0,1,1
0,0,1
0,0,1
0,0,1
0,1,1
0,0,0
0,1,1
0,0.8585149,1
0,0.8964623,1
0,0,1
0,0,1
0,0.8585073,1
0,1,1
0,1,1
0,0,1
0,0,0
0,0,1
0,0,1
0,1,1
0,0.8112898,1
0,0,0
0,0,0
0,0,1
0,0.8057278,1
0,1,1
0,0,1
0,1,1
0,0,1
0,0,1
0,0,1
0,0,1
0,1,1
0,0.8624154,1
0,0,1
0,1,1
0,0,1
0,1,1
0,1,1
0,0,1
0,0,1
0,0,0
0,0,1
0,0,1
0,1,1
0,0,1
0,0,0
0,0,0
0,0,1
0,0,1
0,1,1
0,0,1
0,0,0
0,1,1
0,0.8712022,1
0,1,1
0,0,1
0,0.7974075,1
0,0.863994,1
0,0,1
0,0,1
0,1,1
0,0,1
0,0.8086374,1
0,0.8666908,1
0,0,0
0,1,1
0,0,1
0,0,0
0,0,1
0,1,1
0,1,1
0,1,1
0,0,1
0,0,0
0,0,1
0,0,1
0,0,1
0,0,1
0,0.85685,1
0,1,1
0,0,1
0,0,1
0,0,0
0,0,1
0,0,0
0,0,0
0,0,1
0,1,1
0,1,1
0,1,1
0,0,1
0,0,1
0,0,1
0,1,1
0,0,1
0,1,1
0,1,1
0,1,1
0,1,1
0,0,1
0,0,1
0,0,1
0,0,1
0,0,0
0,0,1
0,0,1
0,0,1
0,1,1
0,0.8682568,1
0,1,1
0,0,0
0,0,1
0,0,1
0,0,1
0,0,1
0,0.8380054,1
0,0,0
0,1,1
0,1,1
0,0,1
0,0,1
0,0,0
0,0,1
0,1,1
0,0.856777,1
0,0,1
0,1,1
0,0,1
0,0,1
0,1,1
0,1,1
0,0,1
0,0,1
0,0,1
0,0,1
0,0,1
0,1,1
0,0,1
0,0,1
0,0,1
0,0,1
0,0.8792138,1
0,0,0
0,1,1
0,1,1
0,1,1
0,1,1
0,1,1
0,0.7996582,1
0,1,1
0,0,1
0,1,1
0,0,1
0,0,0
0,0,0
0,0,1
0,1,1
0,1,1
0,1,1
0,0,1
0,1,1
0,1,1
0,0.8581682,1
0,0,1
0,1,1
0,0,1
0,1,1
0,0,1
0,0.7499651,1
0,0.8608083,1
0,0.8669795,1
0,0,1
0,0,1
0,0,1
0,0,1
0,0,0
0,1,1
0,0,0
0,0,0
0,0,1
0,0,1
0,1,1
0,0,1
0,0,1
0,0,1
0,1,1
0,0,1
0,0,0
0,0,0
0,0,0
0,0,1
0,1,1
0,0,1
0,1,1
0,0,0
0,1,1
0,0,0
0,1,1
0,0,1
0,1,1
0,0,0
0,0,1
0,0,1
0,0,1
0,0,0
0,0,0
0,1,1
0,0,1
0,0,1
0,0,1
0,1,1
0,0.7952455,1
0,0,1
0,0,1
0,0,0
0,0,0
0,0,0
0,0.7952503,1
0,1,1
0,1,1
0,0,1
0,1,1
0,0,1
0,0,1
0,0.8622261,1
0,0,1
0,1,1
0,0,1
0,0,0
0,1,1
0,0.8787471,1
0,0,1
0,1,1
0,0,1
0,0,0
0,0,0
0,1,1
0,0,1
0,0,1
0,0,0
0,0,0
0,1,1
0,0,1
0,0,1
0,0.7830158,1
0,0,1
0,0,1
0,0,1
0,1,1
0,0,1
0,0.8735183,1
0,1,1
0,0,1
0,0,1
0,0,0
0,0,1
0,1,1
0,0,1
0,0.8594534,1
0,0,0
0,1,1
0,0,1
0,0,1
0,0,1
0,1,1
0,0,1
0,1,1
0,0,1
0,1,1
0,0,1
0,0,1
0,1,1
0,1,1
0,1,1
0,0,1
0,0,1
0,0,1
0,1,1
0,0,0
0,0,0
0,1,1
0,1,1
0,0,0
0,0.905954,1
0,1,1
0,0,0
0,0,0
0,0,0
0,0,1
0,0,0
0,1,1
0,0.7465185,1
0,0,1
0,1,1
0,1,1
0,1,1
0,0,1
0,0,0
0,0,1
0,0,1
0,1,1
0,0,1
0,0,0
0,0,1
0,1,1
0,0,1
0,0,0
0,0,0
0,0,1
0,0,1
0,0,1
0,1,1
0,1,1
0,0,0
0,1,1
0,0,0
0,1,1
0,0,1
0,0,0
0,0,0
0,1,1
0,0,1
0,0,1
0,1,1
0,1,1
0,0,1
0,1,1
0,0,1
0,0,0
0,1,1
0,0,1
0,0,0
0,0,1
0,0,1
0,0.8661237,1
0,0,0
0,0,0
0,0,1
0,1,1
0,1,1
0,0,1
0,0.7929407,1
0,0,0
0,1,1
0,0,0
0,0.8978915,1
0,1,1
0,0,0
0,1,1
0,0,1
0,1,1
0,0,1
0,1,1
0,0,1
0,0,1
0,0,1
0,1,1
0,1,1
0,0,1
0,0,1
0,0,0
0,0,1
0,0,1
0,0,0
0,0,1
0,0.8748305,1
0,1,1
0,1,1
0,1,1
0,0,1
0,0,1
0,1,1
0,0,1
0,0,1
0,0,1
0,0,1
0,0.862307,1
0,0,0
0,0,0
0,0,1
0,0,1
0,0,1
0,0,1
0,0,0
0,1,1
0,0,0
0,0,0
0,0,0
0,0,1
0,1,1
0,1,1
0,0,0
0,0.8600541,1
0,0.8614236,1
0,0,1
0,0,1
0,0,0
0,0,1
0,0,1
0,0,1
0,0,0
0,1,1
0,0.8707575,1
0,0,1
0,0,1
0,0,1
0,0,0
0,0,1
0,0,1
0,0,1
0,0,1
0,0,1
0,0,1
0,1,1
0,0,1
0,1,1
0,1,1
0,0,0
0,1,1
0,0,1
0,0,1
0,0,1
0,1,1
0,1,1
0,1,1
0,0,0
0,0,0
0,0,1
0,1,1
0,0,0
0,0,0
0,1,1
0,0,1
0,0.8844779,1
0,1,1
0,0,1
0,0,0
0,0.8656693,1
0,0,1
0,0,1
0,1,1
0,0,0
0,1,1
0,0,1
0,1,1
0,0,1
0,0,0
0,0,1
0,0,1
0,0,1
0,1,1
0,1,1
0,0,0
0,0,1
0,0,1
0,0,1
0,0.809312,1
0,0,0
0,0,0
0,0,0
0,1,1
0,0,1
0,0,0
0,1,1
0,0,1
0,0,1
0,1,1
0,0,0
0,0,0
0,0,1
0,1,1
0,0.849063,1
0,0,0
0,0,0
0,0,0
0,0,1
0,0,1
0,0.8577911,1
0,1,1
0,0,1
0,0,1
0,0,1
0,0,1
0,0.8635169,1
0,0,1
0,0,0
0,1,1
0,0,1
0,1,1
0,0.8616618,1
0,1,1
0,1,1
0,0,1
0,0,0
0,0,1
0,0,0
0,0,1
0,0,1
0,1,1
0,0,1
0,0,0
0,0.8600549,1
0,0,0
0,0,1
0,1,1
0,0,0
0,0,0
0,1,1
0,0,1
0,0,1
0,1,1
0,0,1
0,1,1
0,0.8751198,1
0,0,1
0,1,1
0,0,1
0,0,1
0,0,1
0,0,1
0,0.8577079,1
0,0,0
0,0.8612083,1
0,0,1
0,1,1
0,0,1
0,0.8583091,1
0,0,0
0,1,1
0,0,0
0,0,1
0,1,1
0,0,0
0,0,1
0,0,0
0,0,1
0,1,1
0,0,0
0,0,1
0,0.8650343,1
0,1,1
0,0,0
0,0,0
0,0,1
0,0.85826,1
0,0,1
0,1,1
0,0,0
0,0,1
0,0,0
0,0,1
0,0,0
0,0,0
0,1,1
0,0,0
0,0,1
0,0,1
0,1,1
0,0,0
0,0,1
0,0,0
0,0,1
0,0,0
0,1,1
0,0,0
0,0,1
0,1,1
0,0,1
0,0,1
0,0,1
0,0,1
0,0,0
0,0,1
0,1,1
0,0,1
0,0,1
0,0,0
0,1,1
0,0,1
0,0,0
0,0,1
0,0,1
0,0,1
0,0,1
0,1,1
0,0,1
0,1,1
0,0,1
0,1,1
0,0,1
0,0.8612491,1
0,1,1
0,1,1
0,1,1
0,0,1
0,0.8654448,1
0,0,1
0,0,0
0,0,0
0,1,1
0,1,1
0,0,1
0,0,0
0,0.873978,1
0,0,1
0,0,0
0,0,1
0,1,1
0,0,1
0,0,1
0,0.9048276,1
0,1,1
0,0,1
0,0,1
0,0,0
0,0,0
0,1,1
0,0,0
0,0,1
0,0,1
0,0,1
0,1,1
0,0,1
0,0,0
0,1,1
0,0.8660556,1
0,0,1
0,0,1
0,1,1
0,1,1
0,0,0
0,0,1
0,0,1
0,0,1
0,0,0
0,0,1
0,0,1
0,0,1
0,0,0
0,0,1
0,0,1
0,0,1
0,0,0
0,1,1
0,1,1
0,0,1
0,1,1
0,0,1
0,0,1
0,1,1
0,1,1
0,0,0
0,0.85611,1
0,1,1
0,1,1
0,1,1
0,0,0
0,0,0
0,1,1
0,0,1
0,1,1
0,0,0
0,0,0
0,0,0
0,0,1
0,0,0
0,0,0
0,0,1
0,0,0
0,0,1
0,1,1
0,0,1
0,0,1
0,0,1
0,1,1
0,0,0
0,0,1
0,1,1
0,0,1
0,0,1
0,1,1
0,1,1
0,0,1
0,0,0
0,0,1
0,0,0
0,1,1
0,0,0
0,0.7818321,1
0,0.90299,1
0,1,1
0,0,1
0,0,1
0,0,1
0,0,1
0,0,1
0,1,1
0,0,1
0,0,0
0,0,1
0,0,1
0,0,1
0,1,1
0,0,1
0,0,0
0,1,1
0,0,1
0,0,1
0,0,1
0,0,1
0,1,1
0,0,0
0,1,1
0,1,1
0,0.7796323,1
0,0,1
0,1,1
0,1,1
0,0,1
0,0.7180454,1
0,0,1
0,1,1
0,0.8640943,1
0,0,0
0,0,1
0,1,1
0,0,1
0,1,1
0,0.7405627,1
0,0,0
0,0,1
0,0,1
0,0,1
0,0,1
0,1,1
0,0,0
0,1,1
0,0,0
0,0,1
0,0,1
0,1,1
0,0,1
0,1,1
0,1,1
0,0,0
0,0.8629006,1
0,0,0
0,0,1
0,0,0
0,0,1
0,1,1
0,0,1
0,0,1
0,0,1
0,0,1
0,0,0
0,1,1
0,0.8467015,1
0,1,1
0,1,1
0,0.8591875,1
0,0,0
0,1,1
0,0,1
0,0,1
0,0.8596545,1
0,0,0
0,1,1
0,1,1
0,0,0
0,0,0
0,0,1
0,1,1
0,0.7561786,1
0,0,0
0,0,0
0,0.8603779,1
0,1,1
0,0,0
0,0,1
0,0,0
0,0,0
0,0.8727483,1
0,1,1
0,0,1
0,0.7154275,1
0,0.8747205,1
0,0,1
0,0,1
0,0,1
0,0,1
0,0,1
0,0,0
0,0,0
0,0,1
0,1,1
0,0,1
0,0.8112983,1
0,0,1
0,1,1
0,1,1
0,1,1
0,0,0
0,0,1
0,0,1
0,1,1
0,0,0
0,0,1
0,1,1
0,0,1
0,1,1
0,0,1
0,0,1
0,1,1
0,1,1
0,0,1
0,0,0
0,0,1
0,0.8593385,1
0,1,1
0,0,0
0,0,0
0,0,0
0,0,1
0,0,1
0,0,0
0,0,0
0,0,0
0,1,1
0,1,1
0,1,1
0,0,1
0,1,1
0,1,1
0,0,1
0,0.858777,1
0,0,1
0,0,1
0,0.8698853,1
0,0,1
0,0,0
0,0,1
0,1,1
0,1,1
0,0,1
0,1,1
0,1,1
0,1,1
0,1,1
0,1,1
0,0,1
0,0,0
0,0,1
0,0,1
0,1,1
0,0,1
0,1,1
0,0,1
0,0,1
0,0,1
0,0,1
0,0,0
0,1,1
0,0,1
0,0.7689368,1
0,0,0
0,1,1
0,1,1
0,1,1
0,0,1
0,0,1
0,1,1
0,0,1
0,0,0
0,0,1
0,0,0
0,1,1
0,0,0
0,0,1
0,0,1
0,1,1
0,0.8666252,1
0,1,1
0,0,0
0,0,1
0,1,1
0,0,1
0,0,0
0,0,0
0,1,1
0,1,1
0,0,1
0,1,1
0,0,1
0,0.8556242,1
0,0,1
0,0,1
0,1,1
0,0,1
0,0,1
0,0,1
0,1,1
0,0,1
0,1,1
0,0.859678,1
0,1,1
0,1,1
0,1,1
0,1,1
0,0,1
0,0.7596842,1
0,0,1
0,0,0
0,0,0
0,1,1
0,0,0
0,1,1
0,1,1
0,1,1
0,1,1
0,1,1
0,0,0
0,1,1
0,1,1
0,1,1
0,1,1
0,0,1
0,1,1
0,1,1
0,0,1
0,0,1
0,0,1
0,0,0
0,0,0
0,0,0
0,1,1
0,0,1
0,0,1
0,1,1
0,0,1
0,1,1
0,0.7086265,1
0,0,1
0,0,0
0,0.8589629,1
0,0,1
0,0,1
0,1,1
0,0,1
0,1,1
0,0,1
0,0,1
0,0,0
0,0,0
0,0.9671675,1
0,0,1
0,0,0
0,0,1
0,0.8543798,1
0,1,1
0,0,1
0,0,1
0,1,1
0,1,1
0,1,1
0,0,1
0,0,1
0,0,1
0,0,1
0,0,1
0,0,1
0,0,1
0,0,1
0,0,0
0,1,1
0,0,1
0,0,0
0,1,1
0,1,1
0,1,1
0,1,1
0,0,1
0,0,0
0,0.8772776,1
0,0,1
0,0,1
0,1,1
0,1,1
0,0.7076005,1
0,0,1
0,0.8789191,1
0,1,1
0,0,1
0,0,1
0,0,1
0,0,0
0,0,1
0,0,1
0,1,1
0,1,1
0,1,1
0,1,1
0,0.8561622,1
0,0,0
0,1,1
0,0.8618017,1
0,1,1
0,0,1
0,0,1
0,1,1
0,0,1
0,1,1
0,0,1
0,1,1
0,1,1
0,0.8507352,1
0,0,1
0,0,1
0,1,1
0,0,0
0,1,1
0,0,1
0,0,1
0,0,1
0,0,1
0,1,1
0,0,1
0,0,0
0,0,0
0,0,1
0,0,1
0,1,1
0,0,1
0,0,1
0,0,1
0,0,1
0,0.8681651,1
0,0,0
0,0,1
0,0,0
0,0,1
0,0,1
0,1,1
0,0,1
0,0,0
0,0,1
0,0,1
0,1,1
0,0,1
0,1,1
0,1,1
0,0,0
0,0,1
0,0,0
0,0,1
0,1,1
0,0,0
0,1,1
0,0,1
0,0.9903895,1
0,0,0
0,0,1
0,0,1
0,1,1
0,0,1
0,0,1
0,0,0
0,1,1
0,0.8861903,1
0,1,1
0,0,1
0,1,1
0,1,1
0,0,0
0,1,1
0,0,1
0,0,0
0,0,0
0,0,1
0,1,1
0,0,1
0,0,1
0,1,1
0,1,1
0,0,1
0,0,0
0,1,1
0,0,1
0,1,1
0,0,0
0,1,1
0,0,0
0,1,1
0,0,1
0,0,1
0,0,1
0,0,0
0,1,1
0,0,1
0,0,0
0,0,0
0,0,1
0,0.741613,1
0,0,1
0,0,1
0,0,1
0,0,0
0,1,1
0,1,1
0,0.8656293,1
0,1,1
0,0,0
0,0,1
0,1,1
0,0,0
0,1,1
0,0,1
0,0,1
0,0,1
0,1,1
0,0,1
0,0,1
0,0.8616984,1
0,1,1
0,0,1
0,0,1
0,1,1
0,0,1
0,0.8582724,1
0,0,0
0,0,1
0,0,1
0,0,0
0,0,1
0,0,1
0,0,1
0,0,1
0,1,1
0,0,1
0,1,1
0,1,1
0,0,1
0,1,1
0,0,1
0,0,1
0,0,1
0,0,1
0,0,0
0,0,0
0,0.8583256,1
0,0,1
0,1,1
0,0,1
0,0,1
0,0,1
0,0,1
0,1,1
0,1,1
0,0,1
0,0,1
0,0,1
0,1,1
0,0,1
0,0,1
0,1,1
0,1,1
0,0,0
0,0,1
0,0,1
0,0,0
0,1,1
0,0,1
0,0,0
0,0,1
0,0,1
0,0,0
0,0.8660258,1
0,0,0
0,0,1
0,0,0
0,0,0
0,1,1
0,1,1
0,0,0
0,0,0
0,0.8581098,1
0,1,1
0,0,1
0,0,1
0,1,1
0,0.8586513,1
0,1,1
0,1,1
0,1,1
0,0,1
0,0,1
0,0,1
0,1,1
0,0,1
0,1,1
0,1,1
0,1,1
0,1,1
0,0,0
0,1,1
0,0,1
0,0,1
0,0,0
0,0,1
0,0,1
0,0,1
0,0,1
0,0,0
0,1,1
0,1,1
0,1,1
0,1,1
0,1,1
0,0,1
0,1,1
0,1,1
0,0,1
0,0.8588253,1
0,0,1
0,1,1
0,1,1
0,1,1
0,1,1
0,0,1
0,0.8643447,1
0,0,1
0,0,1
0,1,1
0,0,1
0,0,0
0,1,1
0,0,0
0,1,1
0,0.9669191,1
0,0,1
0,0,1
0,0,1
0,0,1
0,0,0
0,1,1
0,0.8558799,1
0,0.8595327,1
0,0,1
0,0,1
0,0,1
0,0,1
0,0,1
0,0,1
0,0,1
0,0,0
0,0,1
0,0,1
0,0,1
0,0,1
0,0,1
0,0,1
0,1,1
0,1,1
0,0,1
0,1,1
0,0,1
0,0,1
0,0,0
0,1,1
0,1,1
0,0,1
0,0,1
0,0,0
0,0,1
0,1,1
0,0,0
0,0,0
0,1,1
0,0,1
0,0,1
0,0,1
0,0,1
0,1,1
0,1,1
0,1,1
0,0,0
0,0,0
0,1,1
0,1,1
0,0,0
0,1,1
0,1,1
0,0.75518,1
0,0,1
0,0,1
0,0.8945545,1
0,0,1
0,0,1
0,0,1
0,0,1
0,1,1
0,0,1
0,0,1
0,1,1
0,0,1
0,0,1
0,0.8633157,1
0,1,1
0,0,1
0,0,0
0,0,0
0,0,0
0,1,1
0,1,1
0,0,1
0,1,1
0,0.8686341,1
0,1,1
0,1,1
0,0,1
0,0,1
0,1,1
0,1,1
0,0,1
0,0,0
0,0.8614115,1
0,1,1
0,0,1
0,0,1
0,0,1
0,1,1
0,1,1
0,1,1
0,0,1
0,1,1
0,1,1
0,0,1
0,0.8583078,1
0,0.8746585,1
0,0,1
0,1,1
0,1,1
0,0,1
0,0,0
0,1,1
0,1,1
0,0,1
0,0,1
0,0,1
0,0,1
0,0,1
0,0,1
0,1,1
0,1,1
0,0,1
0,0,0
0,0,1
0,0.7670459,1
0,1,1
0,0,1
0,0,1
0,0,0
0,1,1
0,0,1
0,0,1
0,0,0
0,0,1
0,1,1
0,0.8560559,1
0,0,1
0,1,1
0,0,1
0,1,1
0,1,1
0,0.8533279,1
0,1,1
0,0,1
0,0,1
0,0,1
0,0,0
0,1,1
0,0,1
0,0.7101158,1
0,0,0
0,0,1
0,0,1
0,0,1
0,0,1
0,1,1
0,0,1
0,0,0
0,0,0
0,1,1
0,0,1
0,0,1
0,1,1
0,1,1
0,1,1
0,0,0
0,1,1
0,0,1
0,0,0
0,0.7377397,1
0,1,1
0,0,1
0,1,1
0,0,0
0,1,1
0,0,0
0,1,1
0,1,1
0,0,1
0,1,1
0,0,1
0,0,1
0,0,1
0,0,1
0,0,1
0,1,1
0,1,1
0,1,1
0,0,0
0,1,1
0,0,0
0,0.8597623,1
0,0,0
0,0,0
0,0,0
0,1,1
0,0,0
0,0,0
0,1,1
0,0,0
0,0,1
0,1,1
0,1,1
0,0,1
0,1,1
0,0,1
0,0,1
0,0,1
0,0,1
0,0,1
0,1,1
0,1,1
0,0.8722385,1
0,1,1
0,0,1
0,0,1
0,1,1
0,0,0
0,0,1
0,0,1
0,1,1
0,0,1
0,0,1
0,0,1
0,1,1
0,1,1
0,0,0
0,0,1
0,0,0
0,0,1
0,1,1
0,1,1
0,0,0
0,0,1
0,0,1
0,0,1
0,0,1
0,1,1
0,0,1
0,1,1
0,1,1
0,0,0
0,0,0
0,0,1
0,0,1
0,1,1
0,0,1
0,1,1
0,1,1
0,0,1
0,1,1
0,0,1
0,0,1
0,1,1
0,0,1
0,1,1
0,0,1
0,0,0
0,0.9078878,1
0,0,1
0,1,1
0,1,1
0,0.8665141,1
0,0.8610748,1
0,0,0
0,1,1
0,0.7386671,1
0,1,1
0,0,1
0,0,1
0,1,1
0,0,0
0,0,1
0,1,1
0,0,1
0,0,0
0,1,1
0,0,1
0,1,1
0,1,1
0,0,1
0,1,1
0,1,1
0,0,1
0,1,1
0,0,1
0,0,1
0,0.8613561,1
0,1,1
0,0,0
0,0,1
0,0,1
0,0,0
0,1,1
0,0,1
0,0,0
0,0,0
0,1,1
0,0,1
0,0,1
0,0,1
0,0,1
0,0,1
0,0,1
0,0,0
0,0,1
0,1,1
0,1,1
0,0,1
0,0,1
0,1,1
0,0,1
0,0,1
0,0,0
0,0,0
0,0,1
0,0,1
0,1,1
0,0,1
0,1,1
0,0.8664552,1
0,0,1
0,0,0
0,0,1
0,0,1
0,0,1
0,0,0
0,0,1
0,0,1
0,0,1
0,0,1
0,1,1
0,1,1
0,0.8575073,1
0,1,1
0,0,1
0,1,1
0,0.7306293,1
0,1,1
0,0,1
0,0,1
0,1,1
0,1,1
0,0,1
0,0,1
0,1,1
0,0,0
0,0,1
0,0,1
0,1,1
0,1,1
0,1,1
0,0,0
0,0,1
0,1,1
0,0,1
0,0,1
0,0,1
0,0,1
0,0,1
0,1,1
0,0,0
0,1,1
0,1,1
0,1,1
0,1,1
0,0,1
0,1,1
0,1,1
0,1,1
0,1,1
0,0,0
0,0,0
0,1,1
0,0,0
0,0,1
0,0,1
0,0,1
0,1,1
0,0,1
0,1,1
0,1,1
0,0,1
0,1,1
0,0.8587714,1
0,1,1
0,0,1
0,0,1
0,0,1
0,0,1
0,0,0
0,1,1
0,0,0
0,0,1
0,0,1
0,0.8657063,1
0,1,1
0,0,1
0,0,1
0,1,1
0,0,1
0,1,1
0,0,1
0,0,1
0,0,0
0,0,1
0,0,1
0,0,0
0,0,1
0,0.8710126,1
0,0,1
0,0.8626579,1
0,0,1
0,0,1
0,0.862341,1
0,1,1
0,1,1
0,1,1
0,1,1
0,0,0
0,0,1
0,0,1
0,0,1
0,0,1
0,1,1
0,1,1
0,0,1
0,1,1
0,0,0
0,0.7113942,1
0,0,0
0,0,1
0,1,1
0,0,1
0,0,1
0,1,1
0,0,0
0,0,1
0,1,1
0,1,1
0,1,1
0,0,1
0,0,1
0,1,1
0,1,1
0,1,1
0,0,0
0,0,0
0,1,1
0,0,1
0,1,1
0,0,1
0,0,0
0,1,1
0,0,1
0,1,1
0,1,1
0,0,1
0,0,1
0,1,1
0,0,1
0,0,0
0,0,1
0,1,1
0,0.8680432,1
0,0,1
0,0.8737648,1
0,1,1
0,0,1
0,1,1
0,1,1
0,1,1
0,0,1
0,0,0
0,0,1
0,1,1
0,0,1
0,0,1
0,0.8757292,1
0,0.8651645,1
0,0.9071006,1
0,1,1
0,1,1
0,1,1
0,0,0
0,0,0
0,0.8689953,1
0,1,1
0,1,1
0,0,1
0,0.7234899,1
0,0,1
0,0,1
0,1,1
0,0,0
0,0,0
0,0.8571173,1
0,1,1
0,0,0
0,0,1
0,1,1
0,0,1
0,1,1
0,0,1
0,0.8615395,1
0,0,0
0,0,1
0,0,0
0,0,1
0,1,1
0,0.8620139,1
0,1,1
0,1,1
0,1,1
0,0.8709875,1
0,0,1
0,1,1
0,1,1
0,0,1
0,1,1
0,0,1
0,0.7837454,1
0,0.8661761,1
0,0,1
0,1,1
0,1,1
0,1,1
0,0,1
0,1,1
0,0.8074886,1
0,0,1
0,0,1
0,0.8598864,1
0,1,1
0,0,1
0,0,1
0,0,1
0,0,0
0,0,1
0,0,1
0,0,1
0,0,1
0,0,1
0,0.8800099,1
0,0.8629128,1
0,0,1
0,0,0
0,0,0
0,0,1
0,1,1
0,1,1
0,1,1
0,1,1
0,1,1
0,0,1
0,0,1
0,0,0
0,1,1
0,0.8679248,1
0,0,1
0,0.7552949,1
0,0,0
0,0,1
0,0,0
0,1,1
0,0,1
0,0,1
0,0,1
0,0,1
0,1,1
0,0,1
0,0,1
0,0.7829996,1
0,1,1
0,1,1
0,0.8561085,1
0,0,1
0,0.8593725,1
0,0,1
0,1,1
0,0,1
0,0,0
0,0,0
0,0,0
0,1,1
0,0,1
0,0,1
0,0,1
0,0,1
0,0.860891,1
0,0,1
0,0,0
0,0,1
0,1,1
0,0,1
0,0.8655289,1
0,0,1
0,0.7322613,1
0,1,1
0,0,1
0,0,0
0,1,1
0,0,0
0,0,1
0,0,1
0,0.7177099,1
0,1,1
0,1,1
0,0,1
0,0.8607553,1
0,0,0
0,1,1
0,1,1
0,0.8674384,1
0,1,1
0,1,1
0,1,1
0,0.8603103,1
0,0,0
0,0,0
0,0,1
0,0,1
0,0,0
0,0.7222307,1
0,0,1
0,0,0
0,1,1
0,1,1
0,0,0
0,0,1
0,0,1
0,0,1
0,1,1
0,1,1
0,0.7023139,1
0,0,1
0,0,1
0,0,1
0,0,1
0,0,0
0,0,1
0,0,0
0,0,1
0,0,0
0,0,0
0,0,0
0,0,1
0,0,1
0,1,1
0,1,1
0,1,1
0,0,1
0,0,1
0,1,1
0,1,1
0,0,1
0,1,1
0,0,0
0,0,0
0,0,1
0,0.8889948,1
0,0,0
0,0,1
0,0,1
0,0,1
0,0,1
0,0,1
0,0.8775488,1
0,0,0
0,0.8616337,1
0,0,0
0,1,1
0,1,1
0,1,1
0,0,0
0,0,0
0,1,1
0,0,1
0,0,1
0,1,1
0,0,1
0,0,1
0,1,1
0,0,1
0,1,1
0,0,0
0,1,1
0,0,0
0,0,1
0,1,1
0,1,1
0,0,0
0,0,0
0,0,1
0,1,1
0,0,1
0,1,1
0,0,0
0,0,1
0,0,1
0,0,1
0,0,1
0,0,1
0,1,1
0,0,1
0,1,1
0,1,1
0,1,1
0,1,1
0,1,1
0,0,1
0,1,1
0,1,1
0,0,1
0,0,1
0,1,1
0,0,1
0,1,1
0,1,1
0,0,1
0,1,1
0,1,1
0,0,1
0,1,1
0,0,0
0,0,0
0,0,0
0,1,1
0,0.8564771,1
0,0,1
0,0.8656607,1
0,0,1
0,1,1
0,0,1
0,1,1
0,0,1
0,1,1
0,0,0
0,1,1
0,0,1
0,0,0
0,1,1
0,0,1
0,0,0
0,0,1
0,0,1
0,1,1
0,0,1
0,0,1
0,0,1
0,1,1
0,0,1
0,0,1
0,1,1
0,0,0
0,1,1
0,0,1
0,0.8873363,1
0,0,1
0,1,1
0,0,0
0,0.7112602,1
0,1,1
0,0,0
0,1,1
0,1,1
0,0,0
0,0,1
0,0.9089764,1
0,1,1
0,1,1
0,0,1
0,1,1
0,1,1
0,0.8052918,1
0,0.860592,1
0,0,1
0,1,1
0,0,1
0,0,1
0,1,1
0,0,0
0,0,0
0,0,1
0,0.8611501,1
0,0,1
0,1,1
0,1,1
0,0,0
0,0,0
0,0.8657597,1
0,1,1
0,1,1
0,1,1
0,1,1
0,0.8595314,1
0,0.8809572,1
0,1,1
0,1,1
0,0,1
0,1,1
0,0,0
0,0,1
0,0,1
0,0.8656749,1
0,1,1
0,0,1
0,0,1
0,1,1
0,0,1
0,1,1
0,0,1
0,0,0
0,1,1
0,0,1
0,1,1
0,0,1
0,0,1
0,0.8148879,1
0,1,1
0,0,1
0,0,1
0,0,0
0,0,0
0,1,1
0,1,1
0,0,1
0,0.856732,1
0,1,1
0,1,1
0,1,1
0,1,1
0,0,1
0,0,1
0,0,1
0,1,1
0,1,1
0,1,1
0,1,1
0,1,1
0,1,1
0,1,1
0,0,0
0,0,1
0,0,1
0,0,1
0,1,1
0,1,1
0,0,1
0,1,1
0,0,1
0,0,1
0,0,0
0,0,0
0,0,1
0,0,1
0,0,0
0,0,1
0,0,1
0,0,1
0,0,0
0,1,1
0,0,1
0,1,1
0,0,0
0,1,1
0,0.7592269,1
0,1,1
0,1,1
0,1,1
0,1,1
0,0,0
0,1,1
0,1,1
0,0,1
0,0,1
0,0.7023944,1
0,1,1
0,0,0
0,0,1
0,0,0
0,0,0
0,0,0
0,1,1
0,0,1
0,0,1
0,0,1
0,0.8692697,1
0,0.8574809,1
0,0,0
0,0,1
0,0,1
0,1,1
0,0.8753493,1
0,1,1
0,1,1
0,1,1
0,1,1
0,1,1
0,0,0
0,1,1
0,1,1
0,0,0
0,0.8655764,1
0,1,1
0,1,1
0,1,1
0,0,0
0,0,0
0,1,1
0,1,1
0,0,0
0,0.8546332,1
0,0,1
0,0,1
0,0.742505,1
0,1,1
0,1,1
0,1,1
0,1,1
0,0.8638942,1
0,0,0
0,0,1
0,0,1
0,0,1
0,0,1
0,0,1
0,0,1
0,0,0
0,1,1
0,1,1
0,0,1
0,0,1
0,1,1
0,1,1
0,1,1
0,1,1
0,0,0
0,0.8293146,1
0,0,0
0,1,1
0,1,1
0,1,1
0,0,1
0,1,1
0,0,1
0,1,1
0,1,1
0,1,1
0,1,1
0,1,1
0,1,1
0,0,1
0,0,1
0,1,1
0,1,1
0,1,1
0,1,1
0,1,1
0,1,1
0,1,1
0,0,0
0,0,0
0,1,1
0,1,1
0,0,1
0,0.7149066,1
0,0,1
0,0,1
0,0,1
0,1,1
0,1,1
0,1,1
0,0.8468767,1
0,0,1
0,0,1
0,1,1
0,0,1
0,1,1
0,1,1
0,1,1
0,1,1
0,0,1
0,1,1
0,1,1
0,0.8197538,1
0,0,1
0,0,1
0,1,1
0,1,1
0,0.7209487,1
0,1,1
0,1,1
0,1,1
0,0,0
0,0,1
0,0.7424532,1
0,0,1
0,0.9185461,1
0,0,1
0,0,1
0,0,1
0,1,1
0,0,1
0,0,1
0,0,1
0,0,0
0,0,1
0,1,1
0,1,1
0,0,1
0,1,1
0,0,1
0,1,1
0,0,1
0,0,1
0,0,1
0,0,1
0,1,1
0,1,1
0,0,1
0,0,1
0,0.9940981,1
0,1,1
0,0,0
0,0,1
0,0,1
0,0,1
0,0,1
0,1,1
0,0,0
0,0,0
0,0,1
0,0.863222,1
0,0,1
0,1,1
0,0,1
0,0,1
0,0,1
0,0,1
0,0,1
0,0,0
0,0,0
0,0,1
0,0,1
0,1,1
0,0,1
0,0,1
0,1,1
0,1,1
0,0,0
0,0,1
0,0,1
0,0,1
0,1,1
0,1,1
0,0,0
0,0,0
0,1,1
0,1,1
0,1,1
0,0.8276318,1
0,1,1
0,1,1
0,1,1
0,0,0
0,0,0
0,0,1
0,1,1
0,0,0
0,1,1
0,0,1
0,1,1
0,1,1
0,0,1
0,0,1
0,0,0
0,1,1
0,0,1
0,0,1
0,0,1
0,1,1
0,0,1
0,1,1
0,0,1
0,1,1
0,1,1
0,0,1
0,0,0
0,0,0
0,0,0
0,0,1
0,0.8705035,1
0,0,1
0,1,1
0,1,1
0,0,0
0,0.8634844,1
0,0.8704921,1
0,0,0
0,0,1
0,0,0
0,1,1
0,0,1
0,0,1
0,1,1
0,0,0
0,0,0
0,1,1
0,0,1
0,1,1
0,0,1
0,0,1
0,1,1
0,0,0
0,1,1
0,0,1
0,0,0
0,0,0
0,1,1
0,0,0
0,0,1
0,1,1
0,1,1
0,0,1
0,1,1
0,0,1
0,0,0
0,1,1
0,1,1
0,1,1
0,1,1
0,1,1
0,0,1
0,1,1
0,0,1
0,1,1
0,0,0
0,0,1
0,0,1
0,0,0
0,0,1
0,1,1
0,1,1
0,0,1
0,0,1
0,0,1
0,0,1
0,0.773188,1
0,0,1
0,0,1
0,1,1
0,1,1
0,0,1
0,0,0
0,0,1
0,0,1
0,0,1
0,1,1
0,1,1
0,0,1
0,0,0
0,0.7450725,1
0,1,1
0,1,1
0,1,1
0,0,1
0,0,1
0,1,1
0,1,1
0,1,1
0,1,1
0,0,1
0,0,1
0,1,1
0,0,1
0,0,1
0,0,1
0,1,1
0,0,1
0,0,0
0,1,1
0,0,1
0,0.8626724,1
0,0,0
0,1,1
0,0,0
0,1,1
0,1,1
0,1,1
0,1,1
0,0,1
0,1,1
0,0,1
0,0,1
0,1,1
0,0.8201945,1
0,0.8649046,1
0,0.861348,1
0,1,1
0,0,1
0,0,1
0,0,1
0,0,0
0,0,1
0,0,1
0,1,1
0,0,1
0,0.8601354,1
0,0.8550321,1
0,1,1
0,1,1
0,0.8555123,1
0,0,0
0,0,0
0,0,1
0,0.8563666,1
0,0,0
0,0,1
0,1,1
0,1,1
0,0,1
0,0,1
0,0,0
0,0,1
0,1,1
0,1,1
0,0,1
0,0,1
0,0,1
0,0,0
0,0.8697289,1
0,0,0
0,1,1
0,1,1
0,1,1
0,1,1
0,1,1
0,0,0
0,1,1
0,0,1
0,0,1
0,1,1
0,0,1
0,0,1
0,1,1
0,1,1
0,1,1
0,1,1
0,0.8627452,1
0,0,1
0,0,1
0,1,1
0,0,0
0,0,1
0,1,1
0,1,1
0,1,1
0,0,0
0,0,1
0,0,1
0,0,1
0,1,1
0,0.8583988,1
0,1,1
0,1,1
0,0,1
0,1,1
0,0.8582417,1
0,0.7526747,1
0,0,1
0,0,1
0,0,1
0,1,1
0,1,1
0,0,0
0,1,1
0,1,1
0,1,1
0,0.8588649,1
0,0,1
0,1,1
0,1,1
0,1,1
0,1,1
0,0,1
0,0,0
0,0.8765169,1
0,1,1
0,0,1
0,1,1
0,0,1
0,1,1
0,0,0
0,0,1
0,0,1
0,0.860253,1
0,0.8643478,1
0,0,1
0,1,1
0,0,0
0,1,1
0,1,1
0,0,0
0,1,1
0,0.8626233,1
0,1,1
0,0,1
0,0,0
0,1,1
0,1,1
0,0.8670264,1
0,0,1
0,0,1
0,0,0
0,0,1
0,1,1
0,0,1
0,0,0
0,1,1
0,0,1
0,0,1
0,0,1
0,0,0
0,1,1
0,0.8633639,1
0,0,1
0,0,0
0,0,1
0,1,1
0,0,1
0,0,1
0,1,1
0,0,1
0,0,1
0,0,1
0,1,1
0,1,1
0,0,0
0,1,1
0,1,1
0,0,1
0,0,0
0,0,0
0,0,1
0,0,1
0,0,1
0,0.766924,1
0,0,1
0,1,1
0,0,1
0,1,1
0,0,1
0,0,1
0,1,1
0,0,1
0,1,1
0,0.8604234,1
0,0,1
0,1,1
0,1,1
0,1,1
0,0,1
0,0.860997,1
0,0,1
0,0.862142,1
0,0.8633008,1
0,0,1
0,1,1
0,1,1
0,1,1
0,1,1
0,1,1
0,0,1
0,1,1
0,0,0
0,1,1
0,0,1
0,1,1
0,0,1
0,0,1
0,1,1
0,1,1
0,1,1
0,1,1
0,0,1
0,1,1
0,1,1
0,0,1
0,1,1
0,1,1
0,1,1
0,0,1
0,0,1
0,0.8588494,1
0,1,1
0,1,1
0,1,1
0,0,0
0,0,1
0,1,1
0,0,1
0,0.8723706,1
0,0,0
0,0,1
0,1,1
0,1,1
0,1,1
0,0,1
0,1,1
0,1,1
0,1,1
0,0,1
0,0.9050635,1
0,0,1
0,0,1
0,0,0
0,0,1
0,1,1
0,0.791833,1
0,1,1
0,1,1
0,0,1
0,0,0
0,0,1
0,1,1
0,0,1
0,1,1
0,0,0
0,1,1
0,0,1
0,0,1
0,1,1
0,1,1
0,1,1
0,0,0
0,0,1
0,0,1
0,1,1
0,0,1
0,0,0
0,0,1
0,1,1
0,0,1
0,0,1
0,0,1
0,0,1
0,0,1
0,0,1
0,1,1
0,1,1
0,0,1
0,0,1
0,1,1
0,0,0
0,0,1
0,0,1
0,0,1
0,1,1
0,1,1
0,0,1
0,1,1
0,0,1
0,1,1
0,0,1
0,0,1
0,1,1
0,0,1
0,1,1
0,0,1
0,0,1
0,0,0
0,1,1
0,1,1
0,0,1
0,1,1
0,1,1
0,1,1
0,1,1
0,0,1
0,0,1
0,0,1
0,0,1
0,0,1
0,0,1
0,1,1
0,0,1
0,1,1
0,1,1
0,0,1
0,1,1
0,1,1
0,1,1
0,0,1
0,0,1
0,1,1
0,0.8135771,1
0,1,1
0,0,1
0,1,1
0,1,1
0,1,1
0,0.8616716,1
0,0,1
0,0,1
0,0,1
0,1,1
0,0,1
0,1,1
0,1,1
0,0,1
0,0,1
0,0,1
0,1,1
0,1,1
0,1,1
0,1,1
0,1,1
0,1,1
0,1,1
0,1,1
0,0.8587395,1
0,0,1
0,0.8520454,1
0,1,1
0,1,1
0,0.8551704,1
0,0,1
0,0,1
0,1,1
0,1,1
0,1,1
0,1,1
0,1,1
0,1,1
0,1,1
0,0,0
0,0,1
0,0,1
0,1,1
0,1,1
0,0,1
0,1,1
0,1,1
0,0,1
0,0,1
0,0.7219573,1
0,0,0
0,0,1
0,0,0
0,0,1
0,0,1
0,1,1
0,1,1
0,0,0
0,0,1
0,0,0
0,1,1
0,1,1
0,1,1
0,0,0
0,0,1
0,0,1
0,0,1
0,1,1
0,0,1
0,0,0
0,0,1
0,0,1
0,0,1
0,0,1
0,0,1
0,1,1
0,1,1
0,0,0
0,0,1
0,0,0
0,1,1
0,0,0
0,0,0
0,1,1
0,0,1
0,0,1
0,1,1
0,0,1
0,0,1
0,1,1
0,1,1
0,1,1
0,1,1
0,0.8680339,1
0,0,0
0,0,0
0,0,0
0,0.8628702,1
0,1,1
0,1,1
0,0,1
0,1,1
0,0.8570817,1
0,1,1
0,1,1
0,0,1
0,0,1
0,1,1
0,0,1
0,0,1
0,0,1
0,0,1
0,1,1
0,0,0
0,0,1
0,0,1
0,0.8618435,1
0,1,1
0,0,1
0,1,1
0,0,1
0,0,0
0,0,1
0,0.7124425,1
0,0,1
0,0,0
0,1,1
0,0,1
0,1,1
0,1,1
0,1,1
0,0.860397,1
0,1,1
0,0,1
0,1,1
0,1,1
0,0,1
0,1,1
0,1,1
0,0,0
0,1,1
0,1,1
0,0,0
0,0,0
0,0,1
0,0,1
0,1,1
0,0,0
0,0,1
0,0,1
0,0,1
0,0,1
0,0,0
0,0,1
0,1,1
0,0,1
0,1,1
0,1,1
0,1,1
0,0,1
0,0,0
0,1,1
0,1,1
0,1,1
0,1,1
0,0,1
0,0,0
0,0,0
0,1,1
0,1,1
0,1,1
0,0,0
0,0.8584306,1
0,0,1
0,0,0
0,0,1
0,0,1
0,0,1
0,1,1
0,0,1
0,0,0
0,0,0
0,1,1
0,0,1
0,1,1
0,0,1
0,0.8576657,1
0,0,0
0,1,1
0,0,1
0,0,1
0,0,0
0,1,1
0,0,0
0,0,1
0,0,1
0,0,1
0,1,1
0,0,1
0,1,1
0,0,0
0,0,1
0,1,1
0,1,1
0,0,1
0,1,1
0,0.8903375,1
0,0,1
0,1,1
0,1,1
0,0,1
0,0.866678,1
0,1,1
0,0,0
0,1,1
0,0,0
0,1,1
0,0.8641156,1
0,0,0
0,0,0
0,0,1
0,1,1
0,0,1
0,0,1
0,0,1
0,0,0
0,0,0
0,0,1
0,0.8587638,1
0,1,1
0,1,1
0,0,1
0,1,1
0,1,1
0,0,1
0,1,1
0,0,1
0,1,1
0,0,1
0,1,1
0,1,1
0,0,1
0,0,0
0,1,1
0,0,1
0,0,1
0,1,1
0,0,0
0,0,0
0,0,1
0,0,1
0,1,1
0,1,1
0,1,1
0,1,1
0,1,1
0,0.7765518,1
0,1,1
0,1,1
0,0,1
0,1,1
0,1,1
0,1,1
0,1,1
0,0,1
0,0,1
0,1,1
0,1,1
0,0.8676662,1
0,1,1
0,1,1
0,0.8612272,1
0,0,0
0,0,1
0,0,1
0,0,1
0,1,1
0,1,1
0,1,1
0,1,1
0,1,1
0,0,1
0,1,1
0,0,0
0,1,1
0,1,1
0,1,1
0,0,1
0,0,1
0,1,1
0,0,0
0,0,1
0,1,1
0,0,1
0,0,1
0,1,1
0,1,1
0,0,1
0,1,1
0,0.7984301,1
0,0.8732716,1
0,0,0
0,0,1
0,0,1
0,1,1
0,0,1
0,0,1
0,0.7748028,1
0,0.8731877,1
0,0,0
0,1,1
0,0,1
0,1,1
0,1,1
0,1,1
0,0,1
0,1,1
0,1,1
0,1,1
0,0,0
0,0.8580483,1
0,1,1
0,1,1
0,1,1
0,0,1
0,1,1
0,0,1
0,0.7268726,1
0,1,1
0,1,1
0,0,0
0,0.8725897,1
0,0.8639036,1
0,1,1
0,0,1
0,0,0
0,1,1
0,0,1
0,0.7364703,1
0,0,1
0,1,1
0,1,1
0,0,1
0,0,1
0,0.8595663,1
0,0.7112845,1
0,1,1
0,0,0
0,0,1
0,1,1
0,0.865447,1
0,1,1
0,1,1
0,0,0
0,1,1
0,1,1
0,0,1
0,1,1
0,1,1
0,1,1
0,0,0
0,0.8249611,1
0,1,1
0,1,1
0,1,1
0,1,1
0,1,1
0,0,1
0,0.8636304,1
0,0,0
0,1,1
0,1,1
0,1,1
0,0,1
0,0,1
0,0,0
0,1,1
0,1,1
0,1,1
0,1,1
0,0,1
0,0,1
0,1,1
0,0,1
0,0,1
0,0.8626903,1
0,1,1
0,0,1
0,0,1
0,0,1
0,0,1
0,1,1
0,0,1
0,1,1
0,0,1
0,1,1
0,0,0
0,0,1
0,0,1
0,0,1
0,1,1
0,0,1
0,1,1
0,1,1
0,0,0
0,0,1
0,1,1
0,0,0
0,0.8581564,1
0,1,1
0,0,1
0,0,0
0,1,1
0,0,1
0,1,1
0,0,1
0,0,1
0,0,1
0,0.8649879,1
0,0.7233177,1
0,0.8601745,1
0,1,1
0,1,1
0,0,1
0,1,1
0,0,1
0,1,1
0,0,1
0,0,1
0,1,1
0,1,1
0,0,1
0,1,1
0,1,1
0,1,1
0,0,1
0,1,1
0,1,1
0,1,1
0,0,1
0,0,1
0,1,1
0,0,1
0,0,1
0,0,0
0,1,1
0,1,1
0,1,1
0,0,1
0,1,1
0,1,1
0,0,1
0,0,1
0,1,1
0,0,0
0,0,1
0,0,1
0,1,1
0,0,0
0,0,1
0,1,1
0,0,1
0,1,1
0,1,1
0,0,1
0,0,0
0,0,1
0,0,1
0,1,1
0,0,0
0,0,0
0,1,1
0,1,1
0,0.8105069,1
0,1,1
0,1,1
0,0.871981,1
0,0,1
0,0.8645223,1
0,0,0
0,1,1
0,1,1
0,0,1
0,1,1
0,1,1
0,1,1
0,0,1
0,1,1
0,1,1
0,0,0
0,0,1
0,0,1
0,0,0
0,0,1
0,0,1
0,1,1
0,0,1
0,1,1
0,1,1
0,1,1
0,1,1
0,1,1
0,1,1
0,1,1
0,1,1
0,0.8694507,1
0,1,1
0,0,0
0,0,1
0,0,1
0,0,1
0,0.866974,1
0,0.893633,1
0,1,1
0,0,0
0,0,1
0,0,1
0,1,1
0,0,1
0,1,1
0,1,1
0,0,1
0,0,1
0,0,1
0,0,1
0,0,0
0,0,0
0,0,1
0,0,1
0,1,1
0,1,1
0,0,1
0,1,1
0,1,1
0,1,1
0,1,1
0,1,1
0,0,1
0,0,1
0,0,0
0,0,1
0,1,1
0,1,1
0,0,1
0,1,1
0,0,0
0,0,1
0,0,1
0,0,1
0,1,1
0,0,0
0,0,0
0,0,1
0,0,1
0,0,1
0,0.8793293,1
0,1,1
0,0,0
0,1,1
0,0,0
0,0,1
0,1,1
0,0,0
0,0,1
0,1,1
0,0,1
0,1,1
0,0,1
0,0,0
0,1,1
0,1,1
0,0,1
0,0,0
0,0,1
0,0,1
0,1,1
0,0.8611223,1
0,1,1
0,0,1
0,0.7195777,1
0,0,1
0,0.8605192,1
0,0,1
0,1,1
0,1,1
0,0,1
0,1,1
0,0,1
0,0.8572823,1
0,0,1
0,0,0
0,0,1
0,0,1
0,0,1
0,0,1
0,0,1
0,0,1
0,1,1
0,1,1
0,0,1
0,0,1
0,0,1
0,0,1
0,1,1
0,1,1
0,1,1
0,1,1
0,1,1
0,0,1
0,0.8563553,1
0,1,1
0,0,1
0,1,1
0,0,0
0,0,0
0,0.8587486,1
0,1,1
0,1,1
0,0,1
0,0,1
0,1,1
0,0,1
0,0,1
0,0,1
0,1,1
0,1,1
0,0,1
0,0,1
0,0,0
0,1,1
0,0,0
0,0,1
0,0,1
0,1,1
0,1,1
0,0,0
0,0,1
0,1,1
0,0,0
0,1,1
0,1,1
0,0.8769668,1
0,1,1
0,1,1
0,0,1
0,0.8710541,1
0,0,0
0,1,1
0,0,0
0,0,1
0,1,1
0,1,1
0,0,1
0,0,1
0,0,0
0,0.8698776,1
0,0,1
0,0,0
0,0,1
0,0.8679491,1
0,0,1
0,0.8659773,1
0,0.8065835,1
0,1,1
0,0.8674835,1
0,1,1
0,1,1
0,0,0
0,1,1
0,0.8109506,1
0,1,1
0,0,1
0,0,1
0,1,1
0,0.8664395,1
0,1,1
0,0,0
0,1,1
0,1,1
0,0.8522896,1
0,1,1
0,0.8626264,1
0,1,1
0,0,1
0,0,1
0,0,1
0,0.7134596,1
0,0,1
0,0,1
0,1,1
0,1,1
0,1,1
0,0,1
0,1,1
0,0,1
0,0,0
0,0,1
0,1,1
0,0,1
0,0,1
0,1,1
0,0,1
0,1,1
0,0,0
0,0,1
0,1,1
0,1,1
0,1,1
0,1,1
0,1,1
0,0,1
0,0,1
0,0,1
0,0,1
0,0,1
0,0.9076575,1
0,0,0
0,0,0
0,1,1
0,1,1
0,1,1
0,0,0
0,1,1
0,0,0
0,0,1
0,0.8678824,1
0,0,1
0,0,1
0,1,1
0,0,0
0,1,1
0,0,1
0,1,1
0,1,1
0,1,1
0,1,1
0,1,1
0,1,1
0,0,1
0,0.8772558,1
0,0,1
0,0,0
0,0.8686211,1
0,0,0
0,0,1
0,0,0
0,0,1
0,1,1
0,1,1
0,1,1
0,0,0
0,1,1
0,0,1
0,0,1
0,0,1
0,0,1
0,0,0
0,0,1
0,0,0
0,1,1
0,1,1
0,0.9079586,1
0,0,0
0,0,1
0,1,1
0,1,1
0,1,1
0,0.7425179,1
0,1,1
0,1,1
0,1,1
0,0,0
0,0,0
0,0,0
0,1,1
0,1,1
0,1,1
0,0,1
0,1,1
0,0,0
0,0,1
0,1,1
0,0,0
0,0,1
0,0,0
0,0,1
0,1,1
0,0,1
0,1,1
0,0,1
0,0,1
0,0,1
0,0,1
0,1,1
0,0,1
0,0,0
0,0,1
0,1,1
0,0,1
0,0,1
0,0.861308,1
0,0,0
0,1,1
0,0,1
0,0,1
0,0,1
0,1,1
0,1,1
0,1,1
0,0,1
0,1,1
0,1,1
0,0,1
0,1,1
0,1,1
0,1,1
0,1,1
0,1,1
0,1,1
0,0,1
0,0,1
0,0,1
0,1,1
0,0,1
0,1,1
0,0,1
0,1,1
0,1,1
0,0,0
0,0,1
0,0,1
0,0,1
0,1,1
0,0.8580703,1
0,1,1
0,1,1
0,0,1
0,1,1
0,1,1
0,0,1
0,0,1
0,0,0
0,1,1
0,1,1
0,1,1
0,1,1
0,0,1
0,0,1
0,0,0
0,1,1
0,0,1
0,1,1
0,1,1
0,0,1
0,0.8695055,1
0,0,0
0,0,1
0,1,1
0,1,1
0,1,1
0,0,1
0,1,1
0,0.8705164,1
0,0,1
0,1,1
0,0,0
0,1,1
0,1,1
0,0,1
0,1,1
0,1,1
0,0,1
0,1,1
0,0,1
0,1,1
0,0.8911926,1
0,0,1
0,0,0
0,0,1
0,0,1
0,1,1
0,0,1
0,0,1
0,0,1
0,1,1
0,0,0
0,0,0
0,0,0
0,0,1
0,0,1
0,0,1
0,1,1
0,0,1
0,0,0
0,0,1
0,1,1
0,1,1
0,0,1
0,0,0
0,0,0
0,1,1
0,1,1
0,1,1
0,1,1
0,0,1
0,0,1
0,0,0
0,0,1
0,1,1
0,1,1
0,1,1
0,0,0
0,0,1
0,1,1
0,0,0
0,1,1
0,1,1
0,1,1
0,0,1
0,0,1
0,0,1
0,0,1
0,1,1
0,0,1
0,0,1
0,1,1
0,1,1
0,0.8868544,1
0,1,1
0,1,1
0,0,1
0,1,1
0,1,1
0,0,1
0,0,0
0,0,1
0,0,1
0,1,1
0,0,0
0,0,0
0,1,1
0,0,1
0,0.8586621,1
0,0,0
0,0.8816537,1
0,0,0
0,0,1
0,0,1
0,0,1
0,1,1
0,1,1
0,0,1
0,1,1
0,0,1
0,0.8618785,1
0,0,1
0,0,1
0,0,1
0,1,1
0,0,1
0,0,1
0,1,1
0,1,1
0,1,1
0,1,1
0,1,1
0,0,1
0,1,1
0,0,1
0,0,0
0,1,1
0,1,1
0,0,0
0,0,1
0,0.8679622,1
0,0,1
0,0,0
0,0,1
0,1,1
0,1,1
0,1,1
0,1,1
0,0,1
0,1,1
0,0,1
0,0,1
0,1,1
0,1,1
0,0,1
0,1,1
0,0,1
0,0,1
0,0.8726715,1
0,1,1
0,0,1
0,1,1
0,0,1
0,1,1
0,1,1
0,0,1
0,1,1
0,0,1
0,1,1
0,1,1
0,1,1
0,0,1
0,1,1
0,1,1
0,0,1
0,0,0
0,1,1
0,0,1
0,1,1
0,0,1
0,0,1
0,1,1
0,0,1
0,1,1
0,0,1
0,0,1
0,1,1
0,0,1
0,0,1
0,1,1
0,1,1
0,1,1
0,1,1
0,1,1
0,0,1
0,1,1
0,1,1
0,0,1
0,1,1
0,0,1
0,0,1
0,0,1
0,1,1
0,0,1
0,0,0
0,1,1
0,1,1
0,0,0
0,1,1
0,0,1
0,0,0
0,0,0
0,0.8821164,1
0,0.7475227,1
0,0.8627608,1
0,0,1
0,1,1
0,0,1
0,1,1
0,1,1
0,1,1
0,0,0
0,0.8728799,1
0,0.8663682,1
0,1,1
0,0,1
0,1,1
0,0,0
0,1,1
0,0.8657637,1
0,0,1
0,0.8789219,1
0,1,1
0,0.8627299,1
0,0,1
0,0,1
0,1,1
0,0,0
0,0,0
0,0,0
0,0,1
0,1,1
0,0,0
0,1,1
0,0,1
0,1,1
0,1,1
0,0,0
0,0,1
0,1,1
0,0,1
0,1,1
0,0.8672761,1
0,1,1
0,1,1
0,0,0
0,0,0
0,1,1
0,1,1
0,0.7502855,1
0,0,0
0,0,0
0,0,1
0,0,0
0,1,1
0,0,1
0,1,1
0,0,1
0,0,1
0,0,1
0,1,1
0,0,1
0,0,1
0,1,1
0,1,1
0,1,1
0,1,1
0,1,1
0,0,0
0,0.8620373,1
0,0.8045151,1
0,0,1
0,0,1
0,0,1
0,1,1
0,0,0
0,0,1
0,1,1
0,0,1
0,0.8624791,1
0,0,1
0,1,1
0,0.9679643,1
0,0.8658363,1
0,0,1
0,1,1
0,0,1
0,0,1
0,1,1
0,1,1
0,0,1
0,1,1
0,0,0
0,0,1
0,0,1
0,1,1
0,1,1
0,0,0
0,0,1
0,0,0
0,0.8571848,1
0,0,0
0,1,1
0,1,1
0,1,1
0,0,0
0,0.8656489,1
0,0,1
0,0,1
0,0,0
0,0,0
0,1,1
0,1,1
0,0,0
0,0,1
0,0.8818296,1
0,0,1
0,1,1
0,1,1
0,1,1
0,0,1
0,0,1
0,1,1
0,0,1
0,1,1
0,1,1
0,1,1
0,0,0
0,1,1
0,0,1
0,1,1
0,1,1
0,0.8535006,1
0,0,1
0,0,0
0,0,1
0,0,1
0,0,0
0,0,1
0,1,1
0,0,1
0,1,1
0,0,0
0,1,1
0,1,1
0,0,1
0,0,1
0,0,1
0,0,0
0,1,1
0,1,1
0,1,1
0,0,1
0,0,1
0,0,1
0,0,0
0,0,1
0,0,0
0,1,1
0,1,1
0,1,1
0,0,0
0,0,1
0,0,0
0,0,0
0,1,1
0,0.8660371,1
0,0,1
0,0,0
0,0,0
0,0,1
0,0,1
0,0.8761405,1
0,0,0
0,0,1
0,1,1
0,0,1
0,1,1
0,1,1
0,0,1
0,1,1
0,0,1
0,1,1
0,1,1
0,0,1
0,1,1
0,1,1
0,0,0
0,1,1
0,1,1
0,0,1
0,1,1
0,0,0
0,0,1
0,0,0
0,1,1
0,1,1
0,1,1
0,0,0
0,0,1
0,0,0
0,0,0
0,1,1
0,0,1
0,0,1
0,1,1
0,1,1
0,0,1
0,0,1
0,1,1
0,0,1
0,0,1
0,0,0
0,0,1
0,1,1
0,1,1
0,1,1
0,1,1
0,1,1
0,1,1
0,1,1
0,0,1
0,1,1
0,0,1
0,1,1
0,0,1
0,0,1
0,1,1
0,1,1
0,1,1
0,0,0
0,0.8687916,1
0,0,1
0,0,0
0,0,1
0,0.861066,1
0,0,1
0,0,1
0,1,1
0,0,0
0,0,1
0,1,1
0,1,1
0,1,1
0,0,1
0,0,1
0,0,0
0,0,1
0,1,1
0,0,1
0,0,0
0,0,1
0,1,1
0,0,0
0,0,0
0,0,1
0,0.7675408,1
0,1,1
0,1,1
0,1,1
0,0,1
0,1,1
0,1,1
0,0.8820595,1
0,1,1
0,0,1
0,1,1
0,0,1
0,0,0
0,1,1
0,1,1
0,1,1
0,0.7558962,1
0,1,1
0,1,1
0,0.948814,1
0,1,1
0,0,1
0,1,1
0,1,1
0,1,1
0,1,1
0,1,1
0,0,1
0,0.8641154,1
0,1,1
0,1,1
0,1,1
0,1,1
0,0,0
0,0,0
0,1,1
0,1,1
0,1,1
0,0.7776366,1
0,0,1
0,1,1
0,0,1
0,0,1
0,0,0
0,0,1
0,1,1
0,1,1
0,0.8607292,1
0,1,1
0,1,1
0,1,1
0,1,1
0,0.8694977,1
0,1,1
0,0,1
0,1,1
0,1,1
0,0.8582164,1
0,0,0
0,1,1
0,0,1
0,0,0
0,1,1
0,0,1
0,0,1
0,0,1
0,0,1
0,1,1
0,1,1
0,1,1
0,1,1
0,0,0
0,0,0
0,0,1
0,0,1
0,1,1
0,0,1
0,1,1
0,1,1
0,1,1
0,0,1
0,1,1
0,0.8568667,1
0,0.8682346,1
0,0,0
0,1,1
0,0,1
0,0,0
0,1,1
0,0,1
0,1,1
0,0,1
0,1,1
0,0.8522381,1
0,0,1
0,1,1
0,1,1
0,1,1
0,0,1
0,1,1
0,0.7643176,1
0,0,0
0,0,1
0,0,0
0,1,1
0,1,1
0,1,1
0,0,1
0,0,0
0,0,1
0,1,1
0,1,1
0,1,1
0,0,1
0,0,0
0,1,1
0,0,1
0,0,0
0,1,1
0,1,1
0,0,1
0,0,1
0,1,1
0,1,1
0,0,1
0,0.8596612,1
0,1,1
0,1,1
0,1,1
0,1,1
0,0,1
0,0.8605696,1
0,0,0
0,0,1
0,1,1
0,1,1
0,0,0
0,0,0
0,1,1
0,1,1
0,0,1
0,1,1
0,1,1
0,1,1
0,1,1
0,0,1
0,1,1
0,0,0
0,0,1
0,0,1
0,0,1
0,1,1
0,1,1
0,1,1
0,0,0
0,1,1
0,1,1
0,0,1
0,1,1
0,1,1
0,0,1
0,1,1
0,0,1
0,1,1
0,0,0
0,0,1
0,0,1
0,1,1
0,0,0
0,1,1
0,0,1
0,0,1
0,1,1
0,1,1
0,1,1
0,0,1
0,0,1
0,0,1
0,0,1
0,0,0
0,1,1
0,0.8014525,1
0,1,1
0,0,1
0,0,1
0,0.8619815,1
0,1,1
0,0,1
0,0.859311,1
0,1,1
0,1,1
0,1,1
0,1,1
0,0,1
0,1,1
0,1,1
0,1,1
0,1,1
0,1,1
0,0,0
0,1,1
0,1,1
0,1,1
0,0,1
0,1,1
0,0,1
0,1,1
0,1,1
0,0,0
0,0,1
0,0,1
0,1,1
0,0.858126,1
0,1,1
0,0,1
0,0,1
0,0,1
0,0,1
0,1,1
0,1,1
0,0,0
0,0,1
0,0.8709136,1
0,1,1
0,0,1
0,0,0
0,1,1
0,1,1
0,0,0
0,0,1
0,1,1
0,0,1
0,1,1
0,1,1
0,0,1
0,1,1
0,1,1
0,0,1
0,1,1
0,1,1
0,1,1
0,1,1
0,0.8759342,1
0,0,1
0,1,1
0,0,1
0,1,1
0,0,0
0,0,1
0,1,1
0,1,1
0,0,1
0,0,1
0,0.8589165,1
0,0,0
0,0,0
0,0,1
0,1,1
0,1,1
0,0,1
0,0,0
0,0,1
0,0,0
0,1,1
0,0,1
0,0,0
0,1,1
0,0,1
0,1,1
0,1,1
0,0,0
0,1,1
0,0,1
0,1,1
0,0,1
0,0,1
0,1,1
0,0,1
0,0,1
0,1,1
0,0.8583922,1
0,0,1
0,0,1
0,1,1
0,1,1
0,0,0
0,1,1
0,0,0
0,1,1
0,0.8193622,1
0,1,1
0,0,1
0,1,1
0,1,1
0,1,1
0,1,1
0,0,0
0,0,0
0,1,1
0,1,1
0,1,1
0,1,1
0,1,1
0,0,1
0,1,1
0,0,1
0,0,1
0,0,0
0,0,0
0,0,1
0,0,1
0,0,1
0,1,1
0,0,1
0,0,0
0,1,1
0,0,1
0,1,1
0,1,1
0,1,1
0,1,1
0,1,1
0,1,1
0,1,1
0,1,1
0,0,1
0,1,1
0,0,0
0,0,1
0,0,1
0,0,1
0,1,1
0,0,1
0,0,1
0,0.8613802,1
0,0,0
0,1,1
0,0.7289382,1
0,1,1
0,0,1
0,0,1
0,0,1
0,0,0
0,0.7412592,1
0,0.9215964,1
0,1,1
0,0,1
0,1,1
0,0,1
0,0,1
0,0,0
0,0,1
0,0,1
0,0.8606423,1
0,0,1
0,0,0
0,0.8638035,1
0,0,0
0,0.8676738,1
0,0,1
0,0.869743,1
0,1,1
0,0,1
0,1,1
0,0,1
0,0,0
0,1,1
0,0,1
0,1,1
0,0,1
0,0,0
0,1,1
0,1,1
0,1,1
0,0.85983,1
0,1,1
0,1,1
0,1,1
0,1,1
0,1,1
0,0,1
0,0,0
0,1,1
0,0.8120333,1
0,0,1
0,0,1
0,1,1
0,1,1
0,1,1
0,1,1
0,0,1
0,1,1
0,0.7943387,1
0,0,1
0,0,1
0,0.8578476,1
0,0.8585752,1
0,0,1
0,1,1
0,0,1
0,1,1
0,0,0
0,1,1
0,0,1
0,1,1
0,1,1
0,0,0
0,1,1
0,0,1
0,0,0
0,1,1
0,0,0
0,1,1
0,0,0
0,1,1
0,0,1
0,1,1
0,0,1
0,1,1
0,0,0
0,1,1
0,1,1
0,0,1
0,1,1
0,0.8413918,1
0,0,1
0,0,1
0,0,1
0,0,1
0,1,1
0,0,1
0,1,1
0,0,1
0,0,0
0,0,0
0,1,1
0,1,1
0,0,1
0,0,0
0,1,1
0,1,1
0,1,1
0,1,1
0,0,1
0,0,1
0,0.8521301,1
0,1,1
0,0.86788,1
0,1,1
0,0,1
0,1,1
0,0,1
0,1,1
0,0,0
0,0,0
0,0,1
0,0,1
0,1,1
0,0,1
0,0,0
0,0,1
0,0,1
0,1,1
0,0,0
0,1,1
0,0,0
0,0,1
0,1,1
0,0,1
0,1,1
0,0.8558577,1
0,0,1
0,0,0
0,0,1
0,0,1
0,1,1
0,0,1
0,1,1
0,0,1
0,1,1
0,1,1
0,1,1
0,0,0
0,0,0
0,1,1
0,1,1
0,1,1
0,0,1
0,1,1
0,0,1
0,1,1
0,0.7453643,1
0,0,1
0,0,1
0,0,1
0,1,1
0,0,1
0,1,1
0,1,1
0,1,1
0,1,1
0,1,1
0,1,1
0,1,1
0,0,0
0,0,1
0,0,0
0,1,1
0,1,1
0,0,1
0,1,1
0,0,1
0,1,1
0,0,1
0,0,1
0,0,1
0,0,1
0,0,1
0,1,1
0,0,1
0,1,1
0,1,1
0,0.8604544,1
0,0,0
0,0,1
0,0,0
0,1,1
0,1,1
0,1,1
0,0,1
0,0,1
0,0,1
0,0,1
0,1,1
0,0,1
0,0,1
0,1,1
0,1,1
0,1,1
0,0,1
0,1,1
0,1,1
0,0,0
0,0,1
0,0,1
0,0,1
0,1,1
0,0,1
0,1,1
0,0,1
0,0,0
0,1,1
0,0,1
0,1,1
0,0,0
0,0,0
0,1,1
0,0.7169082,1
0,0,1
0,1,1
0,0,1
0,0,1
0,1,1
0,0,1
0,1,1
0,0,1
0,0,1
0,0,1
0,1,1
0,1,1
0,0,1
0,0.7164196,1
0,1,1
0,0,1
0,0,1
0,0,0
0,0,1
0,0,1
0,1,1
0,0,1
0,0,1
0,1,1
0,1,1
0,1,1
0,0,1
0,1,1
0,0,1
0,0,1
0,1,1
0,1,1
0,0,1
0,0,1
0,0,1
0,0.873948,1
0,1,1
0,1,1
0,1,1
0,0,0
0,0,1
0,0,1
0,0,0
0,0,1
0,0,1
0,1,1
0,0,1
0,0,1
0,0,1
0,0.9073659,1
0,1,1
0,0,1
0,0,1
0,0,0
0,0,0
0,0,1
0,0,1
0,0,1
0,0.8663076,1
0,1,1
0,0,0
0,1,1
0,1,1
0,0,1
0,1,1
0,0,1
0,0,1
0,1,1
0,0,1
0,0,0
0,1,1
0,0,0
0,0,1
0,0,0
0,1,1
0,0,1
0,0,0
0,1,1
0,0,1
0,1,1
0,0,0
0,1,1
0,0,1
0,1,1
0,1,1
0,0,1
0,0,1
0,0.8642151,1
0,1,1
0,0,1
0,0,1
0,1,1
0,1,1
0,1,1
0,0,1
0,1,1
0,1,1
0,1,1
0,0,0
0,1,1
0,0,0
0,1,1
0,0,1
0,0,1
0,1,1
0,0.8680185,1
0,1,1
0,1,1
0,1,1
0,0.8638464,1
0,0,1
0,1,1
0,1,1
0,1,1
0,0,0
0,1,1
0,0,1
0,0,0
0,1,1
0,1,1
0,1,1
0,0,1
0,0,1
0,0,1
0,0,0
0,0,0
0,0,1
0,0,1
0,1,1
0,1,1
0,0,0
0,0,1
0,0,0
0,1,1
0,0.852147,1
0,0,1
0,1,1
0,1,1
0,1,1
0,1,1
0,0,0
0,1,1
0,1,1
0,0,0
0,1,1
0,1,1
0,0,0
0,1,1
0,1,1
0,0,1
0,1,1
0,1,1
0,0,1
0,1,1
0,0,0
0,0,1
0,0,0
0,1,1
0,0,1
0,0.867081,1
0,0,1
0,1,1
0,1,1
0,0,0
0,1,1
0,1,1
0,0,1
0,0,1
0,1,1
0,0,1
0,1,1
0,0,0
0,0.8648652,1
0,0,1
0,1,1
0,0,1
0,0,1
0,1,1
0,0,1
0,1,1
0,0,0
0,0,1
0,1,1
0,0,1
0,1,1
0,1,1
0,0,1
0,0,1
0,1,1
0,0,0
0,1,1
0,0,1
0,1,1
0,0,1
0,1,1
0,0,0
0,0,1
0,0,1
0,1,1
0,1,1
0,1,1
0,1,1
0,0,1
0,0,1
0,0,1
0,1,1
0,1,1
0,1,1
0,0,1
0,0,1
0,1,1
0,0,0
0,0,1
0,0,1
0,1,1
0,0,1
0,0.8750972,1
0,1,1
0,1,1
0,1,1
0,1,1
0,0,1
0,1,1
0,1,1
0,1,1
0,1,1
0,1,1
0,1,1
0,1,1
0,1,1
0,1,1
0,0.8654405,1
0,0,0
0,0,1
0,0,1
0,0,0
0,0,1
0,0,1
0,0,0
0,0,1
0,1,1
0,1,1
0,1,1
0,0,0
0,0,1
0,1,1
0,0,1
0,1,1
0,1,1
0,0,1
0,0,1
0,1,1
0,0.8706959,1
0,0,1
0,0,1
0,1,1
0,0,1
0,1,1
0,0,0
0,1,1
0,1,1
0,0.8701333,1
0,1,1
0,0,1
0,1,1
0,1,1
0,1,1
0,1,1
0,1,1
0,1,1
0,0,0
0,0,1
0,0,1
0,1,1
0,1,1
0,1,1
0,1,1
0,1,1
0,0,1
0,1,1
0,1,1
0,0,1
0,0.9154176,1
0,0,1
0,0,1
0,0,1
0,0,1
0,0,1
0,0,1
0,1,1
0,0,1
0,0,1
0,0,1
0,1,1
0,0,1
0,1,1
0,0.8634857,1
0,0,1
0,1,1
0,0,1
0,1,1
0,0,1
0,1,1
0,1,1
0,0,1
0,0,1
0,1,1
0,0,1
0,0.8618644,1
0,0,1
0,1,1
0,0,1
0,1,1
0,0,1
0,1,1
0,0.8637916,1
0,0,1
0,1,1
0,0,0
0,0,1
0,0,0
0,0,1
0,1,1
0,1,1
0,1,1
0,0,1
0,0,1
0,0,1
0,1,1
0,1,1
0,0,1
0,1,1
0,0,1
0,0,0
0,0,0
0,1,1
0,0,1
0,0,1
0,1,1
0,1,1
0,1,1
0,0,1
0,1,1
0,0,1
0,0,1
0,0,1
0,0,1
0,1,1
0,1,1
0,1,1
0,0,1
0,0,1
0,1,1
0,1,1
0,0,1
0,1,1
0,1,1
0,1,1
0,0,1
0,0,0
0,0.8612684,1
0,1,1
0,0,1
0,0,0
0,1,1
0,1,1
0,1,1
0,0,1
0,1,1
0,0,1
0,1,1
0,1,1
0,0.8633605,1
0,1,1
0,0,1
0,0,0
0,1,1
0,1,1
0,0,1
0,1,1
0,1,1
0,0,1
0,1,1
0,0,1
0,1,1
0,1,1
0,0,1
0,1,1
0,0.7210103,1
0,1,1
0,1,1
0,1,1
0,0,1
0,0,1
0,1,1
0,0.775535,1
0,1,1
0,0,1
0,0,1
0,1,1
0,1,1
0,0.9342524,1
0,1,1
0,1,1
0,0,1
0,1,1
0,1,1
0,1,1
0,0,0
0,0.8682624,1
0,0,1
0,0,1
0,0,1
0,1,1
0,1,1
0,0,1
0,0,1
0,1,1
0,0,1
0,0,0
0,0,0
0,1,1
0,1,1
0,1,1
0,0,1
0,0,1
0,1,1
0,1,1
0,1,1
0,0.8512477,1
0,0,1
0,0,0
0,0,1
0,1,1
0,1,1
0,1,1
0,1,1
0,0,1
0,0,1
0,0,1
0,1,1
0,0,1
0,0,0
0,1,1
0,0,1
0,0,1
0,1,1
0,0.8853368,1
0,1,1
0,0,0
0,0,1
0,1,1
0,0,1
0,0,0
0,1,1
0,0.8667282,1
0,1,1
0,1,1
0,0,1
0,0,1
0,0,1
0,0,0
0,1,1
0,0,0
0,1,1
0,1,1
0,1,1
0,1,1
0,0,1
0,1,1
0,1,1
0,0.8599414,1
0,0,0
0,0.8576595,1
0,1,1
0,0,1
0,1,1
0,1,1
0,1,1
0,1,1
0,0,0
0,1,1
0,1,1
0,0,1
0,1,1
0,1,1
0,1,1
0,0,0
0,1,1
0,1,1
0,0,1
0,1,1
0,0,0
0,1,1
0,0,1
0,1,1
0,0,1
0,0,1
0,0,1
0,0,1
0,0,1
0,0.8706739,1
0,0,1
0,0,0
0,1,1
0,0,0
0,1,1
0,1,1
0,1,1
0,1,1
0,1,1
0,0,1
0,1,1
0,0,1
0,0,1
0,1,1
0,0,1
0,1,1
0,0,1
0,1,1
0,1,1
0,0,1
0,1,1
0,1,1
0,0,1
0,1,1
0,0.8742899,1
0,0,1
0,1,1
0,1,1
0,1,1
0,0,1
0,0,1
0,1,1
0,0,1
0,0.8632444,1
0,1,1
0,0,1
0,1,1
0,1,1
0,1,1
0,0,0
0,1,1
0,1,1
0,0,1
0,1,1
0,0.8670069,1
0,1,1
0,1,1
0,1,1
0,1,1
0,0,0
0,1,1
0,0,0
0,1,1
0,1,1
0,0,1
0,0,1
0,1,1
0,0,0
0,0,1
0,1,1
0,1,1
0,0,1
0,0,0
0,0,0
0,1,1
0,1,1
0,1,1
0,0.8641173,1
0,0,1
0,0,1
0,1,1
0,1,1
0,1,1
0,1,1
0,0.8621019,1
0,1,1
0,0,1
0,1,1
0,0,0
0,1,1
0,0.8624696,1
0,0,1
0,1,1
0,0,0
0,0.8689226,1
0,1,1
0,1,1
0,0.868219,1
0,0.8661667,1
0,0,0
0,0,1
0,1,1
0,1,1
0,1,1
0,0,1
0,1,1
0,1,1
0,1,1
0,0,0
0,0,1
0,0,1
0,0,1
0,0,0
0,0,0
0,0,0
0,1,1
0,1,1
0,0,0
0,1,1
0,0,1
0,0.9512125,1
0,0,1
0,1,1
0,1,1
0,0,0
0,0,1
0,0,1
0,0.869887,1
0,1,1
0,0,1
0,0,0
0,1,1
0,1,1
0,1,1
0,1,1
0,0,1
0,0,1
0,0,1
0,0,0
0,1,1
0,0,1
0,1,1
0,0,0
0,0,1
0,1,1
0,1,1
0,1,1
0,0,0
0,0,1
0,0.8682101,1
0,1,1
0,1,1
0,1,1
0,0,1
0,0.8678368,1
0,0,1
0,0,1
0,1,1
0,1,1
0,0.8309065,1
0,0,1
0,0,1
0,0.861569,1
0,1,1
0,0,1
0,1,1
0,1,1
0,1,1
0,0,0
0,1,1
0,0,1
0,0,1
0,1,1
0,0,1
0,1,1
0,1,1
0,1,1
0,0,0
0,1,1
0,0,0
0,1,1
0,1,1
0,1,1
0,1,1
0,0,1
0,0,1
0,1,1
0,0,1
0,0,1
0,0,1
0,1,1
0,1,1
0,1,1
0,0.8709151,1
0,0,1
0,0,1
0,0,1
0,1,1
0,0,1
0,0,0
0,1,1
0,0,1
0,1,1
0,0,1
0,1,1
0,0,1
0,0,1
0,0.8621956,1
0,1,1
0,1,1
0,1,1
0,1,1
0,1,1
0,1,1
0,1,1
0,0,1
0,0,0
0,1,1
0,1,1
0,1,1
0,1,1
0,0,0
0,1,1
0,0,1
0,1,1
0,1,1
0,0,0
0,0,0
0,0,1
0,1,1
0,1,1
0,0,0
0,1,1
0,0,1
0,1,1
0,0.7068557,1
0,0.7288247,1
0,0,1
0,1,1
0,1,1
0,0.8653691,1
0,0,1
0,0,1
0,1,1
0,0,0
0,0,0
0,1,1
0,0,0
0,0,1
0,0,1
0,1,1
0,0,1
0,1,1
0,1,1
0,0,0
0,1,1
0,1,1
0,1,1
0,1,1
0,1,1
0,1,1
0,0,0
0,1,1
0,1,1
0,1,1
0,1,1
0,1,1
0,1,1
0,0,1
0,0,0
0,1,1
0,1,1
0,0,1
0,0,0
0,0,1
0,0,0
0,0,0
0,0,1
0,0,1
0,1,1
0,1,1
0,0,0
0,1,1
0,1,1
0,1,1
0,0,0
0,1,1
0,1,1
0,0,1
0,0,0
0,1,1
0,0,0
0,0,1
0,1,1
0,1,1
0,1,1
0,0,1
0,0,1
0,1,1
0,1,1
0,1,1
0,1,1
0,0,1
0,1,1
0,0,0
0,1,1
0,1,1
0,0,1
0,0,1
0,0,0
0,0,1
0,1,1
0,0,1
0,1,1
0,1,1
0,0,1
0,0.8583883,1
0,1,1
0,0.8765465,1
0,1,1
0,0,1
0,0,1
0,0,1
0,0,1
0,0,0
0,1,1
0,0,0
0,0,1
0,1,1
0,1,1
0,1,1
0,0.7952138,1
0,1,1
0,1,1
0,1,1
0,1,1
0,0,1
0,0,1
0,0,1
0,0,1
0,1,1
0,1,1
0,0,0
0,1,1
0,1,1
0,1,1
0,0,1
0,0.8656727,1
0,0,1
0,1,1
0,0,0
0,1,1
0,1,1
0,1,1
0,0,1
0,1,1
0,1,1
0,0.8557001,1
0,1,1
0,0,1
0,0,0
0,1,1
0,1,1
0,1,1
0,0.7535524,1
0,0,1
0,0,1
0,0,0
0,0,1
0,1,1
0,1,1
0,0,1
0,0,1
0,0,1
0,0.8584145,1
0,1,1
0,0.8655893,1
0,1,1
0,1,1
0,0.873268,1
0,1,1
0,0,1
0,0,1
0,0,1
0,1,1
0,0,1
0,1,1
0,1,1
0,1,1
0,1,1
0,0,1
0,1,1
0,0,1
0,1,1
0,1,1
0,0.7996117,1
0,0,0
0,0,1
0,1,1
0,1,1
0,1,1
0,0,0
0,1,1
0,0,1
0,0,1
0,0,1
0,1,1
0,1,1
0,1,1
0,0.8634565,1
0,1,1
0,0,1
0,1,1
0,0,1
0,1,1
0,1,1
0,1,1
0,0,1
0,0,1
0,0,1
0,1,1
0,1,1
0,1,1
0,1,1
0,0,1
0,1,1
0,1,1
0,0,1
0,1,1
0,0,0
0,1,1
0,0,0
0,0,0
0,1,1
0,1,1
0,0,1
0,1,1
0,1,1
0,0,1
0,1,1
0,0,1
0,0,1
0,0.8688188,1
0,1,1
0,0,1
0,1,1
0,1,1
0,0,1
0,1,1
0,1,1
0,1,1
0,1,1
0,1,1
0,1,1
0,1,1
0,0,0
0,0.8679796,1
0,0.8709989,1
0,0,1
0,1,1
0,1,1
0,1,1
0,0,1
0,1,1
0,0,1
0,1,1
0,0,1
0,1,1
0,1,1
0,1,1
0,0,1
0,1,1
0,0,1
0,0.7341844,1
0,1,1
0,1,1
0,1,1
0,1,1
0,0,1
0,0,1
0,0,0
0,1,1
0,1,1
0,0,1
0,1,1
0,1,1
0,0,1
0,1,1
0,0,1
0,1,1
0,1,1
0,1,1
0,0,1
0,1,1
0,1,1
0,1,1
0,1,1
0,0,0
0,0,0
0,0,0
0,0,0
0,0,1
0,0,1
0,0,0
0,0,1
0,1,1
0,0.8974262,1
0,1,1
0,1,1
0,1,1
0,0,0
0,1,1
0,1,1
0,0,1
0,1,1
0,1,1
0,1,1
0,0,1
0,1,1
0,0,1
0,0,0
0,0.8662366,1
0,1,1
0,0,1
0,1,1
0,1,1
0,1,1
0,0,1
0,0,1
0,1,1
0,0,1
0,1,1
0,1,1
0,1,1
0,0,0
0,1,1
0,0,1
0,1,1
0,1,1
0,1,1
0,0,0
0,1,1
0,1,1
0,0,1
0,1,1
0,1,1
0,0,0
0,0,1
0,1,1
0,0,1
0,0,1
0,0,0
0,0,1
0,1,1
0,1,1
0,0,0
0,0,0
0,1,1
0,1,1
0,1,1
0,0.8649362,1
0,0,1
0,1,1
0,0,0
0,1,1
0,1,1
0,0,1
0,0,1
0,0,1
0,0,1
0,1,1
0,1,1
0,0,0
0,0,1
0,0,1
0,0,1
0,1,1
0,0,0
0,1,1
0,1,1
0,0,1
0,1,1
0,0,0
0,0,0
0,1,1
0,0,1
0,0,0
0,0,1
0,0,1
0,1,1
0,0,0
0,0,1
0,0,1
0,0,0
0,0,0
0,0,0
0,1,1
0,0,1
0,0,0
0,1,1
0,1,1
0,1,1
0,0,1
0,0,0
0,1,1
0,0.8660804,1
0,1,1
0,0,1
0,1,1
0,0,1
0,0.7307903,1
0,0,1
0,1,1
0,1,1
0,1,1
0,1,1
0,1,1
0,0,0
0,0,1
0,1,1
0,0,1
0,0,1
0,1,1
0,1,1
0,1,1
0,1,1
0,0,1
0,0,1
0,1,1
0,0,1
0,1,1
0,1,1
0,1,1
0,0,0
0,0,1
0,0,1
0,1,1
0,1,1
0,1,1
0,0,1
0,0,1
0,0,1
0,0.7781091,1
0,1,1
0,0.8655642,1
0,1,1
0,0,1
0,0,1
0,1,1
0,1,1
0,1,1
0,0.8600367,1
0,0,0
0,0.862815,1
0,1,1
0,0,1
0,1,1
0,1,1
0,1,1
0,0,1
0,0,0
0,0,1
0,1,1
0,0,0
0,1,1
0,0,1
0,0,1
0,1,1
0,0.8589729,1
0,1,1
0,0,1
0,1,1
0,1,1
0,0,0
0,1,1
0,0,1
0,1,1
0,1,1
0,1,1
0,0,1
0,1,1
0,0,1
0,0,0
0,0.8775927,1
0,1,1
0,1,1
0,0.8598524,1
0,0,0
0,1,1
0,0,1
0,1,1
0,1,1
0,1,1
0,0,1
0,0.8612069,1
0,0,0
0,0,1
0,1,1
0,0,1
0,1,1
0,1,1
0,0,1
0,0,1
0,0.8074911,1
0,0,0
0,0,1
0,0,0
0,1,1
0,1,1
0,1,1
0,1,1
0,0.8560544,1
0,0,0
0,0,1
0,0.8569723,1
0,0,1
0,1,1
0,1,1
0,0,1
0,1,1
0,1,1
0,0,0
0,1,1
0,0,1
0,0,1
0,0,1
0,1,1
0,0,1
0,0,1
0,1,1
0,0,1
0,1,1
0,1,1
0,0,0
0,0,0
0,1,1
0,0,1
0,1,1
0,1,1
0,0,0
0,1,1
0,1,1
0,1,1
0,1,1
0,1,1
0,0,1
0,1,1
0,0,1
0,1,1
0,1,1
0,0,1
0,1,1
0,1,1
0,0.862945,1
0,1,1
0,1,1
0,1,1
0,1,1
0,1,1
0,1,1
0,1,1
0,0,1
0,1,1
0,0,1
0,0,0
0,1,1
0,0,0
0,1,1
0,1,1
0,0,0
0,0,0
0,0,0
0,0,1
0,0,0
0,1,1
0,0,1
0,1,1
0,1,1
0,0.8618381,1
0,1,1
0,0,1
0,1,1
0,1,1
0,0,1
0,0,1
0,1,1
0,0,1
0,0,1
0,0,1
0,1,1
0,0,1
0,0,1
0,0,1
0,1,1
0,1,1
0,0,0
0,1,1
0,1,1
0,0,1
0,0,0
0,0,1
0,0,0
0,0,0
0,0.8686503,1
0,0,0
0,0,1
0,0,1
0,0,0
0,0,1
0,1,1
0,0,1
0,0.8668631,1
0,0,1
0,0.8855826,1
0,0,1
0,0,1
0,0,1
0,1,1
0,1,1
0,0,0
0,0,1
0,0.8741153,1
0,0,1
0,0,1
0,1,1
0,1,1
0,1,1
0,1,1
0,1,1
0,1,1
0,1,1
0,0,1
0,0,1
0,0,0
0,1,1
0,1,1
0,1,1
0,1,1
0,0.8736378,1
0,1,1
0,1,1
0,0,1
0,1,1
0,0,0
0,1,1
0,1,1
0,1,1
0,1,1
0,1,1
0,1,1
0,0,1
0,0.8553747,1
0,0,0
0,1,1
0,1,1
0,0,1
0,0,1
0,0,1
0,1,1
0,0.8673588,1
0,1,1
0,1,1
0,1,1
0,0,1
0,1,1
0,1,1
0,1,1
0,1,1
0,0.8579917,1
0,1,1
0,1,1
0,1,1
0,1,1
0,0,1
0,0,1
0,0,1
0,0,1
0,0.8856279,1
0,0,1
0,1,1
0,0,0
0,1,1
0,0,1
0,1,1
0,1,1
0,1,1
0,1,1
0,1,1
0,0,1
0,1,1
0,1,1
0,1,1
0,1,1
0,0,1
0,1,1
0,0,1
0,0,1
0,0,0
0,0,1
0,0,1
0,0,1
0,0,1
0,0,1
0,1,1
0,1,1
0,1,1
0,0.8599495,1
0,0,1
0,1,1
0,0,1
0,1,1
0,0,0
0,1,1
0,1,1
0,1,1
0,1,1
0,0,1
0,1,1
0,0,1
0,1,1
0,1,1
0,1,1
0,0,0
0,0,1
0,1,1
0,1,1
0,0,1
0,0,0
0,0,1
0,1,1
0,0,1
0,0,1
0,1,1
0,1,1
0,0.8571271,1
0,0,0
0,0,0
0,0.8670465,1
0,0,0
0,0,1
0,0,1
0,1,1
0,0,0
0,0,1
0,1,1
0,0,1
0,0,1
0,1,1
0,0,1
0,1,1
0,0,1
0,0,1
0,0,1
0,1,1
0,1,1
0,1,1
0,0,0
0,1,1
0,1,1
0,0,1
0,1,1
0,1,1
0,1,1
0,0,1
0,1,1
0,1,1
0,1,1
0,1,1
0,0,1
0,1,1
0,1,1
0,1,1
0,0,1
0,1,1
0,1,1
0,0,1
0,0.7646164,1
0,0,0
0,1,1
0,0,0
0,1,1
0,1,1
0,1,1
0,0.8637223,1
0,0,1
0,1,1
0,1,1
0,1,1
0,1,1
0,1,1
0,0,1
0,0,1
0,0,1
0,1,1
0,0,1
0,1,1
0,0,1
0,1,1
0,1,1
0,1,1
0,1,1
0,0,0
0,0,1
0,1,1
0,1,1
0,1,1
0,1,1
0,1,1
0,1,1
0,0,1
0,1,1
0,1,1
0,0,1
0,0,0
0,0,1
0,0,1
0,1,1
0,1,1
0,1,1
0,0,0
0,0,1
0,0,1
0,1,1
0,1,1
0,0,1
0,1,1
0,1,1
0,0,1
0,0,0
0,0,1
0,1,1
0,1,1
0,1,1
0,1,1
0,0,1
0,0.8652509,1
0,0.8575591,1
0,0,1
0,0,0
0,0,1
0,0,1
0,0,0
0,1,1
0,0,1
0,0,0
0,0,1
0,1,1
0,0,1
0,0,1
0,0,1
0,1,1
0,1,1
0,0,0
0,0,1
0,1,1
0,1,1
0,0,1
0,0,1
0,1,1
0,0.8627611,1
0,0,1
0,1,1
0,1,1
0,1,1
0,1,1
0,1,1
0,1,1
0,1,1
0,1,1
0,0.882709,1
0,0,1
0,1,1
0,1,1
0,0,0
0,0,1
0,0.8634887,1
0,0,0
0,0,1
0,0,1
0,1,1
0,1,1
0,1,1
0,0,0
0,0,1
0,0,1
0,1,1
0,0,0
0,1,1
0,1,1
0,1,1
0,0,1
0,1,1
0,1,1
0,1,1
0,1,1
0,0,1
0,1,1
0,0,1
0,1,1
0,1,1
0,1,1
0,1,1
0,1,1
0,1,1
0,1,1
0,1,1
0,1,1
0,0,1
0,1,1
0,1,1
0,1,1
0,1,1
0,0,1
0,1,1
0,1,1
0,1,1
0,1,1
0,1,1
0,1,1
0,1,1
0,1,1
0,1,1
0,0,0
0,0.8602427,1
0,0,1
0,1,1
0,0,1
0,1,1
0,1,1
0,1,1
0,0,0
0,0,0
0,0,0
0,0,0
0,1,1
0,1,1
0,1,1
0,1,1
0,0,1
0,1,1
0,1,1
0,0,0
0,1,1
0,0,1
0,0,0
0,1,1
0,1,1
0,0,0
0,0,1
0,0,1
0,1,1
0,0.8731165,1
0,1,1
0,1,1
0,1,1
0,1,1
0,0,1
0,1,1
0,1,1
0,1,1
0,1,1
0,0.8586353,1
0,1,1
0,1,1
0,0,1
0,1,1
0,1,1
0,0.8577114,1
0,0,1
0,1,1
0,1,1
0,1,1
0,0,1
0,1,1
0,1,1
0,0.7615774,1
0,1,1
0,1,1
0,1,1
0,1,1
0,1,1
0,0,1
0,0,1
0,0,0
0,1,1
0,0,0
0,0,0
0,1,1
0,0,1
0,1,1
0,0,1
0,1,1
0,1,1
0,0,1
0,0,1
0,0,1
0,0.8759544,1
0,1,1
0,0,1
0,0,1
0,0,1
0,1,1
0,0,1
0,1,1
0,1,1
0,0,0
0,1,1
0,0,1
0,0,1
0,1,1
0,0.861055,1
0,1,1
0,0,1
0,0,1
0,0,0
0,1,1
0,0,1
0,1,1
0,1,1
0,0.8610506,1
0,0,1
0,0.8768592,1
0,1,1
0,1,1
0,0.8763549,1
0,0,1
0,1,1
0,1,1
0,0,1
0,0,1
0,0,0
0,0,1
0,0,0
0,0,0
0,0,1
0,0,0
0,1,1
0,0,0
0,0,0
0,0,1
0,0,0
0,0,0
0,1,1
0,1,1
0,0,1
0,1,1
0,1,1
0,1,1
0,1,1
0,0,0
0,0,1
0,1,1
0,1,1
0,0.8613843,1
0,1,1
0,1,1
0,1,1
0,1,1
0,1,1
0,1,1
0,1,1
0,0,1
0,0,0
0,0,1
0,0.8680823,1
0,0,1
0,1,1
0,0,1
0,1,1
0,1,1
0,1,1
0,0,1
0,1,1
0,1,1
0,1,1
0,1,1
0,0.8726422,1
0,1,1
0,1,1
0,0,0
0,1,1
0,1,1
0,0,0
0,1,1
0,1,1
0,1,1
0,0,0
0,1,1
0,1,1
0,0,1
0,1,1
0,0.8631982,1
0,0,1
0,1,1
0,1,1
0,0,1
0,1,1
0,0,0
0,0,1
0,1,1
0,1,1
0,0,1
0,0.8555754,1
0,0,1
0,1,1
0,1,1
0,0,1
0,1,1
0,1,1
0,1,1
0,0,1
0,1,1
0,0,1
0,1,1
0,1,1
0,1,1
0,1,1
0,1,1
0,1,1
0,0,0
0,1,1
0,0,1
0,0,1
0,1,1
0,0,1
0,1,1
0,0,0
0,1,1
0,0.8647457,1
0,1,1
0,1,1
0,1,1
0,0,1
0,0.8580443,1
0,1,1
0,0,1
0,1,1
0,1,1
0,1,1
0,0,0
0,1,1
0,1,1
0,1,1
0,0,1
0,1,1
0,1,1
0,0,1
0,0,1
0,0,1
0,1,1
0,0,1
0,1,1
0,0,1
0,1,1
0,0.8842925,1
0,1,1
0,1,1
0,0,1
0,0,1
0,1,1
0,0,1
0,1,1
0,1,1
0,0,1
0,1,1
0,0,1
0,0,1
0,1,1
0,1,1
0,0,1
0,1,1
0,1,1
0,1,1
0,0,0
0,0.7025325,1
0,1,1
0,1,1
0,1,1
0,0,0
0,0,1
0,0,1
0,0,1
0,0,1
0,1,1
0,0,0
0,0,0
0,1,1
0,1,1
0,1,1
0,0,1
0,1,1
0,0.867101,1
0,0,1
0,1,1
0,0.8580147,1
0,0,1
0,0,1
0,0,1
0,0,1
0,0,1
0,0,1
0,0,1
0,0,1
0,1,1
0,1,1
0,0,1
0,0,1
0,0,1
0,0,1
0,1,1
0,1,1
0,1,1
0,1,1
0,0,0
0,1,1
0,0,1
0,1,1
0,0,1
0,1,1
0,1,1
0,1,1
0,0,1
0,0,1
0,0,1
0,1,1
0,0,1
0,1,1
0,0,0
0,1,1
0,1,1
0,0,0
0,1,1
0,0,1
0,1,1
0,0,1
0,0,1
0,0,1
0,0,0
0,1,1
0,0,0
0,0,1
0,1,1
0,0,1
0,1,1
0,1,1
0,1,1
0,0,1
0,1,1
0,0,1
0,0,1
0,1,1
0,0,1
0,0,0
0,0,0
0,1,1
0,1,1
0,0,0
0,1,1
0,1,1
0,1,1
0,1,1
0,1,1
0,0,1
0,0,1
0,1,1
0,0,0
0,1,1
0,1,1
0,0,1
0,1,1
0,1,1
0,1,1
0,0,1
0,1,1
0,1,1
0,0,1
0,1,1
0,0.8841311,1
0,0,0
0,1,1
0,1,1
0,0,1
0,0,1
0,1,1
0,0,1
0,1,1
0,0,0
0,1,1
0,1,1
0,1,1
0,1,1
0,0,0
0,1,1
0,0,0
0,0,1
0,1,1
0,0,1
0,1,1
0,1,1
0,0,1
0,0,1
0,1,1
0,1,1
0,0.8580233,1
0,0.8719964,1
0,0,0
0,0,0
0,0,1
0,0,1
0,1,1
0,0.8691293,1
0,1,1
0,1,1
0,1,1
0,0,1
0,1,1
0,0,1
0,0,1
0,0,1
0,1,1
0,1,1
0,1,1
0,0,1
0,1,1
0,1,1
0,1,1
0,1,1
0,1,1
0,0,0
0,1,1
0,1,1
0,1,1
0,0,1
0,1,1
0,1,1
0,0,1
0,1,1
0,0,1
0,1,1
0,0,0
0,1,1
0,0,1
0,1,1
0,1,1
0,1,1
0,0,0
0,1,1
0,0,0
0,0,1
0,1,1
0,0,1
0,0,0
0,0.7052163,1
0,1,1
0,0.8506497,1
0,1,1
0,0,1
0,0,1
0,0,1
0,0,1
0,1,1
0,1,1
0,0,0
0,1,1
0,0,1
0,0,1
0,1,1
0,1,1
0,0,1
0,1,1
0,1,1
0,1,1
0,1,1
0,0,0
0,1,1
0,0,0
0,0,1
0,0,0
0,0,1
0,1,1
0,0,1
0,1,1
0,0.7306539,1
0,1,1
0,0,1
0,1,1
0,1,1
0,1,1
0,1,1
0,1,1
0,0,1
0,1,1
0,0,0
0,0.8603569,1
0,0,1
0,0,1
0,1,1
0,0,1
0,0,1
0,0,1
0,0,1
0,1,1
0,0,1
0,0,1
0,0,1
0,1,1
0,1,1
0,1,1
0,1,1
0,1,1
0,1,1
0,1,1
0,0,1
0,1,1
0,0,0
0,1,1
0,0,1
0,0.8686128,1
0,1,1
0,0.8681637,1
0,0,1
0,1,1
0,0,0
0,0,0
0,0,1
0,0,1
0,0,1
0,1,1
0,1,1
0,1,1
0,1,1
0,1,1
0,1,1
0,1,1
0,0,1
0,0,1
0,1,1
0,1,1
0,1,1
0,1,1
0,0,0
0,1,1
0,1,1
0,1,1
0,0,1
0,1,1
0,1,1
0,1,1
0,1,1
0,1,1
0,1,1
0,1,1
0,0,0
0,0,0
0,1,1
0,0.865333,1
0,0,1
0,0,1
0,1,1
0,1,1
0,1,1
0,0,1
0,1,1
0,0,1
0,0,1
0,1,1
0,1,1
0,1,1
0,1,1
0,1,1
0,0,1
0,1,1
0,1,1
0,0,0
0,1,1
0,0,1
0,1,1
0,0,0
0,0,1
0,0,0
0,1,1
0,1,1
0,0,1
0,1,1
0,1,1
0,0,1
0,0,1
0,0,1
0,0.8704388,1
0,0,0
0,0,0
0,0,1
0,0,0
0,1,1
0,1,1
0,1,1
0,0,1
0,0,1
0,1,1
0,0,1
0,0,1
0,1,1
0,0,1
0,0,1
0,1,1
0,1,1
0,1,1
0,1,1
0,1,1
0,0.8677335,1
0,1,1
0,1,1
0,0,0
0,1,1
0,1,1
0,0,1
0,1,1
0,0,0
0,0,1
0,0,0
0,0,0
0,1,1
0,1,1
0,0,1
0,0,1
0,0,0
0,1,1
0,0,1
0,0,0
0,1,1
0,0,1
0,1,1
0,0,1
0,0,0
0,1,1
0,0,0
0,1,1
0,1,1
0,1,1
0,1,1
0,1,1
0,0,1
0,1,1
0,1,1
0,1,1
0,1,1
0,0,1
0,0,1
0,1,1
0,0,1
0,1,1
0,0,1
0,0,1
0,0,0
0,1,1
0,1,1
0,1,1
0,0,1
0,1,1
0,0,0
0,0,1
0,1,1
0,1,1
0,1,1
0,0,1
0,0,0
0,1,1
0,0,1
0,0,0
0,0,1
0,1,1
0,1,1
0,0,1
0,0,0
0,0,1
0,0,1
0,0,1
0,1,1
0,0,1
0,0,1
0,0.8894361,1
0,1,1
0,0,1
0,0,0
0,0,1
0,1,1
0,0,1
0,0,0
0,0,1
0,1,1
0,0,1
0,0,0
0,1,1
0,0,1
0,1,1
0,1,1
0,1,1
0,1,1
0,0,1
0,0,1
0,0,0
0,0,1
0,1,1
0,0,1
0,1,1
0,0.8588004,1
0,0,0
0,1,1
0,0,1
0,0,0
0,0,0
0,0,1
0,0,0
0,0,1
0,1,1
0,1,1
0,0,1
0,1,1
0,0,1
0,0,1
0,0,1
0,0,0
0,0.8581272,1
0,1,1
0,1,1
0,0,1
0,0,1
0,1,1
0,1,1
0,0,1
0,1,1
0,1,1
0,0,1
0,0.8796146,1
0,1,1
0,0.868188,1
0,1,1
0,0,1
0,1,1
0,1,1
0,0,0
0,1,1
0,0,0
0,1,1
0,1,1
0,0,1
0,0,1
0,0,0
0,1,1
0,1,1
0,1,1
0,0,0
0,1,1
0,1,1
0,1,1
0,0.8575846,1
0,1,1
0,1,1
0,0,1
0,0,1
0,1,1
0,1,1
0,1,1
0,0,1
0,0,1
0,0,1
0,0,1
0,0,0
0,1,1
0,0,1
0,1,1
0,1,1
0,1,1
0,0.8557903,1
0,0,1
0,1,1
0,0,1
0,1,1
0,0,1
0,1,1
0,0,1
0,1,1
0,0,1
0,1,1
0,1,1
0,1,1
0,1,1
0,0,1
0,0,1
0,1,1
0,0.8688215,1
0,1,1
0,1,1
0,1,1
0,1,1
0,0,0
0,1,1
0,1,1
0,1,1
0,0,1
0,1,1
0,1,1
0,0,1
0,1,1
0,0,1
0,0,1
0,0,0
0,0,0
0,1,1
0,1,1
0,1,1
0,1,1
0,1,1
0,0,1
0,0,0
0,0,0
0,0.8576609,1
0,1,1
0,0,1
0,0,0
0,0,1
0,0,0
0,1,1
0,1,1
0,1,1
0,1,1
0,0.8613631,1
0,0,1
0,1,1
0,0,1
0,1,1
0,1,1
0,1,1
0,0.8572885,1
0,0,0
0,0,1
0,1,1
0,1,1
0,0,0
0,1,1
0,0,0
0,1,1
0,1,1
0,0,1
0,0.8612738,1
0,1,1
0,1,1
0,0,0
0,1,1
0,0,1
0,0,1
0,1,1
0,1,1
0,1,1
0,1,1
0,0,1
0,1,1
0,1,1
0,0,1
0,1,1
0,1,1
0,1,1
0,0,1
0,1,1
0,1,1
0,0,1
0,1,1
0,0,1
0,0.8586522,1
0,0,1
0,1,1
0,1,1
0,0,0
0,1,1
0,0,0
0,1,1
0,1,1
0,1,1
0,1,1
0,0,1
0,1,1
0,0,1
0,1,1
0,1,1
0,0,0
0,0.8581815,1
0,0.8730444,1
0,1,1
0,0,1
0,1,1
0,0,1
0,1,1
0,1,1
0,1,1
0,1,1
0,1,1
0,1,1
0,0,1
0,1,1
0,1,1
0,0,0
0,1,1
0,0,1
0,0,1
0,0,1
0,1,1
0,0,0
0,1,1
0,1,1
0,1,1
0,0,1
0,0,1
0,1,1
0,1,1
0,0,0
0,0,1
0,1,1
0,1,1
0,0,1
0,0.7481176,1
0,1,1
0,0,1
0,1,1
0,0,0
0,1,1
0,1,1
0,1,1
0,0,1
0,0,1
0,1,1
0,1,1
0,1,1
0,0,1
0,0,1
0,1,1
0,0,1
0,0,1
0,0,1
0,0,1
0,0,0
0,1,1
0,0.7431806,1
0,1,1
0,1,1
0,1,1
0,0,0
0,0,1
0,1,1
0,0.8657292,1
0,1,1
0,0,0
0,0,1
0,0,1
0,1,1
0,0,1
0,1,1
0,0,1
0,0,1
0,1,1
0,1,1
0,1,1
0,0,1
0,1,1
0,0,1
0,1,1
0,1,1
0,1,1
0,1,1
0,1,1
0,1,1
0,0,0
0,0.8653228,1
0,1,1
0,0,1
0,0,1
0,0,1
0,1,1
0,1,1
0,1,1
0,0,1
0,0.8514267,1
0,0,1
0,1,1
0,1,1
0,0,1
0,1,1
0,0,1
0,0,1
0,0,1
0,0,1
0,1,1
0,0,1
0,0,1
0,0,1
0,1,1
0,0,1
0,1,1
0,1,1
0,1,1
0,1,1
0,0,0
0,0,1
0,0,1
0,1,1
0,1,1
0,1,1
0,1,1
0,0,1
0,1,1
0,1,1
0,1,1
0,0.8675177,1
0,0.8619422,1
0,0.8699015,1
0,0,1
0,0,1
0,1,1
0,1,1
0,0.8635542,1
0,1,1
0,1,1
0,0,0
0,1,1
0,1,1
0,1,1
0,0,1
0,0,1
0,1,1
0,0,0
0,1,1
0,0,0
0,1,1
0,1,1
0,1,1
0,0,1
0,1,1
0,1,1
0,0,0
0,0,0
0,1,1
0,0,1
0,0,0
0,0,0
0,0,1
0,0,1
0,0.9129235,1
0,0,0
0,0,1
0,1,1
0,0,0
0,1,1
0,1,1
0,1,1
0,1,1
0,0,0
0,0,0
0,0,1
0,1,1
0,0,1
0,1,1
0,0.8661648,1
0,0.8687047,1
0,1,1
0,1,1
0,1,1
0,1,1
0,1,1
0,0,1
0,1,1
0,1,1
0,0,1
0,0.8592042,1
0,1,1
0,1,1
0,0,1
0,0,1
0,0.8618151,1
0,0,1
0,0.8620428,1
0,1,1
0,0.9055558,1
0,1,1
0,1,1
0,1,1
0,0,1
0,1,1
0,1,1
0,0,0
0,0,0
0,0,0
0,0,1
0,0,1
0,0,1
0,1,1
0,0,1
0,1,1
0,0,1
0,0,1
0,1,1
0,0,1
0,0,1
0,0,1
0,1,1
0,0,1
0,1,1
0,1,1
0,0,1
0,0.8602771,1
0,1,1
0,0,1
0,0,1
0,1,1
0,1,1
0,0,1
0,1,1
0,0,0
0,1,1
0,1,1
0,1,1
0,0,1
0,1,1
0,0,1
0,1,1
0,1,1
0,1,1
0,0,1
0,1,1
0,0,1
0,1,1
0,1,1
0,0,1
0,1,1
0,1,1
0,1,1
0,0,1
0,1,1
0,0,1
0,1,1
0,1,1
0,0,0
0,1,1
0,1,1
0,0,1
0,1,1
0,0,0
0,1,1
0,1,1
0,0,1
0,0,1
0,1,1
0,0,1
0,0,1
0,1,1
0,1,1
0,1,1
0,0,1
0,1,1
0,1,1
0,0,1
0,1,1
0,0,1
0,0,0
0,0,1
0,1,1
0,1,1
0,1,1
0,1,1
0,0,1
0,1,1
0,0,1
0,1,1
0,0,0
0,1,1
0,0.8771827,1
0,1,1
0,0,1
0,0,1
0,0,1
0,1,1
0,1,1
0,1,1
0,0.868929,1
0,0,0
0,0,0
0,1,1
0,0,1
0,1,1
0,1,1
0,0,1
0,0,1
0,0,1
0,1,1
0,1,1
0,0,0
0,0,1
0,0,1
0,0,1
0,1,1
0,0,0
0,0,1
0,1,1
0,1,1
0,0,0
0,1,1
0,1,1
0,1,1
0,0.8711963,1
0,1,1
0,1,1
0,1,1
0,0,1
0,1,1
0,1,1
0,0,0
0,0,1
0,1,1
0,0,1
0,1,1
0,1,1
0,0,1
0,1,1
0,1,1
0,0,1
0,0.9445001,1
0,1,1
0,0,1
0,1,1
0,1,1
0,0,1
0,1,1
0,1,1
0,1,1
0,1,1
0,0,1
0,0,1
0,1,1
0,1,1
0,0,1
0,0,1
0,1,1
0,1,1
0,1,1
0,1,1
0,1,1
0,0,0
0,1,1
0,0,1
0,1,1
0,0,1
0,1,1
0,0,1
0,0,0
0,0,1
0,1,1
0,0,1
0,1,1
0,1,1
0,1,1
0,0,1
0,1,1
0,0,1
0,0,1
0,0,1
0,1,1
0,1,1
0,1,1
0,0,0
0,1,1
0,1,1
0,1,1
0,0.8089657,1
0,0.8764746,1
0,1,1
0,1,1
0,1,1
0,0,1
0,0,1
0,0,1
0,0.8821021,1
0,0,0
0,0,1
0,0,1
0,1,1
0,0,0
0,0,0
0,0,0
0,0.881404,1
0,0,1
0,0,1
0,1,1
0,0,1
0,1,1
0,1,1
0,0.8663987,1
0,0,1
0,0,0
0,0,1
0,1,1
0,0,1
0,1,1
0,1,1
0,1,1
0,0,0
0,0,0
0,0,1
0,0,1
0,1,1
0,1,1
0,0,0
0,1,1
0,1,1
0,1,1
0,1,1
0,0,1
0,0,1
0,1,1
0,1,1
0,1,1
0,0,1
0,0,0
0,0,1
0,1,1
0,0,1
0,1,1
0,0,1
0,1,1
0,1,1
0,1,1
0,0,1
0,1,1
0,0,0
0,1,1
0,1,1
0,0,0
0,1,1
0,1,1
0,1,1
0,1,1
0,1,1
0,0,0
0,1,1
0,0,0
0,1,1
0,1,1
0,1,1
0,0,1
0,0,1
0,1,1
0,1,1
0,1,1
0,1,1
0,1,1
0,1,1
0,1,1
0,0,1
0,1,1
0,0,1
0,1,1
0,0.864756,1
0,1,1
0,1,1
0,1,1
0,1,1
0,0,1
0,1,1
0,1,1
0,1,1
0,0,1
0,1,1
0,1,1
0,1,1
0,1,1
0,1,1
0,1,1
0,0,1
0,1,1
0,1,1
0,1,1
0,0,1
0,0,1
0,0,0
0,0.8676723,1
0,0,1
0,1,1
0,1,1
0,0,1
0,1,1
0,0,0
0,0,1
0,1,1
0,1,1
0,1,1
0,1,1
0,0,0
0,0.8638521,1
0,0,1
0,1,1
0,1,1
0,0,1
0,1,1
0,1,1
0,0,1
0,1,1
0,1,1
0,0,1
0,1,1
0,0,0
0,1,1
0,1,1
0,0,0
0,1,1
0,0.8599169,1
0,1,1
0,0,1
0,0,1
0,1,1
0,1,1
0,0,1
0,0.8616356,1
0,0,1
0,0,1
0,1,1
0,1,1
0,0,1
0,0,1
0,1,1
0,1,1
0,1,1
0,1,1
0,0,0
0,1,1
0,1,1
0,0,1
0,0,1
0,1,1
0,0.8643621,1
0,1,1
0,0,1
0,1,1
0,1,1
0,0,1
0,1,1
0,0,1
0,0,0
0,1,1
0,0.8598958,1
0,1,1
0,1,1
0,1,1
0,0,1
0,1,1
0,1,1
0,1,1
0,0.8661309,1
0,1,1
0,0.8556327,1
0,0,1
0,1,1
0,0,1
0,1,1
0,0,1
0,1,1
0,0,0
0,0,1
0,1,1
0,0.8665792,1
0,1,1
0,0,0
0,1,1
0,1,1
0,1,1
0,0,1
0,1,1
0,1,1
0,1,1
0,0,1
0,0,1
0,0,1
0,1,1
0,0,0
0,1,1
0,1,1
0,0,0
0,0,1
0,0.8593372,1
0,0,1
0,1,1
0,1,1
0,1,1
0,0.8617014,1
0,0,1
0,0,1
0,0,0
0,1,1
0,1,1
0,1,1
0,0,1
0,1,1
0,0.7720811,1
0,1,1
0,0.7848984,1
0,0,1
0,1,1
0,1,1
0,1,1
0,0,1
0,1,1
0,1,1
0,0,0
0,1,1
0,1,1
0,1,1
0,1,1
0,1,1
0,0,1
0,1,1
0,0,0
0,1,1
0,0,0
0,0,1
0,0,1
0,1,1
0,1,1
0,1,1
0,1,1
0,0,1
0,1,1
0,0,1
0,0,1
0,1,1
0,0,1
0,0,0
0,0,1
0,1,1
0,1,1
0,0,0
0,0,1
0,0.8588842,1
0,0.8635082,1
0,0,1
0,0,1
0,1,1
0,0,0
0,1,1
0,1,1
0,0,1
0,0,0
0,1,1
0,0,0
0,1,1
0,0.7781345,1
0,0,1
0,1,1
0,1,1
0,1,1
0,1,1
0,0,1
0,0,1
0,0,0
0,1,1
0,1,1
0,0,1
0,1,1
0,0,1
0,1,1
0,0,1
0,1,1
0,0,0
0,1,1
0,1,1
0,0,1
0,1,1
0,0,0
0,1,1
0,0,1
0,1,1
0,0,1
0,0,1
0,0,1
0,0,1
0,1,1
0,1,1
0,0,1
0,1,1
0,1,1
0,1,1
0,1,1
0,1,1
0,1,1
0,0,1
0,0.8148669,1
0,0.8575616,1
0,0,1
0,1,1
0,0,1
0,1,1
0,0,1
0,1,1
0,1,1
0,1,1
0,0,1
0,1,1
0,1,1
0,0,1
0,0,1
0,1,1
0,0,1
0,1,1
0,1,1
0,1,1
0,0,1
0,0,1
0,1,1
0,1,1
0,1,1
0,1,1
0,1,1
0,1,1
0,1,1
0,1,1
0,0,1
0,1,1
0,1,1
0,1,1
0,1,1
0,1,1
0,0,1
0,0,1
0,0.8589021,1
0,1,1
0,1,1
0,0,1
0,0,1
0,1,1
0,0,1
0,0,1
0,0,1
0,1,1
0,0,0
0,1,1
0,0,1
0,1,1
0,1,1
0,0,0
0,1,1
0,1,1
0,0,1
0,1,1
0,1,1
0,1,1
0,1,1
0,1,1
0,0,1
0,1,1
0,0,1
0,1,1
0,0,1
0,0,1
0,0,0
0,1,1
0,0,1
0,0,1
0,1,1
0,0,0
0,0,1
0,1,1
0,1,1
0,1,1
0,1,1
0,0,1
0,1,1
0,0,1
0,0,1
0,0,0
0,1,1
0,1,1
0,1,1
0,1,1
0,0,1
0,0,1
0,1,1
0,1,1
0,1,1
0,1,1
0,0,1
0,0.8770503,1
0,0,1
0,1,1
0,1,1
0,0,0
0,0,1
0,0,0
0,1,1
0,1,1
0,0.8640748,1
0,1,1
0,0,0
0,1,1
0,1,1
0,0,1
0,1,1
0,1,1
0,1,1
0,0,1
0,1,1
0,0,1
0,0,1
0,1,1
0,1,1
0,1,1
0,0,1
0,1,1
0,1,1
0,1,1
0,1,1
0,0,0
0,0,0
0,1,1
0,0,0
0,0,1
0,1,1
0,1,1
0,1,1
0,1,1
0,1,1
0,0,0
0,0,1
0,1,1
0,1,1
0,0,1
0,0,1
0,0,0
0,1,1
0,1,1
0,1,1
0,1,1
0,0,1
0,1,1
0,0,0
0,1,1
0,0,1
0,0,1
0,1,1
0,0,1
0,1,1
0,0,0
0,1,1
0,1,1
0,0,1
0,0,1
0,0,0
0,0,0
0,1,1
0,1,1
0,1,1
0,0,1
0,1,1
0,1,1
0,0.8593295,1
0,1,1
0,1,1
0,0,1
0,1,1
0,0,1
0,0,1
0,1,1
0,0.7271515,1
0,0,1
0,1,1
0,0,1
0,0,1
0,1,1
0,0,0
0,1,1
0,1,1
0,1,1
0,0,1
0,1,1
0,1,1
0,1,1
0,1,1
0,0,0
0,0,1
0,0,0
0,0,1
0,0,0
0,1,1
0,0,0
0,0,1
0,1,1
0,0,1
0,1,1
0,0.7478672,1
0,1,1
0,1,1
0,1,1
0,1,1
0,1,1
0,1,1
0,1,1
0,0.8719854,1
0,1,1
0,0,1
0,1,1
0,1,1
0,1,1
0,0,1
0,1,1
0,1,1
0,0,1
0,0,0
0,1,1
0,1,1
0,1,1
0,1,1
0,0,0
0,1,1
0,0,0
0,0,1
0,1,1
0,1,1
0,1,1
0,0,0
0,0,1
0,1,1
0,1,1
0,1,1
0,0,1
0,0,1
0,0,1
0,1,1
0,1,1
0,1,1
0,0,1
0,1,1
0,0,1
0,1,1
0,0,1
0,1,1
0,1,1
0,1,1
0,1,1
0,0,1
0,1,1
0,0,1
0,0,1
0,0,1
0,1,1
0,1,1
0,0,1
0,1,1
0,1,1
0,0,0
0,1,1
0,1,1
0,1,1
0,1,1
0,0.8084301,1
0,0,1
0,1,1
0,0.8572226,1
0,0,1
0,1,1
0,0,0
0,0,0
0,0,1
0,1,1
0,1,1
0,0,1
0,1,1
0,1,1
0,1,1
0,0,1
0,1,1
0,0,1
0,1,1
0,1,1
0,0,1
0,1,1
0,1,1
0,1,1
0,1,1
0,1,1
0,1,1
0,0,1
0,1,1
0,1,1
0,0,1
0,1,1
0,1,1
0,0,1
0,1,1
0,1,1
0,1,1
0,1,1
0,0.8734971,1
0,1,1
0,0,1
0,1,1
0,1,1
0,1,1
0,0,0
0,1,1
0,1,1
0,0,1
0,1,1
0,0,1
0,1,1
0,1,1
0,0,1
0,1,1
0,1,1
0,1,1
0,1,1
0,0,0
0,1,1
0,1,1
0,1,1
0,0,1
0,0,1
0,0,1
0,0,1
0,0.8677887,1
0,1,1
0,1,1
0,1,1
0,0.8736016,1
0,1,1
0,0,1
0,0,1
0,1,1
0,1,1
0,0,0
0,0,1
0,0,1
0,0,0
0,1,1
0,0,0
0,0,0
0,1,1
0,1,1
0,0,1
0,0,1
0,1,1
0,1,1
0,0,1
0,1,1
0,1,1
0,1,1
0,1,1
0,0,1
0,1,1
0,1,1
0,1,1
0,0,1
0,0,1
0,1,1
0,1,1
0,1,1
0,1,1
0,0,0
0,1,1
0,1,1
0,0,1
0,1,1
0,0,0
0,1,1
0,0,1
0,0,1
0,1,1
0,0,1
0,0,0
0,1,1
0,0,0
0,0,0
0,0,1
0,1,1
0,1,1
0,0,0
0,1,1
0,1,1
0,1,1
0,1,1
0,0,0
0,1,1
0,1,1
0,1,1
0,0,0
0,0,0
0,1,1
0,0,1
0,0,0
0,0,1
0,1,1
0,1,1
0,0.865777,1
0,0,1
0,0,0
0,1,1
0,0,1
0,1,1
0,0,0
0,1,1
0,1,1
0,0,1
0,1,1
0,0,1
0,1,1
0,1,1
0,1,1
0,1,1
0,1,1
0,1,1
0,1,1
0,0,0
0,1,1
0,1,1
0,1,1
0,0,1
0,0,1
0,1,1
0,0,0
0,0,1
0,0,1
0,1,1
0,1,1
0,1,1
0,1,1
0,1,1
0,0,1
0,0,1
0,1,1
0,0,1
0,1,1
0,0,1
0,1,1
0,1,1
0,0,1
0,0,1
0,1,1
0,1,1
0,1,1
0,1,1
0,1,1
0,0,1
0,0,1
0,1,1
0,1,1
0,1,1
0,0,1
0,1,1
0,0,0
0,1,1
0,0,1
0,0,1
0,1,1
0,0,0
0,1,1
0,1,1
0,1,1
0,0,0
0,1,1
0,1,1
0,1,1
0,0.8596314,1
0,1,1
0,1,1
0,1,1
0,0.8417355,1
0,1,1
0,1,1
0,1,1
0,1,1
0,1,1
0,0,1
0,1,1
0,0,1
0,0,1
0,0,1
0,0,1
0,1,1
0,1,1
0,0,1
0,1,1
0,1,1
0,1,1
0,0,1
0,1,1
0,1,1
0,1,1
0,1,1
0,1,1
0,1,1
0,0,1
0,1,1
0,0,0
0,0,0
0,0,1
0,1,1
0,1,1
0,0,1
0,0,0
0,1,1
0,1,1
0,1,1
0,1,1
0,0,0
0,1,1
0,1,1
0,0,1
0,1,1
0,1,1
0,1,1
0,0,1
0,1,1
0,1,1
0,0,1
0,1,1
0,1,1
0,1,1
0,0,0
0,1,1
0,1,1
0,1,1
0,1,1
0,1,1
0,0,1
0,1,1
0,0,1
0,1,1
0,0,1
0,1,1
0,0.7148321,1
0,1,1
0,1,1
0,1,1
0,0,0
0,1,1
0,1,1
0,1,1
0,0,1
0,0.862614,1
0,0,1
0,0,1
0,0.8701633,1
0,1,1
0,1,1
0,0.8625797,1
0,0,0
0,1,1
0,1,1
0,0,1
0,1,1
0,1,1
0,0.861572,1
0,1,1
0,0,1
0,0,1
0,0,0
0,0,0
0,0,1
0,1,1
0,0,1
0,0,0
0,1,1
0,0,1
0,0,1
0,1,1
0,1,1
0,1,1
0,0,1
0,0,1
0,0,1
0,0,0
0,0,1
0,0,1
0,0.8605568,1
0,1,1
0,1,1
0,0,1
0,1,1
0,0,0
0,1,1
0,1,1
0,1,1
0,1,1
0,0,1
0,1,1
0,1,1
0,1,1
0,1,1
0,1,1
0,1,1
0,1,1
0,1,1
0,1,1
0,1,1
0,0,1
0,0,1
0,0,0
0,0,1
0,1,1
0,1,1
0,1,1
0,0,0
0,1,1
0,1,1
0,1,1
0,1,1
0,0,1
0,1,1
0,1,1
0,0,1
0,1,1
0,1,1
0,0,1
0,1,1
0,0.7298309,1
0,0,0
0,0,1
0,1,1
0,0,1
0,0,0
0,0,1
0,0,1
0,1,1
0,1,1
0,1,1
0,0,1
0,1,1
0,0,0
0,1,1
0,0,0
0,0,1
0,1,1
0,1,1
0,0,1
0,1,1
0,1,1
0,0,1
0,0,1
0,1,1
0,1,1
0,0,1
0,1,1
0,1,1
0,1,1
0,1,1
0,1,1
0,1,1
0,1,1
0,1,1
0,0,1
0,0.7297424,1
0,1,1
0,1,1
0,0,1
0,0,1
0,1,1
0,1,1
0,1,1
0,1,1
0,1,1
0,0,1
0,0,1
0,0,1
0,0,1
0,0,1
0,1,1
0,0,0
0,0,1
0,0.8594941,1
0,1,1
0,1,1
0,1,1
0,0,1
0,1,1
0,1,1
0,1,1
0,0,1
0,0,0
0,0,1
0,1,1
0,1,1
0,1,1
0,0,1
0,1,1
0,1,1
0,0,1
0,1,1
0,0,1
0,0,1
0,1,1
0,0,1
0,1,1
0,0,1
0,0,1
0,1,1
0,1,1
0,1,1
0,1,1
0,0,1
0,0,1
0,0,1
0,1,1
0,1,1
0,1,1
0,1,1
0,0,1
0,1,1
0,0,0
0,0,1
0,1,1
0,0,1
0,1,1
0,1,1
0,1,1
0,1,1
0,0,1
0,0,1
0,1,1
0,0,0
0,1,1
0,1,1
0,1,1
0,0,0
0,1,1
0,0,0
0,0,0
0,0,1
0,0,0
0,1,1
0,1,1
0,1,1
0,1,1
0,0,0
0,0,0
0,1,1
0,1,1
0,1,1
0,1,1
0,1,1
0,0,1
0,0,1
0,0,1
0,1,1
0,1,1
0,1,1
0,1,1
0,0,0
0,1,1
0,0,1
0,1,1
0,1,1
0,0,1
0,1,1
0,1,1
0,1,1
0,1,1
0,1,1
0,0,1
0,1,1
0,0,0
0,0,0
0,1,1
0,1,1
0,1,1
0,0,1
0,1,1
0,0,0
0,0,0
0,1,1
0,1,1
0,1,1
0,1,1
0,1,1
0,1,1
0,1,1
0,0,0
0,1,1
0,1,1
0,1,1
0,1,1
0,0,0
0,1,1
0,1,1
0,1,1
0,0,1
0,1,1
0,1,1
0,0,0
0,1,1
0,0,0
0,1,1
0,1,1
0,0,0
0,0,1
0,1,1
0,1,1
0,0,1
0,0,1
0,0,0
0,0,1
0,1,1
0,1,1
0,0,1
0,1,1
0,0,1
0,1,1
0,1,1
0,1,1
0,0,1
0,1,1
0,1,1
0,0,1
0,1,1
0,1,1
0,1,1
0,0,1
0,1,1
0,0,1
0,0,1
0,0,1
0,0,1
0,1,1
0,1,1
0,1,1
0,1,1
0,1,1
0,1,1
0,0.7946106,1
0,1,1
0,1,1
0,0,0
0,1,1
0,1,1
0,1,1
0,0,0
0,1,1
0,0,1
0,0,1
0,0,1
0,1,1
0,0.8678716,1
0,1,1
0,1,1
0,1,1
0,0,1
0,1,1
0,1,1
0,0,0
0,0,1
0,1,1
0,0,0
0,1,1
0,0,0
0,0,0
0,1,1
0,1,1
0,1,1
0,1,1
0,0.8708563,1
0,1,1
0,0,0
0,1,1
0,1,1
0,1,1
0,0.8632966,1
0,0,1
0,1,1
0,0,1
0,1,1
0,0,1
0,0.8594567,1
0,0,1
0,1,1
0,1,1
0,0,0
0,1,1
0,0,0
0,1,1
0,0,1
0,0,1
0,0,1
0,0,0
0,0,1
0,0,1
0,0.7645228,1
0,0,1
0,1,1
0,1,1
0,1,1
0,0,0
0,1,1
0,0,1
0,0,1
0,0,1
0,0,1
0,1,1
0,1,1
0,1,1
0,1,1
0,1,1
0,1,1
0,1,1
0,1,1
0,0,0
0,0,1
0,1,1
0,1,1
0,1,1
0,1,1
0,1,1
0,1,1
0,0,1
0,1,1
0,0,0
0,0,1
0,1,1
0,1,1
0,1,1
0,0,1
0,1,1
0,1,1
0,0.8602871,1
0,1,1
0,0,1
0,0,1
0,0,1
0,1,1
0,0,0
0,1,1
0,1,1
0,1,1
0,1,1
0,1,1
0,1,1
0,1,1
0,0,1
0,0,1
0,1,1
0,1,1
0,0,1
0,1,1
0,0,1
0,0,0
0,1,1
0,0,1
0,1,1
0,1,1
0,0,0
0,1,1
0,1,1
0,1,1
0,1,1
0,1,1
0,0,1
0,0,1
0,1,1
0,0.8202344,1
0,1,1
0,1,1
0,1,1
0,0,1
0,0,1
0,0,1
0,1,1
0,1,1
0,1,1
0,1,1
0,1,1
0,0,1
0,1,1
0,0.8592337,1
0,1,1
0,1,1
0,0,1
0,0,1
0,1,1
0,0,1
0,1,1
0,0,0
0,1,1
0,1,1
0,1,1
0,1,1
0,1,1
0,1,1
0,1,1
0,1,1
0,1,1
0,1,1
0,0,1
0,1,1
0,0,1
0,1,1
0,1,1
0,1,1
0,1,1
0,1,1
0,1,1
0,0,0
0,1,1
0,1,1
0,1,1
0,1,1
0,1,1
0,0,0
0,0,0
0,0,0
0,1,1
0,1,1
0,1,1
0,1,1
0,1,1
0,0,0
0,0,1
0,0,1
0,0.8730224,1
0,1,1
0,1,1
0,0,1
0,1,1
0,0,1
0,1,1
0,1,1
0,0,1
0,0,0
0,1,1
0,0,1
0,0,1
0,1,1
0,1,1
0,0.7112734,1
0,1,1
0,0,1
0,0.8612722,1
0,0,1
0,0.8633479,1
0,1,1
0,1,1
0,0,1
0,1,1
0,0,1
0,1,1
0,0,1
0,1,1
0,1,1
0,0,1
0,0,0
0,1,1
0,0.8730267,1
0,1,1
0,1,1
0,1,1
0,1,1
0,1,1
0,1,1
0,0,1
0,0,1
0,1,1
0,1,1
0,1,1
0,1,1
0,0,1
0,1,1
0,1,1
0,1,1
0,1,1
0,1,1
0,0,1
0,1,1
0,0,1
0,1,1
0,0,1
0,0,1
0,1,1
0,1,1
0,0,0
0,1,1
0,0,0
0,1,1
0,0,0
0,1,1
0,0,1
0,1,1
0,1,1
0,0,1
0,0.8649076,1
0,0,0
0,0,0
0,1,1
0,1,1
0,1,1
0,0.7843467,1
0,1,1
0,0.8766809,1
0,1,1
0,1,1
0,1,1
0,0,1
0,0,0
0,1,1
0,1,1
0,0,0
0,0,0
0,1,1
0,1,1
0,0,1
0,1,1
0,1,1
0,0,1
0,0,0
0,0,0
0,0.8638502,1
0,1,1
0,0,1
0,0,1
0,1,1
0,0,0
0,1,1
0,1,1
0,1,1
0,1,1
0,1,1
0,1,1
0,1,1
0,0,1
0,0,1
0,1,1
0,1,1
0,1,1
0,0,0
0,1,1
0,1,1
0,1,1
0,1,1
0,0,1
0,1,1
0,1,1
0,0,1
0,1,1
0,0.8714777,1
0,1,1
0,0.8657688,1
0,1,1
0,0,0
0,1,1
0,0,1
0,0,1
0,1,1
0,0,1
0,1,1
0,1,1
0,0,1
0,1,1
0,1,1
0,0,1
0,0.8554246,1
0,0.8625835,1
0,1,1
0,1,1
0,0,1
0,1,1
0,0,1
0,1,1
0,1,1
0,1,1
0,1,1
0,1,1
0,0,0
0,0,1
0,1,1
0,0,1
0,0,1
0,0,1
0,1,1
0,1,1
0,1,1
0,1,1
0,0,1
0,1,1
0,0,0
0,1,1
0,0,1
0,0,1
0,1,1
0,1,1
0,1,1
0,1,1
0,1,1
0,0,1
0,1,1
0,1,1
0,0,1
0,1,1
0,1,1
0,1,1
0,0,1
0,0,1
0,0,0
0,0,1
0,0,1
0,0,1
0,1,1
0,0,1
0,1,1
0,0,1
0,0,1
0,0,1
0,1,1
0,1,1
0,0,1
0,0,1
0,1,1
0,0,1
0,1,1
0,0,1
0,1,1
0,0,1
0,1,1
0,1,1
0,0,1
0,0,1
0,0,1
0,1,1
0,0.8597809,1
0,0.8637992,1
0,1,1
0,1,1
0,1,1
0,1,1
0,1,1
0,0,1
0,0,0
0,0,1
0,1,1
0,0.8630291,1
0,1,1
0,1,1
0,1,1
0,1,1
0,0,0
0,1,1
0,1,1
0,0,1
0,1,1
0,0,1
0,0,1
0,0,1
0,0.85803,1
0,0,1
0,0,1
0,1,1
0,0.8594452,1
0,1,1
0,1,1
0,1,1
0,1,1
0,1,1
0,0,1
0,1,1
0,0,1
0,0,1
0,0,1
0,1,1
0,0,0
0,0,1
0,1,1
0,0,1
0,1,1
0,1,1
0,1,1
0,1,1
0,1,1
0,0,0
0,0,1
0,1,1
0,1,1
0,1,1
0,0,0
0,1,1
0,1,1
0,0,0
0,1,1
0,1,1
0,1,1
0,1,1
0,0,1
0,0,1
0,1,1
0,1,1
0,1,1
0,0,0
0,1,1
0,0,1
0,0,0
0,1,1
0,0.8582307,1
0,0,1
0,1,1
0,1,1
0,1,1
0,1,1
0,0,1
0,1,1
0,0,0
0,0,1
0,1,1
0,1,1
0,0,0
0,0,0
0,1,1
0,1,1
0,1,1
0,1,1
0,1,1
0,1,1
0,1,1
0,1,1
0,1,1
0,1,1
0,1,1
0,1,1
0,0,1
0,0,1
0,0,0
0,0,0
0,1,1
0,0,1
0,1,1
0,1,1
0,0.8575116,1
0,0,1
0,1,1
0,1,1
0,1,1
0,1,1
0,0.8651317,1
0,1,1
0,1,1
0,1,1
0,1,1
0,1,1
0,1,1
0,1,1
0,1,1
0,1,1
0,1,1
0,1,1
0,1,1
0,1,1
0,0.8595592,1
0,1,1
0,0.8566364,1
0,1,1
0,0,1
0,1,1
0,1,1
0,1,1
0,1,1
0,0,0
0,0,1
0,1,1
0,1,1
0,1,1
0,0,1
0,0.8692861,1
0,1,1
0,0,1
0,1,1
0,1,1
0,1,1
0,0,1
0,0,0
0,0,0
0,0,0
0,1,1
0,1,1
0,1,1
0,0,1
0,0,0
0,1,1
0,0,1
0,0,1
0,0,0
0,1,1
0,0,1
0,0,1
0,0,0
0,1,1
0,0,1
0,0,1
0,0,1
0,1,1
0,1,1
0,1,1
0,1,1
0,0,1
0,0,1
0,1,1
0,0,1
0,1,1
0,0,1
0,1,1
0,1,1
0,1,1
0,1,1
0,0,1
0,1,1
0,1,1
0,0,1
0,0,1
0,0,1
0,1,1
0,1,1
0,0,1
0,1,1
0,0.8649031,1
0,1,1
0,1,1
0,1,1
0,1,1
0,0,0
0,1,1
0,0,1
0,0,1
0,0,1
0,0,1
0,1,1
0,1,1
0,0.8591294,1
0,1,1
0,1,1
0,1,1
0,0.8562226,1
0,1,1
0,1,1
0,1,1
0,1,1
0,1,1
0,1,1
0,1,1
0,1,1
0,0,1
0,1,1
0,0,1
0,1,1
0,1,1
0,0,1
0,1,1
0,1,1
0,1,1
0,0,1
0,0,1
0,1,1
0,1,1
0,1,1
0,0,1
0,1,1
0,0,0
0,1,1
0,0,1
0,0,1
0,1,1
0,1,1
0,0,1
0,0,1
0,0.860406,1
0,1,1
0,1,1
0,1,1
0,0,0
0,1,1
0,0,0
0,1,1
0,0,0
0,1,1
0,0,0
0,1,1
0,1,1
0,0,1
0,1,1
0,1,1
0,0.8360255,1
0,0,1
0,1,1
0,0,0
0,0,1
0,0,1
0,0,0
0,1,1
0,0,0
0,0,0
0,0,1
0,1,1
0,0,1
0,1,1
0,0,1
0,1,1
0,0,1
0,0,0
0,0,1
0,0,1
0,1,1
0,0,1
0,1,1
0,0,1
0,1,1
0,1,1
0,0,1
0,0,1
0,1,1
0,1,1
0,0,1
0,0,1
0,1,1
0,1,1
0,1,1
0,1,1
0,0,1
0,0,1
0,1,1
0,0,1
0,0,0
0,1,1
0,1,1
0,0,0
0,1,1
0,0,1
0,1,1
0,1,1
0,0,1
0,1,1
0,1,1
0,1,1
0,0,1
0,1,1
0,1,1
0,1,1
0,1,1
0,1,1
0,1,1
0,0.8590504,1
0,1,1
0,1,1
0,1,1
0,0,1
0,1,1
0,1,1
0,0,1
0,1,1
0,0,1
0,1,1
0,1,1
0,1,1
0,1,1
0,1,1
0,0,1
0,0,1
0,1,1
0,1,1
0,1,1
0,1,1
0,0,1
0,1,1
0,1,1
0,0,1
0,0,0
0,1,1
0,1,1
0,0,1
0,0,1
0,1,1
0,1,1
0,0,1
0,0,1
0,0,1
0,1,1
0,1,1
0,1,1
0,1,1
0,1,1
0,1,1
0,1,1
0,1,1
0,0,0
0,0,0
0,1,1
0,1,1
0,1,1
0,0,1
0,1,1
0,1,1
0,0,1
0,0,0
0,1,1
0,1,1
0,1,1
0,0,0
0,1,1
0,1,1
0,1,1
0,1,1
0,1,1
0,1,1
0,1,1
0,1,1
0,1,1
0,0,1
0,0,1
0,0,1
0,0,1
0,1,1
0,1,1
0,1,1
0,0,1
0,1,1
0,0,1
0,0,1
0,0,0
0,1,1
0,0,1
0,1,1
0,1,1
0,1,1
0,0,1
0,0,1
0,1,1
0,0,1
0,1,1
0,1,1
0,1,1
0,1,1
0,1,1
0,1,1
0,1,1
0,1,1
0,1,1
0,0,1
0,1,1
0,0,1
0,1,1
0,0,0
0,0,1
0,0,1
0,1,1
0,0,0
0,1,1
0,0,1
0,1,1
0,1,1
0,1,1
0,1,1
0,1,1
0,1,1
0,0,1
0,1,1
0,1,1
0,0,1
0,0,1
0,0,0
0,1,1
0,1,1
0,1,1
0,1,1
0,1,1
0,1,1
0,0,1
0,1,1
0,0.8622638,1
0,1,1
0,1,1
0,0,0
0,1,1
0,1,1
0,0,1
0,1,1
0,1,1
0,1,1
0,0,1
0,1,1
0,0.8652712,1
0,1,1
0,0,1
0,1,1
0,0,1
0,0,0
0,0,1
0,1,1
0,0,1
0,1,1
0,0,1
0,0.8549436,1
0,0,1
0,1,1
0,1,1
0,1,1
0,0.866272,1
0,1,1
0,0,1
0,1,1
0,1,1
0,0,1
0,1,1
0,1,1
0,1,1
0,1,1
0,1,1
0,1,1
0,1,1
0,0,1
0,1,1
0,0,1
0,1,1
0,1,1
0,1,1
0,1,1
0,1,1
0,0,0
0,1,1
0,1,1
0,1,1
0,0,1
0,0,0
0,0,1
0,0,1
0,0,0
0,0,1
0,1,1
0,1,1
0,1,1
0,1,1
0,1,1
0,1,1
0,1,1
0,1,1
0,0,1
0,1,1
0,1,1
0,1,1
0,0,1
0,1,1
0,0,0
0,0,1
0,1,1
0,0,1
0,0,0
0,1,1
0,0,1
0,1,1
0,1,1
0,1,1
0,1,1
0,0.8643101,1
0,0.8641092,1
0,1,1
0,1,1
0,0,1
0,1,1
0,1,1
0,1,1
0,1,1
0,1,1
0,0,0
0,1,1
0,1,1
0,1,1
0,0,0
0,0.8578583,1
0,1,1
0,1,1
0,1,1
0,1,1
0,1,1
0,0,1
0,1,1
0,0,1
0,1,1
0,1,1
0,0,0
0,0,1
0,0,0
0,1,1
0,1,1
0,0,1
0,0,1
0,1,1
0,0,1
0,0,0
0,0,1
0,1,1
0,1,1
0,1,1
0,0,0
0,1,1
0,1,1
0,1,1
0,1,1
0,1,1
0,1,1
0,0,0
0,1,1
0,1,1
0,0,0
0,0,1
0,0,0
0,1,1
0,0,1
0,1,1
0,0.8197891,1
0,0,1
0,0,1
0,0,1
0,1,1
0,1,1
0,1,1
0,0,1
0,1,1
0,1,1
0,0,1
0,0,1
0,0.8620138,1
0,1,1
0,1,1
0,1,1
0,0.8636549,1
0,0,1
0,1,1
0,1,1
0,1,1
0,1,1
0,1,1
0,1,1
0,1,1
0,0,0
0,1,1
0,0,0
0,1,1
0,1,1
0,1,1
0,0.7702404,1
0,1,1
0,1,1
0,1,1
0,1,1
0,1,1
0,1,1
0,0,1
0,0,0
0,0,1
0,0,1
0,1,1
0,0,0
0,0.8695,1
0,0,1
0,1,1
0,0,1
0,0,1
0,1,1
0,1,1
0,0.8648821,1
0,0,0
0,1,1
0,0,1
0,1,1
0,1,1
0,1,1
0,0,1
0,0,0
0,1,1
0,1,1
0,1,1
0,0,0
0,1,1
0,1,1
0,1,1
0,1,1
0,1,1
0,1,1
0,1,1
0,1,1
0,1,1
0,1,1
0,1,1
0,0,1
0,1,1
0,1,1
0,1,1
0,0,1
0,0,0
0,0,1
0,0,0
0,1,1
0,1,1
0,0,1
0,1,1
0,0,1
0,0,1
0,1,1
0,1,1
0,1,1
0,1,1
0,1,1
0,1,1
0,0,0
0,0,1
0,0.8581514,1
0,0,1
0,0,0
0,0,1
0,0,0
0,0,1
0,1,1
0,1,1
0,0,0
0,1,1
0,1,1
0,1,1
0,0,0
0,0,1
0,0,1
0,0,0
0,0,0
0,0,0
0,0,0
0,1,1
0,1,1
0,1,1
0,0,0
0,1,1
0,1,1
0,1,1
0,0.8728031,1
0,0,1
0,0.857283,1
0,1,1
0,1,1
0,1,1
0,1,1
0,1,1
0,0,1
0,1,1
0,0,0
0,1,1
0,1,1
0,1,1
0,1,1
0,1,1
0,0,0
0,1,1
0,1,1
0,0,0
0,0,0
0,0,1
0,1,1
0,0.860739,1
0,1,1
0,1,1
0,0,0
0,1,1
0,0,1
0,1,1
0,0,0
0,1,1
0,1,1
0,1,1
0,1,1
0,0,1
0,1,1
0,1,1
0,1,1
0,0,1
0,1,1
0,1,1
0,0,1
0,1,1
0,1,1
0,1,1
0,1,1
0,1,1
0,0,0
0,1,1
0,0.8743913,1
0,1,1
0,1,1
0,0,0
0,1,1
0,0,1
0,1,1
0,1,1
0,1,1
0,1,1
0,0,1
0,0,1
0,1,1
0,1,1
0,1,1
0,0,1
0,0,0
0,1,1
0,0,1
0,1,1
0,1,1
0,1,1
0,0,1
0,0,1
0,0.8633736,1
0,1,1
0,1,1
0,0,0
0,0,1
0,1,1
0,1,1
0,0,1
0,1,1
0,1,1
0,1,1
0,0,0
0,0,1
0,0,1
0,0,0
0,1,1
0,1,1
0,1,1
0,1,1
0,1,1
0,1,1
0,1,1
0,1,1
0,0,1
0,0.8580183,1
0,1,1
0,0,1
0,1,1
0,0,1
0,1,1
0,1,1
0,1,1
0,1,1
0,1,1
0,1,1
0,1,1
0,1,1
0,1,1
0,0,1
0,1,1
0,1,1
0,0.8628036,1
0,1,1
0,0.8618464,1
0,1,1
0,1,1
0,1,1
0,1,1
0,1,1
0,1,1
0,0,0
0,0,1
0,0,0
0,0,1
0,0,1
0,0,0
0,0,1
0,0,1
0,1,1
0,1,1
0,0,0
0,1,1
0,1,1
0,0,1
0,1,1
0,1,1
0,0,0
0,1,1
0,1,1
0,1,1
0,1,1
0,1,1
0,1,1
0,1,1
0,1,1
0,0,0
0,0.7349758,1
0,1,1
0,0,1
0,0,1
0,0,1
0,0.7293919,1
0,1,1
0,0,1
0,0,1
0,0,1
0,0,0
0,1,1
0,0,1
0,0,1
0,0,1
0,1,1
0,1,1
0,1,1
0,0,1
0,1,1
0,0,1
0,1,1
0,1,1
0,1,1
0,1,1
0,1,1
0,1,1
0,1,1
0,1,1
0,1,1
0,0,1
0,0,0
0,1,1
0,1,1
0,0,1
0,1,1
0,0,1
0,1,1
0,0,1
0,1,1
0,1,1
0,0,1
0,1,1
0,0,1
0,0,0
0,0,1
0,1,1
0,1,1
0,0,1
0,1,1
0,1,1
0,0,1
0,0,0
0,0,1
0,1,1
0,1,1
0,1,1
0,1,1
0,1,1
0,1,1
0,1,1
0,0,1
0,0,1
0,0,1
0,0,0
0,1,1
0,1,1
0,0,1
0,1,1
0,1,1
0,1,1
0,0,1
0,0,1
0,0,1
0,1,1
0,1,1
0,0,0
0,1,1
0,0,1
0,1,1
0,1,1
0,1,1
0,0.8587321,1
0,1,1
0,1,1
0,1,1
0,1,1
0,1,1
0,1,1
0,1,1
0,0,0
0,0,1
0,0,1
0,1,1
0,0,1
0,1,1
0,1,1
0,0,1
0,0,1
0,1,1
0,0,1
0,0,1
0,1,1
0,1,1
0,0.8967146,1
0,0,1
0,1,1
0,1,1
0,0,1
0,0,1
0,1,1
0,0,1
0,0,1
0,1,1
0,0,1
0,1,1
0,0,0
0,1,1
0,1,1
0,0,1
0,1,1
0,1,1
0,1,1
0,1,1
0,1,1
0,0,0
0,0,1
0,0.8997456,1
0,0,1
0,1,1
0,1,1
0,0,1
0,1,1
0,0,1
0,1,1
0,1,1
0,0,1
0,1,1
0,1,1
0,0.7517713,1
0,0,1
0,0,1
0,1,1
0,1,1
0,0,1
0,1,1
0,0.8613603,1
0,1,1
0,0,1
0,0,1
0,1,1
0,1,1
0,1,1
0,1,1
0,0,1
0,1,1
0,1,1
0,0,1
0,0,1
0,0,0
0,0,1
0,1,1
0,0,1
0,1,1
0,0.8667266,1
0,1,1
0,1,1
0,0,1
0,1,1
0,0,0
0,0,1
0,0,1
0,0,1
0,0,1
0,1,1
0,1,1
0,0,1
0,0,1
0,0,1
0,1,1
0,0,1
0,0.8834175,1
0,0,1
0,0,0
0,1,1
0,1,1
0,0,0
0,0,1
0,1,1
0,1,1
0,1,1
0,1,1
0,1,1
0,1,1
0,1,1
0,1,1
0,0,1
0,0,0
0,0,1
0,0,0
0,1,1
0,0,1
0,1,1
0,1,1
0,1,1
0,1,1
0,1,1
0,1,1
0,1,1
0,1,1
0,1,1
0,0,1
0,0,1
0,1,1
0,1,1
0,1,1
0,0,0
0,1,1
0,0,1
0,1,1
0,1,1
0,1,1
0,0,1
0,1,1
0,0,1
0,0.8672577,1
0,1,1
0,1,1
0,0.8630364,1
0,1,1
0,0,0
0,0,0
0,1,1
0,0,0
0,1,1
0,1,1
0,1,1
0,0,1
0,1,1
0,1,1
0,0,1
0,1,1
0,1,1
0,1,1
0,1,1
0,1,1
0,0,1
0,1,1
0,1,1
0,1,1
0,0,1
0,0,1
0,1,1
0,1,1
0,1,1
0,1,1
0,1,1
0,1,1
0,1,1
0,0,1
0,1,1
0,1,1
0,0,1
0,1,1
0,0,1
0,0.874561,1
0,1,1
0,1,1
0,1,1
0,1,1
0,1,1
0,1,1
0,1,1
0,1,1
0,0,0
0,1,1
0,1,1
0,1,1
0,1,1
0,1,1
0,1,1
0,1,1
0,1,1
0,0,1
0,1,1
0,1,1
0,0,0
0,0,0
0,0,1
0,0,1
0,1,1
0,0,1
0,0,1
0,1,1
0,1,1
0,1,1
0,1,1
0,1,1
0,0.7899235,1
0,0,0
0,1,1
0,1,1
0,0,0
0,0,1
0,0,0
0,0,0
0,0,0
0,0,1
0,1,1
0,1,1
0,1,1
0,0.8573532,1
0,1,1
0,0,0
0,1,1
0,1,1
0,1,1
0,1,1
0,1,1
0,1,1
0,0,1
0,1,1
0,0.8584701,1
0,1,1
0,1,1
0,1,1
0,1,1
0,1,1
0,1,1
0,1,1
0,1,1
0,1,1
0,1,1
0,1,1
0,1,1
0,1,1
0,1,1
0,0,1
0,0,0
0,0,1
0,0,1
0,1,1
0,1,1
0,1,1
0,1,1
0,1,1
0,0,1
0,1,1
0,1,1
0,1,1
0,0,0
0,1,1
0,1,1
0,0,1
0,0,1
0,0,1
0,1,1
0,1,1
0,0,1
0,0,1
0,1,1
0,0,1
0,1,1
0,1,1
0,1,1
0,1,1
0,0,1
0,1,1
0,1,1
0,1,1
0,1,1
0,1,1
0,1,1
0,1,1
0,1,1
0,1,1
0,1,1
0,0.8575534,1
0,1,1
0,0,1
0,1,1
0,1,1
0,0.8526541,1
0,1,1
0,1,1
0,1,1
0,0.8662941,1
0,1,1
0,1,1
0,1,1
0,0,1
0,0,0
0,0,1
0,0,1
0,0,0
0,0,1
0,0,1
0,1,1
0,0,1
0,1,1
0,0.8740708,1
0,0.860566,1
0,0,1
0,1,1
0,0,1
0,1,1
0,1,1
0,0,1
0,1,1
0,0,0
0,1,1
0,1,1
0,1,1
0,1,1
0,1,1
0,0,1
0,1,1
0,0,1
0,1,1
0,0,0
0,0,1
0,1,1
0,0,1
0,1,1
0,0,1
0,1,1
0,0,0
0,1,1
0,0,0
0,1,1
0,0,1
0,0,1
0,1,1
0,1,1
0,1,1
0,1,1
0,0,1
0,1,1
0,1,1
0,1,1
0,1,1
0,1,1
0,1,1
0,1,1
0,1,1
0,0.8659459,1
0,1,1
0,1,1
0,1,1
0,0,0
0,0,1
0,0,1
0,1,1
0,1,1
0,1,1
0,1,1
0,1,1
0,1,1
0,0,0
0,1,1
0,1,1
0,1,1
0,1,1
0,1,1
0,1,1
0,1,1
0,0,1
0,0.8611068,1
0,0.8607284,1
0,1,1
0,0,1
0,1,1
0,1,1
0,1,1
0,1,1
0,0,0
0,1,1
0,1,1
0,0,1
0,1,1
0,1,1
0,1,1
0,1,1
0,1,1
0,0,1
0,1,1
0,1,1
0,0,1
0,0,1
0,1,1
0,1,1
0,1,1
0,1,1
0,1,1
0,1,1
0,1,1
0,1,1
0,1,1
0,0,1
0,0,1
0,1,1
0,1,1
0,0.8628794,1
0,1,1
0,1,1
0,1,1
0,1,1
0,0,1
0,1,1
0,1,1
0,1,1
0,1,1
0,0,1
0,1,1
0,0,1
0,0,1
0,0.9921157,1
0,0,0
0,0.8629073,1
0,0,1
0,1,1
0,1,1
0,1,1
0,0.775472,1
0,1,1
0,0,1
0,0,0
0,1,1
0,0,0
0,1,1
0,0,1
0,1,1
0,0,1
0,1,1
0,0,0
0,1,1
0,0,1
0,1,1
0,0,1
0,0,0
0,0,1
0,1,1
0,0,0
0,0,1
0,1,1
0,0,0
0,1,1
0,1,1
0,1,1
0,1,1
0,0,0
0,1,1
0,1,1
0,0,1
0,1,1
0,0,1
0,1,1
0,1,1
0,0,1
0,1,1
0,0.8685411,1
0,1,1
0,0,1
0,0,1
0,1,1
0,0,1
0,0.8645356,1
0,0,1
0,1,1
0,0,1
0,0,1
0,0,1
0,1,1
0,1,1
0,0,1
0,1,1
0,1,1
0,1,1
0,1,1
0,1,1
0,0,1
0,1,1
0,1,1
0,1,1
0,1,1
0,1,1
0,1,1
0,1,1
0,0.8631078,1
0,0,1
0,0.868131,1
0,0,1
0,0.8671712,1
0,1,1
0,1,1
0,1,1
0,1,1
0,0.9521421,1
0,0,1
0,1,1
0,0,1
0,1,1
0,0,1
0,1,1
0,1,1
0,1,1
0,1,1
0,1,1
0,1,1
0,0,1
0,0,1
0,1,1
0,1,1
0,0,1
0,1,1
0,1,1
0,1,1
0,1,1
0,1,1
0,0,1
0,0,1
0,1,1
0,0,1
0,1,1
0,1,1
0,1,1
0,0,1
0,0,0
0,0,1
0,1,1
0,1,1
0,1,1
0,0,1
0,0,1
0,1,1
0,1,1
0,1,1
0,0,1
0,1,1
0,0,1
0,1,1
0,0,1
0,0.8693975,1
0,0,1
0,0,1
0,1,1
0,1,1
0,1,1
0,1,1
0,0.8636192,1
0,1,1
0,0,0
0,1,1
0,0,1
0,0,1
0,0,0
0,0.871695,1
0,0,1
0,1,1
0,1,1
0,0,1
0,1,1
0,0,0
0,1,1
0,0,1
0,1,1
0,1,1
0,1,1
0,1,1
0,1,1
0,0,0
0,0,0
0,0,1
0,0,1
0,1,1
0,0,1
0,1,1
0,1,1
0,0,1
0,1,1
0,0,1
0,0,1
0,0,0
0,1,1
0,1,1
0,1,1
0,0,1
0,1,1
0,0,1
0,0.7235273,1
0,0,1
0,0,0
0,1,1
0,1,1
0,0,1
0,0,0
0,1,1
0,1,1
0,1,1
0,0,1
0,1,1
0,1,1
0,0,1
0,1,1
0,0,1
0,1,1
0,1,1
0,0,1
0,1,1
0,0.8998756,1
0,0,1
0,1,1
0,1,1
0,1,1
0,0,1
0,1,1
0,1,1
0,1,1
0,0,1
0,1,1
0,0,1
0,1,1
0,1,1
0,1,1
0,1,1
0,1,1
0,1,1
0,0,1
0,0,1
0,1,1
0,1,1
0,0,1
0,0,1
0,1,1
0,1,1
0,0.8592857,1
0,1,1
0,1,1
0,1,1
0,1,1
0,0.8817393,1
0,0,0
0,0.8577709,1
0,0,1
0,0,0
0,1,1
0,0,1
0,1,1
0,1,1
0,0,0
0,1,1
0,0,1
0,0,1
0,1,1
0,1,1
0,1,1
0,0,0
0,0,1
0,1,1
0,0,1
0,0,1
0,0,0
0,0,0
0,0,0
0,1,1
0,1,1
0,0,0
0,1,1
0,1,1
0,0,0
0,1,1
0,1,1
0,0,0
0,0.7940204,1
0,0,0
0,0,1
0,1,1
0,1,1
0,1,1
0,1,1
0,1,1
0,0,0
0,1,1
0,1,1
0,1,1
0,1,1
0,1,1
0,0,1
0,1,1
0,1,1
0,1,1
0,1,1
0,1,1
0,1,1
0,0,1
0,1,1
0,0,1
0,1,1
0,1,1
0,0,1
0,1,1
0,0,1
0,1,1
0,1,1
0,0.8611953,1
0,1,1
0,1,1
0,0,1
0,0,1
0,1,1
0,1,1
0,0,0
0,1,1
0,1,1
0,1,1
0,1,1
0,0,1
0,1,1
0,1,1
0,0,1
0,1,1
0,0,0
0,1,1
0,0.8730606,1
0,0,0
0,0,1
0,1,1
0,1,1
0,1,1
0,1,1
0,0,1
0,0,1
0,0.8651944,1
0,1,1
0,1,1
0,0,0
0,1,1
0,1,1
0,0,0
0,0,1
0,1,1
0,1,1
0,1,1
0,0.858108,1
0,1,1
0,0,1
0,1,1
0,1,1
0,0,0
0,1,1
0,0,0
0,1,1
0,0,1
0,1,1
0,1,1
0,0,0
0,1,1
0,1,1
0,1,1
0,0,1
0,0,1
0,0,1
0,1,1
0,1,1
0,0.8658223,1
0,0,1
0,1,1
0,1,1
0,1,1
0,1,1
0,1,1
0,1,1
0,1,1
0,1,1
0,0,0
0,1,1
0,1,1
0,0,1
0,0,1
0,1,1
0,1,1
0,1,1
0,1,1
0,1,1
0,1,1
0,0,1
0,1,1
0,1,1
0,1,1
0,0,1
0,1,1
0,0,0
0,1,1
0,1,1
0,1,1
0,1,1
0,0,1
0,0,0
0,0,0
0,1,1
0,1,1
0,1,1
0,1,1
0,1,1
0,1,1
0,1,1
0,1,1
0,1,1
0,0,1
0,1,1
0,1,1
0,1,1
0,1,1
0,0,1
0,0,0
0,1,1
0,1,1
0,0,0
0,1,1
0,0,1
0,1,1
0,1,1
0,1,1
0,0,1
0,1,1
0,1,1
0,0,1
0,1,1
0,0,1
0,1,1
0,0,1
0,1,1
0,1,1
0,0,0
0,1,1
0,1,1
0,0,1
0,1,1
0,0,1
0,1,1
0,1,1
0,1,1
0,1,1
0,1,1
0,1,1
0,0,1
0,1,1
0,1,1
0,1,1
0,0,1
0,1,1
0,1,1
0,1,1
0,0,1
0,0,1
0,1,1
0,1,1
0,1,1
0,1,1
0,1,1
0,0,1
0,0,1
0,1,1
0,1,1
0,1,1
0,0,1
0,0,0
0,1,1
0,1,1
0,1,1
0,1,1
0,0.8615502,1
0,1,1
0,1,1
0,0,0
0,1,1
0,0,1
0,1,1
0,1,1
0,0,1
0,1,1
0,1,1
0,1,1
0,0,1
0,1,1
0,1,1
0,0,1
0,1,1
0,0,1
0,0,1
0,0,1
0,1,1
0,0,0
0,1,1
0,1,1
0,1,1
0,0,0
0,1,1
0,1,1
0,1,1
0,1,1
0,1,1
0,0,1
0,0,1
0,0,1
0,0,1
0,1,1
0,1,1
0,1,1
0,0,1
0,0,1
0,1,1
0,0,1
0,0,0
0,1,1
0,0,0
0,0,1
0,0,1
0,1,1
0,1,1
0,1,1
0,1,1
0,1,1
0,0,1
0,0,1
0,1,1
0,0,0
0,1,1
0,0,1
0,1,1
0,0,1
0,1,1
0,0,1
0,1,1
0,1,1
0,1,1
0,1,1
0,0.7827879,1
0,0,1
0,1,1
0,1,1
0,1,1
0,1,1
0,0,1
0,1,1
0,0,1
0,1,1
0,1,1
0,0,1
0,1,1
0,1,1
0,0,0
0,0,0
0,0,1
0,1,1
0,1,1
0,1,1
0,1,1
0,1,1
0,1,1
0,1,1
0,0,1
0,1,1
0,1,1
0,1,1
0,0,1
0,1,1
0,1,1
0,0,1
0,0.8607117,1
0,0,0
0,1,1
0,1,1
0,0,1
0,1,1
0,1,1
0,1,1
0,1,1
0,1,1
0,1,1
0,1,1
0,1,1
0,0,1
0,1,1
0,1,1
0,0.857597,1
0,1,1
0,1,1
0,1,1
0,1,1
0,1,1
0,1,1
0,0,1
0,0,1
0,0,0
0,1,1
0,1,1
0,0.7229288,1
0,1,1
0,0,1
0,1,1
0,0,0
0,0,1
0,1,1
0,1,1
0,1,1
0,0,1
0,1,1
0,1,1
0,1,1
0,1,1
0,1,1
0,1,1
0,1,1
0,1,1
0,0,1
0,1,1
0,0,0
0,1,1
0,0,1
0,0,1
0,1,1
0,0.8698119,1
0,1,1
0,1,1
0,1,1
0,1,1
0,1,1
0,1,1
0,0,0
0,1,1
0,0.8588265,1
0,1,1
0,1,1
0,1,1
0,0,1
0,0,0
0,0,1
0,1,1
0,1,1
0,0,1
0,1,1
0,1,1
0,1,1
0,1,1
0,1,1
0,0.8737041,1
0,0,0
0,1,1
0,0,1
0,1,1
0,0,1
0,1,1
0,0,1
0,1,1
0,1,1
0,0,1
0,1,1
0,1,1
0,1,1
0,1,1
0,0,1
0,0,0
0,1,1
0,0,1
0,1,1
0,0,1
0,0,1
0,0,1
0,1,1
0,1,1
0,0,0
0,1,1
0,1,1
0,1,1
0,0,1
0,1,1
0,1,1
0,1,1
0,1,1
0,1,1
0,1,1
0,0.7031351,1
0,0,1
0,1,1
0,1,1
0,1,1
0,1,1
0,1,1
0,1,1
0,1,1
0,0,1
0,0,0
0,1,1
0,0,1
0,0,1
0,0,1
0,1,1
0,1,1
0,1,1
0,0.8664407,1
0,1,1
0,1,1
0,1,1
0,0,0
0,1,1
0,0,0
0,0,0
0,0,1
0,1,1
0,0.8676115,1
0,1,1
0,0,0
0,1,1
0,0,0
0,0,1
0,1,1
0,1,1
0,1,1
0,1,1
0,0,1
0,0,0
0,1,1
0,1,1
0,1,1
0,1,1
0,0,1
0,0,0
0,0,0
0,1,1
0,0,0
0,0,0
0,1,1
0,0,1
0,0,1
0,1,1
0,1,1
0,0,1
0,1,1
0,0,1
0,0,1
0,1,1
0,0.8651503,1
0,1,1
0,0,1
0,1,1
0,1,1
0,0,1
0,1,1
0,1,1
0,0,1
0,1,1
0,1,1
0,0,1
0,0,1
0,1,1
0,1,1
0,0,1
0,1,1
0,0,0
0,1,1
0,0,1
0,1,1
0,1,1
0,1,1
0,0,0
0,0,1
0,1,1
0,1,1
0,1,1
0,1,1
0,0.8583983,1
0,1,1
0,1,1
0,1,1
0,1,1
0,1,1
0,0,1
0,1,1
0,1,1
0,1,1
0,1,1
0,1,1
0,0,1
0,0,0
0,1,1
0,1,1
0,0,1
0,1,1
0,0,1
0,0,0
0,0,1
0,1,1
0,1,1
0,1,1
0,1,1
0,1,1
0,1,1
0,1,1
0,1,1
0,1,1
0,0,1
0,1,1
0,1,1
0,0,1
0,1,1
0,0,1
0,1,1
0,1,1
0,1,1
0,1,1
0,1,1
0,1,1
0,0.8605641,1
0,0.8628066,1
0,1,1
0,1,1
0,0,1
0,1,1
0,0,1
0,1,1
0,0,1
0,1,1
0,0,1
0,0,1
0,1,1
0,0,1
0,1,1
0,0,0
0,1,1
0,0.8680123,1
0,1,1
0,1,1
0,0,1
0,1,1
0,1,1
0,1,1
0,0,0
0,1,1
0,1,1
0,1,1
0,1,1
0,1,1
0,1,1
0,1,1
0,0.7782347,1
0,0,0
0,0,1
0,0,0
0,1,1
0,1,1
0,0,1
0,1,1
0,1,1
0,0,0
0,0,0
0,1,1
0,0,1
0,0,1
0,1,1
0,1,1
0,1,1
0,1,1
0,0,1
0,0,1
0,1,1
0,0.8290393,1
0,0,1
0,1,1
0,1,1
0,0,1
0,0,1
0,1,1
0,0,1
0,0,1
0,1,1
0,0,1
0,1,1
0,1,1
0,1,1
0,0,1
0,1,1
0,1,1
0,0,1
0,0,1
0,1,1
0,0,1
0,1,1
0,1,1
0,1,1
0,1,1
0,1,1
0,1,1
0,1,1
0,1,1
0,0,1
0,0,1
0,0,1
0,1,1
0,0,0
0,1,1
0,0,0
0,1,1
0,0,1
0,1,1
0,0.8639593,1
0,0.8593222,1
0,0,1
0,0,0
0,1,1
0,1,1
0,0,1
0,0,1
0,0,1
0,1,1
0,0,1
0,0,1
0,1,1
0,1,1
0,1,1
0,0,1
0,1,1
0,1,1
0,0,1
0,0,1
0,0,1
0,1,1
0,0,1
0,0,1
0,1,1
0,1,1
0,1,1
0,0,1
0,1,1
0,0,1
0,1,1
0,1,1
0,1,1
0,0,1
0,1,1
0,0,1
0,1,1
0,1,1
0,1,1
0,1,1
0,0,1
0,1,1
0,0,1
0,0,1
0,0,1
0,0,1
0,0,1
0,1,1
0,1,1
0,0,1
0,1,1
0,1,1
0,0,0
0,0,1
0,0,0
0,1,1
0,1,1
0,1,1
0,0,0
0,0,1
0,0,1
0,0,1
0,0,1
0,0,1
0,1,1
0,0.8605109,1
0,0,1
0,0,0
0,1,1
0,0,1
0,1,1
0,1,1
0,1,1
0,0,1
0,1,1
0,1,1
0,1,1
0,1,1
0,1,1
0,1,1
0,1,1
0,1,1
0,0,1
0,0,1
0,0,1
0,0,0
0,0.867046,1
0,1,1
0,0,0
0,0,1
0,0.8686544,1
0,0,0
0,1,1
0,0,1
0,0,1
0,0,0
0,0,1
0,1,1
0,0,1
0,1,1
0,0.7606893,1
0,1,1
0,1,1
0,1,1
0,1,1
0,1,1
0,1,1
0,0,1
0,1,1
0,1,1
0,0,1
0,0,1
0,1,1
0,1,1
0,0,1
0,1,1
0,0.8647004,1
0,1,1
0,1,1
0,0,1
0,1,1
0,1,1
0,1,1
0,1,1
0,0,1
0,1,1
0,1,1
0,0,1
0,1,1
0,1,1
0,1,1
0,1,1
0,1,1
0,0,1
0,1,1
0,1,1
0,1,1
0,0,0
0,1,1
0,1,1
0,1,1
0,1,1
0,1,1
0,0,0
0,1,1
0,1,1
0,1,1
0,1,1
0,0,0
0,1,1
0,1,1
0,1,1
0,0,0
0,1,1
0,1,1
0,1,1
0,1,1
0,1,1
0,0,1
0,0.8666266,1
0,1,1
0,0,1
0,0,0
0,1,1
0,1,1
0,0.8579508,1
0,1,1
0,1,1
0,1,1
0,1,1
0,1,1
0,1,1
0,0,1
0,1,1
0,1,1
0,1,1
0,0,1
0,0,0
0,0,1
0,1,1
0,1,1
0,0,1
0,1,1
0,1,1
0,0.8522781,1
0,0,0
0,1,1
0,1,1
0,1,1
0,0,0
0,1,1
0,0,1
0,1,1
0,1,1
0,1,1
0,1,1
0,0,1
0,0,0
0,1,1
0,1,1
0,1,1
0,1,1
0,1,1
0,1,1
0,0,0
0,0,1
0,1,1
0,1,1
0,0.8577501,1
0,1,1
0,0,1
0,0,1
0,0,1
0,1,1
0,0,0
0,1,1
0,0,0
0,0,1
0,0,1
0,0,1
0,1,1
0,0,1
0,0,0
0,1,1
0,0.8743521,1
0,1,1
0,1,1
0,1,1
0,0,1
0,0,1
0,1,1
0,1,1
0,0,1
0,1,1
0,1,1
0,0.8636218,1
0,1,1
0,1,1
0,1,1
0,1,1
0,0,1
0,0,1
0,1,1
0,1,1
0,1,1
0,1,1
0,1,1
0,1,1
0,0,1
0,1,1
0,0,0
0,1,1
0,1,1
0,1,1
0,0.8518211,1
0,1,1
0,0,0
0,1,1
0,1,1
0,0,1
0,1,1
0,1,1
0,1,1
0,1,1
0,1,1
0,1,1
0,1,1
0,1,1
0,1,1
0,1,1
0,1,1
0,1,1
0,1,1
0,0,1
0,1,1
0,0,0
0,0,1
0,0,1
0,1,1
0,0,1
0,0.8012041,1
0,0,1
0,1,1
0,0,1
0,0,1
0,1,1
0,0,1
0,1,1
0,0,1
0,1,1
0,1,1
0,1,1
0,1,1
0,0,1
0,1,1
0,1,1
0,0,0
0,1,1
0,1,1
0,1,1
0,1,1
0,0,1
0,1,1
0,1,1
0,1,1
0,0,1
0,1,1
0,0,0
0,1,1
0,0,1
0,0,1
0,1,1
0,1,1
0,0,0
0,0,1
0,1,1
0,1,1
0,0,1
0,1,1
0,0,1
0,0,1
0,1,1
0,1,1
0,1,1
0,1,1
0,1,1
0,1,1
0,0,1
0,1,1
0,1,1
0,1,1
0,1,1
0,0,1
0,1,1
0,0,0
0,1,1
0,1,1
0,0,1
0,0,0
0,1,1
0,0,1
0,1,1
0,1,1
0,0,1
0,0,1
0,1,1
0,1,1
0,1,1
0,1,1
0,1,1
0,1,1
0,0,0
0,0,0
0,1,1
0,1,1
0,1,1
0,0,1
0,0,1
0,0,1
0,0,1
0,1,1
0,0.8600842,1
0,1,1
0,1,1
0,1,1
0,1,1
0,1,1
0,1,1
0,1,1
0,1,1
0,0,1
0,0,1
0,1,1
0,1,1
0,0.8598405,1
0,1,1
0,1,1
0,0,0
0,0,0
0,0,1
0,0,1
0,1,1
0,1,1
0,1,1
0,0,1
0,1,1
0,0,1
0,1,1
0,0,1
0,0.8614833,1
0,0,1
0,0,1
0,1,1
0,0,1
0,0.8556466,1
0,1,1
0,1,1
0,0,1
0,0,1
0,1,1
0,1,1
0,0,1
0,1,1
0,0,1
0,1,1
0,0,0
0,0,0
0,1,1
0,1,1
0,1,1
0,0,1
0,0,1
0,0,0
0,1,1
0,1,1
0,0,1
0,1,1
0,1,1
0,0.8677112,1
0,1,1
0,0,1
0,1,1
0,0,1
0,1,1
0,1,1
0,0,1
0,0,1
0,1,1
0,0,1
0,0,1
0,1,1
0,0,1
0,1,1
0,1,1
0,1,1
0,0,1
0,1,1
0,1,1
0,1,1
0,1,1
0,0,1
0,1,1
0,1,1
0,1,1
0,1,1
0,1,1
0,0,0
0,0,1
0,0,1
0,0,1
0,0,1
0,1,1
0,0,1
0,1,1
0,1,1
0,0,1
0,1,1
0,1,1
0,0.7491759,1
0,1,1
0,1,1
0,0,1
0,1,1
0,1,1
0,1,1
0,1,1
0,0,1
0,1,1
0,0,0
0,1,1
0,0,0
0,0,1
0,0,1
0,1,1
0,1,1
0,0,0
0,0,1
0,1,1
0,1,1
0,1,1
0,1,1
0,1,1
0,1,1
0,1,1
0,1,1
0,0,1
0,1,1
0,1,1
0,1,1
0,1,1
0,1,1
0,1,1
0,1,1
0,1,1
0,1,1
0,0.7372807,1
0,0,1
0,1,1
0,0,1
0,0,1
0,0,1
0,1,1
0,1,1
0,1,1
0,0,1
0,1,1
0,0,1
0,1,1
0,0,1
0,0,1
0,1,1
0,1,1
0,1,1
0,1,1
0,0,1
0,0,1
0,1,1
0,0,1
0,0.8614088,1
0,0,1
0,1,1
0,0,1
0,0.8645154,1
0,0,1
0,1,1
0,0,1
0,1,1
0,1,1
0,0,1
0,1,1
0,0,1
0,0,1
0,1,1
0,0,0
0,0.8587836,1
0,0,1
0,1,1
0,0,1
0,1,1
0,0,1
0,0.7040826,1
0,1,1
0,0,1
0,1,1
0,1,1
0,0,1
0,1,1
0,0,0
0,0,1
0,0,1
0,0,1
0,0.8685281,1
0,1,1
0,1,1
0,0,1
0,0,1
0,0,1
0,1,1
0,1,1
0,1,1
0,0,1
0,1,1
0,1,1
0,1,1
0,1,1
0,1,1
0,1,1
0,1,1
0,1,1
0,1,1
0,0,1
0,0,1
0,1,1
0,0,1
0,0,1
0,1,1
0,0,1
0,0,1
0,0,1
0,1,1
0,0.859778,1
0,0,1
0,1,1
0,0,0
0,0,0
0,0,0
0,1,1
0,0,1
0,0,1
0,0.8565222,1
0,0,0
0,0,1
0,1,1
0,1,1
0,0,1
0,1,1
0,0,1
0,1,1
0,1,1
0,0,1
0,1,1
0,1,1
0,1,1
0,1,1
0,1,1
0,1,1
0,0,1
0,0,1
0,0.8617152,1
0,1,1
0,1,1
0,0.8570145,1
0,1,1
0,0.8676192,1
0,1,1
0,0,1
0,0,1
0,0,1
0,0,0
0,1,1
0,0,1
0,0,1
0,0,0
0,1,1
0,1,1
0,0,1
0,0,0
0,0,1
0,1,1
0,0,1
0,1,1
0,1,1
0,0,1
0,1,1
0,1,1
0,1,1
0,0,1
0,0.8587118,1
0,1,1
0,1,1
0,1,1
0,1,1
0,1,1
0,0,1
0,1,1
0,0,1
0,1,1
0,1,1
0,1,1
0,1,1
0,1,1
0,0.859603,1
0,0,1
0,1,1
0,1,1
0,1,1
0,0,1
0,0,1
0,0,1
0,1,1
0,1,1
0,1,1
0,1,1
0,0,1
0,1,1
0,0.8583008,1
0,0,1
0,1,1
0,1,1
0,0,1
0,0,1
0,0,1
0,0,1
0,1,1
0,0,1
0,0,1
0,1,1
0,0,1
0,0,0
0,1,1
0,1,1
0,1,1
0,0,1
0,1,1
0,1,1
0,1,1
0,1,1
0,1,1
0,0,1
0,1,1
0,0,1
0,1,1
0,0,1
0,1,1
0,1,1
0,1,1
0,1,1
0,1,1
0,1,1
0,1,1
0,1,1
0,0,0
0,1,1
0,0,0
0,0,1
0,1,1
0,1,1
0,1,1
0,1,1
0,1,1
0,1,1
0,1,1
0,1,1
0,0,1
0,1,1
0,1,1
0,1,1
0,0,1
0,0,1
0,1,1
0,0,1
0,1,1
0,1,1
0,1,1
0,0,1
0,1,1
0,1,1
0,1,1
0,0.8644063,1
0,0,1
0,0,1
0,0,0
0,1,1
0,1,1
0,1,1
0,1,1
0,1,1
0,0,1
0,0,0
0,1,1
0,1,1
0,1,1
0,1,1
0,1,1
0,0,1
0,0,1
0,0,1
0,1,1
0,0,0
0,1,1
0,0,0
0,0,1
0,1,1
0,1,1
0,1,1
0,1,1
0,1,1
0,0,1
0,1,1
0,1,1
0,0,1
0,1,1
0,1,1
0,0,1
0,0,1
0,1,1
0,0,1
0,1,1
0,0,1
0,1,1
0,0,0
0,1,1
0,1,1
0,1,1
0,0,1
0,0,0
0,1,1
0,0,1
0,1,1
0,1,1
0,1,1
0,1,1
0,1,1
0,0.853187,1
0,0,1
0,1,1
0,1,1
0,1,1
0,1,1
0,0,1
0,1,1
0,0,1
0,1,1
0,0,0
0,1,1
0,0,1
0,1,1
0,1,1
0,1,1
0,1,1
0,1,1
0,0,1
0,0.8580006,1
0,0,1
0,1,1
0,1,1
0,1,1
0,1,1
0,1,1
0,1,1
0,1,1
0,0.8746085,1
0,0,1
0,0,1
0,0,1
0,1,1
0,0,1
0,1,1
0,1,1
0,1,1
0,1,1
0,0,1
0,0,0
0,0,0
0,0,1
0,1,1
0,1,1
0,1,1
0,1,1
0,0,0
0,0,1
0,1,1
0,1,1
0,1,1
0,1,1
0,0,0
0,1,1
0,0,1
0,1,1
0,0,0
0,0,1
0,1,1
0,1,1
0,1,1
0,1,1
0,0,1
0,1,1
0,1,1
0,1,1
0,0,1
0,0,1
0,1,1
0,0,1
0,1,1
0,0,1
0,1,1
0,1,1
0,1,1
0,0,1
0,0,0
0,1,1
0,1,1
0,1,1
0,0,0
0,1,1
0,0,1
0,0,0
0,0,1
0,1,1
0,1,1
0,0,1
0,1,1
0,1,1
0,0.8574725,1
0,1,1
0,1,1
0,1,1
0,0,0
0,1,1
0,0,1
0,1,1
0,0,1
0,1,1
0,1,1
0,1,1
0,1,1
0,0,0
0,1,1
0,1,1
0,1,1
0,1,1
0,1,1
0,1,1
0,0,1
0,1,1
0,0,1
0,0.8647165,1
0,0,1
0,1,1
0,0,1
0,1,1
0,1,1
0,0,1
0,1,1
0,1,1
0,0,1
0,1,1
0,0,1
0,0,1
0,1,1
0,1,1
0,1,1
0,1,1
0,1,1
0,1,1
0,0,1
0,1,1
0,1,1
0,0,1
0,1,1
0,1,1
0,1,1
0,1,1
0,1,1
0,1,1
0,1,1
0,0,0
0,1,1
0,1,1
0,0,1
0,1,1
0,1,1
0,0,1
0,1,1
0,1,1
0,0,1
0,1,1
0,1,1
0,1,1
0,0,1
0,1,1
0,0,1
0,1,1
0,1,1
0,1,1
0,0.8679547,1
0,0.7739576,1
0,1,1
0,0,0
0,0.8626051,1
0,1,1
0,1,1
0,1,1
0,1,1
0,0,1
0,1,1
0,1,1
0,1,1
0,0,1
0,0,1
0,0.8614858,1
0,1,1
0,1,1
0,1,1
0,1,1
0,0,1
0,0,0
0,0,1
0,0,1
0,0,1
0,0,1
0,0,1
0,1,1
0,1,1
0,1,1
0,1,1
0,1,1
0,1,1
0,1,1
0,0.7164258,1
0,0.8528192,1
0,1,1
0,1,1
0,0,0
0,1,1
0,1,1
0,1,1
0,0,0
0,0,0
0,1,1
0,1,1
0,1,1
0,0,1
0,0,1
0,1,1
0,0,1
0,1,1
0,1,1
0,0,1
0,0,1
0,0,1
0,0,1
0,1,1
0,1,1
0,1,1
0,1,1
0,1,1
0,1,1
0,1,1
0,1,1
0,1,1
0,0.8616252,1
0,1,1
0,1,1
0,1,1
0,1,1
0,0.7621311,1
0,1,1
0,1,1
0,1,1
0,1,1
0,0,1
0,1,1
0,1,1
0,1,1
0,0,1
0,1,1
0,1,1
0,0,0
0,0,1
0,1,1
0,1,1
0,1,1
0,1,1
0,1,1
0,1,1
0,0,1
0,1,1
0,0,1
0,1,1
0,1,1
0,0,1
0,0,1
0,0.8813008,1
0,1,1
0,1,1
0,1,1
0,1,1
0,1,1
0,0,1
0,1,1
0,1,1
0,1,1
0,0,1
0,0,1
0,1,1
0,1,1
0,1,1
0,1,1
0,1,1
0,1,1
0,1,1
0,1,1
0,1,1
0,1,1
0,0,1
0,1,1
0,1,1
0,1,1
0,1,1
0,0,1
0,1,1
0,0,1
0,1,1
0,1,1
0,1,1
0,1,1
0,0,1
0,1,1
0,0,0
0,0,1
0,0,1
0,1,1
0,1,1
0,1,1
0,0,1
0,0,1
0,1,1
0,1,1
0,1,1
0,1,1
0,0,0
0,1,1
0,0,0
0,1,1
0,0,1
0,1,1
0,1,1
0,0,1
0,1,1
0,0,1
0,1,1
0,1,1
0,1,1
0,1,1
0,1,1
0,1,1
0,1,1
0,1,1
0,1,1
0,1,1
0,0,1
0,0,1
0,0,1
0,1,1
0,1,1
0,0,1
0,1,1
0,1,1
0,1,1
0,1,1
0,1,1
0,0,1
0,1,1
0,1,1
0,1,1
0,1,1
0,1,1
0,1,1
0,1,1
0,0,0
0,1,1
0,1,1
0,0,1
0,0,1
0,0,0
0,0,1
0,0,1
0,1,1
0,0,1
0,0,1
0,1,1
0,1,1
0,1,1
0,0.8626077,1
0,0,0
0,0,1
0,1,1
0,1,1
0,1,1
0,0,1
0,1,1
0,1,1
0,0,1
0,1,1
0,1,1
0,0,1
0,0,0
0,1,1
0,1,1
0,1,1
0,0,0
0,0,1
0,1,1
0,0,1
0,0,1
0,1,1
0,0,0
0,1,1
0,1,1
0,0.8526033,1
0,0,1
0,1,1
0,1,1
0,1,1
0,1,1
0,0,1
0,0,0
0,0,1
0,0,1
0,1,1
0,0,1
0,1,1
0,1,1
0,1,1
0,1,1
0,0,1
0,1,1
0,0,1
0,1,1
0,0,1
0,1,1
0,0,1
0,1,1
0,0,1
0,1,1
0,0,1
0,1,1
0,1,1
0,1,1
0,1,1
0,0,1
0,0,1
0,0,1
0,1,1
0,1,1
0,0,0
0,0,1
0,1,1
0,0,0
0,1,1
0,1,1
0,1,1
0,0,1
0,1,1
0,1,1
0,1,1
0,1,1
0,1,1
0,1,1
0,1,1
0,1,1
0,0,1
0,1,1
0,1,1
0,0.7089945,1
0,1,1
0,1,1
0,0.87889,1
0,1,1
0,1,1
0,0,1
0,0,1
0,1,1
0,0,1
0,1,1
0,1,1
0,1,1
0,0,0
0,0,1
0,1,1
0,1,1
0,1,1
0,1,1
0,1,1
0,1,1
0,1,1
0,1,1
0,0,1
0,1,1
0,1,1
0,1,1
0,0,1
0,1,1
0,1,1
0,0,1
0,1,1
0,0,1
0,1,1
0,1,1
0,0,0
0,1,1
0,1,1
0,0,0
0,1,1
0,1,1
0,1,1
0,0,1
0,1,1
0,1,1
0,0,1
0,1,1
0,1,1
0,1,1
0,1,1
0,1,1
0,1,1
0,1,1
0,1,1
0,1,1
0,1,1
0,1,1
0,1,1
0,0,1
0,0,1
0,1,1
0,1,1
0,0,0
0,1,1
0,1,1
0,0,0
0,1,1
0,0,0
0,0,1
0,0,1
0,1,1
0,1,1
0,1,1
0,0,1
0,1,1
0,0,1
0,1,1
0,1,1
0,0,0
0,1,1
0,1,1
0,0,1
0,1,1
0,1,1
0,1,1
0,1,1
0,1,1
0,0.8567814,1
0,1,1
0,1,1
0,1,1
0,0,1
0,1,1
0,0,1
0,1,1
0,0,0
0,1,1
0,1,1
0,1,1
0,0,0
0,1,1
0,1,1
0,1,1
0,1,1
0,0,1
0,0,1
0,0,1
0,1,1
0,1,1
0,1,1
0,0,1
0,1,1
0,1,1
0,1,1
0,1,1
0,1,1
0,0,1
0,1,1
0,1,1
0,0,1
0,0,1
0,1,1
0,0,1
0,1,1
0,1,1
0,1,1
0,0,1
0,0,0
0,1,1
0,1,1
0,1,1
0,1,1
0,1,1
0,1,1
0,0,0
0,1,1
0,1,1
0,1,1
0,1,1
0,1,1
0,1,1
0,1,1
0,0,0
0,1,1
0,0.862626,1
0,0,1
0,0,1
0,1,1
0,1,1
0,1,1
0,0,1
0,0,1
0,1,1
0,0,1
0,1,1
0,1,1
0,1,1
0,1,1
0,1,1
0,1,1
0,1,1
0,1,1
0,1,1
0,0,1
0,0,1
0,1,1
0,1,1
0,1,1
0,1,1
0,0,1
0,1,1
0,0.8678772,1
0,0,1
0,1,1
0,0,1
0,0,0
0,1,1
0,0,1
0,0,1
0,1,1
0,1,1
0,0,0
0,1,1
0,0,1
0,1,1
0,1,1
0,1,1
0,1,1
0,1,1
0,0,1
0,1,1
0,1,1
0,0,0
0,0,0
0,1,1
0,1,1
0,1,1
0,1,1
0,1,1
0,0.8751637,1
0,1,1
0,1,1
0,0,1
0,1,1
0,0,1
0,1,1
0,1,1
0,1,1
0,1,1
0,1,1
0,1,1
0,0,0
0,1,1
0,0,1
0,0,1
0,1,1
0,1,1
0,1,1
0,0.8642319,1
0,1,1
0,0,1
0,1,1
0,0,0
0,1,1
0,0.8617827,1
0,0,1
0,1,1
0,1,1
0,1,1
0,0,1
0,1,1
0,1,1
0,1,1
0,1,1
0,1,1
0,1,1
0,1,1
0,1,1
0,1,1
0,1,1
0,0,1
0,0,1
0,0.8615621,1
0,0,1
0,1,1
0,0,1
0,0,1
0,0,1
0,0,1
0,1,1
0,1,1
0,1,1
0,1,1
0,1,1
0,1,1
0,1,1
0,0,1
0,1,1
0,1,1
0,1,1
0,0,1
0,0.8656005,1
0,1,1
0,1,1
0,1,1
0,0,0
0,1,1
0,1,1
0,1,1
0,1,1
0,1,1
0,0,1
0,0,1
0,1,1
0,1,1
0,1,1
0,1,1
0,1,1
0,1,1
0,1,1
0,1,1
0,0,1
0,0.8524206,1
0,1,1
0,0,1
0,0,1
0,1,1
0,1,1
0,1,1
0,1,1
0,0,1
0,1,1
0,0,1
0,1,1
0,1,1
0,1,1
0,1,1
0,1,1
0,0,0
0,1,1
0,0,0
0,1,1
0,0.8605245,1
0,0,0
0,1,1
0,1,1
0,1,1
0,0,1
0,1,1
0,1,1
0,1,1
0,1,1
0,1,1
0,1,1
0,1,1
0,1,1
0,1,1
0,0,1
0,0,1
0,1,1
0,1,1
0,1,1
0,0,1
0,1,1
0,1,1
0,1,1
0,1,1
0,0.8604928,1
0,1,1
0,0,0
0,0,0
0,1,1
0,1,1
0,1,1
0,1,1
0,1,1
0,1,1
0,0,1
0,0,1
0,0,1
0,0,1
0,0,1
0,0,1
0,1,1
0,1,1
0,0,0
0,0,1
0,0,1
0,1,1
0,1,1
0,0,1
0,1,1
0,0,0
0,1,1
0,1,1
0,0,1
0,0,0
0,1,1
0,0,0
0,1,1
0,1,1
0,1,1
0,1,1
0,0,0
0,1,1
0,0,1
0,1,1
0,1,1
0,1,1
0,0,1
0,0,1
0,1,1
0,0,1
0,1,1
0,1,1
0,0,1
0,1,1
0,0,1
0,1,1
0,1,1
0,1,1
0,1,1
0,1,1
0,0,1
0,0,0
0,1,1
0,0,1
0,0,1
0,1,1
0,0,1
0,0,1
0,0,1
0,0,1
0,1,1
0,0,0
0,1,1
0,1,1
0,0,1
0,1,1
0,1,1
0,0,0
0,1,1
0,1,1
0,0,1
0,0,1
0,0,1
0,0,1
0,0,1
0,1,1
0,0,0
0,0,1
0,0,1
0,1,1
0,1,1
0,1,1
0,1,1
0,0,1
0,0,1
0,0,1
0,1,1
0,1,1
0,1,1
0,1,1
0,1,1
0,1,1
0,0,1
0,1,1
0,1,1
0,1,1
0,1,1
0,0.8608993,1
0,1,1
0,1,1
0,1,1
0,0,1
0,1,1
0,1,1
0,0,0
0,1,1
0,1,1
0,0.7029427,1
0,0,1
0,0,0
0,1,1
0,1,1
0,0,1
0,1,1
0,1,1
0,1,1
0,0,0
0,0,0
0,0,1
0,1,1
0,0.864904,1
0,0,0
0,1,1
0,0,1
0,1,1
0,1,1
0,1,1
0,0,1
0,1,1
0,0,1
0,1,1
0,0,1
0,0,1
0,0.8550142,1
0,1,1
0,0,1
0,0,0
0,1,1
0,1,1
0,1,1
0,1,1
0,1,1
0,0,1
0,1,1
0,1,1
0,0,1
0,1,1
0,0,1
0,1,1
0,1,1
0,0,1
0,0,1
0,0,1
0,1,1
0,0,1
0,1,1
0,1,1
0,1,1
0,1,1
0,1,1
0,0,1
0,1,1
0,0,1
0,1,1
0,0,1
0,1,1
0,1,1
0,1,1
0,1,1
0,1,1
0,0,0
0,1,1
0,0,1
0,0,1
0,1,1
0,0,1
0,1,1
0,0,1
0,1,1
0,1,1
0,0,1
0,1,1
0,0,1
0,1,1
0,0,1
0,0,0
0,0,1
0,1,1
0,1,1
0,1,1
0,1,1
0,1,1
0,1,1
0,1,1
0,1,1
0,1,1
0,1,1
0,0.7872587,1
0,0,1
0,0.8621272,1
0,0,1
0,0,1
0,1,1
0,1,1
0,1,1
0,0,1
0,1,1
0,1,1
0,1,1
0,1,1
0,0.8595304,1
0,1,1
0,0,0
0,1,1
0,1,1
0,1,1
0,1,1
0,0,1
0,1,1
0,1,1
0,0,1
0,0,0
0,1,1
0,1,1
0,1,1
0,0,1
0,0,1
0,0,1
0,1,1
0,1,1
0,1,1
0,1,1
0,1,1
0,1,1
0,1,1
0,1,1
0,0,1
0,1,1
0,0,1
0,1,1
0,1,1
0,1,1
0,1,1
0,1,1
0,1,1
0,1,1
0,0,1
0,1,1
0,0,0
0,0,1
0,0,1
0,1,1
0,0,1
0,0,1
0,1,1
0,0,1
0,1,1
0,1,1
0,1,1
0,0,1
0,0,1
0,0,1
0,0.8663574,1
0,1,1
0,0,1
0,1,1
0,0,1
0,0,0
0,0,1
0,1,1
0,0,1
0,1,1
0,1,1
0,0,1
0,1,1
0,0,0
0,0,0
0,0,0
0,1,1
0,1,1
0,1,1
0,1,1
0,0,1
0,1,1
0,0,1
0,1,1
0,1,1
0,0,1
0,0,1
0,1,1
0,0,1
0,1,1
0,1,1
0,1,1
0,1,1
0,0,1
0,0,1
0,0,1
0,1,1
0,1,1
0,1,1
0,0,1
0,0.860797,1
0,1,1
0,1,1
0,0.8613707,1
0,0,1
0,1,1
0,1,1
0,1,1
0,0,0
0,0,1
0,1,1
0,1,1
0,1,1
0,1,1
0,0,1
0,1,1
0,0,0
0,0,0
0,0,1
0,1,1
0,0,0
0,1,1
0,1,1
0,1,1
0,1,1
0,0,0
0,0,1
0,1,1
0,0,0
0,0.8702232,1
0,1,1
0,1,1
0,0,1
0,1,1
0,1,1
0,1,1
0,1,1
0,1,1
0,1,1
0,0,1
0,1,1
0,1,1
0,0,0
0,1,1
0,1,1
0,0,1
0,1,1
0,1,1
0,1,1
0,1,1
0,1,1
0,1,1
0,0,1
0,1,1
0,1,1
0,1,1
0,1,1
0,1,1
0,1,1
0,0,1
0,0,1
0,1,1
0,0,0
0,1,1
0,0,0
0,1,1
0,1,1
0,1,1
0,0,1
0,1,1
0,0,1
0,1,1
0,1,1
0,1,1
0,1,1
0,1,1
0,1,1
0,1,1
0,0,1
0,1,1
0,0,1
0,1,1
0,1,1
0,0,0
0,0,1
0,1,1
0,0,0
0,1,1
0,1,1
0,1,1
0,1,1
0,1,1
0,1,1
0,0.8679825,1
0,0.8650314,1
0,1,1
0,1,1
0,0,1
0,1,1
0,1,1
0,1,1
0,1,1
0,0,1
0,0,1
0,1,1
0,1,1
0,1,1
0,0,0
0,1,1
0,1,1
0,0,1
0,1,1
0,0,0
0,1,1
0,1,1
0,0,1
0,0,1
0,0,1
0,1,1
0,1,1
0,1,1
0,1,1
0,1,1
0,0,0
0,1,1
0,0,1
0,1,1
0,1,1
0,0,1
0,1,1
0,0.865785,1
0,0,0
0,0,1
0,1,1
0,0.8707696,1
0,1,1
0,1,1
0,1,1
0,1,1
0,0,1
0,1,1
0,1,1
0,1,1
0,0,1
0,1,1
0,0,1
0,0,1
0,0,1
0,0,1
0,1,1
0,0.8566132,1
0,1,1
0,0,1
0,1,1
0,1,1
0,1,1
0,1,1
0,1,1
0,1,1
0,1,1
0,1,1
0,1,1
0,0,1
0,0,1
0,0,1
0,0,1
0,1,1
0,1,1
0,1,1
0,1,1
0,1,1
0,1,1
0,1,1
0,1,1
0,1,1
0,1,1
0,0,1
0,1,1
0,0,1
0,0,1
0,0,0
0,1,1
0,0,1
0,1,1
0,0,1
0,0,1
0,1,1
0,0.8660321,1
0,0,1
0,1,1
0,1,1
0,1,1
0,1,1
0,1,1
0,0.8796088,1
0,1,1
0,1,1
0,1,1
0,1,1
0,0,0
0,0,0
0,1,1
0,0,1
0,1,1
0,1,1
0,1,1
0,1,1
0,1,1
0,0,1
0,1,1
0,0,0
0,1,1
0,1,1
0,1,1
0,0,1
0,0,1
0,0.8684095,1
0,0,1
0,1,1
0,1,1
0,1,1
0,1,1
0,1,1
0,0,1
0,1,1
0,1,1
0,1,1
0,0,0
0,1,1
0,1,1
0,1,1
0,1,1
0,1,1
0,0,0
0,0,0
0,0,1
0,0,1
0,0,0
0,1,1
0,1,1
0,1,1
0,1,1
0,1,1
0,1,1
0,0,1
0,1,1
0,0,1
0,1,1
0,0,0
0,1,1
0,1,1
0,0,1
0,1,1
0,1,1
0,0,1
0,1,1
0,0,1
0,1,1
0,0,1
0,1,1
0,1,1
0,0,1
0,0.7381691,1
0,1,1
0,1,1
0,1,1
0,1,1
0,0,0
0,1,1
0,0,1
0,0,1
0,1,1
0,1,1
0,1,1
0,0,0
0,1,1
0,0.8598263,1
0,1,1
0,1,1
0,0,1
0,1,1
0,1,1
0,1,1
0,1,1
0,1,1
0,0,1
0,0,1
0,0,0
0,0,0
0,1,1
0,1,1
0,1,1
0,1,1
0,1,1
0,1,1
0,1,1
0,1,1
0,0,1
0,0,1
0,1,1
0,1,1
0,0,1
0,0,1
0,1,1
0,0,0
0,1,1
0,1,1
0,1,1
0,1,1
0,0.8671329,1
0,0,0
0,1,1
0,1,1
0,1,1
0,0,1
0,0,0
0,1,1
0,1,1
0,0,1
0,1,1
0,1,1
0,1,1
0,1,1
0,1,1
0,1,1
0,0,1
0,1,1
0,1,1
0,1,1
0,1,1
0,0,1
0,1,1
0,0.8637255,1
0,0,1
0,1,1
0,1,1
0,1,1
0,1,1
0,0.8806084,1
0,0,1
0,1,1
0,0,1
0,0,1
0,0,0
0,0,0
0,1,1
0,0,1
0,1,1
0,1,1
0,1,1
0,1,1
0,1,1
0,0,0
0,1,1
0,1,1
0,1,1
0,1,1
0,0,1
0,1,1
0,0,0
0,1,1
0,1,1
0,1,1
0,1,1
0,1,1
0,1,1
0,1,1
0,0,1
0,0,0
0,1,1
0,1,1
0,1,1
0,0,1
0,1,1
0,0,1
0,0,0
0,1,1
0,0,1
0,0,1
0,1,1
0,1,1
0,0,1
0,1,1
0,0,1
0,1,1
0,1,1
0,0,1
0,0,1
0,1,1
0,1,1
0,0.8605562,1
0,1,1
0,1,1
0,0,0
0,0,1
0,1,1
0,0,1
0,1,1
0,0,1
0,1,1
0,1,1
0,0,0
0,1,1
0,1,1
0,1,1
0,1,1
0,1,1
0,1,1
0,1,1
0,1,1
0,0,1
0,1,1
0,1,1
0,0,0
0,1,1
0,1,1
0,0,1
0,1,1
0,0,1
0,0.7615057,1
0,0,1
0,0,1
0,1,1
0,0,1
0,1,1
0,0,1
0,0,0
0,0,0
0,0.8704463,1
0,1,1
0,1,1
0,1,1
0,1,1
0,1,1
0,0,1
0,1,1
0,1,1
0,1,1
0,0,1
0,1,1
0,1,1
0,1,1
0,0.8566459,1
0,0,1
0,1,1
0,1,1
0,0,1
0,0,1
0,1,1
0,0,0
0,1,1
0,0,1
0,1,1
0,1,1
0,1,1
0,1,1
0,1,1
0,1,1
0,0.8615705,1
0,1,1
0,1,1
0,1,1
0,1,1
0,0,1
0,0,1
0,1,1
0,0,1
0,1,1
0,0,1
0,0,1
0,1,1
0,1,1
0,1,1
0,1,1
0,1,1
0,1,1
0,1,1
0,1,1
0,1,1
0,0,0
0,1,1
0,1,1
0,0,0
0,0,1
0,1,1
0,1,1
0,0,1
0,1,1
0,1,1
0,1,1
0,0,1
0,0,1
0,0,1
0,0,1
0,1,1
0,0,1
0,0,1
0,1,1
0,1,1
0,1,1
0,1,1
0,1,1
0,0,1
0,0,1
0,0,1
0,1,1
0,0,1
0,1,1
0,0,1
0,1,1
0,1,1
0,0,0
0,1,1
0,1,1
0,0,1
0,0,1
0,0,1
0,0,0
0,1,1
0,1,1
0,0,1
0,0.8634492,1
0,1,1
0,1,1
0,0,0
0,1,1
0,1,1
0,1,1
0,1,1
0,1,1
0,1,1
0,1,1
0,1,1
0,1,1
0,1,1
0,0,1
0,1,1
0,0,1
0,1,1
0,1,1
0,0,1
0,0,1
0,0.8647221,1
0,0,0
0,1,1
0,1,1
0,0,1
0,0,1
0,1,1
0,1,1
0,1,1
0,1,1
0,0,0
0,0,1
0,1,1
0,1,1
0,1,1
0,0.7678627,1
0,0,0
0,1,1
0,0,1
0,0,0
0,0,1
0,1,1
0,0,1
0,0,0
0,1,1
0,0,0
0,0,0
0,1,1
0,1,1
0,0,1
0,1,1
0,1,1
0,1,1
0,0,1
0,0,1
0,1,1
0,0,1
0,1,1
0,0,1
0,1,1
0,0,0
0,0,1
0,0,1
0,0,1
0,1,1
0,0.865206,1
0,1,1
0,1,1
0,0,0
0,0,0
0,1,1
0,1,1
0,1,1
0,1,1
0,1,1
0,0,0
0,1,1
0,0,1
0,1,1
0,0,1
0,0,1
0,1,1
0,1,1
0,1,1
0,0,1
0,1,1
0,0,1
0,0,0
0,1,1
0,1,1
0,0,1
0,0,1
0,1,1
0,1,1
0,1,1
0,1,1
0,0,1
0,1,1
0,1,1
0,0,1
0,1,1
0,1,1
0,0.8013252,1
0,1,1
0,0,0
0,1,1
0,1,1
0,0,1
0,0,0
0,1,1
0,0,1
0,0,1
0,0,1
0,1,1
0,1,1
0,0,1
0,1,1
0,1,1
0,1,1
0,1,1
0,1,1
0,1,1
0,0,1
0,1,1
0,1,1
0,1,1
0,0,1
0,0,1
0,0,0
0,0,1
0,1,1
0,0,0
0,0,0
0,0,1
0,0,1
0,1,1
0,1,1
0,1,1
0,0,1
0,1,1
0,0,1
0,0,1
0,0,0
0,0,1
0,0,1
0,1,1
0,0,1
0,0,1
0,1,1
0,1,1
0,0,0
0,0,1
0,0,1
0,0,1
0,0,1
0,0,1
0,1,1
0,0.86099,1
0,0,0
0,1,1
0,1,1
0,1,1
0,1,1
0,1,1
0,1,1
0,0,1
0,1,1
0,0,0
0,1,1
0,0,1
0,0,1
0,0,0
0,0,1
0,0,0
0,1,1
0,1,1
0,1,1
0,1,1
0,1,1
0,0,1
0,1,1
0,0,1
0,1,1
0,1,1
0,0,1
0,1,1
0,1,1
0,0,1
0,0,1
0,0,1
0,0,1
0,0,1
0,1,1
0,1,1
0,1,1
0,1,1
0,0,0
0,0.8579156,1
0,0,1
0,0,1
0,0,0
0,1,1
0,1,1
0,1,1
0,1,1
0,1,1
0,1,1
0,1,1
0,1,1
0,1,1
0,1,1
0,1,1
0,1,1
0,1,1
0,1,1
0,1,1
0,0,1
0,1,1
0,1,1
0,0,1
0,1,1
0,1,1
0,0,1
0,0,0
0,1,1
0,0,1
0,0,0
0,0.862501,1
0,1,1
0,0,0
0,1,1
0,1,1
0,1,1
0,1,1
0,1,1
0,1,1
0,1,1
0,1,1
0,1,1
0,1,1
0,1,1
0,1,1
0,1,1
0,1,1
0,1,1
0,1,1
0,0,1
0,0,1
0,0,1
0,1,1
0,1,1
0,0,0
0,0,1
0,0,1
0,1,1
0,1,1
0,1,1
0,1,1
0,0,0
0,1,1
0,1,1
0,0,1
0,1,1
0,1,1
0,0,0
0,1,1
0,1,1
0,0,1
0,0,1
0,1,1
0,0,0
0,1,1
0,1,1
0,0,1
0,1,1
0,1,1
0,1,1
0,1,1
0,1,1
0,0,1
0,1,1
0,1,1
0,1,1
0,1,1
0,1,1
0,1,1
0,0,1
0,0,1
0,1,1
0,1,1
0,1,1
0,0,1
0,1,1
0,1,1
0,1,1
0,1,1
0,1,1
0,1,1
0,0,1
0,0,1
0,0,1
0,1,1
0,0.8652083,1
0,1,1
0,1,1
0,1,1
0,1,1
0,1,1
0,0,1
0,1,1
0,0,1
0,1,1
0,0,1
0,1,1
0,1,1
0,0,1
0,1,1
0,1,1
0,1,1
0,0,1
0,1,1
0,1,1
0,1,1
0,1,1
0,1,1
0,1,1
0,1,1
0,1,1
0,0,1
0,1,1
0,0,0
0,0,1
0,1,1
0,0,1
0,0.8648009,1
0,1,1
0,0,0
0,1,1
0,1,1
0,1,1
0,1,1
0,1,1
0,1,1
0,1,1
0,0.886135,1
0,1,1
0,1,1
0,1,1
0,1,1
0,0.709113,1
0,0,1
0,0,1
0,1,1
0,0,1
0,1,1
0,1,1
0,1,1
0,1,1
0,1,1
0,0.7088758,1
0,1,1
0,1,1
0,1,1
0,1,1
0,1,1
0,1,1
0,1,1
0,0,1
0,0,1
0,1,1
0,1,1
0,0,0
0,0,0
0,1,1
0,1,1
0,1,1
0,1,1
0,1,1
0,0,1
0,1,1
0,0.8738902,1
0,0,0
0,1,1
0,0,0
0,1,1
0,0,1
0,1,1
0,1,1
0,1,1
0,1,1
0,1,1
0,1,1
0,1,1
0,0,1
0,1,1
0,1,1
0,1,1
0,1,1
0,0.8772959,1
0,1,1
0,1,1
0,1,1
0,0,1
0,1,1
0,1,1
0,0.7856036,1
0,0,0
0,1,1
0,1,1
0,0,0
0,1,1
0,1,1
0,1,1
0,0,1
0,1,1
0,1,1
0,0,1
0,1,1
0,1,1
0,1,1
0,1,1
0,1,1
0,0,0
0,1,1
0,1,1
0,0,1
0,0,1
0,1,1
0,1,1
0,0,0
0,1,1
0,1,1
0,0,1
0,1,1
0,0,1
0,1,1
0,0,1
0,0,1
0,0,1
0,1,1
0,1,1
0,0,1
0,0.8683628,1
0,0,0
0,1,1
0,0.7065061,1
0,1,1
0,1,1
0,1,1
0,1,1
0,1,1
0,1,1
0,1,1
0,1,1
0,0,1
0,0,1
0,1,1
0,0,1
0,1,1
0,1,1
0,1,1
0,0,0
0,1,1
0,1,1
0,1,1
0,0,1
0,0,1
0,0,1
0,1,1
0,1,1
0,0,1
0,0,1
0,0,1
0,1,1
0,0,1
0,1,1
0,0,1
0,1,1
0,1,1
0,0,1
0,1,1
0,1,1
0,1,1
0,0,1
0,1,1
0,0.864285,1
0,1,1
0,0,1
0,1,1
0,0,1
0,1,1
0,1,1
0,1,1
0,1,1
0,1,1
0,0,1
0,0,1
0,1,1
0,0,1
0,0,0
0,1,1
0,0,1
0,0,1
0,1,1
0,1,1
0,1,1
0,1,1
0,1,1
0,1,1
0,1,1
0,0,0
0,1,1
0,1,1
0,1,1
0,0,1
0,0,0
0,1,1
0,1,1
0,1,1
0,1,1
0,1,1
0,0,0
0,0,1
0,1,1
0,0,1
0,1,1
0,0,1
0,1,1
0,0,1
0,0,1
0,1,1
0,0,1
0,0.8221937,1
0,0,0
0,0,1
0,0,1
0,1,1
0,0,1
0,1,1
0,1,1
0,0,1
0,0,1
0,1,1
0,1,1
0,1,1
0,1,1
0,1,1
0,1,1
0,0,1
0,0,0
0,1,1
0,0,0
0,1,1
0,0,1
0,0,1
0,0,1
0,0,1
0,1,1
0,1,1
0,0,1
0,1,1
0,1,1
0,1,1
0,0,1
0,1,1
0,1,1
0,0,1
0,1,1
0,1,1
0,1,1
0,1,1
0,1,1
0,1,1
0,1,1
0,1,1
0,0,1
0,1,1
0,1,1
0,0,1
0,1,1
0,1,1
0,0,1
0,1,1
0,1,1
0,0,1
0,1,1
0,1,1
0,1,1
0,1,1
0,0,1
0,0,1
0,1,1
0,0,0
0,0,0
0,0,1
0,1,1
0,0,1
0,1,1
0,1,1
0,1,1
0,1,1
0,1,1
0,0,1
0,1,1
0,1,1
0,1,1
0,1,1
0,0,1
0,1,1
0,1,1
0,0.871184,1
0,1,1
0,1,1
0,0,1
0,0,1
0,1,1
0,0,1
0,1,1
0,1,1
0,1,1
0,1,1
0,0,0
0,1,1
0,1,1
0,1,1
0,0,1
0,1,1
0,1,1
0,1,1
0,1,1
0,1,1
0,1,1
0,1,1
0,1,1
0,1,1
0,1,1
0,1,1
0,1,1
0,1,1
0,0,1
0,0,0
0,1,1
0,1,1
0,1,1
0,0,1
0,0,1
0,1,1
0,1,1
0,1,1
0,1,1
0,0,1
0,0,0
0,0,1
0,1,1
0,0,1
0,1,1
0,0,1
0,1,1
0,1,1
0,0,1
0,1,1
0,1,1
0,1,1
0,1,1
0,1,1
0,0,1
0,1,1
0,1,1
0,1,1
0,1,1
0,1,1
0,0,1
0,0,0
0,0,1
0,1,1
0,1,1
0,0,1
0,0.8609966,1
0,1,1
0,1,1
0,1,1
0,1,1
0,1,1
0,1,1
0,0,1
0,1,1
0,1,1
0,1,1
0,1,1
0,1,1
0,0,1
0,0,1
0,0,1
0,1,1
0,0,1
0,1,1
0,1,1
0,1,1
0,1,1
0,0,1
0,1,1
0,1,1
0,0,1
0,0,1
0,0,0
0,1,1
0,1,1
0,0,1
0,1,1
0,0,1
0,1,1
0,0,1
0,1,1
0,1,1
0,1,1
0,1,1
0,0,1
0,1,1
0,0,0
0,1,1
0,0,1
0,1,1
0,1,1
0,1,1
0,0,1
0,1,1
0,1,1
0,1,1
0,1,1
0,1,1
0,1,1
0,1,1
0,1,1
0,0,1
0,1,1
0,0,0
0,1,1
0,1,1
0,0,1
0,1,1
0,1,1
0,0,1
0,1,1
0,0.8730969,1
0,1,1
0,1,1
0,1,1
0,0,1
0,1,1
0,1,1
0,1,1
0,1,1
0,1,1
0,1,1
0,1,1
0,0,1
0,1,1
0,0.8608687,1
0,1,1
0,0,1
0,1,1
0,1,1
0,0,1
0,0,0
0,1,1
0,1,1
0,1,1
0,0,0
0,0,1
0,0,1
0,1,1
0,1,1
0,1,1
0,1,1
0,0,1
0,0,1
0,1,1
0,1,1
0,1,1
0,1,1
0,0,1
0,1,1
0,1,1
0,0,0
0,0.7503864,1
0,0.8649801,1
0,1,1
0,1,1
0,1,1
0,1,1
0,1,1
0,0,1
0,1,1
0,1,1
0,0,1
0,1,1
0,0,1
0,0,1
0,0,0
0,0,0
0,1,1
0,0,1
0,1,1
0,0,1
0,1,1
0,0,1
0,1,1
0,1,1
0,1,1
0,1,1
0,0,1
0,1,1
0,0,0
0,0,1
0,1,1
0,1,1
0,0,0
0,1,1
0,1,1
0,1,1
0,1,1
0,1,1
0,1,1
0,1,1
0,1,1
0,1,1
0,1,1
0,1,1
0,1,1
0,1,1
0,1,1
0,0,1
0,0,1
0,0,1
0,1,1
0,1,1
0,1,1
0,0,1
0,1,1
0,0,1
0,1,1
0,1,1
0,1,1
0,1,1
0,1,1
0,1,1
0,0,1
0,0,1
0,1,1
0,1,1
0,1,1
0,0,1
0,1,1
0,1,1
0,0,0
0,1,1
0,1,1
0,1,1
0,1,1
0,0,0
0,1,1
0,1,1
0,1,1
0,0,1
0,0,1
0,1,1
0,0,1
0,1,1
0,1,1
0,1,1
0,1,1
0,1,1
0,1,1
0,0,1
0,0.8617063,1
0,0,0
0,1,1
0,1,1
0,1,1
0,1,1
0,1,1
0,0,1
0,1,1
0,1,1
0,1,1
0,1,1
0,1,1
0,1,1
0,1,1
0,0,0
0,1,1
0,0,1
0,1,1
0,1,1
0,1,1
0,1,1
0,1,1
0,1,1
0,0.8559909,1
0,1,1
0,0,1
0,1,1
0,1,1
0,1,1
0,1,1
0,1,1
0,1,1
0,1,1
0,1,1
0,1,1
0,0,0
0,1,1
0,1,1
0,1,1
0,1,1
0,1,1
0,1,1
0,0,1
0,1,1
0,1,1
0,0,0
0,1,1
0,0,1
0,1,1
0,1,1
0,1,1
0,1,1
0,0,1
0,1,1
0,1,1
0,1,1
0,1,1
0,1,1
0,1,1
0,1,1
0,1,1
0,1,1
0,1,1
0,1,1
0,1,1
0,1,1
0,1,1
0,1,1
0,0,1
0,1,1
0,0,1
0,1,1
0,1,1
0,1,1
0,1,1
0,1,1
0,1,1
0,0,1
0,0,1
0,0,0
0,1,1
0,1,1
0,1,1
0,1,1
0,1,1
0,1,1
0,0,1
0,1,1
0,1,1
0,1,1
0,1,1
0,1,1
0,1,1
0,0,1
0,1,1
0,1,1
0,1,1
0,1,1
0,1,1
0,0,1
0,1,1
0,1,1
0,1,1
0,0,1
0,1,1
0,1,1
0,1,1
0,1,1
0,1,1
0,0,0
0,1,1
0,1,1
0,1,1
0,1,1
0,0,1
0,0.7546965,1
0,0,1
0,1,1
0,1,1
0,1,1
0,1,1
0,0,1
0,1,1
0,1,1
0,1,1
0,1,1
0,0.8595021,1
0,0,1
0,1,1
0,0,1
0,1,1
0,1,1
0,0,1
0,1,1
0,1,1
0,0,1
0,1,1
0,0,1
0,1,1
0,1,1
0,0,1
0,0.8601342,1
0,1,1
0,1,1
0,1,1
0,0.8592077,1
0,0,1
0,1,1
0,0,0
0,1,1
0,1,1
0,1,1
0,1,1
0,1,1
0,1,1
0,1,1
0,0,1
0,0,1
0,1,1
0,0,1
0,1,1
0,0,1
0,1,1
0,1,1
0,0,1
0,1,1
0,1,1
0,0,1
0,1,1
0,0,1
0,1,1
0,0,1
0,1,1
0,0,0
0,1,1
0,1,1
0,0.8622741,1
0,1,1
0,0,1
0,0.8168579,1
0,1,1
0,0,1
0,1,1
0,0,1
0,1,1
0,1,1
0,1,1
0,1,1
0,1,1
0,0.7910763,1
0,1,1
0,1,1
0,0,1
0,0,0
0,0,1
0,0,0
0,1,1
0,0,1
0,1,1
0,1,1
0,1,1
0,0,0
0,1,1
0,0,1
0,0,1
0,0,0
0,1,1
0,1,1
0,1,1
0,1,1
0,1,1
0,1,1
0,1,1
0,1,1
0,1,1
0,1,1
0,0,1
0,1,1
0,0,1
0,0,1
0,0,1
0,1,1
0,0,1
0,0.8660439,1
0,0,0
0,1,1
0,1,1
0,1,1
0,0,1
0,1,1
0,0,0
0,0,1
0,1,1
0,1,1
0,1,1
0,0,1
0,1,1
0,1,1
0,0,1
0,1,1
0,1,1
0,1,1
0,1,1
0,0,1
0,0,1
0,0,1
0,1,1
0,1,1
0,1,1
0,1,1
0,0,1
0,1,1
0,0,1
0,0.8615494,1
0,1,1
0,0,1
0,1,1
0,1,1
0,1,1
0,0,1
0,0,1
0,1,1
0,1,1
0,1,1
0,1,1
0,0,0
0,0,1
0,0,0
0,1,1
0,1,1
0,1,1
0,0,1
0,0,1
0,0,1
0,0,1
0,1,1
0,0,0
0,0,0
0,0,1
0,1,1
0,0,1
0,1,1
0,0,1
0,1,1
0,0,1
0,0,1
0,1,1
0,1,1
0,0.8588263,1
0,1,1
0,0,1
0,1,1
0,0,1
0,1,1
0,0,1
0,1,1
0,1,1
0,0,0
0,1,1
0,1,1
0,1,1
0,0,1
0,1,1
0,0,1
0,1,1
0,0.9742835,1
0,1,1
0,0,1
0,1,1
0,1,1
0,0,1
0,1,1
0,0,1
0,1,1
0,1,1
0,0,1
0,1,1
0,1,1
0,0.7748474,1
0,1,1
0,0,1
0,1,1
0,1,1
0,1,1
0,0,1
0,1,1
0,1,1
0,1,1
0,1,1
0,1,1
0,1,1
0,1,1
0,1,1
0,0,1
0,1,1
0,0.8643862,1
0,0,1
0,0,1
0,0,0
0,0,1
0,1,1
0,0,1
0,1,1
0,1,1
0,1,1
0,0,1
0,0,0
0,0,1
0,0,1
0,0,1
0,1,1
0,1,1
0,1,1
0,0,1
0,0,1
0,1,1
0,1,1
0,1,1
0,0,0
0,1,1
0,1,1
0,1,1
0,0,0
0,1,1
0,0.8672739,1
0,1,1
0,1,1
0,0,1
0,0,1
0,1,1
0,1,1
0,1,1
0,0,1
0,1,1
0,1,1
0,1,1
0,0,1
0,0,1
0,1,1
0,1,1
0,1,1
0,0,1
0,0,1
0,1,1
0,1,1
0,1,1
0,1,1
0,1,1
0,0,0
0,0,1
0,0,1
0,0,1
0,1,1
0,1,1
0,1,1
0,1,1
0,1,1
0,1,1
0,0.8676978,1
0,0,1
0,1,1
0,1,1
0,0,0
0,1,1
0,1,1
0,1,1
0,0,0
0,1,1
0,0,1
0,0,1
0,0,0
0,1,1
0,0,1
0,1,1
0,0,1
0,1,1
0,1,1
0,1,1
0,1,1
0,1,1
0,1,1
0,1,1
0,1,1
0,1,1
0,1,1
0,1,1
0,1,1
0,0,0
0,0,1
0,0,1
0,1,1
0,1,1
0,1,1
0,1,1
0,0,1
0,0,1
0,1,1
0,0,0
0,1,1
0,0,1
0,0,1
0,1,1
0,1,1
0,1,1
0,1,1
0,0,1
0,0,1
0,1,1
0,1,1
0,1,1
0,1,1
0,0,1
0,1,1
0,1,1
0,1,1
0,0,1
0,0,1
0,1,1
0,1,1
0,0,0
0,1,1
0,0,0
0,0,1
0,1,1
0,0,1
0,0,0
0,1,1
0,0,1
0,1,1
0,0,1
0,1,1
0,1,1
0,1,1
0,1,1
0,1,1
0,1,1
0,1,1
0,0,1
0,1,1
0,0,1
0,1,1
0,1,1
0,0,0
0,1,1
0,0,1
0,1,1
0,1,1
0,0,0
0,1,1
0,1,1
0,0,1
0,0,1
0,1,1
0,1,1
0,1,1
0,0,0
0,1,1
0,0,1
0,1,1
0,1,1
0,0,1
0,1,1
0,1,1
0,1,1
0,1,1
0,1,1
0,1,1
0,1,1
0,0,1
0,0,1
0,0,1
0,0,0
0,1,1
0,0,1
0,0,1
0,1,1
0,1,1
0,1,1
0,0,1
0,1,1
0,1,1
0,1,1
0,0,0
0,0,1
0,1,1
0,0,0
0,0.8643584,1
0,1,1
0,1,1
0,1,1
0,1,1
0,0,1
0,1,1
0,1,1
0,1,1
0,1,1
0,1,1
0,1,1
0,1,1
0,1,1
0,0.8610197,1
0,0,1
0,0,1
0,1,1
0,1,1
0,1,1
0,1,1
0,0,1
0,1,1
0,0.87901,1
0,0,0
0,1,1
0,1,1
0,0,1
0,0,1
0,0,0
0,0,1
0,1,1
0,0,1
0,1,1
0,0,1
0,1,1
0,0,1
0,0,0
0,1,1
0,1,1
0,1,1
0,1,1
0,1,1
0,1,1
0,1,1
0,1,1
0,1,1
0,1,1
0,0,0
0,0,1
0,1,1
0,1,1
0,1,1
0,0,0
0,1,1
0,0,1
0,1,1
0,1,1
0,1,1
0,0,1
0,1,1
0,0,1
0,1,1
0,1,1
0,1,1
0,1,1
0,1,1
0,1,1
0,1,1
0,1,1
0,0,1
0,0,1
0,1,1
0,1,1
0,1,1
0,1,1
0,1,1
0,1,1
0,0,1
0,1,1
0,1,1
0,0,1
0,1,1
0,1,1
0,1,1
0,1,1
0,0,1
0,1,1
0,1,1
0,0,1
0,1,1
0,0,1
0,1,1
0,1,1
0,0,1
0,0,0
0,1,1
0,0,1
0,1,1
0,1,1
0,1,1
0,1,1
0,0,0
0,1,1
0,1,1
0,0.8540014,1
0,0,1
0,1,1
0,0.7000335,1
0,1,1
0,1,1
0,0,1
0,1,1
0,0,1
0,0,1
0,1,1
0,1,1
0,0.8627028,1
0,1,1
0,0,0
0,1,1
0,1,1
0,1,1
0,1,1
0,1,1
0,1,1
0,1,1
0,1,1
0,0,1
0,0,1
0,1,1
0,1,1
0,1,1
0,0,1
0,1,1
0,1,1
0,1,1
0,0,1
0,1,1
0,1,1
0,1,1
0,1,1
0,1,1
0,1,1
0,1,1
0,0,1
0,1,1
0,1,1
0,1,1
0,1,1
0,1,1
0,0,1
0,1,1
0,0.8646597,1
0,1,1
0,1,1
0,0,1
0,0,1
0,0,1
0,0,1
0,1,1
0,1,1
0,1,1
0,1,1
0,1,1
0,1,1
0,1,1
0,0,0
0,1,1
0,1,1
0,1,1
0,1,1
0,1,1
0,1,1
0,0,1
0,0,1
0,1,1
0,0,1
0,0,0
0,1,1
0,0,1
0,1,1
0,1,1
0,0,1
0,1,1
0,1,1
0,0,1
0,0,1
0,0.8692807,1
0,1,1
0,0,1
0,1,1
0,1,1
0,1,1
0,1,1
0,1,1
0,1,1
0,0,0
0,1,1
0,0,1
0,0.8595458,1
0,1,1
0,1,1
0,1,1
0,1,1
0,1,1
0,0,1
0,0,1
0,0,1
0,1,1
0,1,1
0,1,1
0,1,1
0,1,1
0,1,1
0,1,1
0,1,1
0,1,1
0,1,1
0,1,1
0,0.865581,1
0,0,1
0,0,1
0,0,1
0,0.8883055,1
0,0,1
0,0,1
0,0,1
0,1,1
0,0,0
0,0,1
0,0,1
0,0,1
0,1,1
0,0,0
0,1,1
0,1,1
0,1,1
0,0,1
0,1,1
0,0,1
0,1,1
0,0,0
0,1,1
0,0,1
0,1,1
0,1,1
0,0,1
0,1,1
0,1,1
0,0,0
0,1,1
0,1,1
0,0,1
0,0,1
0,1,1
0,1,1
0,1,1
0,1,1
0,0.8592739,1
0,0,1
0,0,1
0,1,1
0,1,1
0,0,1
0,0,0
0,1,1
0,1,1
0,1,1
0,1,1
0,0,1
0,1,1
0,1,1
0,1,1
0,0,1
0,1,1
0,1,1
0,1,1
0,1,1
0,0,1
0,0,1
0,0,0
0,0,1
0,1,1
0,1,1
0,0,0
0,1,1
0,0,1
0,1,1
0,1,1
0,1,1
0,0,1
0,1,1
0,1,1
0,0,1
0,1,1
0,0.8704672,1
0,1,1
0,1,1
0,1,1
0,1,1
0,1,1
0,0,0
0,1,1
0,1,1
0,1,1
0,0,1
0,0,0
0,1,1
0,0.8606439,1
0,1,1
0,1,1
0,0,1
0,1,1
0,1,1
0,0,1
0,0,1
0,0,0
0,0,1
0,0,1
0,1,1
0,0,1
0,0,1
0,0,1
0,1,1
0,1,1
0,1,1
0,1,1
0,0,1
0,1,1
0,1,1
0,1,1
0,0,1
0,1,1
0,1,1
0,1,1
0,1,1
0,1,1
0,1,1
0,1,1
0,0.8609382,1
0,1,1
0,0,1
0,1,1
0,1,1
0,1,1
0,1,1
0,1,1
0,1,1
0,1,1
0,0,1
0,1,1
0,0,1
0,0,1
0,1,1
0,1,1
0,1,1
0,1,1
0,0,0
0,1,1
0,1,1
0,1,1
0,1,1
0,1,1
0,0,1
0,0,1
0,1,1
0,1,1
0,1,1
0,1,1
0,1,1
0,1,1
0,0,1
0,1,1
0,0,1
0,0,1
0,1,1
0,1,1
0,0,1
0,1,1
0,0,1
0,1,1
0,1,1
0,0,1
0,0,1
0,1,1
0,1,1
0,0,1
0,1,1
0,1,1
0,1,1
0,1,1
0,0,1
0,1,1
0,1,1
0,0,1
0,1,1
0,1,1
0,1,1
0,1,1
0,1,1
0,1,1
0,1,1
0,1,1
0,1,1
0,1,1
0,0,1
0,0,0
0,1,1
0,1,1
0,0,1
0,0,0
0,0,1
0,0,1
0,0,1
0,1,1
0,1,1
0,1,1
0,1,1
0,0,0
0,0,1
0,1,1
0,0,1
0,0,1
0,0,1
0,0,1
0,0,1
0,1,1
0,0,1
0,0,1
0,1,1
0,0.7186087,1
0,0,1
0,1,1
0,1,1
0,0.8685259,1
0,1,1
0,0,1
0,0,0
0,0,1
0,1,1
0,1,1
0,1,1
0,1,1
0,0,1
0,1,1
0,1,1
0,1,1
0,1,1
0,1,1
0,1,1
0,1,1
0,1,1
0,1,1
0,1,1
0,1,1
0,1,1
0,0,1
0,0,1
0,1,1
0,1,1
0,1,1
0,1,1
0,1,1
0,0,1
0,0,1
0,1,1
0,1,1
0,0,1
0,0,1
0,1,1
0,1,1
0,1,1
0,0,1
0,1,1
0,1,1
0,1,1
0,0,1
0,1,1
0,1,1
0,1,1
0,1,1
0,1,1
0,1,1
0,1,1
0,1,1
0,1,1
0,1,1
0,0,1
0,0,1
0,1,1
0,1,1
0,1,1
0,1,1
0,1,1
0,1,1
0,0.8652371,1
0,1,1
0,0.762849,1
0,1,1
0,0,1
0,1,1
0,0,1
0,1,1
0,1,1
0,1,1
0,1,1
0,0,1
0,1,1
0,1,1
0,0,0
0,1,1
0,0,1
0,0,0
0,0,1
0,0,1
0,0,0
0,1,1
0,1,1
0,0,1
0,0,1
0,1,1
0,1,1
0,0,1
0,1,1
0,1,1
0,1,1
0,1,1
0,0,1
0,1,1
0,1,1
0,1,1
0,0,0
0,1,1
0,1,1
0,1,1
0,1,1
0,0,1
0,1,1
0,1,1
0,0,1
0,1,1
0,0,1
0,1,1
0,1,1
0,0,1
0,0.8713874,1
0,1,1
0,1,1
0,1,1
0,1,1
0,1,1
0,1,1
0,0,1
0,1,1
0,1,1
0,1,1
0,1,1
0,0,1
0,0,1
0,1,1
0,0,1
0,1,1
0,1,1
0,0.86211,1
0,0,1
0,1,1
0,0,1
0,1,1
0,0,1
0,1,1
0,1,1
0,1,1
0,1,1
0,0,1
0,1,1
0,0,1
0,0,0
0,1,1
0,1,1
0,1,1
0,1,1
0,1,1
0,1,1
0,1,1
0,1,1
0,1,1
0,1,1
0,0,1
0,1,1
0,0,1
0,0,1
0,1,1
0,1,1
0,1,1
0,0,1
0,1,1
0,0,1
0,0,0
0,1,1
0,1,1
0,1,1
0,1,1
0,1,1
0,1,1
0,1,1
0,0,1
0,0,1
0,0,0
0,1,1
0,1,1
0,1,1
0,1,1
0,0,1
0,1,1
0,0,0
0,0,0
0,1,1
0,1,1
0,1,1
0,1,1
0,1,1
0,1,1
0,0,0
0,0,1
0,0.7002741,1
0,0,1
0,1,1
0,0,1
0,1,1
0,0,1
0,1,1
0,1,1
0,1,1
0,1,1
0,0,1
0,1,1
0,1,1
0,1,1
0,1,1
0,0.8658102,1
0,1,1
0,0,1
0,1,1
0,1,1
0,0,1
0,1,1
0,1,1
0,1,1
0,1,1
0,0,1
0,0,1
0,1,1
0,1,1
0,0,0
0,1,1
0,0,1
0,0,1
0,0,1
0,0,1
0,1,1
0,1,1
0,1,1
0,1,1
0,1,1
0,1,1
0,1,1
0,1,1
0,1,1
0,1,1
0,1,1
0,1,1
0,0,1
0,1,1
0,0.8528236,1
0,0,1
0,1,1
0,0,0
0,1,1
0,0,1
0,1,1
0,0,1
0,1,1
0,1,1
0,1,1
0,1,1
0,1,1
0,1,1
0,1,1
0,0,1
0,0,1
0,1,1
0,0,1
0,1,1
0,1,1
0,0,0
0,1,1
0,0,1
0,1,1
0,0,0
0,0,1
0,1,1
0,1,1
0,0,1
0,0,1
0,1,1
0,0,0
0,1,1
0,1,1
0,0.8656379,1
0,0,1
0,1,1
0,0,1
0,1,1
0,1,1
0,0,1
0,1,1
0,1,1
0,1,1
0,1,1
0,1,1
0,0,1
0,1,1
0,1,1
0,0,1
0,1,1
0,0,1
0,1,1
0,1,1
0,1,1
0,1,1
0,0,1
0,0.8598944,1
0,1,1
0,1,1
0,1,1
0,1,1
0,0,1
0,0,1
0,1,1
0,1,1
0,1,1
0,1,1
0,1,1
0,1,1
0,0,1
0,1,1
0,1,1
0,1,1
0,1,1
0,1,1
0,0,1
0,1,1
0,1,1
0,1,1
0,1,1
0,0,1
0,1,1
0,0,1
0,1,1
0,1,1
0,0,0
0,1,1
0,1,1
0,0,1
0,1,1
0,1,1
0,1,1
0,0,1
0,1,1
0,1,1
0,0,1
0,1,1
0,1,1
0,1,1
0,1,1
0,1,1
0,1,1
0,0,0
0,1,1
0,0,1
0,0,1
0,1,1
0,0,0
0,1,1
0,0,0
0,1,1
0,1,1
0,0,0
0,1,1
0,1,1
0,0,1
0,1,1
0,1,1
0,0,1
0,0,1
0,1,1
0,1,1
0,1,1
0,1,1
0,0,0
0,1,1
0,1,1
0,0,1
0,1,1
0,1,1
0,0,1
0,1,1
0,0,1
0,0,1
0,0,1
0,1,1
0,1,1
0,1,1
0,1,1
0,0,1
0,1,1
0,1,1
0,1,1
0,1,1
0,1,1
0,1,1
0,0,1
0,0,1
0,1,1
0,0,0
0,1,1
0,0,1
0,1,1
0,0,1
0,1,1
0,1,1
0,1,1
0,1,1
0,1,1
0,1,1
0,1,1
0,1,1
0,0,1
0,0,1
0,0,0
0,1,1
0,1,1
0,1,1
0,0,1
0,0,1
0,0,1
0,1,1
0,0,1
0,1,1
0,1,1
0,0.8623124,1
0,1,1
0,1,1
0,1,1
0,1,1
0,1,1
0,1,1
0,1,1
0,1,1
0,1,1
0,1,1
0,0,1
0,1,1
0,1,1
0,1,1
0,1,1
0,0,1
0,1,1
0,0,1
0,0,1
0,1,1
0,0,1
0,1,1
0,0.8571481,1
0,1,1
0,1,1
0,1,1
0,0,0
0,1,1
0,0,1
0,0,1
0,0,1
0,1,1
0,1,1
0,1,1
0,1,1
0,1,1
0,1,1
0,1,1
0,1,1
0,0,0
0,0,0
0,1,1
0,1,1
0,1,1
0,1,1
0,0,1
0,1,1
0,1,1
0,0,0
0,0,1
0,1,1
0,1,1
0,1,1
0,1,1
0,0,1
0,1,1
0,0,1
0,1,1
0,1,1
0,1,1
0,0,0
0,1,1
0,1,1
0,1,1
0,0,1
0,1,1
0,0,1
0,1,1
0,1,1
0,1,1
0,1,1
0,1,1
0,1,1
0,1,1
0,1,1
0,0,0
0,1,1
0,1,1
0,1,1
0,0,1
0,1,1
0,1,1
0,1,1
0,1,1
0,0.8667029,1
0,1,1
0,1,1
0,1,1
0,0,1
0,0,0
0,1,1
0,1,1
0,1,1
0,0,1
0,1,1
0,1,1
0,1,1
0,1,1
0,1,1
0,0,1
0,1,1
0,1,1
0,1,1
0,1,1
0,1,1
0,0,0
0,1,1
0,0,1
0,0,1
0,1,1
0,1,1
0,1,1
0,1,1
0,1,1
0,0,1
0,1,1
0,1,1
0,1,1
0,0,1
0,1,1
0,1,1
0,0,0
0,1,1
0,0,1
0,0,0
0,1,1
0,1,1
0,0,1
0,0,1
0,0,1
0,0,1
0,1,1
0,1,1
0,0,1
0,1,1
0,1,1
0,1,1
0,1,1
0,0,1
0,1,1
0,1,1
0,1,1
0,1,1
0,1,1
0,1,1
0,1,1
0,1,1
0,1,1
0,0.9006578,1
0,0,1
0,1,1
0,1,1
0,1,1
0,1,1
0,1,1
0,1,1
0,0,1
0,1,1
0,0,1
0,1,1
0,1,1
0,0,1
0,1,1
0,0,1
0,1,1
0,1,1
0,0,0
0,0,1
0,1,1
0,1,1
0,1,1
0,0,1
0,1,1
0,1,1
0,1,1
0,1,1
0,0,1
0,0,0
0,1,1
0,1,1
0,0,1
0,1,1
0,0,1
0,1,1
0,0,1
0,0,0
0,1,1
0,0,0
0,1,1
0,0,1
0,1,1
0,0,0
0,0,0
0,0,0
0,0,0
0,1,1
0,1,1
0,0.8566869,1
0,0,1
0,0,1
0,1,1
0,1,1
0,1,1
0,0,0
0,0,1
0,1,1
0,0,0
0,0,1
0,1,1
0,1,1
0,1,1
0,0,1
0,1,1
0,1,1
0,0,1
0,1,1
0,0,1
0,1,1
0,1,1
0,1,1
0,1,1
0,0,1
0,1,1
0,1,1
0,1,1
0,0,1
0,0,1
0,1,1
0,0,1
0,1,1
0,1,1
0,1,1
0,1,1
0,1,1
0,1,1
0,0.8581156,1
0,0,1
0,1,1
0,1,1
0,1,1
0,1,1
0,0,1
0,0,1
0,1,1
0,1,1
0,1,1
0,1,1
0,1,1
0,0,1
0,1,1
0,1,1
0,0,1
0,1,1
0,1,1
0,0,0
0,1,1
0,0,1
0,1,1
0,1,1
0,0,0
0,0,1
0,1,1
0,1,1
0,1,1
0,0.8768326,1
0,0,1
0,0,0
0,1,1
0,0,1
0,0,0
0,1,1
0,1,1
0,0,1
0,0,1
0,0,1
0,1,1
0,1,1
0,1,1
0,1,1
0,1,1
0,0,1
0,1,1
0,1,1
0,1,1
0,1,1
0,0,1
0,0,1
0,0,1
0,0,0
0,1,1
0,1,1
0,1,1
0,1,1
0,1,1
0,1,1
0,1,1
0,0,1
0,1,1
0,0,1
0,0.8687708,1
0,0,1
0,0.8611095,1
0,1,1
0,1,1
0,0,0
0,1,1
0,0,1
0,1,1
0,0,1
0,1,1
0,1,1
0,0,1
0,1,1
0,1,1
0,0,1
0,0,1
0,1,1
0,1,1
0,1,1
0,1,1
0,1,1
0,1,1
0,0,1
0,1,1
0,1,1
0,1,1
0,0,0
0,1,1
0,1,1
0,1,1
0,0,0
0,0,1
0,1,1
0,1,1
0,0,1
0,1,1
0,0,0
0,0,1
0,1,1
0,1,1
0,1,1
0,1,1
0,0,1
0,0,1
0,1,1
0,1,1
0,1,1
0,0,1
0,0,0
0,0.8566417,1
0,1,1
0,1,1
0,1,1
0,1,1
0,1,1
0,1,1
0,1,1
0,1,1
0,1,1
0,1,1
0,1,1
0,0,1
0,1,1
0,0,1
0,1,1
0,0,1
0,1,1
0,0,1
0,1,1
0,1,1
0,1,1
0,1,1
0,0,1
0,1,1
0,1,1
0,0,1
0,1,1
0,0,1
0,0,1
0,1,1
0,1,1
0,1,1
0,0,1
0,1,1
0,1,1
0,1,1
0,0,1
0,0.8601667,1
0,0,1
0,1,1
0,0,1
0,1,1
0,1,1
0,0,1
0,0,0
0,1,1
0,1,1
0,1,1
0,0,1
0,0,0
0,1,1
0,1,1
0,1,1
0,1,1
0,1,1
0,1,1
0,1,1
0,1,1
0,1,1
0,1,1
0,1,1
0,1,1
0,0,1
0,0,1
0,0,1
0,1,1
0,1,1
0,1,1
0,0,0
0,1,1
0,0,1
0,1,1
0,1,1
0,1,1
0,1,1
0,0,1
0,1,1
0,0.8602735,1
0,1,1
0,0,1
0,0.7192515,1
0,1,1
0,1,1
0,0,0
0,1,1
0,1,1
0,1,1
0,1,1
0,0,1
0,0,1
0,1,1
0,0,1
0,1,1
0,1,1
0,0,0
0,1,1
0,1,1
0,1,1
0,0,1
0,1,1
0,1,1
0,1,1
0,1,1
0,1,1
0,0,0
0,1,1
0,1,1
0,1,1
0,1,1
0,1,1
0,1,1
0,0,1
0,1,1
0,1,1
0,1,1
0,1,1
0,0,1
0,1,1
0,0,1
0,1,1
0,1,1
0,1,1
0,0,0
0,1,1
0,1,1
0,1,1
0,0,1
0,1,1
0,0,1
0,1,1
0,0,1
0,1,1
0,0.8500525,1
0,1,1
0,1,1
0,1,1
0,1,1
0,1,1
0,1,1
0,1,1
0,1,1
0,1,1
0,1,1
0,0,1
0,1,1
0,1,1
0,1,1
0,0.8636256,1
0,1,1
0,0,0
0,1,1
0,1,1
0,0,1
0,0,1
0,1,1
0,0,1
0,0,1
0,0,1
0,1,1
0,1,1
0,0,1
0,0,0
0,1,1
0,0.8506565,1
0,1,1
0,1,1
0,1,1
0,1,1
0,0,1
0,1,1
0,1,1
0,0,0
0,1,1
0,0,1
0,1,1
0,1,1
0,1,1
0,0,1
0,1,1
0,1,1
0,1,1
0,1,1
0,1,1
0,1,1
0,0.8655459,1
0,1,1
0,1,1
0,1,1
0,0,1
0,1,1
0,0,0
0,1,1
0,1,1
0,0,1
0,1,1
0,1,1
0,0.856771,1
0,0,0
0,1,1
0,0,0
0,1,1
0,1,1
0,0,1
0,0,1
0,0,1
0,1,1
0,1,1
0,1,1
0,1,1
0,0,1
0,0,1
0,1,1
0,1,1
0,1,1
0,1,1
0,1,1
0,1,1
0,0,1
0,0,1
0,0,1
0,1,1
0,1,1
0,1,1
0,0,1
0,1,1
0,1,1
0,1,1
0,0,0
0,1,1
0,1,1
0,1,1
0,1,1
0,1,1
0,1,1
0,1,1
0,1,1
0,1,1
0,1,1
0,1,1
0,0,1
0,1,1
0,1,1
0,1,1
0,0,1
0,0,1
0,1,1
0,0,1
0,0,1
0,1,1
0,1,1
0,1,1
0,1,1
0,1,1
0,0,1
0,1,1
0,0,1
0,1,1
0,0,1
0,1,1
0,1,1
0,1,1
0,0,0
0,1,1
0,0.7336034,1
0,1,1
0,1,1
0,1,1
0,0,1
0,0,0
0,1,1
0,1,1
0,1,1
0,0,1
0,1,1
0,0.8681955,1
0,0,0
0,0.8624742,1
0,0,1
0,1,1
0,0,1
0,1,1
0,0,0
0,1,1
0,1,1
0,1,1
0,1,1
0,0,1
0,0,0
0,1,1
0,1,1
0,1,1
0,0,1
0,1,1
0,1,1
0,0,1
0,0,1
0,0.864283,1
0,1,1
0,1,1
0,0,1
0,1,1
0,1,1
0,1,1
0,0,1
0,0,1
0,1,1
0,1,1
0,1,1
0,1,1
0,0,1
0,1,1
0,0,1
0,0,0
0,1,1
0,0,1
0,1,1
0,1,1
0,1,1
0,0,0
0,0,0
0,0,1
0,0,0
0,0.8622624,1
0,1,1
0,0,1
0,0.8801833,1
0,1,1
0,1,1
0,1,1
0,1,1
0,1,1
0,0,1
0,1,1
0,1,1
0,1,1
0,1,1
0,0,1
0,0.8616546,1
0,0,1
0,1,1
0,0,1
0,1,1
0,0,1
0,1,1
0,1,1
0,1,1
0,0,0
0,1,1
0,1,1
0,1,1
0,1,1
0,0,0
0,1,1
0,1,1
0,1,1
0,1,1
0,0,1
0,1,1
0,0,1
0,0,1
0,0,1
0,0,0
0,1,1
0,1,1
0,1,1
0,1,1
0,0,1
0,0,1
0,1,1
0,1,1
0,1,1
0,1,1
0,0,1
0,1,1
0,0,1
0,1,1
0,1,1
0,1,1
0,0,0
0,1,1
0,1,1
0,1,1
0,1,1
0,1,1
0,0,1
0,1,1
0,1,1
0,0,0
0,1,1
0,1,1
0,1,1
0,1,1
0,1,1
0,0,0
0,0,0
0,0,1
0,0,0
0,1,1
0,1,1
0,1,1
0,1,1
0,0,1
0,1,1
0,1,1
0,1,1
0,1,1
0,1,1
0,1,1
0,0,0
0,0,1
0,1,1
0,1,1
0,1,1
0,0,1
0,1,1
0,1,1
0,1,1
0,1,1
0,0.8614156,1
0,1,1
0,1,1
0,0,1
0,1,1
0,1,1
0,0,1
0,1,1
0,1,1
0,1,1
0,1,1
0,1,1
0,1,1
0,1,1
0,1,1
0,0.8605772,1
0,1,1
0,1,1
0,1,1
0,0,1
0,1,1
0,1,1
0,1,1
0,1,1
0,1,1
0,0,0
0,1,1
0,1,1
0,0,0
0,1,1
0,1,1
0,0,1
0,1,1
0,1,1
0,1,1
0,0.8540938,1
0,0,1
0,1,1
0,0,1
0,1,1
0,1,1
0,0,1
0,0,1
0,1,1
0,1,1
0,1,1
0,0,0
0,0,1
0,0,1
0,1,1
0,1,1
0,0,1
0,1,1
0,1,1
0,0,1
0,1,1
0,0.8703628,1
0,1,1
0,1,1
0,0,1
0,1,1
0,0,1
0,1,1
0,1,1
0,1,1
0,1,1
0,1,1
0,1,1
0,1,1
0,0,0
0,0,1
0,1,1
0,1,1
0,1,1
0,0,1
0,0,0
0,1,1
0,1,1
0,1,1
0,1,1
0,1,1
0,0,0
0,1,1
0,0,1
0,0,0
0,1,1
0,1,1
0,0,1
0,1,1
0,0,1
0,1,1
0,0,1
0,1,1
0,0,1
0,1,1
0,1,1
0,1,1
0,0,1
