0,0.8606139,1
0,0,0
0,0,0
0,0,1
0,0,0
0,0,0
0,0,0
0,0.8594141,1
0,0,1
0,0,1
0,0,1
0,0,0
0,0,0
0,0.872394,1
0,0,0
0,0,1
0,0,1
0,1,1
0,0,1
0,0,0
0,0,0
0,0,1
0,0,1
0,0,0
0,0,0
0,0,0
0,0,0
0,0,1
0,0,1
0,0,0
0,0,1
0,0,0
0,0,0
0,0,1
0,0,0
0,0,0
0,0,1
0,0,1
0,0,1
0,0,1
0,0,1
0,0,1
0,0,1
0,0,0
0,0,0
0,0,1
0,0,1
0,0,1
0,0,0
0,0,1
0,0,1
0,0,1
0,0,1
0,0,1
0,0,0
0,0,0
0,1,1
0,0,1
0,0,1
0,1,1
0,0,0
0,0,1
0,1,1
0,0,1
0,0,1
0,0,1
0,1,1
0,0,0
0,0,1
0,0,0
0,0,0
0,0,0
0,0,0
0,0,0
0,1,1
0,0.8647274,1
0,0,1
0,0,1
0,1,1
0,0,1
0,0,0
0,0,1
0,0,1
0,0,1
0,0,0
0,0,1
0,0,1
0,0,0
0,0,1
0,0,1
0,0,0
0,0,0
0,0,1
0,0,1
0,0,0
0,0,1
0,0,1
0,0,0
0,0,0
0,0.86682,1
0,0,1
0,0,1
0,0.7997247,1
0,0,0
0,0,1
0,0,1
0,1,1
0,0,0
0,0,0
0,0,0
0,1,1
0,0,1
0,1,1
0,1,1
0,0,1
0,0,1
0,0,0
0,0,1
0,0,0
0,0,1
0,0,0
0,0.8621025,1
0,0,0
0,1,1
0,0,0
0,0,1
0,0,1
0,0,0
0,0,0
0,0.7529881,1
0,1,1
0,1,1
0,1,1
0,0,1
0,0,1
0,0,0
0,1,1
0,0,1
0,0,1
0,0,0
0,0,1
0,0,1
0,0,1
0,0,0
0,0,1
0,0,1
0,0,1
0,0,1
0,0,1
0,1,1
0,0,0
0,0,0
0,0,0
0,0,1
0,0,0
0,0,1
0,0,1
0,1,1
0,0,1
0,0,0
0,1,1
0,0,0
0,0,0
0,0.8669219,1
0,0,0
0,1,1
0,0,1
0,0,0
0,1,1
0,0,1
0,0,1
0,0,1
0,0,0
0,0,0
0,0,1
0,0,1
0,0,0
0,0.7638692,1
0,0,0
0,0,0
0,0,1
0,0,1
0,0,0
0,0,0
0,0,1
0,0,1
0,0.8822507,1
0,0,0
0,0,1
0,0,0
0,0,0
0,0,0
0,0,1
0,0,1
0,0,1
0,0,1
0,0,1
0,0,1
0,0,1
0,0,1
0,0,1
0,0,1
0,0,1
0,0,0
0,0,1
0,1,1
0,0,0
0,0.8733985,1
0,0,0
0,0,1
0,0,1
0,0,1
0,1,1
0,0,1
0,0,1
0,0,1
0,0,0
0,0,1
0,0,0
0,0,0
0,0,1
0,0,0
0,1,1
0,0,0
0,0.857335,1
0,1,1
0,0,1
0,0,0
0,0,1
0,0,1
0,0,0
0,0,0
0,0,0
0,0.7476863,1
0,1,1
0,0,0
0,0,0
0,1,1
0,0,1
0,0,0
0,0,0
0,0,0
0,0,1
0,0,0
0,0,0
0,1,1
0,0,1
0,0,0
0,0,1
0,0,0
0,0,0
0,0,1
0,0,0
0,0,0
0,0.7266533,1
0,0,1
0,0,0
0,0,1
0,0,1
0,0,0
0,0,0
0,0,1
0,0,1
0,1,1
0,0,1
0,0,1
0,0,1
0,0,0
0,0,1
0,0,0
0,1,1
0,1,1
0,0.8556458,1
0,0,1
0,1,1
0,0,1
0,0,1
0,0,0
0,0,1
0,0,1
0,0,0
0,0,1
0,0,1
0,0,1
0,1,1
0,0,0
0,0,0
0,0,1
0,0,1
0,0,1
0,1,1
0,1,1
0,0,1
0,1,1
0,0,1
0,0,1
0,0,0
0,0,1
0,0,1
0,0,1
0,0,1
0,0,1
0,0,1
0,0,0
0,0,1
0,0,1
0,1,1
0,0,1
0,0,1
0,0,0
0,0.7308329,1
0,0,0
0,0,0
0,0,0
0,0,0
0,0,0
0,0,1
0,0.8827504,1
0,0,0
0,0,0
0,0,1
0,0,0
0,0,0
0,1,1
0,0,0
0,0,1
0,0,0
0,0,1
0,0.8671079,1
0,0,1
0,0,1
0,1,1
0,0,1
0,0,1
0,0,1
0,1,1
0,0,1
0,0,0
0,1,1
0,0,0
0,0,0
0,0,0
0,0,0
0,0,1
0,0,1
0,0,1
0,0,1
0,0,1
0,0,1
0,1,1
0,0,0
0,0,0
0,0,0
0,0,1
0,0,1
0,0.8550667,1
0,0,0
0,1,1
0,0,0
0,0,1
0,0,1
0,1,1
0,1,1
0,0.8791564,1
0,0.8621709,1
0,0,0
0,0,0
0,0,0
0,0,1
0,1,1
0,0,1
0,0,1
0,0,1
0,0,1
0,0,0
0,0,1
0,0,0
0,0,1
0,0,1
0,0,1
0,0.8667181,1
0,0,0
0,1,1
0,0,1
0,0,0
0,0,1
0,0,1
0,0,1
0,0,0
0,0,1
0,0,0
0,0.8516427,1
0,0,1
0,0,1
0,1,1
0,0,1
0,0,1
0,0,1
0,0,0
0,0,0
0,0,0
0,0,0
0,0,0
0,0,1
0,1,1
0,0,0
0,0,0
0,0,0
0,0,1
0,0,1
0,0,1
0,0,0
0,0,1
0,1,1
0,0,0
0,0,0
0,0.8128277,1
0,0,0
0,0,0
0,0,1
0,0,1
0,0,1
0,1,1
0,0,1
0,0,1
0,1,1
0,0,1
0,0,1
0,0,1
0,0,1
0,1,1
0,0,0
0,0,0
0,0,1
0,0,0
0,0,0
0,0,0
0,0,1
0,0,0
0,1,1
0,0,0
0,0,1
0,0,1
0,0,0
0,0,0
0,0,0
0,0,1
0,1,1
0,0,0
0,0,1
0,0,0
0,0,1
0,0,0
0,0,1
0,0,1
0,0,1
0,0,1
0,0,1
0,0,1
0,0,1
0,0.7657801,1
0,0,1
0,0,1
0,0,0
0,0,0
0,1,1
0,1,1
0,0,0
0,0,1
0,0,0
0,0.8679858,1
0,1,1
0,0,0
0,0,0
0,0,1
0,0,1
0,0,0
0,0,0
0,0,0
0,0,1
0,0,1
0,0,1
0,0,1
0,0,1
0,0,1
0,0.8585261,1
0,0.8624346,1
0,0,0
0,0,0
0,0,1
0,0,1
0,0,1
0,0,0
0,0,0
0,0,1
0,0,1
0,0,0
0,0,1
0,0,0
0,0,1
0,0,1
0,0,1
0,0.8656191,1
0,0.767969,1
0,0,0
0,0,0
0,0,0
0,0,1
0,0,1
0,0,0
0,0,1
0,0,0
0,0,1
0,0,0
0,0,1
0,0,1
0,0,1
0,0,1
0,0,0
0,0,1
0,0,1
0,0,1
0,1,1
0,1,1
0,0,0
0,1,1
0,0,0
0,0,1
0,0,1
0,0,0
0,0,0
0,0,1
0,0,0
0,0,1
0,0,1
0,0,0
0,0,1
0,0,1
0,0,1
0,0,0
0,1,1
0,0,1
0,0,1
0,1,1
0,1,1
0,0,1
0,1,1
0,0,0
0,1,1
0,1,1
0,0.872969,1
0,0,1
0,0,1
0,1,1
0,0,1
0,1,1
0,0,0
0,0,1
0,0,0
0,0,0
0,0,1
0,0,1
0,0,1
0,0,1
0,0,1
0,1,1
0,0,1
0,0,1
0,0,0
0,0,1
0,0,1
0,0,0
0,0,0
0,0,0
0,0,1
0,0,1
0,0,1
0,0,0
0,0,1
0,0.8704579,1
0,1,1
0,0,1
0,1,1
0,0,0
0,0,1
0,0,0
0,0,0
0,0,0
0,0,0
0,0,1
0,0.8641466,1
0,0,1
0,0,1
0,0,0
0,0,1
0,0,1
0,0,1
0,0,0
0,0,0
0,0,1
0,0,1
0,0,1
0,0,0
0,0,0
0,0,1
0,0,0
0,0,0
0,0,1
0,0,0
0,0,1
0,0,1
0,0,0
0,0,0
0,0,1
0,0.8795792,1
0,0,1
0,0,1
0,0,0
0,1,1
0,1,1
0,0,1
0,1,1
0,0,1
0,0.7666503,1
0,0,0
0,0,0
0,0,1
0,0,1
0,0,1
0,0,0
0,0.8267828,1
0,0,0
0,0,1
0,1,1
0,0,0
0,0,1
0,0,1
0,0,0
0,0,1
0,0,1
0,0,1
0,0,1
0,0.862379,1
0,0,0
0,1,1
0,0,0
0,0,0
0,1,1
0,0,0
0,0,0
0,0,1
0,0,0
0,0,1
0,0,1
0,0,0
0,0,1
0,0,0
0,1,1
0,0,1
0,0,0
0,0,0
0,1,1
0,0,1
0,0.7028793,1
0,0,0
0,0,0
0,0,0
0,0,1
0,0,1
0,0,0
0,0,0
0,0,0
0,1,1
0,0,0
0,0,0
0,0,0
0,0,1
0,0,1
0,0,0
0,0,1
0,0,1
0,0.8303186,1
0,0,1
0,0,0
0,0,0
0,0,1
0,0,0
0,0,1
0,0,1
0,0,1
0,0,1
0,0.7195799,1
0,0,1
0,0,1
0,0,0
0,0,1
0,0,0
0,0,0
0,1,1
0,1,1
0,0,1
0,0,0
0,1,1
0,0,0
0,0,0
0,0,1
0,0,0
0,0,1
0,0,1
0,0,0
0,0.8262113,1
0,0,1
0,0,0
0,0,0
0,0,1
0,0,0
0,0,0
0,0.780874,1
0,0,1
0,1,1
0,0,0
0,0,1
0,0,0
0,1,1
0,1,1
0,0,1
0,0,0
0,0,1
0,1,1
0,0,1
0,0,0
0,0,0
0,1,1
0,0,1
0,1,1
0,0,1
0,1,1
0,0,0
0,0,1
0,0,1
0,0,0
0,0,1
0,0,1
0,1,1
0,0,1
0,0,1
0,0,1
0,0,0
0,0.8719505,1
0,0.8581614,1
0,0,0
0,0,1
0,0,1
0,0.8654802,1
0,1,1
0,0,1
0,0,0
0,0,0
0,0,0
0,0,1
0,0,0
0,0.8641864,1
0,0,0
0,0,0
0,1,1
0,0,0
0,0.8684763,1
0,0,1
0,0,1
0,0,0
0,0,1
0,0.8594692,1
0,0,1
0,0,0
0,0,1
0,0.7844306,1
0,0,0
0,0,0
0,0,1
0,1,1
0,0,0
0,1,1
0,0,0
0,0,0
0,1,1
0,1,1
0,0.8605384,1
0,0,1
0,0,1
0,0,1
0,0,1
0,0,1
0,0,0
0,0,1
0,0,1
0,0,1
0,0,1
0,0,1
0,1,1
0,0,0
0,0,1
0,0,0
0,0,1
0,0,1
0,0,0
0,0,0
0,0,0
0,0,0
0,0,1
0,1,1
0,0,0
0,0,0
0,0,0
0,0,1
0,0,1
0,0,0
0,0,0
0,0,0
0,0.950961,1
0,0,1
0,1,1
0,0,1
0,0.7704026,1
0,0,1
0,0,1
0,0,0
0,0,0
0,0,1
0,1,1
0,0,0
0,0,0
0,0,0
0,0,0
0,0,1
0,0.8620951,1
0,1,1
0,0,1
0,0,1
0,0,1
0,0,1
0,0,0
0,1,1
0,0,1
0,0.8594849,1
0,0,1
0,0,1
0,0,1
0,0,0
0,0,1
0,0,1
0,0,0
0,0,0
0,0,1
0,0,0
0,0,1
0,0,1
0,0,0
0,0,0
0,0.8647892,1
0,1,1
0,0,1
0,0,1
0,0,1
0,0,1
0,0,1
0,0,0
0,0.7793455,1
0,0,1
0,0,0
0,1,1
0,0,1
0,0,0
0,0,0
0,0,0
0,0,1
0,0,1
0,0,0
0,0,1
0,0,1
0,0,0
0,0,1
0,0,1
0,0,1
0,1,1
0,0,1
0,0.8565435,1
0,0,0
0,1,1
0,0,1
0,0,1
0,1,1
0,0,1
0,0,1
0,0,1
0,0,0
0,0,0
0,0,0
0,0,0
0,0,1
0,0,0
0,1,1
0,1,1
0,0,0
0,1,1
0,0,0
0,0,1
0,0,1
0,0,1
0,0,0
0,1,1
0,0,0
0,0,1
0,0,1
0,0,1
0,0,0
0,1,1
0,0,0
0,0,1
0,0,1
0,0,0
0,0,0
0,0,0
0,0,0
0,0,1
0,0,0
0,0,0
0,0,0
0,0,0
0,0,1
0,1,1
0,0,1
0,0,1
0,0,1
0,1,1
0,0,0
0,1,1
0,0,0
0,0,1
0,0,0
0,1,1
0,0,0
0,0,0
0,0,0
0,0,1
0,0,0
0,0,0
0,0,1
0,0,1
0,0,1
0,0.7358875,1
0,0,1
0,0,0
0,0,0
0,1,1
0,0,0
0,0,1
0,0,0
0,0,1
0,0,1
0,0,1
0,0,0
0,0,0
0,0,1
0,0,1
0,1,1
0,0,0
0,1,1
0,0,0
0,0,0
0,0.8698676,1
0,0,1
0,0,0
0,0,1
0,0,1
0,0,1
0,0,1
0,1,1
0,0,1
0,0,1
0,0,1
0,0,1
0,0,0
0,1,1
0,0,1
0,0,0
0,0,1
0,0,1
0,0,0
0,0,0
0,0,1
0,0,1
0,0,0
0,0.7606786,1
0,0,1
0,0,0
0,0,0
0,0,1
0,0,1
0,0.863072,1
0,0,0
0,1,1
0,0,0
0,0,1
0,1,1
0,0,1
0,0,0
0,1,1
0,0,0
0,0,0
0,0,1
0,1,1
0,0,0
0,0,1
0,1,1
0,1,1
0,0,0
0,1,1
0,0,0
0,0,0
0,0,0
0,0,1
0,0,0
0,0,1
0,0,1
0,0,0
0,0,0
0,1,1
0,0,1
0,0,0
0,0,0
0,0,0
0,0,0
0,0.8619202,1
0,0,0
0,0.7796589,1
0,0,0
0,0,1
0,0,1
0,0,0
0,0,0
0,0,1
0,0,0
0,0,1
0,0,1
0,0,1
0,0,1
0,0,1
0,0,1
0,0,0
0,0,1
0,0,0
0,0,1
0,1,1
0,0,0
0,0,1
0,0,0
0,0,0
0,0,1
0,1,1
0,1,1
0,0,1
0,0,1
0,0,1
0,0,1
0,0,1
0,0.8408984,1
0,0,0
0,0,1
0,0,1
0,0,1
0,0,1
0,0,1
0,0,0
0,0,1
0,1,1
0,0.8625547,1
0,0,1
0,0,0
0,0,0
0,0,1
0,1,1
0,0,1
0,0.7610317,1
0,0,1
0,0,0
0,1,1
0,0,1
0,0,0
0,1,1
0,0,1
0,0,0
0,1,1
0,0,1
0,0,0
0,1,1
0,0.8787445,1
0,0,1
0,0,1
0,0,1
0,0,0
0,0,1
0,0,0
0,0,1
0,0,1
0,1,1
0,0.8779221,1
0,1,1
0,1,1
0,0,1
0,0,0
0,0,0
0,0,1
0,0,0
0,0.8607365,1
0,0.8213805,1
0,0,1
0,0,0
0,0.7771739,1
0,0,1
0,0,1
0,0,0
0,0,0
0,0,0
0,0,1
0,1,1
0,0,0
0,0,0
0,1,1
0,0,1
0,0,1
0,1,1
0,1,1
0,0,1
0,0,0
0,0,1
0,0,1
0,0,1
0,0,0
0,0,0
0,0,0
0,0,1
0,1,1
0,0,0
0,0,1
0,0,1
0,0,0
0,0,1
0,0,1
0,0,1
0,0,1
0,0,1
0,0,0
0,0,0
0,0,1
0,0.9408104,1
0,0,0
0,0,1
0,1,1
0,0,1
0,0,0
0,0,1
0,1,1
0,1,1
0,0,1
0,0,1
0,0,1
0,0,1
0,0,0
0,0,1
0,0,0
0,1,1
0,0,0
0,0,0
0,0,0
0,0.8731412,1
0,1,1
0,0,1
0,1,1
0,0,1
0,0,1
0,0,1
0,0,0
0,0,1
0,0,0
0,0,0
0,0,1
0,1,1
0,0,1
0,0.8388864,1
0,0,1
0,0,1
0,0,1
0,0.8599108,1
0,0,1
0,0,0
0,1,1
0,0,1
0,1,1
0,0,0
0,0,0
0,0,1
0,0,1
0,0,1
0,1,1
0,0,1
0,0,0
0,0,0
0,0,1
0,0,1
0,0.9002692,1
0,0,0
0,0,0
0,0,0
0,1,1
0,0,1
0,1,1
0,0,0
0,1,1
0,1,1
0,0,0
0,0,1
0,0,0
0,0,0
0,0,1
0,0,0
0,0,0
0,0,1
0,0,1
0,0,1
0,0,0
0,0,0
0,0,0
0,1,1
0,0,0
0,0,1
0,0,0
0,0,0
0,0,0
0,0,1
0,1,1
0,0,1
0,0,0
0,0,0
0,0,1
0,0,1
0,0,0
0,0,0
0,1,1
0,0,1
0,0,0
0,0,1
0,0,0
0,1,1
0,1,1
0,0,1
0,0,0
0,1,1
0,0,0
0,0,1
0,0.8689181,1
0,0,1
0,0,0
0,0,1
0,0,1
0,0,1
0,0.8757943,1
0,0.7338904,1
0,0,1
0,1,1
0,0,0
0,0,0
0,0,1
0,0.861967,1
0,0,1
0,0.8678104,1
0,0,0
0,0.8742027,1
0,0,1
0,0,1
0,0,1
0,0,0
0,0,1
0,0,1
0,0,1
0,0,1
0,1,1
0,1,1
0,1,1
0,0,0
0,0,0
0,1,1
0,0,1
0,0,0
0,0,0
0,0,1
0,0,1
0,0,0
0,0,0
0,0,1
0,0,1
0,0.8405365,1
0,0,1
0,0,1
0,0,1
0,0,1
0,1,1
0,0,1
0,0.7678109,1
0,1,1
0,0,0
0,0,0
0,0,0
0,0,0
0,0,1
0,1,1
0,0,1
0,0,0
0,0,1
0,0,0
0,0,1
0,0,0
0,0,1
0,0,0
0,0,1
0,0,0
0,0,0
0,0,1
0,0,1
0,0,1
0,0,1
0,0,1
0,0,0
0,0,1
0,0,1
0,0,1
0,0,1
0,1,1
0,0,0
0,0,1
0,0.8676467,1
0,0,1
0,0,0
0,0,1
0,0,0
0,0,1
0,0,1
0,0,1
0,0,1
0,0,1
0,0,0
0,1,1
0,0,0
0,0,1
0,0,1
0,0,1
0,0,0
0,0,1
0,0,1
0,0,1
0,0,1
0,1,1
0,0.7500936,1
0,0,1
0,1,1
0,0,1
0,1,1
0,0,0
0,0,0
0,0,1
0,0,0
0,0,1
0,1,1
0,1,1
0,0,1
0,0,0
0,0,0
0,1,1
0,0,1
0,0,1
0,1,1
0,0,0
0,0.858116,1
0,0,1
0,0,0
0,0,1
0,1,1
0,0,0
0,0,1
0,0,0
0,0,1
0,1,1
0,0,0
0,0,1
0,0,0
0,0,0
0,0,0
0,0,1
0,0,0
0,0,0
0,0,1
0,0,0
0,0,0
0,0,0
0,0,1
0,0,1
0,0.8638406,1
0,0,1
0,0,1
0,0.8735749,1
0,0,0
0,1,1
0,0,0
0,0,1
0,0,1
0,1,1
0,1,1
0,0,1
0,0.7030057,1
0,0,0
0,0,1
0,1,1
0,1,1
0,0,0
0,0,1
0,0,0
0,1,1
0,1,1
0,0,1
0,0.8639996,1
0,0,0
0,0,0
0,0,0
0,0,1
0,0,0
0,0,1
0,0,1
0,0,1
0,0,1
0,1,1
0,0,1
0,0,1
0,0,1
0,1,1
0,0,0
0,1,1
0,0,0
0,0,0
0,0,0
0,0,1
0,1,1
0,0,1
0,0,0
0,1,1
0,0,1
0,1,1
0,0,1
0,0,1
0,0,1
0,0,1
0,0,1
0,0,1
0,0,1
0,0,1
0,0,0
0,0.8620408,1
0,0,1
0,0,1
0,0,1
0,0,0
0,0,1
0,0,0
0,0,0
0,0,0
0,0.7015127,1
0,0,1
0,0,0
0,0,1
0,1,1
0,0,0
0,0,0
0,1,1
0,0.8602308,1
0,0,1
0,0,1
0,1,1
0,0.8543338,1
0,0,1
0,0,0
0,0,1
0,0,1
0,0,0
0,0,0
0,0,0
0,0,0
0,0,0
0,0,1
0,0,0
0,1,1
0,0,1
0,0,1
0,1,1
0,1,1
0,1,1
0,0,0
0,1,1
0,0.8681468,1
0,0.8626044,1
0,0,1
0,0,1
0,0,0
0,0,0
0,0,1
0,0,1
0,0,1
0,1,1
0,1,1
0,0,1
0,0,1
0,0,1
0,1,1
0,0,0
0,0,0
0,1,1
0,0,0
0,0.8969609,1
0,0,1
0,0,1
0,0,0
0,0,1
0,0,0
0,0,1
0,0,0
0,0,0
0,0,0
0,0,1
0,0,1
0,0.8584601,1
0,1,1
0,0,0
0,0,1
0,0,1
0,0,1
0,0,0
0,0,1
0,0,1
0,0,1
0,0,1
0,0,1
0,0,1
0,0,1
0,0,0
0,0,1
0,0.7353001,1
0,0,1
0,0,0
0,0,0
0,0,1
0,0,1
0,0,1
0,0,1
0,1,1
0,0,1
0,0,1
0,0,1
0,0,0
0,1,1
0,0,1
0,0,0
0,0,1
0,0,1
0,0,0
0,0,0
0,0,1
0,1,1
0,1,1
0,1,1
0,0,0
0,1,1
0,0,0
0,0,1
0,0,1
0,0.765197,1
0,0,0
0,0,1
0,0,0
0,0,0
0,1,1
0,0,1
0,0,1
0,1,1
0,0,1
0,0,0
0,0,1
0,1,1
0,0.8609697,1
0,1,1
0,0,1
0,1,1
0,0,0
0,0,1
0,0,1
0,0,1
0,1,1
0,0,1
0,0,0
0,0,0
0,0,0
0,0,1
0,0,1
0,1,1
0,0,1
0,0,0
0,0,0
0,0,0
0,0.7056438,1
0,0,0
0,0,0
0,0,0
0,0,1
0,0,0
0,0,1
0,1,1
0,0,1
0,0,1
0,0,1
0,0,1
0,0,1
0,0,1
0,0,0
0,0,1
0,0,0
0,1,1
0,0,1
0,1,1
0,0,1
0,0,0
0,0,1
0,0,1
0,0,1
0,0,0
0,0,0
0,0,0
0,0,0
0,0.8609555,1
0,0,1
0,0,0
0,1,1
0,0,1
0,0,1
0,0,1
0,0,1
0,0,1
0,0,1
0,0.8742594,1
0,0,1
0,0,1
0,0,0
0,0,0
0,0,0
0,0,1
0,0,1
0,0,1
0,1,1
0,0,1
0,0,1
0,0,1
0,0.8666228,1
0,0,1
0,1,1
0,0,1
0,1,1
0,1,1
0,1,1
0,0.7138919,1
0,0,1
0,0,1
0,0,0
0,0,0
0,0,1
0,0,1
0,0,1
0,0,1
0,0,1
0,0.859641,1
0,0,0
0,0,0
0,1,1
0,1,1
0,0,0
0,0.8590289,1
0,0,1
0,0,1
0,0,0
0,0,1
0,1,1
0,0,0
0,0,1
0,0,1
0,0,1
0,0,1
0,1,1
0,1,1
0,1,1
0,0,0
0,0.7262732,1
0,0,0
0,0,1
0,1,1
0,1,1
0,0,1
0,0,0
0,0,0
0,0,0
0,1,1
0,0,0
0,0,1
0,0,1
0,0,1
0,0,1
0,1,1
0,0,1
0,0,0
0,0,0
0,0,1
0,0,1
0,0,0
0,0,0
0,0.7005441,1
0,1,1
0,0,1
0,0,0
0,0,1
0,0,1
0,0,0
0,0,0
0,0,1
0,0,1
0,1,1
0,0,1
0,0.8640918,1
0,0,0
0,1,1
0,0,0
0,1,1
0,0,1
0,0,0
0,0,0
0,0.7201926,1
0,0,0
0,0.8586671,1
0,0,0
0,0,1
0,0,1
0,1,1
0,0,1
0,0,1
0,0,0
0,0,1
0,0,1
0,0,1
0,0,1
0,1,1
0,1,1
0,1,1
0,0,0
0,0,1
0,0.7583512,1
0,0,1
0,0,1
0,0,0
0,0,1
0,0,1
0,0,1
0,0,0
0,0,0
0,0,0
0,0,0
0,0,1
0,0,1
0,0,1
0,1,1
0,0,0
0,0,0
0,0,0
0,0,0
0,0,1
0,0,1
0,1,1
0,0,1
0,0,1
0,0,1
0,0,1
0,0,1
0,1,1
0,0,1
0,1,1
0,0,0
0,0,1
0,0,0
0,0,1
0,0,1
0,0,0
0,1,1
0,0.8722924,1
0,0,1
0,0.8544755,1
0,1,1
0,0,0
0,0,1
0,0,1
0,0.8001517,1
0,0,0
0,0,0
0,1,1
0,0,1
0,0,1
0,0,0
0,0,0
0,0,1
0,0,0
0,0,1
0,0,0
0,1,1
0,0,1
0,0,1
0,0,1
0,0,0
0,0,1
0,0.7880328,1
0,0,1
0,0.7525321,1
0,0,0
0,0,0
0,0,1
0,0,1
0,0,0
0,0,1
0,0,1
0,0,1
0,1,1
0,0,1
0,0,1
0,0,0
0,0,0
0,0,0
0,0,1
0,0,0
0,0,1
0,1,1
0,0,1
0,0,1
0,0,1
0,0,1
0,0,1
0,0,1
0,0,0
0,0,1
0,0,1
0,0,1
0,0,1
0,0,1
0,1,1
0,0.8068477,1
0,1,1
0,0,1
0,0,1
0,0,1
0,0,0
0,0,1
0,0.8660227,1
0,0.8630458,1
0,0,0
0,0,0
0,0,1
0,0,1
0,0,0
0,0,0
0,1,1
0,0,1
0,0.7771407,1
0,0,1
0,0,1
0,0,0
0,0,1
0,0,0
0,1,1
0,0,1
0,0,1
0,0,1
0,1,1
0,0.7140802,1
0,0,0
0,1,1
0,0,0
0,0,0
0,0,1
0,0,1
0,0,1
0,1,1
0,0,0
0,0,1
0,0,1
0,0,1
0,1,1
0,0,1
0,1,1
0,0.8660845,1
0,0,1
0,0,0
0,0,1
0,1,1
0,0,0
0,0,0
0,0,1
0,0,0
0,0,1
0,0,1
0,1,1
0,0.8588575,1
0,0,1
0,1,1
0,0,1
0,0,1
0,0,0
0,0,0
0,0,1
0,0,0
0,0,0
0,0,1
0,1,1
0,1,1
0,0.856136,1
0,0,1
0,1,1
0,0,0
0,1,1
0,0,1
0,1,1
0,0,1
0,0.8828498,1
0,0,1
0,0,1
0,0,0
0,1,1
0,0,0
0,0,0
0,0,1
0,0.863548,1
0,0,1
0,0,1
0,0,1
0,1,1
0,0,0
0,1,1
0,1,1
0,1,1
0,1,1
0,0.8595001,1
0,0,0
0,0,1
0,0,0
0,0,1
0,0.8181636,1
0,0,1
0,0,1
0,0,0
0,0,0
0,0,0
0,0,1
0,0,1
0,0,1
0,0,1
0,0,1
0,0,0
0,0.860323,1
0,1,1
0,0,1
0,1,1
0,0,1
0,0,1
0,0,1
0,0,1
0,0,0
0,0,1
0,0,1
0,0.7655033,1
0,0,0
0,0.765655,1
0,0,0
0,0,1
0,0,1
0,0,1
0,0,1
0,0,0
0,1,1
0,0,1
0,0,1
0,0,1
0,0.8639449,1
0,0,1
0,0,0
0,0,0
0,0,0
0,0,1
0,0,1
0,1,1
0,0,0
0,0,0
0,0,1
0,0.8700773,1
0,0,1
0,0,1
0,0,1
0,0.8613287,1
0,1,1
0,0,1
0,0,1
0,0,1
0,0,0
0,0,0
0,0,1
0,0,1
0,0.8738509,1
0,0,0
0,1,1
0,0,0
0,0,1
0,0,1
0,0,0
0,0,1
0,0,0
0,0,1
0,0,1
0,0,0
0,0,1
0,0,1
0,0,0
0,0,1
0,0,1
0,0,1
0,0,1
0,0,1
0,0,0
0,0,0
0,0,1
0,0,1
0,0,0
0,0,1
0,0,1
0,0,0
0,1,1
0,0,0
0,0,1
0,0,0
0,0,1
0,0,1
0,0.861883,1
0,0,1
0,0,0
0,0,1
0,0,1
0,0,0
0,0,1
0,1,1
0,0,0
0,0,0
0,0.9419965,1
0,1,1
0,1,1
0,0,1
0,0,1
0,0,1
0,0,1
0,0,0
0,0,1
0,0,1
0,1,1
0,0,1
0,0,1
0,0,0
0,0,0
0,0,1
0,0,1
0,0,0
0,1,1
0,0,1
0,0,1
0,0,0
0,0,1
0,0,1
0,0,0
0,0,0
0,0,1
0,0,1
0,0,1
0,1,1
0,0,1
0,0.8593706,1
0,0,1
0,0,0
0,0,0
0,0,0
0,0,0
0,0,0
0,0,1
0,0,1
0,0,0
0,0,1
0,0,1
0,0,1
0,0,1
0,0.7265984,1
0,0,0
0,0,1
0,1,1
0,0,0
0,1,1
0,0,1
0,0,1
0,0,1
0,0,0
0,0,0
0,0,1
0,0,0
0,0,0
0,0,1
0,0,1
0,0,1
0,0,1
0,0,1
0,0,0
0,0,1
0,0,0
0,0.8746682,1
0,0,0
0,1,1
0,0,1
0,1,1
0,0,0
0,0,0
0,0,0
0,0,1
0,0,0
0,0,0
0,0,1
0,1,1
0,0,1
0,0,1
0,0,1
0,0,1
0,0,0
0,0,1
0,0.8661728,1
0,1,1
0,0,1
0,0,1
0,0,0
0,1,1
0,0,1
0,0,1
0,0,1
0,0,1
0,0.7503475,1
0,0,1
0,1,1
0,0,0
0,0,0
0,0,1
0,0,1
0,0,0
0,0,0
0,0,1
0,1,1
0,1,1
0,1,1
0,0.8121459,1
0,0,1
0,1,1
0,0,1
0,0,1
0,0.8531429,1
0,1,1
0,0,1
0,1,1
0,0,0
0,1,1
0,0,1
0,0.8656915,1
0,0,1
0,0,1
0,0,1
0,0,0
0,0,1
0,1,1
0,1,1
0,0,1
0,0,1
0,1,1
0,0,1
0,0,1
0,0,1
0,0,1
0,1,1
0,0,1
0,0,1
0,0,0
0,0,1
0,1,1
0,0,1
0,0,1
0,0,1
0,0,0
0,0,0
0,0,1
0,0,0
0,0,1
0,0,1
0,0,1
0,1,1
0,0,1
0,0,0
0,0,0
0,0,0
0,0.9113668,1
0,0.7000431,1
0,1,1
0,0,1
0,0,1
0,0,0
0,0,1
0,0.8635834,1
0,1,1
0,1,1
0,0,1
0,0,1
0,0,0
0,0,1
0,0,0
0,0,0
0,0,1
0,0,1
0,1,1
0,0,1
0,0,0
0,0,0
0,1,1
0,0,1
0,1,1
0,1,1
0,0,0
0,1,1
0,0,1
0,0,1
0,0.7806472,1
0,0,1
0,0.7355376,1
0,0,1
0,0,0
0,1,1
0,0,0
0,0,0
0,0,1
0,1,1
0,0,1
0,0,1
0,0,1
0,0,1
0,0,1
0,0.7251126,1
0,0,1
0,0,0
0,1,1
0,1,1
0,0,1
0,1,1
0,0,0
0,0,1
0,0,0
0,0,1
0,0,1
0,1,1
0,1,1
0,1,1
0,0,0
0,0,1
0,0,0
0,0,0
0,0,0
0,0,1
0,0,1
0,0,1
0,0,1
0,0,0
0,0,0
0,0,0
0,0,1
0,1,1
0,0.9085431,1
0,0,1
0,1,1
0,1,1
0,0.8609706,1
0,1,1
0,0,1
0,0,1
0,0,1
0,0,1
0,0,1
0,0,1
0,0,1
0,0.8769588,1
0,0,1
0,0,1
0,0,1
0,0.8622453,1
0,0,1
0,0,1
0,0,1
0,0,1
0,0,0
0,0,0
0,0,1
0,0,1
0,1,1
0,0,1
0,1,1
0,0,1
0,0,0
0,1,1
0,0,0
0,1,1
0,0,1
0,0,0
0,0,1
0,0,1
0,0,1
0,0.8796124,1
0,0,1
0,1,1
0,0,1
0,0,0
0,0,1
0,1,1
0,1,1
0,0,0
0,0,1
0,0.8568248,1
0,1,1
0,0,1
0,0,1
0,1,1
0,0,0
0,1,1
0,0,1
0,0,1
0,1,1
0,0,0
0,1,1
0,1,1
0,0,1
0,1,1
0,1,1
0,0,1
0,0,1
0,0,0
0,0,0
0,0,1
0,0,0
0,1,1
0,0,1
0,1,1
0,1,1
0,0,0
0,0,0
0,0,0
0,0,1
0,0,1
0,1,1
0,0,1
0,0,1
0,0,1
0,0,0
0,0,0
0,0,1
0,0,1
0,1,1
0,0,1
0,0,0
0,0,1
0,1,1
0,0,1
0,1,1
0,0,1
0,1,1
0,0,1
0,0,1
0,0.8035945,1
0,0,1
0,0,1
0,0,0
0,0,1
0,0,1
0,0,1
0,1,1
0,0,1
0,0,1
0,0,1
0,0,1
0,0,1
0,0,1
0,0,1
0,0,1
0,1,1
0,0,1
0,1,1
0,1,1
0,1,1
0,0.8633443,1
0,0,1
0,0,1
0,0,0
0,0,0
0,1,1
0,0,1
0,0.8612012,1
0,1,1
0,1,1
0,0,1
0,0,1
0,0.8768448,1
0,0,1
0,0,1
0,0,1
0,0.8053423,1
0,0,0
0,0,0
0,0,1
0,0,1
0,0,1
0,0,1
0,1,1
0,0,1
0,1,1
0,0,1
0,0,0
0,1,1
0,0,1
0,0,1
0,0,1
0,0,1
0,0,1
0,1,1
0,0.8018837,1
0,0,1
0,1,1
0,0,1
0,0,0
0,0,1
0,0.8650438,1
0,0,1
0,0,1
0,0,1
0,0,1
0,0,1
0,1,1
0,0,0
0,0,1
0,1,1
0,1,1
0,0,1
0,1,1
0,0,1
0,0,1
0,0,0
0,0,1
0,0,0
0,1,1
0,0,1
0,0,0
0,0,0
0,0,1
0,0,0
0,0,1
0,0,1
0,0,1
0,0,1
0,0,1
0,0,0
0,0,1
0,1,1
0,0,1
0,1,1
0,1,1
0,0,1
0,1,1
0,0,1
0,1,1
0,0,1
0,0,1
0,0,1
0,1,1
0,0,1
0,0,1
0,0,0
0,0,0
0,1,1
0,1,1
0,1,1
0,0,1
0,0.7848865,1
0,0,1
0,0,1
0,1,1
0,0,1
0,0,1
0,0,1
0,1,1
0,0,0
0,0.7737447,1
0,0,1
0,1,1
0,0,1
0,0,1
0,1,1
0,1,1
0,0,1
0,0,1
0,0,1
0,0,1
0,0,1
0,0,1
0,0,1
0,0,1
0,0,0
0,0,0
0,0,1
0,0,0
0,1,1
0,1,1
0,0,1
0,0,1
0,0,1
0,1,1
0,0,0
0,0,1
0,1,1
0,0,0
0,0,1
0,0,1
0,0,1
0,0,0
0,1,1
0,0,1
0,1,1
0,0,1
0,0,1
0,0,0
0,1,1
0,1,1
0,0,1
0,1,1
0,0,1
0,0.8623116,1
0,0,0
0,0,1
0,0,0
0,0.7496132,1
0,1,1
0,1,1
0,0,1
0,0,1
0,0,0
0,0,0
0,1,1
0,1,1
0,0,1
0,1,1
0,0,1
0,0,0
0,0,1
0,0,0
0,0,1
0,0,0
0,0,1
0,0.8599962,1
0,0,0
0,0.8596252,1
0,0,0
0,0,1
0,0,1
0,0,0
0,0,0
0,0,1
0,0.8523198,1
0,1,1
0,0,1
0,1,1
0,0,1
0,0,1
0,0,0
0,1,1
0,0,1
0,0,1
0,0,1
0,1,1
0,0,1
0,0,1
0,0,1
0,1,1
0,0,0
0,0,0
0,0,0
0,0,1
0,0,1
0,0,0
0,0,0
0,1,1
0,1,1
0,1,1
0,0,1
0,0,0
0,0,0
0,0,1
0,0,1
0,1,1
0,0,0
0,0,1
0,0,1
0,0,1
0,0,1
0,0,0
0,1,1
0,0,0
0,0,1
0,1,1
0,0,0
0,0,0
0,0,1
0,0,1
0,1,1
0,0,1
0,0,1
0,0,0
0,1,1
0,1,1
0,0,1
0,0,0
0,0,1
0,1,1
0,0,1
0,0,1
0,0,1
0,0,0
0,0,1
0,0,1
0,0,0
0,0,0
0,0,0
0,1,1
0,0,0
0,0,1
0,0,1
0,0,1
0,0,1
0,1,1
0,0,0
0,0,1
0,0,1
0,0,1
0,0,1
0,0,0
0,0,1
0,0,0
0,0,0
0,1,1
0,0,1
0,0,1
0,0,1
0,1,1
0,0.8689499,1
0,0.7033571,1
0,1,1
0,1,1
0,0,1
0,0,1
0,0,1
0,0,1
0,0,0
0,0,1
0,0,1
0,0,0
0,1,1
0,0,0
0,1,1
0,0.8557162,1
0,0,1
0,1,1
0,0,1
0,0,1
0,0,1
0,0,0
0,0,1
0,0,1
0,1,1
0,0,1
0,0,1
0,0,0
0,0,0
0,0,0
0,0,1
0,0,1
0,0,0
0,0.8803061,1
0,0.7574761,1
0,0,1
0,0,1
0,0,1
0,0,0
0,0,1
0,1,1
0,0.8625474,1
0,0,0
0,0.8856716,1
0,1,1
0,0,0
0,0,1
0,0,0
0,0,1
0,0.7641559,1
0,0,0
0,0,0
0,1,1
0,0,1
0,1,1
0,0,1
0,0,0
0,0,1
0,0,1
0,0,0
0,0,1
0,0.8552803,1
0,0,0
0,0,1
0,0,1
0,0,0
0,0,1
0,0,1
0,0,1
0,1,1
0,1,1
0,0,1
0,1,1
0,0.9075272,1
0,1,1
0,0,0
0,0,1
0,1,1
0,0,1
0,0,1
0,0,1
0,1,1
0,0,1
0,0,1
0,0,0
0,1,1
0,0,0
0,0,1
0,0,1
0,1,1
0,0,1
0,0,1
0,0,0
0,0,1
0,1,1
0,1,1
0,0.7907768,1
0,0,1
0,1,1
0,0,0
0,0,0
0,0,0
0,1,1
0,1,1
0,0,1
0,0,1
0,0,1
0,0,0
0,0,0
0,0,0
0,1,1
0,0,1
0,1,1
0,0,1
0,0,1
0,0,1
0,0,1
0,0,1
0,1,1
0,1,1
0,0,1
0,0,1
0,0,1
0,0,1
0,1,1
0,0,1
0,0.9231257,1
0,1,1
0,0,1
0,0,0
0,0,1
0,1,1
0,0,0
0,0,1
0,0,1
0,0,1
0,1,1
0,0,1
0,0.7353643,1
0,0,0
0,1,1
0,1,1
0,0,0
0,0,1
0,0,1
0,0,1
0,1,1
0,0,1
0,0,1
0,0,1
0,0,1
0,0,1
0,0,0
0,0,1
0,0,1
0,0,1
0,1,1
0,0,1
0,0,1
0,0,0
0,0,0
0,0,0
0,0,1
0,0.862449,1
0,0,0
0,1,1
0,1,1
0,0,1
0,0,1
0,1,1
0,0.8691839,1
0,0,0
0,1,1
0,1,1
0,0,1
0,1,1
0,1,1
0,0,0
0,1,1
0,1,1
0,0,1
0,0,1
0,0,0
0,0,1
0,0,1
0,1,1
0,1,1
0,0,1
0,0,1
0,0,1
0,0,1
0,0,1
0,0,1
0,0,1
0,0,1
0,0,1
0,1,1
0,1,1
0,0.8698479,1
0,0,1
0,1,1
0,0,1
0,0,0
0,0,0
0,1,1
0,0,0
0,0,1
0,0,1
0,0,1
0,0,0
0,0,1
0,0,1
0,0,1
0,1,1
0,1,1
0,0,1
0,0.8388034,1
0,0,1
0,0,1
0,0,0
0,0,0
0,1,1
0,0,1
0,0,0
0,0,1
0,0,0
0,1,1
0,0,1
0,0,0
0,0.862335,1
0,1,1
0,0,1
0,0,1
0,0,1
0,1,1
0,0,1
0,0,1
0,1,1
0,0.7313728,1
0,0,0
0,0.7503479,1
0,0,1
0,0,1
0,1,1
0,0,0
0,0,0
0,1,1
0,0,1
0,1,1
0,0,1
0,0,0
0,0,1
0,1,1
0,1,1
0,0,1
0,0,0
0,0,0
0,1,1
0,0,0
0,0,0
0,0,0
0,0,0
0,0.8680516,1
0,0,1
0,0,1
0,0,1
0,0,1
0,0,1
0,1,1
0,0,1
0,0.8893278,1
0,0,1
0,0,1
0,0,1
0,0,1
0,0,1
0,0,1
0,0,0
0,0,1
0,0,0
0,0,0
0,0,1
0,0,1
0,1,1
0,0.882327,1
0,1,1
0,0,0
0,0,1
0,0,1
0,0,1
0,0,1
0,0,0
0,1,1
0,0,0
0,1,1
0,1,1
0,0,1
0,0,1
0,0,1
0,0,1
0,1,1
0,1,1
0,1,1
0,0,1
0,0,1
0,0,0
0,1,1
0,0,1
0,0,1
0,0,1
0,0,1
0,0,1
0,0,0
0,0,1
0,0,1
0,0,1
0,1,1
0,0,1
0,0,1
0,0,1
0,0,1
0,0,0
0,0,1
0,0,1
0,0,1
0,0,0
0,0.8727957,1
0,0,1
0,0,1
0,0,0
0,0,1
0,0,0
0,0,0
0,0,1
0,0,1
0,0,1
0,0,1
0,0,0
0,0,1
0,1,1
0,0,1
0,0,1
0,0,0
0,0,1
0,0,1
0,0,1
0,0,0
0,0.8684332,1
0,0,1
0,0,1
0,0,1
0,0,1
0,0,1
0,0,0
0,0,1
0,1,1
0,0,1
0,1,1
0,0,1
0,1,1
0,1,1
0,1,1
0,1,1
0,0,1
0,1,1
0,0,1
0,0,1
0,0,1
0,0,1
0,0,0
0,1,1
0,0,1
0,1,1
0,0,0
0,0,1
0,0,1
0,0,1
0,0,0
0,0,1
0,1,1
0,0.8642142,1
0,1,1
0,1,1
0,0,1
0,0.7660018,1
0,0,0
0,0,0
0,0,0
0,0,0
0,0,1
0,0,1
0,1,1
0,0,1
0,0,1
0,0,0
0,0,1
0,0,1
0,0,1
0,0,0
0,0,1
0,0,1
0,0,0
0,0,0
0,0,0
0,0,1
0,0,1
0,1,1
0,1,1
0,0,1
0,0,1
0,0,0
0,0,1
0,0,0
0,0,1
0,1,1
0,0,1
0,0,0
0,1,1
0,0,1
0,0,1
0,0,1
0,0,1
0,0,1
0,0,0
0,0,0
0,0.8787487,1
0,1,1
0,0,1
0,0,1
0,0,1
0,0,1
0,0,1
0,0,0
0,1,1
0,0,1
0,1,1
0,0,1
0,0.7800566,1
0,0,1
0,0,1
0,0.7792014,1
0,0,1
0,0,1
0,1,1
0,0,1
0,0,1
0,1,1
0,0,1
0,0,1
0,0,0
0,0,0
0,0,0
0,1,1
0,0,0
0,0,1
0,0,1
0,0,1
0,0,1
0,1,1
0,1,1
0,0,0
0,0,1
0,0,0
0,0,1
0,0,1
0,0,1
0,0,1
0,0,1
0,1,1
0,0.7481139,1
0,0,1
0,1,1
0,1,1
0,0,0
0,1,1
0,0,1
0,0,0
0,0,1
0,0,1
0,0,1
0,0,1
0,0,0
0,0.7032768,1
0,1,1
0,1,1
0,1,1
0,0,1
0,0,1
0,0,1
0,1,1
0,0,1
0,1,1
0,0,0
0,0,1
0,0,0
0,0,0
0,0,1
0,1,1
0,0,1
0,1,1
0,0,1
0,0.857303,1
0,0,0
0,1,1
0,0,0
0,0,1
0,0.8782099,1
0,0,0
0,0,1
0,1,1
0,0,1
0,1,1
0,0,1
0,0,1
0,1,1
0,0,0
0,1,1
0,0,0
0,1,1
0,0,1
0,0,1
0,1,1
0,0.8674408,1
0,1,1
0,0.8156817,1
0,0,1
0,0,0
0,1,1
0,1,1
0,0,1
0,0,0
0,1,1
0,0,1
0,0,0
0,0.8568214,1
0,0,1
0,0,1
0,0,1
0,0,1
0,0,0
0,0.7207144,1
0,0,1
0,0.7262088,1
0,0,1
0,0,0
0,0,0
0,0,1
0,0,1
0,0.8629514,1
0,0,1
0,0,0
0,0.8617338,1
0,0,1
0,1,1
0,0,1
0,0,0
0,0,0
0,1,1
0,0,0
0,1,1
0,0,0
0,1,1
0,0,1
0,0,1
0,1,1
0,0,1
0,0,1
0,0.8580731,1
0,1,1
0,0,1
0,1,1
0,1,1
0,1,1
0,0,0
0,1,1
0,0,1
0,0,1
0,1,1
0,0,1
0,0,0
0,0,1
0,0,0
0,0,0
0,0.7144855,1
0,1,1
0,1,1
0,1,1
0,0,1
0,0,1
0,0,1
0,0,1
0,0,0
0,1,1
0,0,0
0,0,1
0,0,1
0,0,1
0,1,1
0,0,1
0,0.8128358,1
0,0,1
0,0,0
0,0.8762432,1
0,1,1
0,0,0
0,0,1
0,1,1
0,0,0
0,0,0
0,0,0
0,1,1
0,0,0
0,0,1
0,0,1
0,1,1
0,0,1
0,1,1
0,1,1
0,0,1
0,1,1
0,0,1
0,0,1
0,0.886474,1
0,0,0
0,0,0
0,0,1
0,1,1
0,1,1
0,1,1
0,0,1
0,1,1
0,0,0
0,1,1
0,1,1
0,0,1
0,1,1
0,0,0
0,1,1
0,0.762741,1
0,0,1
0,1,1
0,0.7642456,1
0,1,1
0,0.8035734,1
0,0,1
0,0,1
0,0,0
0,1,1
0,0,0
0,0,0
0,1,1
0,0,1
0,0,1
0,1,1
0,0,1
0,0,1
0,0,1
0,0,0
0,0,1
0,0.7081065,1
0,1,1
0,1,1
0,0,0
0,0,1
0,0,1
0,0,0
0,0,1
0,0,1
0,0,0
0,0,1
0,0,1
0,0,0
0,0,1
0,0,1
0,1,1
0,1,1
0,0,1
0,0,0
0,0,1
0,0,1
0,0,0
0,0,0
0,0,0
0,1,1
0,1,1
0,1,1
0,0,1
0,1,1
0,0,1
0,0,0
0,0,1
0,0,1
0,0,1
0,1,1
0,0,0
0,0,1
0,0,1
0,0,1
0,0,1
0,0,0
0,0,1
0,0,1
0,0,1
0,1,1
0,0,0
0,1,1
0,1,1
0,0,1
0,0,1
0,0,0
0,0,1
0,0,1
0,1,1
0,0,0
0,0,1
0,0,0
0,0,1
0,0,0
0,0,0
0,1,1
0,1,1
0,1,1
0,0,1
0,0,1
0,0,1
0,0,0
0,0,1
0,0,1
0,1,1
0,0,1
0,0,1
0,1,1
0,1,1
0,0,0
0,0,0
0,0,1
0,1,1
0,1,1
0,1,1
0,0.7177877,1
0,0,1
0,1,1
0,1,1
0,0,1
0,0,1
0,0,1
0,0,1
0,0,1
0,1,1
0,0,1
0,0.9171879,1
0,0,0
0,1,1
0,0,1
0,0,1
0,1,1
0,1,1
0,1,1
0,0,1
0,0,0
0,0,1
0,0,1
0,0,0
0,1,1
0,1,1
0,1,1
0,0,0
0,1,1
0,0.8724309,1
0,0,0
0,0,0
0,0,0
0,0,0
0,0,1
0,0,0
0,1,1
0,0,0
0,0,1
0,0,1
0,0,1
0,1,1
0,0,1
0,1,1
0,0,0
0,0,1
0,0,1
0,0,1
0,1,1
0,0,1
0,0,1
0,0,1
0,0,1
0,0,0
0,0,1
0,0,0
0,0,1
0,0,1
0,0,1
0,0,1
0,1,1
0,0,1
0,1,1
0,1,1
0,0,1
0,0,0
0,0,1
0,0,1
0,0,1
0,0,1
0,0,0
0,0,1
0,1,1
0,0,1
0,0,1
0,0,1
0,1,1
0,0,1
0,1,1
0,0,1
0,0,1
0,1,1
0,0,1
0,1,1
0,0,1
0,1,1
0,0,1
0,0,0
0,0,1
0,0.8592738,1
0,1,1
0,0,0
0,0.8578233,1
0,0,0
0,0,0
0,0.7602686,1
0,0.8651723,1
0,0,1
0,0,1
0,0,1
0,0,0
0,0,1
0,1,1
0,0,1
0,0,1
0,0,1
0,1,1
0,1,1
0,0,1
0,0,1
0,0.859856,1
0,0,1
0,0,0
0,0,1
0,1,1
0,0,0
0,0,1
0,0,1
0,0.8628768,1
0,1,1
0,0,1
0,0,0
0,1,1
0,0,1
0,1,1
0,0,1
0,0,0
0,0,0
0,0.8222836,1
0,0,1
0,0,1
0,0,1
0,1,1
0,0.7796198,1
0,0.7701706,1
0,0,1
0,1,1
0,0,1
0,1,1
0,0,1
0,0,1
0,0,1
0,0,0
0,0,1
0,0.7891837,1
0,1,1
0,0,1
0,0,1
0,0,1
0,1,1
0,0,1
0,1,1
0,0.8610426,1
0,1,1
0,0,1
0,0,1
0,1,1
0,1,1
0,0,1
0,0,1
0,0,1
0,1,1
0,0,1
0,0,1
0,1,1
0,0,1
0,0,0
0,1,1
0,0,0
0,1,1
0,1,1
0,0,1
0,0,1
0,0,1
0,0,1
0,1,1
0,0,0
0,0,0
0,0,1
0,1,1
0,0,1
0,0,1
0,0,0
0,1,1
0,0,0
0,0,1
0,1,1
0,1,1
0,0,1
0,0,0
0,0,1
0,0,0
0,0,1
0,0,1
0,1,1
0,0,1
0,0,1
0,0,1
0,0.862767,1
0,0,1
0,0,1
0,1,1
0,1,1
0,0,1
0,0,1
0,1,1
0,0,1
0,0,1
0,0,0
0,0,1
0,0,1
0,0,1
0,0,1
0,0,1
0,0,1
0,0,0
0,1,1
0,0,1
0,0,1
0,0,1
0,1,1
0,0,0
0,0,1
0,1,1
0,1,1
0,0,0
0,0,0
0,0,1
0,0.8551425,1
0,0,0
0,0,0
0,0.8722488,1
0,0,1
0,1,1
0,0,1
0,0.8628998,1
0,1,1
0,0,0
0,1,1
0,0.7165331,1
0,0,0
0,0,1
0,0,1
0,0,0
0,1,1
0,1,1
0,0,1
0,0,0
0,0,1
0,0,1
0,0,1
0,0,1
0,0,0
0,0,1
0,0,0
0,0,0
0,0,1
0,1,1
0,0,1
0,0,1
0,1,1
0,1,1
0,0,1
0,0,1
0,1,1
0,0,0
0,0.8612039,1
0,0,1
0,0,1
0,0,1
0,0,1
0,0,1
0,0,1
0,1,1
0,0,1
0,1,1
0,0,1
0,0,1
0,1,1
0,0,1
0,0,1
0,1,1
0,0.8667147,1
0,0,1
0,1,1
0,1,1
0,0,1
0,1,1
0,0,1
0,0,0
0,0,1
0,1,1
0,0,1
0,1,1
0,1,1
0,0,0
0,1,1
0,0,1
0,0,1
0,0,0
0,0,0
0,0,1
0,1,1
0,0,1
0,0,1
0,0,1
0,0,1
0,1,1
0,0,0
0,0,0
0,1,1
0,0,1
0,1,1
0,0,1
0,0,1
0,0,0
0,0,1
0,0,1
0,0.8628651,1
0,0,1
0,0,1
0,0,1
0,0.7061459,1
0,0,1
0,1,1
0,0,0
0,0,1
0,0,0
0,1,1
0,0,1
0,1,1
0,0,1
0,0,0
0,0,0
0,0,1
0,0,0
0,1,1
0,1,1
0,0,1
0,0,1
0,0,0
0,0,1
0,1,1
0,0,0
0,0,1
0,0,1
0,0,1
0,1,1
0,1,1
0,1,1
0,0,0
0,1,1
0,0,1
0,0,1
0,0,0
0,0,0
0,0.720342,1
0,0,0
0,0,1
0,0,0
0,0,1
0,1,1
0,0,0
0,0,1
0,1,1
0,0,1
0,0,1
0,0,0
0,0,0
0,1,1
0,1,1
0,1,1
0,0,1
0,0,1
0,1,1
0,0,1
0,0,1
0,0,1
0,1,1
0,1,1
0,0,1
0,1,1
0,1,1
0,1,1
0,1,1
0,0,1
0,1,1
0,0,0
0,0,1
0,0,1
0,0,1
0,0.8588003,1
0,0,0
0,0,1
0,1,1
0,0,1
0,0,0
0,0,1
0,0,1
0,1,1
0,0,0
0,0,1
0,0,1
0,1,1
0,1,1
0,0,0
0,1,1
0,1,1
0,0,1
0,0.8221477,1
0,0.8597313,1
0,0.8582591,1
0,1,1
0,1,1
0,0,0
0,0,1
0,0,0
0,0,0
0,0,1
0,0,1
0,0,1
0,1,1
0,1,1
0,0,1
0,0,0
0,0,1
0,0,1
0,1,1
0,0,1
0,0,0
0,0,0
0,0,1
0,1,1
0,0,0
0,0,1
0,0,0
0,0,1
0,0.7114605,1
0,0.8674637,1
0,0.8639376,1
0,0,1
0,1,1
0,1,1
0,1,1
0,0,1
0,0,0
0,0,0
0,0,0
0,1,1
0,0,1
0,0,1
0,0,1
0,0,1
0,1,1
0,0.8545548,1
0,0,1
0,0,1
0,0,1
0,0,0
0,1,1
0,1,1
0,1,1
0,0.861437,1
0,0,1
0,0,0
0,0,1
0,0,1
0,0,0
0,0,1
0,0,1
0,0,1
0,1,1
0,1,1
0,0,1
0,0,0
0,0,1
0,0,1
0,0,1
0,0.7711698,1
0,1,1
0,0,1
0,0,1
0,1,1
0,0,0
0,0,1
0,0,1
0,0.8637105,1
0,1,1
0,0,1
0,1,1
0,0,0
0,0,1
0,0,1
0,0,1
0,0,0
0,0,0
0,1,1
0,0,0
0,1,1
0,0.8577774,1
0,0.8715333,1
0,1,1
0,0,1
0,0,1
0,1,1
0,0.8577225,1
0,1,1
0,0.8686643,1
0,0,1
0,0,0
0,0,1
0,0,1
0,1,1
0,1,1
0,0,1
0,1,1
0,0,1
0,1,1
0,1,1
0,0,0
0,1,1
0,0,1
0,0,1
0,0,1
0,1,1
0,0,1
0,0,1
0,0,1
0,0,1
0,0,1
0,1,1
0,0,0
0,1,1
0,0,1
0,1,1
0,1,1
0,1,1
0,0,1
0,0,1
0,1,1
0,0,1
0,1,1
0,0.7509102,1
0,0,0
0,1,1
0,0,1
0,0,1
0,0,0
0,0.8610035,1
0,0,1
0,0,1
0,0,0
0,0,0
0,0,1
0,0,1
0,0,0
0,0,1
0,0,1
0,0,1
0,0,1
0,0,1
0,1,1
0,1,1
0,0,0
0,0,1
0,1,1
0,0,1
0,0,0
0,0,0
0,0,0
0,0,1
0,0,1
0,0,1
0,0,0
0,1,1
0,0,1
0,1,1
0,0,1
0,0,1
0,0,1
0,0,1
0,1,1
0,0,1
0,0,0
0,1,1
0,0,1
0,0.8518668,1
0,1,1
0,1,1
0,0,1
0,0,1
0,1,1
0,0,1
0,0,0
0,0,0
0,0,0
0,0.8610951,1
0,0,1
0,0,1
0,0,0
0,0.8716108,1
0,0,1
0,1,1
0,0.8770747,1
0,0,0
0,1,1
0,0,1
0,0,0
0,0,0
0,1,1
0,0,1
0,1,1
0,0,1
0,0,1
0,1,1
0,1,1
0,1,1
0,1,1
0,0,1
0,0,1
0,1,1
0,1,1
0,0,1
0,0.7321929,1
0,0,1
0,0,1
0,1,1
0,1,1
0,0,1
0,0,1
0,0,0
0,0,1
0,0,1
0,0,1
0,0,0
0,0,0
0,0,1
0,0,1
0,0,1
0,0,0
0,0,0
0,0,1
0,0,0
0,0,1
0,1,1
0,0,0
0,0,0
0,0,1
0,0,0
0,0,1
0,1,1
0,0,1
0,0.8614936,1
0,0,1
0,0,1
0,1,1
0,0,1
0,0,0
0,0,1
0,0,1
0,0.8615369,1
0,1,1
0,0,1
0,0,1
0,1,1
0,0,1
0,0,0
0,0,1
0,0,0
0,0,0
0,0.8597832,1
0,0,1
0,0,1
0,0,1
0,0,0
0,1,1
0,1,1
0,0,1
0,0,1
0,0,1
0,0,1
0,1,1
0,0,1
0,1,1
0,0,0
0,0,1
0,1,1
0,0,0
0,0,0
0,0,1
0,1,1
0,0,0
0,1,1
0,0,1
0,1,1
0,0,1
0,0,1
0,1,1
0,0,1
0,1,1
0,0,1
0,1,1
0,1,1
0,0,1
0,0,1
0,1,1
0,0.7095975,1
0,0,1
0,0,1
0,0,1
0,1,1
0,1,1
0,0,1
0,0,1
0,0,0
0,0,0
0,0,0
0,1,1
0,0,1
0,1,1
0,0,1
0,1,1
0,0,0
0,0,1
0,0,0
0,0,0
0,1,1
0,1,1
0,0,0
0,0,0
0,0,1
0,0,1
0,1,1
0,1,1
0,0,1
0,1,1
0,0,1
0,0,1
0,1,1
0,0,1
0,0,1
0,1,1
0,1,1
0,0,0
0,1,1
0,0,1
0,0,1
0,0,1
0,0,0
0,0,1
0,0,0
0,1,1
0,0,0
0,0,0
0,1,1
0,0,1
0,0.860871,1
0,0.8300942,1
0,1,1
0,0.8665041,1
0,1,1
0,0,1
0,0,1
0,1,1
0,0,0
0,1,1
0,1,1
0,0,1
0,0,1
0,1,1
0,0,1
0,0,0
0,0,1
0,0,1
0,0,0
0,0,1
0,0,1
0,0,0
0,0.8628656,1
0,1,1
0,0,1
0,0,1
0,1,1
0,0,0
0,0,1
0,1,1
0,0,0
0,0,1
0,0,1
0,0.8642067,1
0,0,0
0,0,0
0,1,1
0,0,1
0,0,1
0,1,1
0,1,1
0,0,0
0,0,1
0,1,1
0,1,1
0,0,0
0,1,1
0,0,1
0,1,1
0,1,1
0,1,1
0,1,1
0,1,1
0,1,1
0,1,1
0,0,1
0,1,1
0,0,1
0,0,1
0,0,1
0,0,1
0,1,1
0,0,0
0,0,1
0,0,1
0,0,0
0,0,1
0,0,1
0,0,1
0,1,1
0,0.8563308,1
0,0,1
0,1,1
0,0.8657333,1
0,0,1
0,0,1
0,0,0
0,0,1
0,0,1
0,0,1
0,1,1
0,0,0
0,0,1
0,0,1
0,0.7991422,1
0,0,1
0,0,0
0,0,1
0,0.8746253,1
0,1,1
0,0.8663303,1
0,1,1
0,1,1
0,0,0
0,0,1
0,0,1
0,1,1
0,0,0
0,1,1
0,0,1
0,0,1
0,0,1
0,0.7096537,1
0,0,1
0,0,1
0,1,1
0,0,0
0,1,1
0,1,1
0,1,1
0,0,1
0,0,1
0,0,0
0,0,1
0,0.7108685,1
0,0,1
0,0,1
0,0,0
0,1,1
0,0,1
0,0,0
0,0,1
0,0,1
0,1,1
0,0,1
0,0,1
0,0,1
0,1,1
0,0,1
0,0,1
0,0,1
0,0,0
0,0,1
0,1,1
0,1,1
0,0.7850398,1
0,1,1
0,0,1
0,0.863097,1
0,1,1
0,1,1
0,1,1
0,1,1
0,0,0
0,0,1
0,0,1
0,1,1
0,0.8599705,1
0,1,1
0,0.7326304,1
0,1,1
0,0,1
0,0,1
0,1,1
0,1,1
0,0,1
0,1,1
0,0,1
0,0,1
0,1,1
0,1,1
0,1,1
0,0,1
0,1,1
0,0,1
0,1,1
0,0,1
0,0,0
0,1,1
0,1,1
0,0,1
0,0,1
0,1,1
0,0.8874307,1
0,1,1
0,1,1
0,0,1
0,0,1
0,0,0
0,0,1
0,0,1
0,0,1
0,1,1
0,0.751683,1
0,0,1
0,1,1
0,1,1
0,1,1
0,1,1
0,0,1
0,1,1
0,1,1
0,1,1
0,1,1
0,0,1
0,1,1
0,0,0
0,0,0
0,1,1
0,0,1
0,1,1
0,1,1
0,0.8904401,1
0,1,1
0,0,0
0,1,1
0,0.7598282,1
0,0,0
0,0,1
0,0,0
0,0,1
0,0,1
0,1,1
0,1,1
0,0,0
0,0,0
0,1,1
0,0,0
0,0,0
0,1,1
0,0,1
0,1,1
0,0,1
0,1,1
0,0,0
0,1,1
0,0,0
0,1,1
0,0,0
0,0,1
0,0,1
0,0.8752913,1
0,0,1
0,0,1
0,0,0
0,1,1
0,1,1
0,1,1
0,0,1
0,0,0
0,1,1
0,0,1
0,0,0
0,0,0
0,0,1
0,0,1
0,0,0
0,0,0
0,0.9109925,1
0,0,0
0,0,1
0,0,1
0,1,1
0,0,1
0,0,1
0,0,0
0,1,1
0,0.861344,1
0,1,1
0,1,1
0,0,1
0,1,1
0,0,1
0,0,0
0,0,1
0,0,1
0,1,1
0,0,1
0,0,1
0,0.7956837,1
0,0.7296145,1
0,0.8235961,1
0,1,1
0,1,1
0,0,1
0,1,1
0,0,1
0,0,1
0,1,1
0,0,1
0,0,1
0,0,1
0,0,1
0,0.8590003,1
0,0,1
0,0,0
0,1,1
0,0,1
0,0,0
0,1,1
0,1,1
0,1,1
0,0,1
0,0.8582698,1
0,1,1
0,1,1
0,0,1
0,0,0
0,0.8684231,1
0,0,0
0,1,1
0,0,1
0,0,0
0,1,1
0,1,1
0,1,1
0,0,1
0,1,1
0,0,0
0,0,1
0,0,1
0,1,1
0,1,1
0,1,1
0,1,1
0,0,1
0,1,1
0,0,1
0,0,1
0,0,1
0,0,1
0,1,1
0,0,1
0,0.8641485,1
0,0,0
0,1,1
0,0,1
0,0,1
0,0,1
0,0,0
0,1,1
0,0,0
0,0,1
0,0,1
0,0,1
0,1,1
0,0,1
0,1,1
0,1,1
0,0.7081804,1
0,0,1
0,0.8860544,1
0,1,1
0,0,1
0,1,1
0,0,0
0,0.7089573,1
0,1,1
0,0,0
0,0,1
0,1,1
0,0,0
0,0,0
0,0,1
0,0,1
0,0,1
0,1,1
0,0,1
0,0,1
0,0.7798439,1
0,0,1
0,1,1
0,0.9434037,1
0,0,1
0,0,1
0,0,1
0,0,1
0,1,1
0,0,1
0,1,1
0,1,1
0,0,0
0,1,1
0,1,1
0,0,0
0,0,0
0,0,0
0,1,1
0,0,0
0,1,1
0,0,1
0,0,0
0,0,0
0,0,1
0,1,1
0,0,1
0,0,0
0,1,1
0,0,1
0,0,1
0,0.8629082,1
0,0,1
0,1,1
0,0.9671016,1
0,1,1
0,0,1
0,0,1
0,1,1
0,0,1
0,1,1
0,0,1
0,0,0
0,0,0
0,1,1
0,1,1
0,1,1
0,0,1
0,0,1
0,0,0
0,0.8672925,1
0,1,1
0,1,1
0,0,1
0,0,1
0,1,1
0,1,1
0,0,1
0,0,0
0,1,1
0,0,0
0,0,1
0,1,1
0,1,1
0,0,1
0,0,1
0,0,1
0,1,1
0,0,1
0,0,1
0,0,1
0,0.8449465,1
0,0,1
0,0,1
0,1,1
0,1,1
0,0.7271458,1
0,0,1
0,1,1
0,0,1
0,1,1
0,0,1
0,0,1
0,1,1
0,0,1
0,0.7589971,1
0,0,1
0,1,1
0,1,1
0,0,1
0,1,1
0,0,0
0,0.7789,1
0,0,1
0,0,1
0,0,1
0,0,1
0,1,1
0,1,1
0,0,0
0,0,1
0,1,1
0,0,1
0,0,1
0,0,1
0,0,1
0,0,1
0,0,1
0,0,0
0,1,1
0,1,1
0,0,1
0,1,1
0,0,0
0,0,1
0,0,1
0,0,1
0,0,0
0,0.8576411,1
0,0,0
0,0,0
0,0,1
0,1,1
0,1,1
0,1,1
0,0,0
0,0.8269888,1
0,0,0
0,1,1
0,1,1
0,0,1
0,0,0
0,0,0
0,0.8757592,1
0,0.7336841,1
0,0,0
0,1,1
0,0,1
0,1,1
0,0,1
0,0,0
0,0,1
0,0,0
0,0,0
0,0,1
0,0,0
0,1,1
0,0,1
0,0,1
0,1,1
0,1,1
0,1,1
0,0,1
0,0,0
0,0,1
0,1,1
0,0,1
0,0,1
0,0,0
0,0.8805373,1
0,0,1
0,0.7096018,1
0,1,1
0,0,1
0,1,1
0,0,1
0,0,0
0,0,1
0,0,1
0,0,1
0,0.7322632,1
0,1,1
0,0,0
0,0,1
0,1,1
0,0,1
0,1,1
0,0,1
0,1,1
0,0,0
0,0,1
0,1,1
0,0,1
0,0,0
0,0.857828,1
0,0,1
0,0.8639839,1
0,1,1
0,1,1
0,1,1
0,0,1
0,0,1
0,0,1
0,0,0
0,1,1
0,0,0
0,1,1
0,0,1
0,1,1
0,0,0
0,0,0
0,0,0
0,0.8653221,1
0,1,1
0,0,1
0,0,1
0,0,1
0,0,1
0,0,1
0,1,1
0,0,1
0,1,1
0,1,1
0,1,1
0,0,1
0,0,1
0,0,1
0,0,0
0,0,0
0,1,1
0,0,1
0,1,1
0,0,0
0,1,1
0,1,1
0,1,1
0,1,1
0,0,0
0,0,0
0,0,0
0,1,1
0,1,1
0,0,1
0,1,1
0,1,1
0,0,1
0,0.7429825,1
0,0,1
0,1,1
0,0,1
0,0,1
0,0.7661051,1
0,0,1
0,1,1
0,1,1
0,1,1
0,0,1
0,0,0
0,0,1
0,1,1
0,0,0
0,0,1
0,0.708094,1
0,0,1
0,0,1
0,0.8628483,1
0,0,1
0,0,1
0,0,1
0,1,1
0,0,1
0,0.7594124,1
0,0,0
0,1,1
0,0,1
0,0,1
0,1,1
0,0,1
0,0,1
0,0,1
0,0.8619868,1
0,0,1
0,0,1
0,0,1
0,1,1
0,0,1
0,1,1
0,0,0
0,0,1
0,0,0
0,0,0
0,1,1
0,1,1
0,0,1
0,0,1
0,0,1
0,0,1
0,1,1
0,1,1
0,0,1
0,0,0
0,1,1
0,0,0
0,0,1
0,0,1
0,0,1
0,1,1
0,1,1
0,1,1
0,0,1
0,0,0
0,1,1
0,0,1
0,1,1
0,0,1
0,0,1
0,0,1
0,0,1
0,0,0
0,0,0
0,0,1
0,1,1
0,0,1
0,0,1
0,1,1
0,0,0
0,0,1
0,0,1
0,0,1
0,1,1
0,0,1
0,1,1
0,1,1
0,1,1
0,0,1
0,0,1
0,1,1
0,0,0
0,0,1
0,1,1
0,0,1
0,1,1
0,1,1
0,0,1
0,0.8670659,1
0,1,1
0,0,0
0,1,1
0,1,1
0,0,1
0,1,1
0,0,1
0,0.8544347,1
0,1,1
0,1,1
0,0,0
0,1,1
0,0,0
0,0,1
0,0,0
0,0,0
0,0,1
0,1,1
0,0,0
0,0,1
0,0,0
0,0,1
0,0.8322054,1
0,1,1
0,0,0
0,0.8012906,1
0,0,1
0,1,1
0,0,1
0,0,1
0,0,1
0,0,1
0,0,1
0,0.9584343,1
0,0,1
0,0,1
0,0,1
0,0,1
0,0,1
0,0,0
0,0,1
0,0,0
0,0,0
0,1,1
0,0,1
0,0,0
0,0,1
0,1,1
0,0,1
0,1,1
0,0,1
0,0.8642758,1
0,0.864753,1
0,0.863515,1
0,1,1
0,0,1
0,0,0
0,0,1
0,0,0
0,0,1
0,1,1
0,0,1
0,1,1
0,0,1
0,0,1
0,0,1
0,1,1
0,0,1
0,0,1
0,0,0
0,0.8598952,1
0,1,1
0,0,1
0,0,1
0,1,1
0,0,1
0,1,1
0,1,1
0,0,1
0,0,0
0,0,1
0,0,1
0,0,1
0,1,1
0,0,1
0,0,1
0,1,1
0,0,1
0,1,1
0,0,0
0,0,1
0,1,1
0,0,1
0,0,0
0,1,1
0,0,0
0,1,1
0,1,1
0,0,1
0,0,1
0,0,1
0,0,1
0,0,0
0,0.8565696,1
0,1,1
0,0,1
0,1,1
0,0,0
0,0,1
0,0,1
0,0,1
0,0,1
0,0.7791928,1
0,1,1
0,0,0
0,0,1
0,0,0
0,1,1
0,0,1
0,0,0
0,0,1
0,0.707656,1
0,0,0
0,0,1
0,1,1
0,1,1
0,0,1
0,0,1
0,0,0
0,0,1
0,0,1
0,0,0
0,1,1
0,0,1
0,0,1
0,0,0
0,0.8613458,1
0,0.8706094,1
0,1,1
0,1,1
0,1,1
0,0,0
0,1,1
0,0,0
0,0,1
0,0,1
0,1,1
0,0,1
0,0,1
0,0,1
0,0,1
0,1,1
0,0,1
0,0,0
0,1,1
0,1,1
0,1,1
0,0.8595244,1
0,0,1
0,1,1
0,1,1
0,0,1
0,1,1
0,0,0
0,0,1
0,0.7170233,1
0,0,1
0,0,1
0,0,0
0,0,1
0,1,1
0,1,1
0,1,1
0,0,1
0,1,1
0,0,1
0,1,1
0,0,1
0,0,1
0,0,0
0,0,1
0,0,0
0,0,1
0,0,0
0,1,1
0,1,1
0,1,1
0,0,1
0,1,1
0,0,1
0,1,1
0,0,1
0,0,1
0,0,1
0,0.8575097,1
0,0,1
0,0.8634797,1
0,0,1
0,1,1
0,1,1
0,1,1
0,0,1
0,1,1
0,0,1
0,0,1
0,0.7622896,1
0,0,0
0,1,1
0,1,1
0,0,1
0,0,1
0,1,1
0,0,1
0,1,1
0,1,1
0,1,1
0,1,1
0,0,1
0,0,0
0,0,1
0,0.75732,1
0,0,1
0,0,1
0,0,1
0,0,1
0,0,0
0,0,1
0,0,1
0,1,1
0,1,1
0,0,1
0,0,0
0,1,1
0,1,1
0,0,1
0,1,1
0,0,1
0,0,1
0,0.863173,1
0,1,1
0,0,1
0,1,1
0,1,1
0,1,1
0,0,0
0,1,1
0,1,1
0,0,1
0,0,0
0,1,1
0,0,1
0,0.8619224,1
0,0,1
0,1,1
0,0,1
0,0,1
0,0,1
0,0,1
0,1,1
0,0,0
0,1,1
0,0,0
0,1,1
0,0.8608673,1
0,1,1
0,0.8558701,1
0,1,1
0,0,1
0,1,1
0,1,1
0,0,1
0,1,1
0,1,1
0,0,0
0,0,1
0,0,1
0,1,1
0,0,1
0,0.8647413,1
0,1,1
0,0,1
0,0,1
0,0,1
0,0,0
0,0,0
0,0,0
0,1,1
0,0,0
0,1,1
0,0,1
0,1,1
0,0,1
0,0,1
0,1,1
0,0.8652048,1
0,1,1
0,1,1
0,1,1
0,0,1
0,1,1
0,1,1
0,0,0
0,1,1
0,0,0
0,1,1
0,0,0
0,1,1
0,0,1
0,1,1
0,0,1
0,0,1
0,0,1
0,1,1
0,0,0
0,0,1
0,0,1
0,1,1
0,1,1
0,1,1
0,0.8769926,1
0,1,1
0,0,1
0,0,1
0,0,0
0,1,1
0,0,1
0,1,1
0,1,1
0,0,1
0,1,1
0,0,1
0,1,1
0,0,1
0,0,1
0,1,1
0,1,1
0,1,1
0,1,1
0,0.7580456,1
0,0.7388628,1
0,1,1
0,0,1
0,0,1
0,0,1
0,1,1
0,1,1
0,1,1
0,0.8152767,1
0,0,1
0,1,1
0,0,1
0,1,1
0,0,1
0,1,1
0,1,1
0,0,0
0,0,1
0,1,1
0,1,1
0,1,1
0,1,1
0,1,1
0,1,1
0,0,1
0,0.8613552,1
0,0.843964,1
0,0,0
0,0.8624958,1
0,0.8129113,1
0,1,1
0,1,1
0,0,1
0,0,1
0,0,1
0,0,1
0,1,1
0,0,0
0,1,1
0,0,1
0,1,1
0,0,1
0,0.857332,1
0,1,1
0,0,1
0,1,1
0,0,1
0,1,1
0,1,1
0,0.8529445,1
0,0,1
0,0.88495,1
0,1,1
0,1,1
0,0,0
0,0,0
0,0,1
0,0,0
0,0,1
0,1,1
0,0,1
0,0,1
0,1,1
0,0.8568934,1
0,0,1
0,0,0
0,1,1
0,1,1
0,1,1
0,0.8574573,1
0,1,1
0,1,1
0,0.8585831,1
0,1,1
0,0.8726268,1
0,0,0
0,0,1
0,0,0
0,1,1
0,1,1
0,0,1
0,1,1
0,1,1
0,1,1
0,0,1
0,0,1
0,1,1
0,1,1
0,1,1
0,0,1
0,0,1
0,0,1
0,0,1
0,1,1
0,0,1
0,0,1
0,1,1
0,0,1
0,1,1
0,1,1
0,0,1
0,0.8349928,1
0,0,1
0,1,1
0,0,1
0,1,1
0,0,1
0,0,1
0,1,1
0,0,0
0,1,1
0,0,1
0,1,1
0,0,0
0,1,1
0,1,1
0,1,1
0,0,0
0,0,1
0,1,1
0,1,1
0,0,0
0,1,1
0,0,1
0,1,1
0,0,0
0,1,1
0,0,1
0,0,1
0,0,0
0,1,1
0,1,1
0,1,1
0,1,1
0,0,1
0,1,1
0,0.8671368,1
0,0,1
0,0,1
0,0,1
0,0,0
0,1,1
0,0,0
0,1,1
0,1,1
0,0,0
0,0,0
0,0,0
0,1,1
0,0,0
0,1,1
0,1,1
0,0,1
0,0,1
0,0.8664879,1
0,0,0
0,0,1
0,0,0
0,1,1
0,1,1
0,0,1
0,1,1
0,1,1
0,1,1
0,0,1
0,0,1
0,0,0
0,0,1
0,1,1
0,0,1
0,1,1
0,1,1
0,1,1
0,0,1
0,0,0
0,0,1
0,0,1
0,0,1
0,0,0
0,1,1
0,0,1
0,1,1
0,0,0
0,0,1
0,1,1
0,1,1
0,0,1
0,0.8578938,1
0,0.853357,1
0,1,1
0,1,1
0,0,0
0,0,0
0,0,1
0,0.9006041,1
0,0.8606449,1
0,0,1
0,0,1
0,0,0
0,1,1
0,0,1
0,0.8835785,1
0,1,1
0,1,1
0,1,1
0,0.8215665,1
0,1,1
0,1,1
0,0,1
0,0,1
0,1,1
0,1,1
0,1,1
0,1,1
0,1,1
0,1,1
0,1,1
0,1,1
0,0,1
0,0,1
0,0,1
0,1,1
0,1,1
0,0.8605577,1
0,1,1
0,0,1
0,0,1
0,0,1
0,1,1
0,0,1
0,1,1
0,0,1
0,1,1
0,0,0
0,0,1
0,0,1
0,1,1
0,1,1
0,1,1
0,1,1
0,1,1
0,0,1
0,0,1
0,0,1
0,1,1
0,1,1
0,0,0
0,1,1
0,0,1
0,0,1
0,0,0
0,0,1
0,0,0
0,0,0
0,1,1
0,0,1
0,1,1
0,0,1
0,0,1
0,0.721458,1
0,0,0
0,0.8691041,1
0,0,1
0,1,1
0,1,1
0,0,1
0,0,1
0,1,1
0,0,1
0,1,1
0,1,1
0,1,1
0,1,1
0,0,1
0,1,1
0,1,1
0,1,1
0,0,0
0,0,1
0,0.8601478,1
0,0,1
0,1,1
0,1,1
0,0,1
0,0,1
0,1,1
0,0,0
0,1,1
0,0,1
0,0,0
0,0,1
0,1,1
0,1,1
0,1,1
0,1,1
0,1,1
0,0,1
0,1,1
0,1,1
0,1,1
0,0,1
0,1,1
0,1,1
0,0,1
0,0,1
0,0.8165412,1
0,1,1
0,0,1
0,0,1
0,1,1
0,0,0
0,0.8600545,1
0,0.8678271,1
0,0,1
0,0,0
0,1,1
0,0,1
0,1,1
0,1,1
0,0,0
0,0.862393,1
0,0,1
0,1,1
0,0,1
0,0.8573571,1
0,1,1
0,1,1
0,0,1
0,0,0
0,0,1
0,0,1
0,0,1
0,1,1
0,0.8612014,1
0,0,1
0,0,0
0,0,1
0,1,1
0,0,1
0,0,1
0,0,1
0,1,1
0,0,0
0,0,1
0,0,1
0,1,1
0,0.7505403,1
0,1,1
0,0,1
0,1,1
0,0,1
0,1,1
0,0,1
0,0,1
0,0,1
0,0,1
0,0,1
0,1,1
0,0,1
0,0,1
0,1,1
0,0,1
0,0,1
0,1,1
0,0,1
0,0,1
0,0,1
0,0,1
0,1,1
0,0.8614956,1
0,0,1
0,1,1
0,1,1
0,1,1
0,0.8575927,1
0,1,1
0,0,1
0,1,1
0,0,0
0,0,0
0,0,1
0,1,1
0,1,1
0,1,1
0,0,1
0,1,1
0,0,0
0,1,1
0,0,0
0,0,1
0,1,1
0,0,1
0,0,1
0,0.8565222,1
0,1,1
0,0,1
0,0,1
0,0,1
0,0,1
0,0.8623518,1
0,0,1
0,1,1
0,1,1
0,0,0
0,0,1
0,1,1
0,0,0
0,1,1
0,1,1
0,1,1
0,1,1
0,0,1
0,0,0
0,0,1
0,0,0
0,0,0
0,0,1
0,1,1
0,0,0
0,1,1
0,0,0
0,0.8689353,1
0,0,1
0,0.7161741,1
0,1,1
0,0,1
0,0,1
0,1,1
0,0,1
0,0,1
0,1,1
0,1,1
0,0,1
0,1,1
0,0,0
0,1,1
0,1,1
0,1,1
0,1,1
0,0.86104,1
0,0,0
0,0,1
0,1,1
0,0,0
0,0,0
0,0,1
0,0,0
0,0,1
0,0,1
0,0,1
0,0,0
0,0,0
0,1,1
0,1,1
0,0,1
0,0,1
0,0,1
0,0,1
0,0,0
0,1,1
0,0,1
0,0,1
0,0,1
0,0,1
0,0.870894,1
0,1,1
0,0,1
0,1,1
0,0,1
0,0,1
0,1,1
0,0,0
0,0,1
0,0,1
0,0.7977496,1
0,1,1
0,0,1
0,0,1
0,1,1
0,0,1
0,1,1
0,0,1
0,0,1
0,0,1
0,1,1
0,1,1
0,0,1
0,1,1
0,0,1
0,0,0
0,0.866917,1
0,0,1
0,1,1
0,0,1
0,0,0
0,1,1
0,0,1
0,0,1
0,0,1
0,1,1
0,0,1
0,0,1
0,0,1
0,0,0
0,0,1
0,1,1
0,0,1
0,0,1
0,0,1
0,0,1
0,1,1
0,0,1
0,0,0
0,1,1
0,1,1
0,1,1
0,0,0
0,0,0
0,1,1
0,1,1
0,1,1
0,0,1
0,0,1
0,0,1
0,0,0
0,0,1
0,1,1
0,0,1
0,0.8599747,1
0,0,0
0,0,1
0,0,0
0,1,1
0,1,1
0,0,1
0,1,1
0,1,1
0,0,0
0,1,1
0,0,0
0,0,1
0,0,1
0,0,1
0,0.8847444,1
0,0,0
0,0,1
0,0.8641421,1
0,1,1
0,1,1
0,0,1
0,0,1
0,0,0
0,1,1
0,0,0
0,1,1
0,1,1
0,0,1
0,1,1
0,1,1
0,1,1
0,0,0
0,1,1
0,1,1
0,1,1
0,0,1
0,0,1
0,1,1
0,0,0
0,0,1
0,0,1
0,0,1
0,1,1
0,0,1
0,1,1
0,0,1
0,0,0
0,1,1
0,0.8607643,1
0,0,0
0,0,0
0,0,1
0,0,1
0,0,0
0,0,0
0,0,0
0,0,0
0,0,0
0,0,0
0,1,1
0,1,1
0,0,1
0,0,1
0,1,1
0,1,1
0,1,1
0,0,1
0,0,1
0,1,1
0,1,1
0,1,1
0,0.7018682,1
0,1,1
0,0,1
0,0,1
0,0,1
0,0,1
0,0,0
0,1,1
0,0,1
0,1,1
0,1,1
0,1,1
0,0,1
0,0,0
0,1,1
0,0.867631,1
0,0,0
0,1,1
0,0,0
0,1,1
0,1,1
0,0,1
0,0,1
0,1,1
0,1,1
0,0,1
0,0,1
0,1,1
0,0,1
0,0,0
0,1,1
0,0,1
0,0,1
0,1,1
0,1,1
0,0,1
0,1,1
0,0,1
0,0,1
0,0,1
0,1,1
0,0,1
0,1,1
0,0,1
0,0,1
0,1,1
0,1,1
0,1,1
0,0,0
0,0.8584112,1
0,0,1
0,1,1
0,1,1
0,0,1
0,0.8626081,1
0,1,1
0,0,0
0,1,1
0,0,1
0,0,1
0,0.718872,1
0,0,0
0,0,0
0,0,1
0,1,1
0,0,1
0,1,1
0,1,1
0,0,1
0,0,1
0,1,1
0,0,0
0,1,1
0,1,1
0,1,1
0,0,0
0,1,1
0,1,1
0,1,1
0,0,1
0,0,1
0,1,1
0,0,1
0,0,1
0,0,0
0,1,1
0,1,1
0,0,1
0,0,1
0,1,1
0,0,1
0,1,1
0,0,1
0,0,1
0,0,1
0,0,1
0,1,1
0,0,0
0,1,1
0,1,1
0,0,0
0,0,0
0,1,1
0,0,1
0,0,1
0,1,1
0,0,1
0,0,1
0,1,1
0,0,1
0,1,1
0,0,1
0,0,1
0,0,0
0,0,1
0,1,1
0,0,0
0,1,1
0,1,1
0,0,1
0,0.8638004,1
0,0.7043505,1
0,1,1
0,1,1
0,0,0
0,1,1
0,0,0
0,0.7786504,1
0,0.8725911,1
0,0,0
0,1,1
0,0,1
0,0,1
0,1,1
0,0,1
0,1,1
0,1,1
0,1,1
0,0,1
0,1,1
0,0,1
0,0,0
0,0,1
0,1,1
0,0.8617934,1
0,1,1
0,1,1
0,0,1
0,0,0
0,0,1
0,0,1
0,1,1
0,0,0
0,1,1
0,0,1
0,0,1
0,1,1
0,1,1
0,1,1
0,0,1
0,1,1
0,1,1
0,0,1
0,0.8627311,1
0,0,1
0,0,1
0,0,1
0,0,1
0,1,1
0,1,1
0,0,0
0,0,1
0,0.8586102,1
0,1,1
0,0,1
0,0,1
0,0.879654,1
0,1,1
0,0.7585639,1
0,1,1
0,0.9050211,1
0,1,1
0,0,1
0,0,1
0,1,1
0,0,1
0,1,1
0,1,1
0,0,1
0,0,1
0,0.7361318,1
0,0,1
0,1,1
0,0,1
0,0,1
0,1,1
0,0.8733467,1
0,0,1
0,1,1
0,0,0
0,1,1
0,0,1
0,0,1
0,1,1
0,1,1
0,1,1
0,0,1
0,0,1
0,0,0
0,1,1
0,0,1
0,1,1
0,1,1
0,0,1
0,0,1
0,1,1
0,1,1
0,0,0
0,0,1
0,0,0
0,0,0
0,0,1
0,0.8600696,1
0,1,1
0,1,1
0,0,0
0,0,1
0,0,1
0,0,1
0,0,0
0,0,1
0,0,0
0,0,1
0,0.7261802,1
0,1,1
0,0,0
0,0,0
0,1,1
0,1,1
0,0,1
0,0,0
0,0,1
0,1,1
0,1,1
0,0.8583448,1
0,1,1
0,1,1
0,0,1
0,0,1
0,1,1
0,1,1
0,1,1
0,0,0
0,0,1
0,1,1
0,0,1
0,0,1
0,0,1
0,0,1
0,1,1
0,0,1
0,1,1
0,1,1
0,1,1
0,1,1
0,0,1
0,0,0
0,1,1
0,1,1
0,0,1
0,0,1
0,1,1
0,1,1
0,0,1
0,1,1
0,1,1
0,1,1
0,0,1
0,0,1
0,0.8520072,1
0,1,1
0,0,1
0,0,0
0,1,1
0,0,1
0,0,1
0,1,1
0,0,1
0,0,1
0,0,1
0,0.7097585,1
0,0,0
0,0,1
0,1,1
0,0,1
0,0,1
0,1,1
0,0.8741602,1
0,1,1
0,0,1
0,1,1
0,0,1
0,0,0
0,1,1
0,0,0
0,1,1
0,1,1
0,0,1
0,0.8583906,1
0,0,1
0,0,1
0,0.8696853,1
0,1,1
0,0,1
0,0,0
0,1,1
0,0.8530539,1
0,0,1
0,0.7320889,1
0,0,1
0,0,1
0,0,1
0,0,1
0,1,1
0,0,0
0,0,1
0,0,0
0,0,0
0,0,1
0,0,1
0,0.8649244,1
0,0,1
0,0,1
0,0,1
0,1,1
0,0,1
0,1,1
0,0,0
0,1,1
0,1,1
0,0,1
0,0,1
0,0,1
0,0,1
0,0,1
0,0,1
0,0,0
0,1,1
0,1,1
0,1,1
0,0,1
0,1,1
0,0,1
0,0,1
0,1,1
0,1,1
0,1,1
0,0,1
0,0.8753184,1
0,1,1
0,0,1
0,0,1
0,1,1
0,0,1
0,0,1
0,1,1
0,0,1
0,1,1
0,1,1
0,1,1
0,1,1
0,0,1
0,1,1
0,1,1
0,1,1
0,0,0
0,0,0
0,0,1
0,1,1
0,1,1
0,0,0
0,0,1
0,1,1
0,0,0
0,1,1
0,1,1
0,1,1
0,0,1
0,1,1
0,1,1
0,0,1
0,0,1
0,1,1
0,1,1
0,0,0
0,0,1
0,0,1
0,0,1
0,0,1
0,1,1
0,1,1
0,0.8584549,1
0,1,1
0,0,0
0,1,1
0,0,1
0,0,1
0,1,1
0,1,1
0,0,1
0,0,1
0,0,1
0,0,0
0,0,1
0,0,1
0,0,0
0,0,0
0,1,1
0,0,0
0,0,1
0,0,1
0,1,1
0,1,1
0,1,1
0,0,0
0,0,0
0,0,1
0,1,1
0,0,1
0,0,1
0,1,1
0,0,1
0,0,1
0,1,1
0,1,1
0,0.8332597,1
0,0,1
0,1,1
0,1,1
0,1,1
0,0,1
0,1,1
0,0,1
0,0,1
0,0,1
0,0,1
0,1,1
0,0,0
0,1,1
0,0,1
0,1,1
0,0.8601018,1
0,1,1
0,0,0
0,0,0
0,1,1
0,1,1
0,1,1
0,0.8630409,1
0,1,1
0,0,1
0,0,0
0,1,1
0,0,1
0,0,0
0,1,1
0,0.7032324,1
0,1,1
0,1,1
0,1,1
0,0,1
0,0,1
0,1,1
0,0,1
0,0,1
0,1,1
0,0,1
0,1,1
0,1,1
0,0,1
0,1,1
0,0,0
0,1,1
0,1,1
0,1,1
0,1,1
0,0.7915895,1
0,1,1
0,1,1
0,0,1
0,1,1
0,0,1
0,1,1
0,0,1
0,1,1
0,1,1
0,0,1
0,1,1
0,1,1
0,0,1
0,0,1
0,0,1
0,0,1
0,1,1
0,1,1
0,0,1
0,0,1
0,1,1
0,1,1
0,0,0
0,0.8672341,1
0,0,0
0,1,1
0,0,1
0,0,1
0,0,1
0,1,1
0,1,1
0,0,1
0,1,1
0,1,1
0,0,1
0,0,1
0,0,1
0,1,1
0,0,0
0,1,1
0,0,1
0,0,1
0,1,1
0,1,1
0,0,1
0,1,1
0,0.8571898,1
0,0.73141,1
0,1,1
0,0,1
0,0,1
0,1,1
0,1,1
0,0,1
0,0,1
0,1,1
0,1,1
0,0,1
0,1,1
0,0,0
0,0,0
0,0,1
0,0,0
0,0,0
0,0,0
0,0,1
0,1,1
0,0,0
0,1,1
0,1,1
0,0,1
0,0,1
0,1,1
0,0,1
0,0,1
0,0,0
0,0,1
0,0.8639108,1
0,1,1
0,1,1
0,1,1
0,1,1
0,1,1
0,0,1
0,1,1
0,0,0
0,0,1
0,1,1
0,0,1
0,1,1
0,0,0
0,1,1
0,1,1
0,1,1
0,1,1
0,1,1
0,0,1
0,0,1
0,0,1
0,1,1
0,1,1
0,1,1
0,0,0
0,1,1
0,1,1
0,0,0
0,0.8742379,1
0,1,1
0,0,0
0,0.7826717,1
0,0,1
0,0,1
0,1,1
0,0,1
0,1,1
0,0,0
0,0.8756486,1
0,1,1
0,0.7098444,1
0,0,0
0,1,1
0,0,1
0,1,1
0,0,0
0,1,1
0,0,1
0,1,1
0,1,1
0,1,1
0,1,1
0,0,1
0,1,1
0,1,1
0,0,1
0,1,1
0,0,0
0,1,1
0,0,1
0,1,1
0,0,0
0,0,1
0,0,1
0,0,1
0,0,1
0,0,1
0,0,1
0,1,1
0,0,0
0,0,1
0,0,1
0,0,0
0,0,1
0,1,1
0,1,1
0,1,1
0,0,1
0,0,1
0,0.8655651,1
0,1,1
0,0,1
0,0.714388,1
0,0,1
0,0,1
0,1,1
0,0,1
0,1,1
0,1,1
0,0,1
0,0,1
0,0,0
0,0,1
0,1,1
0,0,1
0,1,1
0,1,1
0,1,1
0,0,0
0,0,1
0,1,1
0,1,1
0,0,1
0,1,1
0,0,1
0,1,1
0,1,1
0,0,1
0,0,1
0,1,1
0,0,1
0,0,1
0,1,1
0,0,0
0,1,1
0,1,1
0,0,1
0,1,1
0,0,1
0,1,1
0,1,1
0,0,1
0,1,1
0,0,1
0,0.89907,1
0,0,0
0,0,1
0,0,0
0,1,1
0,0.8763117,1
0,1,1
0,1,1
0,1,1
0,1,1
0,0,1
0,0,0
0,0.7775761,1
0,0,1
0,0,1
0,1,1
0,0,1
0,0,1
0,0,1
0,0,0
0,0.7268103,1
0,0,1
0,1,1
0,0,0
0,0,1
0,0,1
0,0,1
0,0,1
0,0,1
0,1,1
0,0,1
0,0,1
0,0,1
0,1,1
0,0.8101666,1
0,1,1
0,0,1
0,1,1
0,1,1
0,0,1
0,0,1
0,1,1
0,0,1
0,1,1
0,0,1
0,1,1
0,0,0
0,0,1
0,0.806635,1
0,0.7237738,1
0,0,1
0,0.8713013,1
0,1,1
0,1,1
0,1,1
0,1,1
0,0,0
0,1,1
0,0,1
0,0,1
0,0,1
0,0,1
0,1,1
0,0,1
0,1,1
0,0,1
0,1,1
0,0,1
0,1,1
0,1,1
0,0,0
0,0,1
0,1,1
0,1,1
0,1,1
0,0,1
0,0,0
0,0,1
0,1,1
0,1,1
0,0.8604451,1
0,0,1
0,0.8566737,1
0,0,1
0,1,1
0,1,1
0,0,0
0,0,1
0,1,1
0,0,1
0,0,0
0,0,0
0,0,1
0,1,1
0,0,1
0,0,0
0,1,1
0,0,1
0,1,1
0,1,1
0,1,1
0,0,0
0,0,1
0,0,1
0,1,1
0,1,1
0,0.7482282,1
0,0,1
0,1,1
0,0,1
0,0,1
0,1,1
0,1,1
0,0,0
0,0,1
0,0,1
0,0,1
0,1,1
0,1,1
0,1,1
0,0,1
0,1,1
0,0.8579856,1
0,0,1
0,0,1
0,0,1
0,1,1
0,0,1
0,1,1
0,0,1
0,1,1
0,1,1
0,0,1
0,1,1
0,1,1
0,0,1
0,0,1
0,0,1
0,1,1
0,0.863843,1
0,0,1
0,0.7365384,1
0,1,1
0,0,1
0,1,1
0,0.8609618,1
0,0,1
0,1,1
0,0,1
0,0,1
0,0,1
0,1,1
0,0,1
0,1,1
0,1,1
0,0,0
0,0,1
0,0,0
0,0.8619949,1
0,0,1
0,0,0
0,0,1
0,0,0
0,1,1
0,0,1
0,1,1
0,0.7095281,1
0,0,0
0,1,1
0,0,0
0,0,1
0,1,1
0,1,1
0,1,1
0,0,1
0,0,1
0,1,1
0,0.859786,1
0,0,1
0,0,1
0,0,1
0,0,0
0,0,1
0,0,1
0,0,0
0,0,1
0,1,1
0,1,1
0,1,1
0,0,1
0,1,1
0,1,1
0,0,1
0,1,1
0,0,0
0,0,1
0,1,1
0,0,0
0,0,1
0,0,0
0,0,0
0,0,0
0,1,1
0,0,1
0,0,1
0,1,1
0,1,1
0,1,1
0,1,1
0,1,1
0,1,1
0,0,1
0,0,0
0,0.8603109,1
0,1,1
0,0.857833,1
0,1,1
0,0,1
0,0,0
0,0,1
0,0,1
0,0,0
0,1,1
0,1,1
0,1,1
0,0,1
0,1,1
0,0.8565,1
0,1,1
0,0,1
0,1,1
0,0,1
0,0.8626813,1
0,0,1
0,1,1
0,1,1
0,0,1
0,0.8526126,1
0,0,1
0,0,1
0,0,0
0,0,0
0,0,0
0,0,1
0,0,1
0,0,1
0,0,0
0,1,1
0,0,0
0,0,1
0,1,1
0,0,1
0,1,1
0,1,1
0,1,1
0,0,1
0,0,1
0,0,1
0,0,1
0,0,1
0,0,0
0,0,0
0,0,1
0,1,1
0,0,0
0,1,1
0,1,1
0,1,1
0,1,1
0,0,1
0,1,1
0,0,1
0,1,1
0,0,1
0,0,1
0,1,1
0,1,1
0,0,0
0,0,1
0,0,1
0,0,1
0,1,1
0,0,1
0,1,1
0,1,1
0,1,1
0,1,1
0,0,1
0,1,1
0,0,0
0,1,1
0,1,1
0,1,1
0,1,1
0,1,1
0,1,1
0,1,1
0,0,1
0,1,1
0,0.8652514,1
0,1,1
0,1,1
0,1,1
0,1,1
0,1,1
0,1,1
0,0.8610286,1
0,1,1
0,0,1
0,0,0
0,0,0
0,0,1
0,1,1
0,0,1
0,1,1
0,0.7194623,1
0,1,1
0,0,0
0,1,1
0,1,1
0,0,1
0,0,1
0,1,1
0,0,0
0,0,1
0,1,1
0,0.8573903,1
0,1,1
0,0,1
0,0,1
0,1,1
0,0,1
0,1,1
0,1,1
0,1,1
0,0,1
0,1,1
0,0.7384574,1
0,1,1
0,0,1
0,0,0
0,0,0
0,0,1
0,1,1
0,1,1
0,1,1
0,1,1
0,1,1
0,0,1
0,1,1
0,0,1
0,1,1
0,0,1
0,0,1
0,0,1
0,1,1
0,0,1
0,1,1
0,0,1
0,0,1
0,1,1
0,1,1
0,1,1
0,1,1
0,0,1
0,0.8674306,1
0,1,1
0,1,1
0,0,0
0,0,1
0,0,1
0,1,1
0,0,1
0,0,1
0,1,1
0,0,1
0,0,1
0,1,1
0,0,1
0,0,1
0,1,1
0,1,1
0,0,0
0,1,1
0,1,1
0,0,1
0,1,1
0,1,1
0,1,1
0,0,1
0,0,0
0,0,0
0,1,1
0,0,0
0,0,1
0,1,1
0,0,1
0,0,1
0,0,1
0,1,1
0,1,1
0,0,0
0,0,1
0,0,0
0,1,1
0,1,1
0,0,0
0,0,1
0,0,1
0,1,1
0,0,0
0,0,1
0,1,1
0,0.8703386,1
0,0,1
0,0,1
0,0,1
0,0,1
0,1,1
0,0,1
0,0,0
0,1,1
0,0.8597354,1
0,0,1
0,1,1
0,0,1
0,1,1
0,1,1
0,1,1
0,1,1
0,0,1
0,1,1
0,0,0
0,1,1
0,0,0
0,0,1
0,1,1
0,1,1
0,1,1
0,0.7346245,1
0,0,1
0,0.8597516,1
0,0,1
0,1,1
0,1,1
0,0.8596627,1
0,0,1
0,0,1
0,0,0
0,0,0
0,0,1
0,1,1
0,1,1
0,0,1
0,1,1
0,0,1
0,0,1
0,0,1
0,0,1
0,0,1
0,1,1
0,0,1
0,0,0
0,1,1
0,0,1
0,0,1
0,1,1
0,0,1
0,0,1
0,1,1
0,0,1
0,1,1
0,0,1
0,1,1
0,1,1
0,0,1
0,1,1
0,0,1
0,0,0
0,0,1
0,0,1
0,0,1
0,0,1
0,1,1
0,0.853231,1
0,0,0
0,1,1
0,0,1
0,1,1
0,1,1
0,1,1
0,0,0
0,0.8655032,1
0,1,1
0,1,1
0,0.8603495,1
0,1,1
0,0,1
0,1,1
0,0,1
0,0.7860997,1
0,0.860548,1
0,0,1
0,1,1
0,0,0
0,0,1
0,1,1
0,1,1
0,0,0
0,1,1
0,0,1
0,0,0
0,0,1
0,1,1
0,0.8666877,1
0,1,1
0,1,1
0,1,1
0,1,1
0,0,1
0,0,0
0,1,1
0,1,1
0,1,1
0,0,1
0,0,1
0,0.7071108,1
0,1,1
0,1,1
0,0,1
0,0,1
0,1,1
0,0,0
0,0.862177,1
0,1,1
0,0,1
0,1,1
0,1,1
0,1,1
0,0,1
0,1,1
0,1,1
0,1,1
0,0,0
0,0.8638812,1
0,0.9230634,1
0,0,1
0,1,1
0,0,1
0,0.8829618,1
0,1,1
0,0,1
0,1,1
0,0,1
0,0,1
0,1,1
0,1,1
0,1,1
0,0,1
0,1,1
0,0,1
0,1,1
0,0,1
0,0,1
0,0,0
0,0,1
0,0,1
0,1,1
0,1,1
0,1,1
0,1,1
0,1,1
0,0,0
0,0,1
0,0,1
0,0,1
0,1,1
0,1,1
0,0,1
0,0,1
0,0,1
0,0,1
0,0,0
0,1,1
0,1,1
0,1,1
0,1,1
0,0,1
0,0,1
0,1,1
0,0,0
0,0.8592175,1
0,0,1
0,0,0
0,1,1
0,0,0
0,0,1
0,1,1
0,0,1
0,0.8597677,1
0,1,1
0,0,1
0,1,1
0,1,1
0,1,1
0,1,1
0,0,1
0,1,1
0,0,1
0,1,1
0,0,1
0,1,1
0,1,1
0,0,1
0,1,1
0,1,1
0,1,1
0,0,1
0,1,1
0,0,1
0,0.896793,1
0,1,1
0,0,1
0,1,1
0,1,1
0,0.8687266,1
0,0,1
0,1,1
0,1,1
0,0,1
0,1,1
0,0,1
0,0,1
0,1,1
0,1,1
0,1,1
0,0,0
0,1,1
0,0,1
0,1,1
0,1,1
0,0,1
0,0,1
0,0,0
0,1,1
0,1,1
0,1,1
0,0,0
0,1,1
0,1,1
0,1,1
0,1,1
0,1,1
0,1,1
0,1,1
0,1,1
0,0,1
0,0,1
0,0,1
0,1,1
0,1,1
0,1,1
0,1,1
0,0,1
0,0,0
0,1,1
0,0,1
0,0,1
0,1,1
0,1,1
0,1,1
0,0,1
0,0,1
0,1,1
0,0,1
0,1,1
0,0,1
0,1,1
0,1,1
0,0.730214,1
0,1,1
0,0,1
0,0,1
0,1,1
0,1,1
0,0,0
0,1,1
0,1,1
0,0,1
0,0,1
0,1,1
0,0,1
0,1,1
0,1,1
0,1,1
0,0,1
0,0,1
0,0.736333,1
0,0,0
0,1,1
0,0,1
0,0,1
0,0,1
0,1,1
0,0,1
0,0,1
0,0,0
0,1,1
0,0,1
0,0,1
0,0,1
0,0,1
0,1,1
0,1,1
0,0,1
0,1,1
0,0.8619403,1
0,0,1
0,0,1
0,0,1
0,1,1
0,0,1
0,0,0
0,0,1
0,0,1
0,1,1
0,0.862745,1
0,0.8646048,1
0,0,1
0,0,1
0,1,1
0,1,1
0,1,1
0,0,1
0,0,1
0,0,0
0,1,1
0,0,1
0,1,1
0,0,0
0,0,1
0,1,1
0,0,0
0,0,0
0,1,1
0,1,1
0,0,1
0,0,1
0,0,0
0,0,0
0,0,1
0,0,1
0,0,1
0,0,1
0,1,1
0,1,1
0,0,1
0,1,1
0,0,0
0,0.870051,1
0,1,1
0,0,1
0,0.8619815,1
0,1,1
0,1,1
0,0,1
0,1,1
0,0,1
0,0.8697734,1
0,0,1
0,1,1
0,0,1
0,0,0
0,0.8634782,1
0,0.8648933,1
0,1,1
0,0,1
0,0.8686765,1
0,0,0
0,1,1
0,1,1
0,0,0
0,0,0
0,1,1
0,1,1
0,0,1
0,0,0
0,1,1
0,1,1
0,0,1
0,1,1
0,1,1
0,0,1
0,1,1
0,1,1
0,1,1
0,0,0
0,0,1
0,1,1
0,1,1
0,0,1
0,0,1
0,1,1
0,0.7207171,1
0,0,1
0,1,1
0,0,1
0,0,1
0,0,0
0,0,0
0,0,0
0,0,1
0,1,1
0,1,1
0,1,1
0,0,0
0,1,1
0,0.7334381,1
0,0,1
0,0,1
0,0.7533284,1
0,1,1
0,0,1
0,1,1
0,0.7435027,1
0,1,1
0,0,1
0,0,1
0,1,1
0,1,1
0,1,1
0,0,1
0,1,1
0,0,1
0,0,0
0,0,0
0,1,1
0,0,0
0,0.9000758,1
0,1,1
0,0,0
0,1,1
0,1,1
0,0,1
0,0,1
0,0,1
0,0,0
0,0,0
0,1,1
0,0,0
0,1,1
0,1,1
0,0,1
0,1,1
0,0,1
0,0,1
0,0,1
0,0,1
0,0,1
0,1,1
0,0,1
0,0,1
0,1,1
0,1,1
0,1,1
0,1,1
0,0.7538036,1
0,1,1
0,0,1
0,1,1
0,0,1
0,0,1
0,1,1
0,0,1
0,0,1
0,0,1
0,1,1
0,0,1
0,1,1
0,1,1
0,0,0
0,1,1
0,1,1
0,0,1
0,1,1
0,0,1
0,1,1
0,0,1
0,0,1
0,1,1
0,1,1
0,0,1
0,0,0
0,1,1
0,1,1
0,1,1
0,0,1
0,1,1
0,0,0
0,0,1
0,0,1
0,0,1
0,1,1
0,1,1
0,1,1
0,0,1
0,1,1
0,0,0
0,0,1
0,0,1
0,1,1
0,0,1
0,1,1
0,0,1
0,0.7756487,1
0,0,1
0,0,0
0,1,1
0,0,1
0,1,1
0,1,1
0,0,1
0,1,1
0,1,1
0,0,1
0,1,1
0,0,1
0,0,1
0,0,1
0,1,1
0,1,1
0,0,0
0,1,1
0,0,1
0,1,1
0,0.8623177,1
0,0,1
0,0,1
0,1,1
0,0,0
0,0,1
0,1,1
0,1,1
0,1,1
0,1,1
0,1,1
0,1,1
0,0,0
0,1,1
0,0,1
0,0,1
0,1,1
0,1,1
0,0.8579942,1
0,0,1
0,0,1
0,1,1
0,0.8604537,1
0,0,0
0,1,1
0,0,1
0,0,1
0,1,1
0,1,1
0,0,1
0,0,0
0,0,1
0,0,1
0,0,1
0,0,1
0,0,1
0,1,1
0,1,1
0,0.8640686,1
0,0,0
0,1,1
0,0,1
0,0,0
0,0,1
0,1,1
0,0,1
0,0,1
0,1,1
0,0,0
0,0,1
0,0.8777089,1
0,1,1
0,0,1
0,0.8647734,1
0,0,1
0,1,1
0,0,1
0,0,0
0,0,1
0,0,1
0,1,1
0,1,1
0,0,0
0,0,1
0,1,1
0,0,1
0,0,1
0,0,1
0,1,1
0,0,1
0,0,1
0,1,1
0,0,1
0,1,1
0,0,1
0,0,1
0,0,0
0,1,1
0,1,1
0,0,1
0,0,1
0,0.8021429,1
0,1,1
0,1,1
0,0.8617772,1
0,1,1
0,0,0
0,0,1
0,1,1
0,0,1
0,0.8816813,1
0,0,1
0,1,1
0,0,1
0,1,1
0,1,1
0,0,1
0,1,1
0,0,1
0,1,1
0,1,1
0,1,1
0,1,1
0,1,1
0,0,1
0,0,1
0,0,1
0,1,1
0,1,1
0,0,1
0,0,1
0,1,1
0,1,1
0,0,0
0,0,0
0,0.8585858,1
0,0,0
0,1,1
0,1,1
0,1,1
0,1,1
0,0,1
0,1,1
0,1,1
0,1,1
0,0,0
0,0.8696824,1
0,0,1
0,0,0
0,1,1
0,0,1
0,0,0
0,0,1
0,1,1
0,1,1
0,1,1
0,0,1
0,0.87307,1
0,0,1
0,0,1
0,0,1
0,1,1
0,1,1
0,1,1
0,0,1
0,1,1
0,1,1
0,0.8595675,1
0,1,1
0,0,1
0,1,1
0,1,1
0,1,1
0,0,1
0,1,1
0,1,1
0,1,1
0,0,1
0,0,1
0,0.8592743,1
0,1,1
0,0.865599,1
0,0,1
0,0,0
0,1,1
0,1,1
0,0,1
0,1,1
0,1,1
0,1,1
0,1,1
0,1,1
0,0,1
0,0,0
0,0.8735112,1
0,0.8637344,1
0,1,1
0,1,1
0,0,1
0,0,0
0,0,1
0,0,0
0,0,0
0,1,1
0,0,1
0,0,0
0,1,1
0,1,1
0,0,0
0,1,1
0,1,1
0,0,1
0,0,1
0,0,1
0,1,1
0,0,1
0,0,0
0,0.8667146,1
0,0,0
0,0.8653711,1
0,0,1
0,0,0
0,0,1
0,0,0
0,1,1
0,1,1
0,0,1
0,0.7232317,1
0,0,1
0,0,0
0,1,1
0,0,0
0,0,1
0,1,1
0,1,1
0,0,1
0,0,0
0,0,1
0,0.8643118,1
0,0,1
0,0.862321,1
0,0,0
0,0,1
0,0,1
0,0,1
0,1,1
0,0.8694972,1
0,1,1
0,0,1
0,0,1
0,1,1
0,0,1
0,1,1
0,1,1
0,0,1
0,0,0
0,0,1
0,1,1
0,0,0
0,1,1
0,0,1
0,1,1
0,0,1
0,0,0
0,0,1
0,1,1
0,1,1
0,0,0
0,0,0
0,1,1
0,0.8564562,1
0,1,1
0,0,1
0,1,1
0,0,1
0,0,0
0,0,1
0,0,1
0,1,1
0,0,1
0,0,1
0,1,1
0,0,0
0,0,0
0,0,1
0,0,1
0,1,1
0,1,1
0,1,1
0,0,1
0,0,1
0,0,1
0,1,1
0,1,1
0,0,1
0,1,1
0,0,1
0,1,1
0,0,0
0,0.8629893,1
0,1,1
0,0,1
0,1,1
0,1,1
0,1,1
0,1,1
0,0,0
0,0,0
0,1,1
0,0,1
0,0,1
0,0,0
0,0,1
0,0,0
0,1,1
0,1,1
0,1,1
0,0,1
0,0,0
0,0,0
0,1,1
0,0,1
0,0,1
0,1,1
0,0,1
0,1,1
0,0,1
0,0,1
0,1,1
0,0,0
0,1,1
0,0,1
0,1,1
0,1,1
0,1,1
0,0,1
0,0,1
0,1,1
0,0,1
0,1,1
0,0.856882,1
0,0.8632598,1
0,0,0
0,1,1
0,1,1
0,0,0
0,1,1
0,1,1
0,0,1
0,1,1
0,1,1
0,0,1
0,0,1
0,0,1
0,0,1
0,1,1
0,1,1
0,1,1
0,0,0
0,1,1
0,1,1
0,1,1
0,0,1
0,0,1
0,0,0
0,0,1
0,0,0
0,0,1
0,1,1
0,1,1
0,1,1
0,0.700338,1
0,0,0
0,0,0
0,0,1
0,1,1
0,0,1
0,0.8650985,1
0,1,1
0,0,0
0,0.7506608,1
0,1,1
0,0.7174649,1
0,0,1
0,0,1
0,0,1
0,0,1
0,0,1
0,1,1
0,1,1
0,1,1
0,0,1
0,0,1
0,0,1
0,1,1
0,0,1
0,1,1
0,1,1
0,1,1
0,0,1
0,0.8717514,1
0,1,1
0,1,1
0,1,1
0,1,1
0,0.7266829,1
0,0,1
0,0,1
0,0,1
0,0,1
0,0,1
0,0,1
0,1,1
0,1,1
0,0,1
0,0,1
0,1,1
0,1,1
0,0,1
0,1,1
0,0,0
0,1,1
0,0,1
0,0,1
0,0,1
0,0,1
0,1,1
0,0,1
0,0,1
0,1,1
0,1,1
0,0.8653175,1
0,1,1
0,0,1
0,0,0
0,0,1
0,0,1
0,1,1
0,0,1
0,1,1
0,1,1
0,1,1
0,0,1
0,0,1
0,1,1
0,1,1
0,0.8578043,1
0,0,0
0,0,1
0,0,1
0,0.8625402,1
0,0,1
0,1,1
0,0,1
0,0,1
0,1,1
0,0.857305,1
0,0,1
0,0,1
0,1,1
0,0,1
0,1,1
0,1,1
0,1,1
0,0.8727089,1
0,0,0
0,1,1
0,0,1
0,1,1
0,0,1
0,0,1
0,1,1
0,0,0
0,0.7624638,1
0,0,1
0,0,1
0,0,0
0,0,0
0,1,1
0,1,1
0,0,1
0,0,0
0,0,1
0,0,1
0,1,1
0,0,1
0,0,1
0,0,1
0,1,1
0,1,1
0,1,1
0,0,1
0,1,1
0,0,1
0,1,1
0,0,0
0,1,1
0,1,1
0,1,1
0,0,1
0,0,1
0,0,1
0,1,1
0,0,1
0,0,0
0,0,1
0,1,1
0,0,1
0,1,1
0,0,0
0,0.8599082,1
0,1,1
0,0,1
0,1,1
0,1,1
0,1,1
0,1,1
0,0.8619083,1
0,1,1
0,1,1
0,0,0
0,1,1
0,1,1
0,1,1
0,1,1
0,0,1
0,0,1
0,1,1
0,0,1
0,1,1
0,0,1
0,0,0
0,1,1
0,0,1
0,1,1
0,0,1
0,0,1
0,0,1
0,0,0
0,0,1
0,1,1
0,0,1
0,1,1
0,1,1
0,0.7014878,1
0,0,0
0,1,1
0,0,1
0,0.8585955,1
0,1,1
0,0,0
0,1,1
0,0,0
0,0.7086638,1
0,1,1
0,1,1
0,0,0
0,1,1
0,1,1
0,1,1
0,0,1
0,0,1
0,1,1
0,0,1
0,1,1
0,1,1
0,0,0
0,1,1
0,0,0
0,1,1
0,0,1
0,1,1
0,0,1
0,1,1
0,1,1
0,0,1
0,1,1
0,1,1
0,1,1
0,0.8628018,1
0,0.781279,1
0,1,1
0,1,1
0,1,1
0,1,1
0,0,1
0,0,1
0,1,1
0,1,1
0,1,1
0,1,1
0,1,1
0,0,1
0,0,1
0,1,1
0,0,1
0,1,1
0,0,0
0,1,1
0,0,1
0,0,1
0,0,1
0,0,1
0,0,1
0,0,1
0,0,1
0,0,0
0,0,1
0,0,0
0,1,1
0,0.8536181,1
0,0,1
0,0,0
0,1,1
0,0,1
0,0.8674906,1
0,0,1
0,0,1
0,0,1
0,1,1
0,0,1
0,1,1
0,0,1
0,1,1
0,1,1
0,1,1
0,0,0
0,0,1
0,0,1
0,0,1
0,0,1
0,0,1
0,1,1
0,1,1
0,0,0
0,1,1
0,0,1
0,0,0
0,0,1
0,0,1
0,0,0
0,0.7289575,1
0,0.87262,1
0,1,1
0,0,0
0,1,1
0,0,0
0,0.8600514,1
0,1,1
0,0,1
0,0.8697356,1
0,1,1
0,0,1
0,1,1
0,1,1
0,0.8560741,1
0,1,1
0,0,1
0,0,0
0,1,1
0,0.8715394,1
0,1,1
0,1,1
0,0,1
0,1,1
0,1,1
0,1,1
0,0,1
0,1,1
0,0,0
0,1,1
0,1,1
0,1,1
0,1,1
0,0.7876408,1
0,0,1
0,0,1
0,0,0
0,0,1
0,1,1
0,0,1
0,0.8646749,1
0,1,1
0,0,1
0,0,1
0,1,1
0,0,1
0,1,1
0,1,1
0,0,0
0,0,1
0,1,1
0,1,1
0,0.8629581,1
0,0,1
0,0,1
0,0,1
0,1,1
0,0.8172313,1
0,0,0
0,0,1
0,0,1
0,1,1
0,0,1
0,0,1
0,1,1
0,0,1
0,0,0
0,1,1
0,1,1
0,0.8591615,1
0,1,1
0,0,1
0,1,1
0,1,1
0,0,1
0,0,0
0,0,1
0,0,1
0,0,1
0,0,1
0,0,0
0,0,1
0,0.8590444,1
0,0,1
0,1,1
0,1,1
0,0,0
0,1,1
0,0.8573493,1
0,0,1
0,0,1
0,1,1
0,0,1
0,0,0
0,0,1
0,0,1
0,1,1
0,1,1
0,0,1
0,0,0
0,0.8672682,1
0,0,1
0,1,1
0,1,1
0,0,1
0,0.7012762,1
0,1,1
0,0,1
0,0.8602542,1
0,1,1
0,0.8628253,1
0,1,1
0,1,1
0,1,1
0,0,0
0,0.863521,1
0,0,1
0,1,1
0,1,1
0,0,1
0,1,1
0,0,1
0,0,1
0,0.7927893,1
0,1,1
0,0,1
0,1,1
0,1,1
0,1,1
0,1,1
0,0,0
0,0,1
0,0,1
0,0,1
0,0,1
0,0,1
0,1,1
0,1,1
0,1,1
0,1,1
0,0,1
0,0.8893176,1
0,0,1
0,0,1
0,0,0
0,0,1
0,0,1
0,0,1
0,1,1
0,0,1
0,0,1
0,1,1
0,1,1
0,0.8579825,1
0,0.8705121,1
0,0,1
0,0,0
0,1,1
0,0,1
0,0,0
0,0,1
0,1,1
0,0,1
0,1,1
0,0,1
0,0,1
0,1,1
0,1,1
0,1,1
0,1,1
0,1,1
0,0,0
0,1,1
0,1,1
0,1,1
0,0,1
0,1,1
0,0,1
0,1,1
0,0,1
0,1,1
0,0,1
0,0,1
0,0,1
0,0.8626637,1
0,0,1
0,0,1
0,0,1
0,1,1
0,0,1
0,0,1
0,0,0
0,1,1
0,0,0
0,1,1
0,1,1
0,0,0
0,1,1
0,0,0
0,0,1
0,0,0
0,0,0
0,0,1
0,0,0
0,0,1
0,1,1
0,1,1
0,1,1
0,1,1
0,1,1
0,1,1
0,1,1
0,1,1
0,1,1
0,0,1
0,0,1
0,1,1
0,1,1
0,0,0
0,1,1
0,0,1
0,1,1
0,1,1
0,1,1
0,0.7427375,1
0,1,1
0,1,1
0,1,1
0,1,1
0,1,1
0,0.7529662,1
0,0,1
0,0,0
0,0,1
0,0,1
0,0,0
0,0,1
0,0,1
0,0,1
0,0,1
0,0,1
0,0.8565103,1
0,0,1
0,0,0
0,0,1
0,0,1
0,1,1
0,0,1
0,0,1
0,1,1
0,1,1
0,0.80733,1
0,1,1
0,1,1
0,1,1
0,0,1
0,0,0
0,1,1
0,0,0
0,0,1
0,1,1
0,0,1
0,0,1
0,1,1
0,1,1
0,1,1
0,1,1
0,0,1
0,0,1
0,0,0
0,1,1
0,1,1
0,0,0
0,0,1
0,1,1
0,1,1
0,0,1
0,1,1
0,1,1
0,1,1
0,0.8589348,1
0,0,1
0,0,1
0,1,1
0,1,1
0,0,0
0,0,1
0,1,1
0,0.8643841,1
0,1,1
0,0,1
0,0,1
0,0,0
0,0,1
0,1,1
0,0.8720046,1
0,1,1
0,0,1
0,1,1
0,0,0
0,0,1
0,1,1
0,0.8839828,1
0,1,1
0,0.86558,1
0,0,0
0,1,1
0,1,1
0,1,1
0,1,1
0,1,1
0,1,1
0,0,0
0,1,1
0,0,1
0,0,0
0,1,1
0,0,1
0,1,1
0,0,0
0,0.8609267,1
0,0,1
0,1,1
0,1,1
0,1,1
0,1,1
0,0,0
0,0,1
0,1,1
0,1,1
0,0.8872277,1
0,1,1
0,0,1
0,1,1
0,1,1
0,1,1
0,0,1
0,1,1
0,1,1
0,0,0
0,1,1
0,0,1
0,0,1
0,0,0
0,1,1
0,1,1
0,1,1
0,0,0
0,1,1
0,0.8625253,1
0,1,1
0,1,1
0,0,0
0,1,1
0,0,1
0,1,1
0,0,1
0,0,1
0,1,1
0,0,1
0,1,1
0,0,0
0,0,0
0,1,1
0,1,1
0,1,1
0,1,1
0,0,1
0,1,1
0,0,1
0,1,1
0,1,1
0,1,1
0,0,0
0,1,1
0,1,1
0,1,1
0,0,1
0,0,0
0,1,1
0,0,1
0,1,1
0,0,1
0,0,1
0,1,1
0,0.8595001,1
0,1,1
0,0,1
0,1,1
0,1,1
0,0,1
0,0,1
0,0,1
0,0,1
0,0,0
0,1,1
0,0,1
0,1,1
0,0,1
0,1,1
0,1,1
0,1,1
0,1,1
0,0,0
0,1,1
0,1,1
0,1,1
0,0,1
0,0,0
0,1,1
0,0,1
0,0,1
0,1,1
0,0,1
0,0,1
0,0,0
0,1,1
0,0,1
0,0,0
0,1,1
0,0.8654578,1
0,1,1
0,1,1
0,0,1
0,1,1
0,0,1
0,0.8660698,1
0,0,1
0,1,1
0,1,1
0,0,0
0,0,0
0,1,1
0,0,0
0,0,1
0,0,1
0,1,1
0,1,1
0,1,1
0,1,1
0,0,0
0,1,1
0,1,1
0,0,1
0,1,1
0,0.8654267,1
0,1,1
0,1,1
0,1,1
0,1,1
0,0,1
0,0,1
0,0.8527261,1
0,0.8594743,1
0,0.873054,1
0,0.7477918,1
0,1,1
0,1,1
0,0,1
0,1,1
0,0,1
0,1,1
0,0,0
0,0,1
0,1,1
0,1,1
0,0,1
0,0,1
0,1,1
0,0,0
0,1,1
0,1,1
0,1,1
0,0,1
0,1,1
0,0,1
0,1,1
0,1,1
0,0,1
0,0,1
0,1,1
0,0,1
0,0,0
0,1,1
0,1,1
0,1,1
0,1,1
0,0,0
0,0,1
0,0,0
0,0,1
0,1,1
0,0,0
0,0,0
0,0,1
0,0,1
0,0,0
0,0,1
0,1,1
0,0,1
0,1,1
0,0,0
0,0,1
0,1,1
0,1,1
0,0,1
0,0,0
0,0,1
0,1,1
0,1,1
0,0,1
0,0,0
0,0,1
0,1,1
0,1,1
0,0.7182015,1
0,0,1
0,1,1
0,0.8658184,1
0,0,1
0,1,1
0,0,1
0,0,1
0,1,1
0,0,1
0,0.7973472,1
0,0,1
0,0,1
0,1,1
0,0,1
0,1,1
0,0.8694578,1
0,0,1
0,1,1
0,0,1
0,1,1
0,0.8710138,1
0,1,1
0,0,0
0,1,1
0,0.8663164,1
0,0,1
0,1,1
0,0,0
0,1,1
0,1,1
0,1,1
0,1,1
0,1,1
0,1,1
0,1,1
0,0,1
0,0,1
0,1,1
0,0,1
0,1,1
0,1,1
0,0,1
0,0,0
0,1,1
0,0,1
0,0,0
0,1,1
0,0,1
0,0,1
0,1,1
0,0,1
0,1,1
0,0,1
0,0,1
0,0,1
0,1,1
0,0,0
0,1,1
0,1,1
0,0.7081724,1
0,0.892769,1
0,0,1
0,0.749983,1
0,1,1
0,1,1
0,0,1
0,1,1
0,1,1
0,0,1
0,1,1
0,1,1
0,1,1
0,0,0
0,1,1
0,0,1
0,0,0
0,1,1
0,0,0
0,0,0
0,1,1
0,1,1
0,1,1
0,0,1
0,0,0
0,1,1
0,0,1
0,1,1
0,1,1
0,0,0
0,0,1
0,1,1
0,0,0
0,1,1
0,0,1
0,1,1
0,0,1
0,0,1
0,1,1
0,1,1
0,0,1
0,1,1
0,1,1
0,1,1
0,0.8585016,1
0,0,1
0,1,1
0,0,1
0,1,1
0,0,1
0,0,1
0,0,1
0,1,1
0,1,1
0,1,1
0,0,1
0,0,1
0,0,1
0,0,1
0,1,1
0,0,1
0,1,1
0,1,1
0,0,0
0,1,1
0,0.864136,1
0,1,1
0,0,1
0,0,1
0,1,1
0,0,0
0,1,1
0,1,1
0,1,1
0,0.8729826,1
0,0,1
0,1,1
0,0.7284415,1
0,1,1
0,1,1
0,1,1
0,1,1
0,1,1
0,0,1
0,1,1
0,1,1
0,0.7363247,1
0,0,1
0,0,1
0,0.8492533,1
0,1,1
0,1,1
0,0,1
0,0,1
0,1,1
0,0.8659251,1
0,0,1
0,1,1
0,0,0
0,1,1
0,0.8620937,1
0,0,1
0,0,1
0,0,0
0,1,1
0,0,1
0,0,0
0,0,1
0,1,1
0,0,1
0,0,1
0,0,1
0,0,1
0,1,1
0,1,1
0,1,1
0,0,1
0,0,0
0,0,1
0,0,0
0,0,1
0,0,1
0,1,1
0,0.8600435,1
0,1,1
0,0,0
0,0,1
0,1,1
0,0,0
0,0,1
0,1,1
0,0,0
0,0,1
0,0,1
0,1,1
0,1,1
0,1,1
0,1,1
0,1,1
0,0,1
0,0,0
0,1,1
0,0,1
0,1,1
0,0,1
0,1,1
0,0,1
0,0,1
0,1,1
0,0,0
0,0,1
0,0,1
0,0,1
0,0.8549883,1
0,1,1
0,1,1
0,1,1
0,0.8689573,1
0,0,1
0,0,0
0,0,1
0,0,1
0,0,1
0,1,1
0,1,1
0,0,0
0,0,1
0,0,1
0,1,1
0,0,1
0,0,1
0,1,1
0,0,0
0,0,1
0,0.8600966,1
0,0,1
0,0,1
0,0,0
0,1,1
0,0,1
0,0,1
0,0,1
0,1,1
0,0,1
0,0,0
0,0,1
0,0,0
0,0,0
0,0,1
0,0,0
0,0,1
0,0.861286,1
0,0,0
0,0,1
0,0,1
0,1,1
0,0.7914315,1
0,1,1
0,1,1
0,1,1
0,0.7180392,1
0,1,1
0,1,1
0,0,1
0,0,1
0,0,1
0,0,1
0,0,0
0,0,1
0,1,1
0,0,1
0,1,1
0,1,1
0,1,1
0,0,0
0,1,1
0,1,1
0,1,1
0,0,1
0,0,1
0,0,1
0,1,1
0,1,1
0,0,1
0,1,1
0,1,1
0,1,1
0,0,0
0,1,1
0,0.8626871,1
0,1,1
0,1,1
0,1,1
0,0,0
0,0,1
0,0,1
0,0,0
0,0.8624424,1
0,0,1
0,1,1
0,0,0
0,1,1
0,0.8574642,1
0,1,1
0,0,1
0,0.8676139,1
0,1,1
0,0,1
0,1,1
0,0,1
0,0,1
0,0,1
0,0,1
0,1,1
0,0,1
0,0,1
0,0,0
0,0,1
0,1,1
0,1,1
0,1,1
0,0,1
0,1,1
0,1,1
0,1,1
0,0,0
0,0.8479189,1
0,1,1
0,0.8597904,1
0,0,1
0,0,1
0,0.8638579,1
0,1,1
0,0,1
0,1,1
0,1,1
0,0,0
0,1,1
0,1,1
0,1,1
0,1,1
0,0,1
0,0,0
0,0,1
0,0.8263458,1
0,0,1
0,1,1
0,0,0
0,0,1
0,1,1
0,1,1
0,1,1
0,1,1
0,1,1
0,0,0
0,1,1
0,1,1
0,0,0
0,0,1
0,0,1
0,1,1
0,1,1
0,1,1
0,0,1
0,0,1
0,0,1
0,0,0
0,0,0
0,1,1
0,0,1
0,1,1
0,0,1
0,1,1
0,0,1
0,0.7676626,1
0,0,1
0,0,1
0,1,1
0,0,1
0,1,1
0,0,0
0,1,1
0,0,1
0,0,1
0,1,1
0,1,1
0,0,0
0,1,1
0,0,1
0,1,1
0,1,1
0,0,1
0,0,0
0,0.8642226,1
0,0,0
0,0,1
0,0,0
0,1,1
0,0,0
0,0,1
0,1,1
0,0,0
0,0,1
0,1,1
0,1,1
0,1,1
0,0,1
0,1,1
0,0,1
0,0,1
0,0,1
0,0,1
0,0,1
0,0,1
0,1,1
0,0,1
0,1,1
0,1,1
0,1,1
0,1,1
0,1,1
0,0.8579749,1
0,1,1
0,1,1
0,0.86296,1
0,1,1
0,1,1
0,0.8708202,1
0,1,1
0,1,1
0,0,0
0,0,1
0,0,1
0,0,1
0,0,1
0,0,1
0,1,1
0,0,1
0,1,1
0,0,0
0,1,1
0,1,1
0,0,0
0,1,1
0,1,1
0,0,0
0,1,1
0,0,1
0,1,1
0,0,1
0,0,1
0,0,1
0,1,1
0,1,1
0,1,1
0,0,1
0,0,0
0,1,1
0,0,0
0,0,1
0,1,1
0,1,1
0,0,0
0,1,1
0,1,1
0,1,1
0,0,0
0,1,1
0,0,1
0,1,1
0,1,1
0,1,1
0,0.8584063,1
0,1,1
0,0,0
0,0,1
0,0,1
0,1,1
0,0,1
0,0,1
0,0,1
0,0,1
0,0,1
0,1,1
0,1,1
0,0,1
0,0,0
0,0,1
0,1,1
0,0,1
0,1,1
0,1,1
0,1,1
0,0,1
0,1,1
0,0,0
0,1,1
0,0.8575338,1
0,0,1
0,1,1
0,0,1
0,0,0
0,1,1
0,1,1
0,1,1
0,1,1
0,1,1
0,1,1
0,1,1
0,0,1
0,0,1
0,1,1
0,0,1
0,0,1
0,1,1
0,0,1
0,1,1
0,0,1
0,0,0
0,1,1
0,0,1
0,0,1
0,0,1
0,1,1
0,0,1
0,1,1
0,1,1
0,1,1
0,1,1
0,0,0
0,1,1
0,1,1
0,0,1
0,0,1
0,0,0
0,1,1
0,1,1
0,0,0
0,1,1
0,1,1
0,1,1
0,1,1
0,0,1
0,0,1
0,0,1
0,0,0
0,0.8594676,1
0,1,1
0,1,1
0,1,1
0,0,1
0,0.8730196,1
0,1,1
0,1,1
0,1,1
0,1,1
0,0,1
0,0.858889,1
0,1,1
0,0,1
0,0.8571242,1
0,1,1
0,0,1
0,0.7801808,1
0,1,1
0,0,1
0,1,1
0,0,0
0,1,1
0,1,1
0,1,1
0,1,1
0,0,1
0,0,1
0,0,0
0,1,1
0,1,1
0,1,1
0,1,1
0,1,1
0,0.7093052,1
0,1,1
0,0,1
0,1,1
0,0,1
0,0,1
0,1,1
0,1,1
0,0,1
0,0,1
0,0,1
0,0,1
0,1,1
0,1,1
0,0,1
0,0.8602201,1
0,1,1
0,1,1
0,1,1
0,0,1
0,1,1
0,1,1
0,0,1
0,1,1
0,0,1
0,1,1
0,1,1
0,1,1
0,1,1
0,0,0
0,1,1
0,1,1
0,1,1
0,0,1
0,0,1
0,1,1
0,1,1
0,1,1
0,0,0
0,1,1
0,1,1
0,0,0
0,1,1
0,0,1
0,0,0
0,0,0
0,0,1
0,0,0
0,0,1
0,0,1
0,1,1
0,1,1
0,0,1
0,1,1
0,0,1
0,0.8874135,1
0,0,0
0,0,1
0,0,1
0,0,0
0,1,1
0,0,0
0,1,1
0,1,1
0,1,1
0,1,1
0,0,0
0,1,1
0,0,1
0,1,1
0,0,1
0,0,0
0,1,1
0,0,1
0,0.8564535,1
0,0.8592501,1
0,1,1
0,1,1
0,1,1
0,1,1
0,0,1
0,1,1
0,0,0
0,1,1
0,0,1
0,0,1
0,0,1
0,0,0
0,1,1
0,1,1
0,1,1
0,1,1
0,1,1
0,1,1
0,0,1
0,1,1
0,1,1
0,0,0
0,0.8533125,1
0,1,1
0,1,1
0,0,0
0,1,1
0,1,1
0,0.7440912,1
0,1,1
0,1,1
0,0,0
0,0,1
0,1,1
0,0,1
0,0,1
0,0,0
0,0,1
0,1,1
0,1,1
0,1,1
0,1,1
0,1,1
0,1,1
0,0,1
0,1,1
0,0,1
0,1,1
0,1,1
0,1,1
0,1,1
0,1,1
0,1,1
0,0,1
0,0,0
0,1,1
0,1,1
0,0,1
0,0,0
0,0,1
0,1,1
0,1,1
0,1,1
0,0,0
0,1,1
0,1,1
0,1,1
0,1,1
0,1,1
0,0,1
0,1,1
0,0,1
0,1,1
0,0.8626317,1
0,1,1
0,1,1
0,1,1
0,1,1
0,1,1
0,0,1
0,0,1
0,1,1
0,0,0
0,0,1
0,0.8542354,1
0,0,1
0,1,1
0,1,1
0,1,1
0,0,0
0,1,1
0,0,1
0,1,1
0,0,1
0,1,1
0,0.864501,1
0,1,1
0,1,1
0,1,1
0,1,1
0,0,1
0,0,1
0,0,0
0,1,1
0,1,1
0,0,1
0,0,1
0,1,1
0,1,1
0,0,1
0,0,1
0,0.8589774,1
0,0,1
0,1,1
0,0,1
0,0,0
0,0,1
0,0,1
0,0,1
0,0,1
0,1,1
0,1,1
0,1,1
0,0,0
0,1,1
0,0.9083642,1
0,0,1
0,0,0
0,1,1
0,1,1
0,0,1
0,1,1
0,1,1
0,0,1
0,1,1
0,1,1
0,0.7017237,1
0,1,1
0,1,1
0,1,1
0,0,1
0,1,1
0,0,1
0,0,1
0,0,1
0,1,1
0,1,1
0,1,1
0,1,1
0,1,1
0,0,1
0,0,1
0,0,1
0,1,1
0,0,1
0,0,1
0,1,1
0,0,1
0,0,1
0,0,1
0,1,1
0,1,1
0,0,0
0,0,0
0,0,1
0,1,1
0,0,1
0,0,1
0,1,1
0,0,1
0,1,1
0,1,1
0,0,1
0,1,1
0,1,1
0,1,1
0,1,1
0,0,0
0,0,1
0,1,1
0,0,0
0,0,1
0,1,1
0,0,1
0,0,1
0,1,1
0,1,1
0,1,1
0,0,0
0,0,0
0,1,1
0,0.8506602,1
0,0,1
0,1,1
0,0.8649474,1
0,1,1
0,0.7709469,1
0,1,1
0,1,1
0,0,1
0,0,1
0,1,1
0,0,1
0,0,1
0,1,1
0,0,1
0,1,1
0,0,1
0,0,0
0,1,1
0,1,1
0,1,1
0,1,1
0,0,1
0,0,0
0,1,1
0,1,1
0,1,1
0,0,0
0,1,1
0,1,1
0,0.8629738,1
0,0,1
0,1,1
0,0,1
0,1,1
0,0,0
0,0,0
0,1,1
0,0,1
0,1,1
0,0,1
0,0,0
0,0,0
0,1,1
0,0,1
0,1,1
0,0.8587388,1
0,1,1
0,0,1
0,0,0
0,1,1
0,1,1
0,0,1
0,1,1
0,0.8590063,1
0,1,1
0,0,1
0,0,0
0,1,1
0,1,1
0,1,1
0,0,1
0,1,1
0,0.9276479,1
0,1,1
0,0,0
0,0,1
0,1,1
0,1,1
0,1,1
0,1,1
0,1,1
0,1,1
0,0,1
0,1,1
0,1,1
0,1,1
0,1,1
0,0.8633341,1
0,1,1
0,1,1
0,0,0
0,0,1
0,1,1
0,0,0
0,0,1
0,1,1
0,0,1
0,1,1
0,1,1
0,1,1
0,0,1
0,0,1
0,0,0
0,1,1
0,0,0
0,0,1
0,1,1
0,0,0
0,1,1
0,0,1
0,0,1
0,1,1
0,0,1
0,1,1
0,0,0
0,0.8607601,1
0,0,0
0,0,1
0,1,1
0,1,1
0,1,1
0,1,1
0,1,1
0,1,1
0,1,1
0,1,1
0,1,1
0,0,1
0,1,1
0,1,1
0,1,1
0,1,1
0,1,1
0,1,1
0,0,1
0,1,1
0,1,1
0,1,1
0,0,1
0,0,1
0,1,1
0,0.8594662,1
0,1,1
0,1,1
0,1,1
0,0,1
0,0,1
0,0,1
0,1,1
0,1,1
0,0,1
0,1,1
0,0,1
0,0.72089,1
0,1,1
0,0.7945628,1
0,0,1
0,1,1
0,0,1
0,0,1
0,0.8616489,1
0,1,1
0,0,1
0,0,1
0,0,1
0,1,1
0,1,1
0,0.8736364,1
0,0,1
0,0,0
0,1,1
0,0.8617283,1
0,0,1
0,0,1
0,1,1
0,1,1
0,1,1
0,1,1
0,1,1
0,1,1
0,0,1
0,0,1
0,0,1
0,0,1
0,1,1
0,0,1
0,1,1
0,0,1
0,1,1
0,1,1
0,1,1
0,0,1
0,1,1
0,1,1
0,1,1
0,1,1
0,1,1
0,1,1
0,1,1
0,0,1
0,1,1
0,1,1
0,1,1
0,1,1
0,1,1
0,1,1
0,1,1
0,0,0
0,1,1
0,1,1
0,0,1
0,1,1
0,0,0
0,0,1
0,0,1
0,1,1
0,0,1
0,0,0
0,1,1
0,1,1
0,0,1
0,1,1
0,0,1
0,0.7620368,1
0,0,0
0,1,1
0,1,1
0,0,0
0,0,0
0,0,1
0,1,1
0,0,0
0,1,1
0,1,1
0,1,1
0,0,1
0,0.8629321,1
0,1,1
0,1,1
0,0,0
0,0,1
0,1,1
0,0,1
0,0,1
0,0,1
0,0,0
0,0,1
0,1,1
0,0,0
0,0.8592508,1
0,0.8618406,1
0,0,1
0,1,1
0,1,1
0,0.7402083,1
0,1,1
0,1,1
0,1,1
0,1,1
0,1,1
0,1,1
0,1,1
0,0.8639948,1
0,1,1
0,1,1
0,0,1
0,1,1
0,0.7828382,1
0,0,1
0,0,1
0,1,1
0,1,1
0,0,1
0,1,1
0,1,1
0,1,1
0,1,1
0,0,1
0,1,1
0,0,0
0,1,1
0,1,1
0,0,1
0,1,1
0,1,1
0,0,1
0,1,1
0,1,1
0,1,1
0,0,1
0,0,1
0,1,1
0,1,1
0,1,1
0,1,1
0,0,1
0,1,1
0,0,1
0,0.862627,1
0,0,0
0,0,1
0,1,1
0,1,1
0,1,1
0,1,1
0,1,1
0,0,1
0,1,1
0,1,1
0,1,1
0,0,0
0,0,1
0,0,0
0,1,1
0,0,0
0,0,1
0,1,1
0,1,1
0,0,1
0,1,1
0,0,1
0,0,1
0,1,1
0,0,1
0,1,1
0,1,1
0,0,1
0,0,1
0,1,1
0,1,1
0,1,1
0,1,1
0,0,1
0,0,0
0,0,1
0,0.8605628,1
0,1,1
0,1,1
0,1,1
0,0,0
0,0,1
0,1,1
0,1,1
0,0.7317015,1
0,0,1
0,1,1
0,0,0
0,0,1
0,0,1
0,1,1
0,0,1
0,1,1
0,0,0
0,1,1
0,0,1
0,1,1
0,1,1
0,0,0
0,1,1
0,1,1
0,0,1
0,1,1
0,1,1
0,0.864448,1
0,0,1
0,0,1
0,1,1
0,0,1
0,1,1
0,1,1
0,1,1
0,1,1
0,1,1
0,0,1
0,0,1
0,0,1
0,1,1
0,1,1
0,1,1
0,0,1
0,0,0
0,0,1
0,0,0
0,0,0
0,0,1
0,1,1
0,1,1
0,1,1
0,0,1
0,0,1
0,0,1
0,1,1
0,1,1
0,1,1
0,0,1
0,1,1
0,0,0
0,0,1
0,0,1
0,0,1
0,1,1
0,1,1
0,1,1
0,0,1
0,0,1
0,0,1
0,1,1
0,0,1
0,1,1
0,1,1
0,1,1
0,0,1
0,1,1
0,1,1
0,1,1
0,1,1
0,1,1
0,0.8667413,1
0,0,1
0,1,1
0,1,1
0,0.8557049,1
0,0,1
0,1,1
0,0.8577927,1
0,1,1
0,1,1
0,0,1
0,0,0
0,1,1
0,0,0
0,0,1
0,0.8627558,1
0,0.8668264,1
0,1,1
0,1,1
0,1,1
0,0.8644912,1
0,1,1
0,0,1
0,1,1
0,1,1
0,0,1
0,0,1
0,1,1
0,1,1
0,0,0
0,0,0
0,1,1
0,0,1
0,1,1
0,1,1
0,1,1
0,0,1
0,1,1
0,0,1
0,1,1
0,1,1
0,0,0
0,0,1
0,0,0
0,0,1
0,0,1
0,1,1
0,0,1
0,0,1
0,1,1
0,1,1
0,0,1
0,1,1
0,0.8549724,1
0,1,1
0,1,1
0,0,1
0,0.8187699,1
0,0,1
0,0,1
0,1,1
0,1,1
0,1,1
0,0,1
0,1,1
0,1,1
0,1,1
0,0.8563195,1
0,0,1
0,0.870747,1
0,0,1
0,1,1
0,0,1
0,1,1
0,0,1
0,0,1
0,0,1
0,0.8590692,1
0,0.7079331,1
0,0,1
0,0,1
0,0,1
0,0,1
0,1,1
0,1,1
0,1,1
0,1,1
0,0,1
0,0,1
0,1,1
0,1,1
0,0,1
0,0.7536672,1
0,0.8570174,1
0,1,1
0,1,1
0,0,1
0,0,1
0,0,1
0,1,1
0,1,1
0,1,1
0,0,1
0,0,1
0,1,1
0,1,1
0,0,1
0,1,1
0,1,1
0,1,1
0,0.8670095,1
0,0.8720924,1
0,1,1
0,1,1
0,0,1
0,0.8651581,1
0,1,1
0,1,1
0,0,1
0,1,1
0,0,0
0,1,1
0,0.8573849,1
0,1,1
0,1,1
0,0,0
0,1,1
0,1,1
0,1,1
0,1,1
0,0,1
0,0,1
0,0.8564509,1
0,0,1
0,0.7255471,1
0,0,1
0,1,1
0,1,1
0,0,1
0,1,1
0,1,1
0,0,1
0,0,1
0,1,1
0,1,1
0,1,1
0,0,0
0,1,1
0,0,0
0,0,0
0,1,1
0,1,1
0,0,1
0,1,1
0,1,1
0,1,1
0,1,1
0,0,1
0,0,0
0,1,1
0,1,1
0,1,1
0,1,1
0,1,1
0,1,1
0,1,1
0,0,0
0,1,1
0,0,1
0,1,1
0,0.8639411,1
0,1,1
0,0,1
0,1,1
0,0,1
0,1,1
0,0,0
0,1,1
0,1,1
0,1,1
0,1,1
0,0,0
0,1,1
0,0.862718,1
0,1,1
0,1,1
0,0,0
0,0,1
0,1,1
0,0,1
0,1,1
0,0,0
0,1,1
0,0,1
0,0,0
0,0,1
0,0,0
0,0,1
0,1,1
0,1,1
0,1,1
0,1,1
0,0,1
0,1,1
0,0,1
0,0,1
0,1,1
0,0,0
0,0,1
0,0.8829298,1
0,0,1
0,1,1
0,0,1
0,0,0
0,1,1
0,1,1
0,1,1
0,1,1
0,1,1
0,1,1
0,1,1
0,0.8657917,1
0,1,1
0,0,1
0,0,0
0,0,1
0,0,1
0,1,1
0,1,1
0,1,1
0,1,1
0,0,1
0,0,1
0,1,1
0,0.8574528,1
0,1,1
0,1,1
0,1,1
0,0.8676142,1
0,1,1
0,0,1
0,0,1
0,1,1
0,1,1
0,1,1
0,1,1
0,1,1
0,0,1
0,1,1
0,1,1
0,1,1
0,1,1
0,1,1
0,0,0
0,0,1
0,1,1
0,0,0
0,0,1
0,1,1
0,0,0
0,0,1
0,0,1
0,0,1
0,0,1
0,1,1
0,1,1
0,0,1
0,0,1
0,1,1
0,1,1
0,0,0
0,0.8538762,1
0,1,1
0,1,1
0,0,1
0,1,1
0,1,1
0,0,1
0,1,1
0,1,1
0,1,1
0,1,1
0,1,1
0,1,1
0,0,1
0,0,1
0,1,1
0,1,1
0,1,1
0,0,1
0,0,1
0,1,1
0,0,1
0,1,1
0,1,1
0,1,1
0,0,1
0,0,0
0,0,1
0,1,1
0,1,1
0,0,1
0,0,1
0,0,1
0,0,0
0,1,1
0,1,1
0,1,1
0,1,1
0,0,0
0,1,1
0,1,1
0,1,1
0,0,0
0,1,1
0,1,1
0,1,1
0,0.8633851,1
0,0,1
0,0,1
0,0,1
0,0,1
0,1,1
0,0,0
0,0,1
0,0,1
0,0,1
0,1,1
0,0,1
0,0,1
0,1,1
0,1,1
0,0.8642753,1
0,1,1
0,1,1
0,0.8780483,1
0,0,1
0,0,1
0,1,1
0,1,1
0,1,1
0,1,1
0,1,1
0,0,1
0,1,1
0,1,1
0,0,1
0,1,1
0,1,1
0,1,1
0,0.8634349,1
0,1,1
0,1,1
0,0.7920438,1
0,1,1
0,0,1
0,0,1
0,0.8597298,1
0,0,1
0,1,1
0,0,1
0,0,0
0,1,1
0,0,1
0,0,1
0,0,1
0,1,1
0,1,1
0,1,1
0,0.782421,1
0,1,1
0,0.8583173,1
0,1,1
0,1,1
0,1,1
0,0,1
0,0,0
0,1,1
0,1,1
0,0,0
0,1,1
0,0,0
0,1,1
0,1,1
0,1,1
0,1,1
0,0,0
0,0,1
0,1,1
0,1,1
0,1,1
0,1,1
0,0,1
0,1,1
0,1,1
0,1,1
0,0,1
0,1,1
0,0,1
0,1,1
0,1,1
0,0.8563355,1
0,1,1
0,1,1
0,0.8751495,1
0,1,1
0,0,1
0,0,0
0,0.8589745,1
0,0,1
0,0,1
0,0,1
0,0,1
0,1,1
0,0,1
0,1,1
0,1,1
0,0,1
0,1,1
0,1,1
0,1,1
0,1,1
0,1,1
0,1,1
0,1,1
0,1,1
0,0,1
0,0.8606311,1
0,1,1
0,1,1
0,0,1
0,0,0
0,1,1
0,1,1
0,0,0
0,1,1
0,1,1
0,1,1
0,0,1
0,1,1
0,0,1
0,1,1
0,1,1
0,0,0
0,0,1
0,1,1
0,0,0
0,0,1
0,0,1
0,0,1
0,1,1
0,1,1
0,0,0
0,0,1
0,1,1
0,1,1
0,0,1
0,0,1
0,0,1
0,0,1
0,1,1
0,0,1
0,1,1
0,0.8702825,1
0,1,1
0,1,1
0,0,1
0,0,0
0,0,1
0,0,1
0,0.9112779,1
0,0,0
0,0,0
0,1,1
0,0,0
0,0,1
0,0,0
0,1,1
0,1,1
0,1,1
0,0,0
0,0.8539643,1
0,0,1
0,1,1
0,1,1
0,0,1
0,0,1
0,0.8535589,1
0,1,1
0,1,1
0,1,1
0,1,1
0,1,1
0,0.8480896,1
0,1,1
0,1,1
0,0.8573571,1
0,1,1
0,0,1
0,0,1
0,1,1
0,1,1
0,1,1
0,0,1
0,0,1
0,1,1
0,1,1
0,0,1
0,0,1
0,1,1
0,1,1
0,1,1
0,0,1
0,1,1
0,1,1
0,0.8687949,1
0,0,1
0,1,1
0,0,1
0,1,1
0,1,1
0,0.8627146,1
0,0,1
0,0,1
0,0,0
0,1,1
0,1,1
0,0,1
0,1,1
0,0,0
0,0,1
0,1,1
0,0.8579372,1
0,1,1
0,0.8105454,1
0,1,1
0,0,1
0,1,1
0,1,1
0,1,1
0,1,1
0,1,1
0,1,1
0,0,0
0,1,1
0,0,0
0,0,0
0,1,1
0,0,1
0,0.858808,1
0,0,1
0,0,1
0,1,1
0,1,1
0,0,1
0,0.7478508,1
0,0,0
0,1,1
0,1,1
0,0,0
0,1,1
0,0,0
0,1,1
0,1,1
0,0,0
0,0,1
0,1,1
0,1,1
0,1,1
0,0,1
0,1,1
0,1,1
0,0,0
0,0,1
0,1,1
0,0,0
0,0,1
0,1,1
0,1,1
0,1,1
0,0,0
0,1,1
0,1,1
0,0,1
0,1,1
0,0,1
0,0,0
0,1,1
0,0,1
0,0,1
0,1,1
0,1,1
0,0,0
0,0,1
0,0,1
0,1,1
0,0,1
0,1,1
0,1,1
0,1,1
0,0,0
0,1,1
0,0,0
0,1,1
0,1,1
0,0,1
0,1,1
0,1,1
0,1,1
0,0,1
0,0,1
0,1,1
0,0,1
0,0,1
0,1,1
0,0,0
0,1,1
0,1,1
0,0,1
0,1,1
0,0,0
0,0,0
0,0,1
0,1,1
0,1,1
0,1,1
0,1,1
0,0.8510748,1
0,0,1
0,0,1
0,0,0
0,1,1
0,1,1
0,0,1
0,0,1
0,1,1
0,0,1
0,1,1
0,1,1
0,1,1
0,0,1
0,1,1
0,1,1
0,1,1
0,1,1
0,1,1
0,1,1
0,1,1
0,1,1
0,0,1
0,1,1
0,1,1
0,0,0
0,1,1
0,1,1
0,1,1
0,1,1
0,1,1
0,1,1
0,0,1
0,1,1
0,1,1
0,1,1
0,0.8699607,1
0,0,1
0,1,1
0,0,1
0,1,1
0,1,1
0,1,1
0,1,1
0,0,1
0,1,1
0,1,1
0,1,1
0,1,1
0,0,1
0,1,1
0,0,1
0,1,1
0,1,1
0,1,1
0,0,0
0,0,0
0,1,1
0,0,0
0,0,1
0,1,1
0,0,1
0,1,1
0,1,1
0,0,1
0,0.70901,1
0,1,1
0,1,1
0,0,1
0,1,1
0,0,1
0,0,1
0,1,1
0,1,1
0,0.8591468,1
0,0,1
0,1,1
0,0.8626529,1
0,0,0
0,1,1
0,1,1
0,0,1
0,0,0
0,1,1
0,0,1
0,1,1
0,1,1
0,1,1
0,0,0
0,0,0
0,1,1
0,0,0
0,0,1
0,1,1
0,1,1
0,0.8583862,1
0,0,1
0,1,1
0,0,0
0,1,1
0,1,1
0,0,0
0,0,0
0,0,1
0,1,1
0,0,1
0,0,1
0,0,1
0,1,1
0,0,1
0,0,1
0,1,1
0,1,1
0,0,1
0,0,1
0,1,1
0,0,1
0,1,1
0,0,1
0,1,1
0,1,1
0,0,1
0,0,0
0,0,1
0,1,1
0,1,1
0,1,1
0,0,0
0,0.8617278,1
0,1,1
0,1,1
0,1,1
0,0,0
0,1,1
0,0,1
0,1,1
0,1,1
0,1,1
0,1,1
0,1,1
0,1,1
0,0,1
0,0,1
0,1,1
0,1,1
0,0,1
0,1,1
0,1,1
0,0,1
0,0,1
0,1,1
0,1,1
0,1,1
0,1,1
0,0,1
0,0,0
0,1,1
0,1,1
0,0,0
0,1,1
0,0,1
0,0,1
0,0.8805526,1
0,0,0
0,1,1
0,1,1
0,0,1
0,0,1
0,1,1
0,1,1
0,0,1
0,0,1
0,0,0
0,1,1
0,0,1
0,1,1
0,1,1
0,0,1
0,1,1
0,1,1
0,1,1
0,1,1
0,0,1
0,0.8615835,1
0,1,1
0,1,1
0,0,1
0,0,1
0,1,1
0,1,1
0,1,1
0,1,1
0,1,1
0,1,1
0,1,1
0,0,0
0,1,1
0,0.8762258,1
0,1,1
0,1,1
0,1,1
0,1,1
0,0,1
0,0,0
0,1,1
0,0,0
0,0,0
0,0,1
0,1,1
0,0.7613763,1
0,0,0
0,1,1
0,0,1
0,0,1
0,1,1
0,0,1
0,0,1
0,1,1
0,0,1
0,0.8679487,1
0,1,1
0,0.8615917,1
0,1,1
0,0,1
0,1,1
0,0,0
0,1,1
0,1,1
0,1,1
0,1,1
0,1,1
0,1,1
0,1,1
0,1,1
0,0,0
0,1,1
0,0,1
0,0,1
0,1,1
0,1,1
0,1,1
0,0,1
0,1,1
0,1,1
0,0,0
0,0,1
0,1,1
0,1,1
0,1,1
0,1,1
0,1,1
0,0,1
0,0.8629106,1
0,0,0
0,0,1
0,1,1
0,0,1
0,1,1
0,1,1
0,0,1
0,0,1
0,0.8224428,1
0,1,1
0,1,1
0,1,1
0,1,1
0,0,1
0,1,1
0,0,0
0,1,1
0,1,1
0,1,1
0,0,1
0,1,1
0,0.8764838,1
0,0,1
0,0,1
0,1,1
0,0,1
0,0,1
0,1,1
0,1,1
0,0,1
0,1,1
0,1,1
0,1,1
0,1,1
0,1,1
0,0,0
0,0,1
0,0,0
0,1,1
0,1,1
0,0,1
0,1,1
0,1,1
0,0.8125285,1
0,1,1
0,0,1
0,1,1
0,1,1
0,0,1
0,1,1
0,0,1
0,0,1
0,1,1
0,0,1
0,1,1
0,0,1
0,0,1
0,1,1
0,0,0
0,1,1
0,1,1
0,0,1
0,0,1
0,0,0
0,0.8644146,1
0,0,1
0,1,1
0,0.8690857,1
0,1,1
0,1,1
0,1,1
0,1,1
0,1,1
0,1,1
0,1,1
0,0,1
0,1,1
0,0,1
0,1,1
0,0,1
0,1,1
0,1,1
0,0,1
0,1,1
0,1,1
0,1,1
0,1,1
0,1,1
0,0,1
0,1,1
0,1,1
0,1,1
0,1,1
0,1,1
0,1,1
0,1,1
0,1,1
0,1,1
0,1,1
0,1,1
0,0,0
0,0,1
0,0,1
0,1,1
0,0,1
0,0,1
0,1,1
0,1,1
0,1,1
0,0,1
0,1,1
0,1,1
0,0,1
0,0,0
0,0,1
0,1,1
0,0,1
0,0,1
0,0,0
0,1,1
0,1,1
0,0,1
0,1,1
0,0,1
0,0.7325337,1
0,0.8551749,1
0,0,1
0,1,1
0,0,1
0,1,1
0,0,0
0,1,1
0,0,0
0,1,1
0,0,1
0,1,1
0,0.8685918,1
0,1,1
0,0,1
0,1,1
0,1,1
0,0,1
0,0.8574046,1
0,1,1
0,0,1
0,0,0
0,0,0
0,1,1
0,0,1
0,1,1
0,1,1
0,1,1
0,0,1
0,0,1
0,1,1
0,1,1
0,0,1
0,0.8555528,1
0,1,1
0,0,1
0,0.8780473,1
0,1,1
0,1,1
0,1,1
0,1,1
0,0,1
0,1,1
0,1,1
0,0,0
0,1,1
0,0,1
0,1,1
0,1,1
0,0.8636214,1
0,1,1
0,1,1
0,0,0
0,1,1
0,0,1
0,0,0
0,1,1
0,0,0
0,0,0
0,0,1
0,1,1
0,1,1
0,1,1
0,0,1
0,0.8646666,1
0,0,1
0,0,1
0,0.8640019,1
0,1,1
0,0,1
0,1,1
0,1,1
0,1,1
0,0.8577775,1
0,0,1
0,0.8824816,1
0,1,1
0,1,1
0,1,1
0,1,1
0,1,1
0,0.8717633,1
0,0,1
0,1,1
0,0,1
0,1,1
0,0,0
0,0,1
0,0,1
0,1,1
0,0,1
0,0,1
0,1,1
0,1,1
0,1,1
0,1,1
0,0,1
0,0,1
0,1,1
0,1,1
0,0,1
0,1,1
0,1,1
0,1,1
0,0,1
0,0,0
0,1,1
0,1,1
0,0,0
0,0,1
0,1,1
0,0,1
0,1,1
0,0,1
0,1,1
0,0,1
0,1,1
0,0,0
0,1,1
0,0,0
0,1,1
0,0,0
0,0.7442628,1
0,1,1
0,0,0
0,1,1
0,1,1
0,1,1
0,0,1
0,1,1
0,0,1
0,1,1
0,0,1
0,0,1
0,1,1
0,0,1
0,1,1
0,1,1
0,1,1
0,1,1
0,1,1
0,0,1
0,0,1
0,0.8573501,1
0,1,1
0,1,1
0,1,1
0,0,1
0,1,1
0,0,1
0,0,1
0,1,1
0,0,1
0,1,1
0,1,1
0,0,0
0,1,1
0,0,1
0,0,1
0,1,1
0,0,0
0,0,0
0,1,1
0,1,1
0,0,1
0,1,1
0,0,1
0,1,1
0,1,1
0,0,1
0,1,1
0,1,1
0,1,1
0,1,1
0,1,1
0,1,1
0,1,1
0,0,1
0,1,1
0,0,0
0,1,1
0,1,1
0,1,1
0,1,1
0,1,1
0,1,1
0,1,1
0,0,1
0,1,1
0,1,1
0,0,1
0,1,1
0,1,1
0,1,1
0,1,1
0,1,1
0,0,0
0,0,1
0,1,1
0,0,1
0,1,1
0,0,1
0,0,0
0,1,1
0,0,1
0,0,1
0,1,1
0,0,1
0,1,1
0,1,1
0,0,1
0,1,1
0,1,1
0,0,0
0,0,1
0,0.8601881,1
0,0,1
0,0,1
0,1,1
0,0,0
0,0,0
0,0,1
0,0,1
0,0,0
0,1,1
0,0,1
0,1,1
0,0,1
0,1,1
0,1,1
0,0,0
0,1,1
0,1,1
0,0,1
0,0,0
0,0,1
0,1,1
0,0,0
0,1,1
0,0,1
0,1,1
0,0,1
0,1,1
0,0,0
0,1,1
0,1,1
0,1,1
0,1,1
0,0,1
0,1,1
0,1,1
0,1,1
0,0,1
0,0,0
0,0.8597348,1
0,1,1
0,0,0
0,1,1
0,1,1
0,1,1
0,1,1
0,0,1
0,0,1
0,0,1
0,1,1
0,1,1
0,1,1
0,1,1
0,0,1
0,0,1
0,0.8246305,1
0,0,0
0,0.861135,1
0,0.8603464,1
0,1,1
0,0,1
0,1,1
0,1,1
0,1,1
0,1,1
0,0,1
0,1,1
0,1,1
0,1,1
0,0,1
0,0,1
0,1,1
0,1,1
0,0,1
0,0,0
0,0,1
0,0,0
0,0,1
0,1,1
0,0,0
0,1,1
0,1,1
0,0,1
0,1,1
0,0,1
0,1,1
0,1,1
0,1,1
0,1,1
0,0,0
0,0.872887,1
0,0,1
0,0,1
0,1,1
0,0,0
0,1,1
0,1,1
0,1,1
0,0,1
0,0,0
0,0,1
0,1,1
0,1,1
0,1,1
0,1,1
0,1,1
0,1,1
0,0,1
0,0,0
0,1,1
0,1,1
0,0,1
0,0,1
0,1,1
0,0,1
0,0,1
0,0,1
0,1,1
0,1,1
0,1,1
0,1,1
0,1,1
0,1,1
0,1,1
0,1,1
0,1,1
0,1,1
0,0,1
0,1,1
0,1,1
0,0,1
0,0,1
0,0,1
0,0,1
0,1,1
0,1,1
0,0.8708454,1
0,0,0
0,1,1
0,0,0
0,1,1
0,1,1
0,0.7617592,1
0,0,1
0,0,1
0,0,1
0,1,1
0,0,1
0,1,1
0,1,1
0,1,1
0,0,1
0,0,1
0,0,0
0,1,1
0,1,1
0,0,1
0,1,1
0,0.8660542,1
0,0,1
0,1,1
0,0,0
0,1,1
0,1,1
0,1,1
0,0.8578259,1
0,0,0
0,0,1
0,0,0
0,1,1
0,0.7314528,1
0,1,1
0,0,1
0,0,1
0,1,1
0,1,1
0,1,1
0,1,1
0,1,1
0,1,1
0,1,1
0,0,1
0,1,1
0,1,1
0,0,0
0,1,1
0,0,1
0,1,1
0,1,1
0,1,1
0,0,1
0,1,1
0,0,1
0,0,0
0,0,0
0,0,1
0,0,1
0,1,1
0,1,1
0,1,1
0,0,0
0,1,1
0,1,1
0,1,1
0,1,1
0,1,1
0,1,1
0,0,0
0,1,1
0,0,0
0,1,1
0,0,1
0,1,1
0,1,1
0,1,1
0,0.7566639,1
0,1,1
0,0,1
0,1,1
0,0,1
0,1,1
0,1,1
0,1,1
0,1,1
0,1,1
0,1,1
0,0,1
0,1,1
0,0,0
0,0,0
0,0,1
0,0,0
0,1,1
0,1,1
0,0,0
0,1,1
0,0,1
0,0,1
0,0,1
0,0.8592921,1
0,1,1
0,0,0
0,1,1
0,1,1
0,1,1
0,0.8616832,1
0,1,1
0,1,1
0,1,1
0,1,1
0,1,1
0,1,1
0,1,1
0,1,1
0,1,1
0,0,1
0,0,1
0,1,1
0,1,1
0,0,1
0,1,1
0,0,1
0,1,1
0,0,1
0,1,1
0,1,1
0,0,1
0,0,1
0,1,1
0,0,0
0,0,1
0,1,1
0,1,1
0,1,1
0,1,1
0,1,1
0,0,1
0,1,1
0,1,1
0,1,1
0,1,1
0,0,1
0,0,1
0,1,1
0,1,1
0,0,1
0,1,1
0,1,1
0,0,1
0,0,1
0,0,0
0,1,1
0,0,0
0,0,1
0,0,1
0,1,1
0,1,1
0,0,1
0,1,1
0,0,0
0,0,1
0,1,1
0,1,1
0,0,1
0,0,1
0,1,1
0,0,0
0,1,1
0,0,1
0,1,1
0,1,1
0,1,1
0,1,1
0,1,1
0,1,1
0,1,1
0,1,1
0,0.8774122,1
0,1,1
0,1,1
0,1,1
0,0.8621563,1
0,1,1
0,0.7463288,1
0,1,1
0,0,1
0,1,1
0,0,1
0,0,1
0,0,0
0,0,1
0,1,1
0,0,1
0,1,1
0,1,1
0,1,1
0,1,1
0,0,1
0,0,1
0,0,1
0,1,1
0,0,0
0,0.8595787,1
0,1,1
0,1,1
0,0,0
0,0.8597375,1
0,1,1
0,1,1
0,1,1
0,0,1
0,1,1
0,0,1
0,0,1
0,0.8613714,1
0,1,1
0,1,1
0,0,0
0,0.8678548,1
0,0,1
0,1,1
0,1,1
0,0.8622016,1
0,0,1
0,0,0
0,0,1
0,0,0
0,1,1
0,0,1
0,1,1
0,1,1
0,1,1
0,1,1
0,0,1
0,1,1
0,0.8613834,1
0,1,1
0,0,0
0,1,1
0,0,1
0,0,0
0,0,0
0,1,1
0,1,1
0,0,1
0,1,1
0,0,1
0,1,1
0,1,1
0,0,1
0,1,1
0,1,1
0,0,0
0,0,1
0,1,1
0,1,1
0,0,1
0,0,1
0,0,1
0,1,1
0,0,1
0,1,1
0,0,1
0,1,1
0,1,1
0,0,1
0,0,1
0,1,1
0,0.863008,1
0,1,1
0,0,1
0,0,1
0,0,0
0,1,1
0,0,1
0,0,1
0,0,1
0,1,1
0,0,1
0,1,1
0,0,0
0,1,1
0,1,1
0,0,0
0,1,1
0,1,1
0,1,1
0,1,1
0,1,1
0,1,1
0,1,1
0,1,1
0,0,0
0,0,1
0,0,1
0,0,1
0,0,0
0,0,0
0,1,1
0,1,1
0,1,1
0,0.8661298,1
0,0,0
0,0,1
0,0,1
0,1,1
0,1,1
0,0,0
0,0,1
0,1,1
0,1,1
0,0,1
0,1,1
0,0,0
0,1,1
0,0,1
0,0.8685725,1
0,1,1
0,0,1
0,0,0
0,0,0
0,1,1
0,1,1
0,0.8614241,1
0,1,1
0,1,1
0,0,0
0,1,1
0,1,1
0,1,1
0,0,1
0,1,1
0,1,1
0,0,0
0,1,1
0,0,1
0,1,1
0,1,1
0,1,1
0,1,1
0,1,1
0,1,1
0,0,1
0,1,1
0,1,1
0,1,1
0,1,1
0,1,1
0,0,1
0,1,1
0,1,1
0,1,1
0,1,1
0,1,1
0,1,1
0,0,1
0,1,1
0,0,0
0,1,1
0,1,1
0,0,1
0,0,0
0,1,1
0,0,1
0,1,1
0,0,0
0,1,1
0,1,1
0,1,1
0,0.8568872,1
0,1,1
0,0,0
0,1,1
0,1,1
0,1,1
0,1,1
0,0,1
0,0,1
0,1,1
0,0,0
0,0,1
0,1,1
0,1,1
0,0,0
0,1,1
0,0,0
0,0,1
0,1,1
0,0,0
0,0,1
0,0,1
0,0,0
0,0.8370816,1
0,1,1
0,0,0
0,1,1
0,0,0
0,0,1
0,0,1
0,0,1
0,1,1
0,1,1
0,1,1
0,1,1
0,1,1
0,1,1
0,1,1
0,1,1
0,1,1
0,1,1
0,1,1
0,0,0
0,0.8652948,1
0,0,0
0,0,1
0,0,1
0,1,1
0,1,1
0,1,1
0,1,1
0,0,1
0,0,0
0,1,1
0,1,1
0,1,1
0,0,1
0,0,0
0,1,1
0,0,1
0,1,1
0,1,1
0,0,1
0,1,1
0,0.8648311,1
0,0,1
0,0,1
0,0,1
0,0,1
0,1,1
0,0,1
0,0,1
0,1,1
0,0,0
0,1,1
0,0,0
0,0,0
0,1,1
0,1,1
0,0,0
0,1,1
0,0,1
0,1,1
0,1,1
0,1,1
0,1,1
0,0,1
0,1,1
0,0,0
0,0.8615066,1
0,1,1
0,0,1
0,1,1
0,1,1
0,0,1
0,1,1
0,0,1
0,1,1
0,0,0
0,1,1
0,0,1
0,1,1
0,0,1
0,1,1
0,1,1
0,1,1
0,0,0
0,0,1
0,0,1
0,1,1
0,1,1
0,1,1
0,1,1
0,0,1
0,1,1
0,1,1
0,0,0
0,0,1
0,1,1
0,0,0
0,0,0
0,1,1
0,1,1
0,1,1
0,1,1
0,1,1
0,0.8593229,1
0,1,1
0,0,1
0,0,1
0,0,0
0,1,1
0,0.7085608,1
0,1,1
0,1,1
0,0,1
0,0.8761741,1
0,1,1
0,0,1
0,0,1
0,1,1
0,0.8660027,1
0,0,1
0,0,0
0,0,1
0,0,1
0,0,1
0,1,1
0,0,1
0,1,1
0,0.8633844,1
0,1,1
0,1,1
0,1,1
0,0,0
0,1,1
0,0,0
0,0,1
0,1,1
0,1,1
0,0,1
0,1,1
0,0,0
0,0,1
0,0,1
0,1,1
0,1,1
0,1,1
0,0.8573812,1
0,1,1
0,0,1
0,1,1
0,0,0
0,1,1
0,0,1
0,1,1
0,1,1
0,1,1
0,1,1
0,1,1
0,1,1
0,0,0
0,1,1
0,0,1
0,0,0
0,0,1
0,1,1
0,1,1
0,0,1
0,1,1
0,0.8730353,1
0,1,1
0,0,0
0,1,1
0,0,1
0,1,1
0,1,1
0,1,1
0,1,1
0,1,1
0,1,1
0,1,1
0,0,1
0,0,1
0,1,1
0,0.854158,1
0,0.85883,1
0,1,1
0,1,1
0,1,1
0,1,1
0,0,1
0,0,0
0,1,1
0,1,1
0,0.8596288,1
0,1,1
0,1,1
0,1,1
0,0,1
0,1,1
0,1,1
0,1,1
0,1,1
0,0,1
0,1,1
0,1,1
0,1,1
0,0,1
0,0,1
0,1,1
0,0,1
0,1,1
0,1,1
0,1,1
0,0,1
0,0,0
0,0.8708094,1
0,0.8644842,1
0,0,1
0,0.8767966,1
0,1,1
0,0,1
0,0.8654693,1
0,1,1
0,1,1
0,0.8901889,1
0,1,1
0,0,1
0,1,1
0,1,1
0,1,1
0,1,1
0,1,1
0,1,1
0,1,1
0,1,1
0,1,1
0,1,1
0,0.7983838,1
0,1,1
0,0.7346588,1
0,1,1
0,0,0
0,0,1
0,1,1
0,0,1
0,1,1
0,1,1
0,0,1
0,0,0
0,1,1
0,1,1
0,1,1
0,0,1
0,0.8363842,1
0,1,1
0,0,0
0,1,1
0,0,1
0,1,1
0,1,1
0,1,1
0,1,1
0,1,1
0,0,1
0,0.7707559,1
0,0,1
0,1,1
0,1,1
0,0,0
0,0,1
0,0.8577708,1
0,1,1
0,1,1
0,1,1
0,1,1
0,1,1
0,0,1
0,0,0
0,0,1
0,1,1
0,1,1
0,1,1
0,0,1
0,1,1
0,1,1
0,1,1
0,1,1
0,0,1
0,0,1
0,1,1
0,0.8665792,1
0,1,1
0,1,1
0,1,1
0,1,1
0,0,1
0,0,1
0,0,0
0,0,1
0,0.804291,1
0,0,1
0,0,0
0,0,1
0,0,0
0,1,1
0,0,1
0,1,1
0,1,1
0,0,0
0,1,1
0,1,1
0,1,1
0,1,1
0,1,1
0,1,1
0,0,0
0,1,1
0,1,1
0,1,1
0,1,1
0,1,1
0,0,1
0,0,1
0,1,1
0,1,1
0,1,1
0,0,1
0,1,1
0,1,1
0,1,1
0,1,1
0,1,1
0,0,0
0,1,1
0,1,1
0,1,1
0,0.8694831,1
0,0,1
0,0,0
0,1,1
0,1,1
0,0,0
0,0,1
0,1,1
0,0,1
0,0.8743589,1
0,0.7523911,1
0,1,1
0,0,1
0,0,1
0,1,1
0,1,1
0,0,1
0,1,1
0,1,1
0,1,1
0,0,1
0,0,1
0,1,1
0,0,1
0,0.8696622,1
0,0,1
0,0,1
0,1,1
0,1,1
0,0.7173802,1
0,0,1
0,0.8632133,1
0,0,1
0,1,1
0,1,1
0,1,1
0,1,1
0,1,1
0,0,0
0,0,0
0,0,1
0,1,1
0,1,1
0,0,1
0,0,0
0,1,1
0,1,1
0,1,1
0,1,1
0,0,1
0,0.8621913,1
0,0.8767532,1
0,0,1
0,0,1
0,1,1
0,0,0
0,1,1
0,0,1
0,1,1
0,0,1
0,0,1
0,1,1
0,1,1
0,1,1
0,1,1
0,0,1
0,1,1
0,1,1
0,1,1
0,1,1
0,0,0
0,1,1
0,1,1
0,0,1
0,1,1
0,1,1
0,1,1
0,0,1
0,0,1
0,1,1
0,1,1
0,1,1
0,1,1
0,1,1
0,1,1
0,0,1
0,0,1
0,0,0
0,1,1
0,1,1
0,1,1
0,0.8539047,1
0,1,1
0,1,1
0,0,0
0,1,1
0,1,1
0,0,1
0,1,1
0,1,1
0,1,1
0,0,1
0,1,1
0,0,0
0,0,0
0,1,1
0,0,0
0,0,0
0,0,1
0,0,1
0,0,0
0,0,0
0,1,1
0,1,1
0,0,1
0,0,1
0,1,1
0,1,1
0,1,1
0,1,1
0,0,1
0,1,1
0,0,0
0,0,0
0,0,0
0,1,1
0,1,1
0,1,1
0,1,1
0,1,1
0,1,1
0,1,1
0,1,1
0,1,1
0,1,1
0,1,1
0,0,1
0,1,1
0,1,1
0,1,1
0,0,1
0,0,1
0,0,1
0,1,1
0,1,1
0,0,1
0,1,1
0,0,1
0,1,1
0,0,1
0,0,0
0,0,1
0,1,1
0,0,1
0,1,1
0,0,1
0,1,1
0,1,1
0,1,1
0,1,1
0,0,1
0,1,1
0,1,1
0,0,0
0,1,1
0,1,1
0,1,1
0,1,1
0,0,1
0,0,1
0,1,1
0,1,1
0,0,1
0,0,0
0,1,1
0,0,1
0,1,1
0,1,1
0,1,1
0,1,1
0,1,1
0,0,1
0,0,0
0,0,1
0,1,1
0,1,1
0,1,1
0,1,1
0,1,1
0,1,1
0,0,0
0,1,1
0,1,1
0,1,1
0,1,1
0,1,1
0,1,1
0,1,1
0,1,1
0,1,1
0,1,1
0,0.9157777,1
0,0,1
0,1,1
0,1,1
0,0,1
0,0,0
0,0,1
0,1,1
0,1,1
0,1,1
0,1,1
0,1,1
0,1,1
0,1,1
0,0,1
0,0,1
0,0.8856999,1
0,0,1
0,0,1
0,1,1
0,0,1
0,1,1
0,1,1
0,1,1
0,1,1
0,1,1
0,0,1
0,0,0
0,1,1
0,0.8701067,1
0,1,1
0,0,0
0,1,1
0,0.8669924,1
0,1,1
0,1,1
0,1,1
0,0,1
0,1,1
0,1,1
0,1,1
0,1,1
0,0,1
0,0,1
0,1,1
0,0,1
0,1,1
0,1,1
0,0,0
0,1,1
0,0,1
0,1,1
0,1,1
0,1,1
0,1,1
0,0,1
0,0,0
0,0,1
0,1,1
0,1,1
0,0,1
0,1,1
0,1,1
0,1,1
0,0,1
0,1,1
0,1,1
0,0,1
0,0,1
0,1,1
0,1,1
0,1,1
0,0,1
0,1,1
0,0,1
0,0.7526504,1
0,0.7182649,1
0,1,1
0,0,1
0,0,1
0,0,1
0,1,1
0,1,1
0,0,1
0,0,0
0,1,1
0,0,0
0,1,1
0,1,1
0,1,1
0,1,1
0,0,1
0,1,1
0,0,1
0,1,1
0,0,0
0,0,1
0,0,0
0,0,1
0,0,1
0,0,1
0,1,1
0,1,1
0,1,1
0,1,1
0,1,1
0,0,1
0,0,1
0,0,0
0,0,1
0,1,1
0,1,1
0,1,1
0,1,1
0,1,1
0,0,0
0,1,1
0,1,1
0,1,1
0,0,1
0,1,1
0,0,1
0,0,0
0,0,1
0,1,1
0,0,1
0,1,1
0,1,1
0,1,1
0,0,1
0,0,1
0,0,1
0,1,1
0,0.863699,1
0,0,0
0,1,1
0,1,1
0,1,1
0,1,1
0,1,1
0,1,1
0,0,1
0,1,1
0,1,1
0,1,1
0,1,1
0,1,1
0,0,0
0,1,1
0,1,1
0,0,1
0,1,1
0,1,1
0,1,1
0,1,1
0,0,1
0,1,1
0,1,1
0,0.8610666,1
0,1,1
0,1,1
0,1,1
0,1,1
0,0,0
0,1,1
0,0.8872999,1
0,1,1
0,0,1
0,0.8606619,1
0,1,1
0,1,1
0,1,1
0,1,1
0,0,0
0,0,0
0,1,1
0,0,1
0,0.8683256,1
0,0.8617722,1
0,0,1
0,1,1
0,0,1
0,0,1
0,1,1
0,1,1
0,1,1
0,0,0
0,1,1
0,0,1
0,0,0
0,1,1
0,1,1
0,0,0
0,0,1
0,1,1
0,0,0
0,1,1
0,1,1
0,1,1
0,1,1
0,0,1
0,1,1
0,0,1
0,1,1
0,1,1
0,1,1
0,0,0
0,0,1
0,0,1
0,0.8761445,1
0,1,1
0,1,1
0,1,1
0,1,1
0,0,1
0,0.861354,1
0,0,1
0,1,1
0,0,0
0,1,1
0,0,1
0,0,1
0,1,1
0,1,1
0,1,1
0,1,1
0,1,1
0,0,1
0,1,1
0,0.7765226,1
0,1,1
0,0,1
0,1,1
0,1,1
0,1,1
0,1,1
0,1,1
0,1,1
0,1,1
0,1,1
0,1,1
0,1,1
0,1,1
0,1,1
0,1,1
0,1,1
0,1,1
0,0,1
0,0,1
0,0,1
0,0,0
0,1,1
0,1,1
0,1,1
0,1,1
0,0,0
0,0,1
0,1,1
0,1,1
0,1,1
0,0.7153114,1
0,1,1
0,1,1
0,1,1
0,0,1
0,0.8665239,1
0,1,1
0,0,1
0,0,1
0,1,1
0,1,1
0,0,1
0,0,1
0,0.8640743,1
0,1,1
0,1,1
0,0.861044,1
0,0,1
0,1,1
0,1,1
0,1,1
0,0,1
0,1,1
0,0,1
0,0,1
0,1,1
0,0.8627163,1
0,1,1
0,1,1
0,0,0
0,0,1
0,1,1
0,0.8645453,1
0,0,0
0,1,1
0,1,1
0,0,0
0,1,1
0,1,1
0,0,1
0,0,1
0,1,1
0,0,1
0,0,1
0,0,1
0,0,0
0,1,1
0,1,1
0,0,1
0,0,0
0,0,1
0,1,1
0,1,1
0,1,1
0,0,1
0,1,1
0,1,1
0,0,0
0,0,1
0,0,1
0,1,1
0,1,1
0,1,1
0,1,1
0,0.8526088,1
0,0,1
0,1,1
0,0,1
0,1,1
0,0,1
0,1,1
0,0,1
0,0,1
0,0,1
0,1,1
0,1,1
0,1,1
0,1,1
0,0,0
0,1,1
0,1,1
0,1,1
0,1,1
0,1,1
0,1,1
0,0,1
0,1,1
0,0,1
0,0,1
0,1,1
0,1,1
0,0,1
0,1,1
0,0,1
0,1,1
0,0,1
0,0,1
0,0.798344,1
0,1,1
0,0,1
0,1,1
0,0,1
0,1,1
0,1,1
0,1,1
0,1,1
0,1,1
0,0,1
0,0,0
0,1,1
0,1,1
0,0,1
0,0,0
0,1,1
0,1,1
0,0,0
0,0,0
0,1,1
0,1,1
0,0,1
0,0,0
0,0,1
0,1,1
0,0,1
0,1,1
0,1,1
0,0.8759998,1
0,0,1
0,1,1
0,0,1
0,0,0
0,1,1
0,1,1
0,1,1
0,0,1
0,0,1
0,1,1
0,1,1
0,1,1
0,0,1
0,1,1
0,1,1
0,1,1
0,1,1
0,1,1
0,1,1
0,1,1
0,0,1
0,0,1
0,1,1
0,1,1
0,0,0
0,0,0
0,1,1
0,0.8686017,1
0,0,1
0,1,1
0,1,1
0,0,0
0,0,0
0,1,1
0,0,1
0,1,1
0,0,1
0,1,1
0,1,1
0,1,1
0,0,1
0,0,0
0,1,1
0,1,1
0,1,1
0,1,1
0,1,1
0,1,1
0,0,1
0,1,1
0,1,1
0,0,1
0,1,1
0,1,1
0,1,1
0,0,1
0,0,1
0,0,1
0,1,1
0,1,1
0,1,1
0,0,0
0,1,1
0,0,0
0,1,1
0,1,1
0,1,1
0,0,1
0,1,1
0,1,1
0,1,1
0,1,1
0,1,1
0,0,0
0,0,1
0,1,1
0,0,0
0,1,1
0,1,1
0,1,1
0,1,1
0,0,1
0,0,1
0,0,1
0,1,1
0,1,1
0,0.8227997,1
0,1,1
0,0,1
0,0,1
0,1,1
0,0,1
0,0,1
0,0,0
0,0,1
0,0.7355171,1
0,1,1
0,1,1
0,1,1
0,0,1
0,1,1
0,1,1
0,1,1
0,0,1
0,0,0
0,1,1
0,1,1
0,0,1
0,1,1
0,1,1
0,1,1
0,0,0
0,1,1
0,1,1
0,1,1
0,1,1
0,1,1
0,0.8602914,1
0,1,1
0,1,1
0,1,1
0,1,1
0,0,1
0,0.8581043,1
0,1,1
0,1,1
0,1,1
0,0,1
0,1,1
0,0,1
0,1,1
0,1,1
0,0,1
0,0,1
0,1,1
0,1,1
0,0.8728616,1
0,0,1
0,1,1
0,0,1
0,1,1
0,1,1
0,1,1
0,1,1
0,1,1
0,1,1
0,0,1
0,1,1
0,1,1
0,0,1
0,0,1
0,0,1
0,1,1
0,1,1
0,0,1
0,1,1
0,0,1
0,1,1
0,0,1
0,0.797124,1
0,1,1
0,1,1
0,0,1
0,0,1
0,1,1
0,0.7220308,1
0,0,0
0,1,1
0,1,1
0,0,0
0,1,1
0,1,1
0,0,1
0,0,0
0,0,1
0,0,0
0,1,1
0,0,0
0,1,1
0,1,1
0,1,1
0,0,1
0,0,1
0,0,1
0,1,1
0,1,1
0,0,1
0,1,1
0,0,0
0,0,1
0,1,1
0,0,0
0,0,1
0,0.8563941,1
0,1,1
0,0.8566864,1
0,0,1
0,1,1
0,1,1
0,1,1
0,0.856799,1
0,0,0
0,1,1
0,0,1
0,1,1
0,1,1
0,1,1
0,0.7072943,1
0,1,1
0,1,1
0,1,1
0,0,1
0,1,1
0,0,1
0,1,1
0,0,1
0,0,1
0,0,1
0,1,1
0,1,1
0,1,1
0,0,1
0,1,1
0,0,1
0,1,1
0,1,1
0,0.8875815,1
0,1,1
0,1,1
0,1,1
0,0,1
0,0,1
0,1,1
0,1,1
0,1,1
0,1,1
0,0,1
0,1,1
0,1,1
0,0,1
0,1,1
0,1,1
0,0,0
0,1,1
0,1,1
0,1,1
0,0,1
0,1,1
0,0,1
0,1,1
0,0,1
0,0,0
0,1,1
0,1,1
0,0.9189938,1
0,0,1
0,1,1
0,1,1
0,1,1
0,1,1
0,0,1
0,0,0
0,1,1
0,1,1
0,0,1
0,1,1
0,1,1
0,0,1
0,1,1
0,1,1
0,1,1
0,0,1
0,1,1
0,1,1
0,1,1
0,1,1
0,1,1
0,1,1
0,0,1
0,1,1
0,1,1
0,0,0
0,1,1
0,1,1
0,1,1
0,1,1
0,0,1
0,1,1
0,0,0
0,0,0
0,0.8667024,1
0,0,0
0,1,1
0,1,1
0,1,1
0,0,1
0,0,1
0,0.8683668,1
0,0.8252825,1
0,1,1
0,1,1
0,1,1
0,0,1
0,1,1
0,0,1
0,0,1
0,1,1
0,1,1
0,1,1
0,0,1
0,1,1
0,0,0
0,0,0
0,0,1
0,1,1
0,0,1
0,0,1
0,0,0
0,0,1
0,1,1
0,1,1
0,0,0
0,1,1
0,1,1
0,1,1
0,1,1
0,1,1
0,1,1
0,0,1
0,1,1
0,1,1
0,0,1
0,1,1
0,1,1
0,1,1
0,1,1
0,1,1
0,1,1
0,0,1
0,0,0
0,0,0
0,0,1
0,1,1
0,1,1
0,1,1
0,1,1
0,0,1
0,1,1
0,0,1
0,1,1
0,1,1
0,0,1
0,1,1
0,1,1
0,0,0
0,1,1
0,1,1
0,0,1
0,0,1
0,0,1
0,1,1
0,0,1
0,1,1
0,1,1
0,1,1
0,0,1
0,0,1
0,1,1
0,0,1
0,1,1
0,1,1
0,0,1
0,0,1
0,0,1
0,0.7565407,1
0,1,1
0,0.858182,1
0,1,1
0,0,1
0,1,1
0,1,1
0,1,1
0,0,1
0,1,1
0,0,1
0,1,1
0,1,1
0,1,1
0,1,1
0,1,1
0,0,1
0,1,1
0,0,1
0,1,1
0,0,1
0,0.8685762,1
0,1,1
0,0,1
0,1,1
0,1,1
0,1,1
0,0,0
0,0,0
0,0.8664526,1
0,1,1
0,0,1
0,1,1
0,1,1
0,1,1
0,0,0
0,1,1
0,0,1
0,0,1
0,1,1
0,0,1
0,0,1
0,1,1
0,0.884554,1
0,1,1
0,1,1
0,1,1
0,0,1
0,1,1
0,1,1
0,0,1
0,0,0
0,0.8518952,1
0,0,1
0,1,1
0,0,1
0,0,1
0,1,1
0,1,1
0,0,1
0,1,1
0,1,1
0,1,1
0,1,1
0,0,0
0,0,1
0,1,1
0,0,1
0,0,1
0,1,1
0,0.8658577,1
0,1,1
0,1,1
0,0,1
0,1,1
0,0,1
0,1,1
0,1,1
0,0,1
0,0,0
0,0,1
0,1,1
0,0,0
0,0,1
0,1,1
0,1,1
0,0,0
0,0,1
0,1,1
0,1,1
0,0,0
0,0,1
0,1,1
0,1,1
0,1,1
0,1,1
0,1,1
0,1,1
0,0,1
0,1,1
0,1,1
0,1,1
0,1,1
0,1,1
0,1,1
0,1,1
0,1,1
0,0,1
0,0,0
0,0,0
0,1,1
0,1,1
0,1,1
0,1,1
0,1,1
0,0,1
0,0,1
0,0.8600661,1
0,0,1
0,1,1
0,0,1
0,1,1
0,1,1
0,0.8588649,1
0,1,1
0,0,1
0,0,1
0,1,1
0,0,1
0,1,1
0,0,1
0,1,1
0,0,0
0,1,1
0,0.7298371,1
0,1,1
0,1,1
0,0,0
0,0,0
0,1,1
0,1,1
0,1,1
0,1,1
0,0,1
0,0,0
0,1,1
0,1,1
0,1,1
0,1,1
0,1,1
0,0,1
0,1,1
0,1,1
0,1,1
0,1,1
0,0,1
0,1,1
0,1,1
0,1,1
0,1,1
0,0,1
0,1,1
0,1,1
0,1,1
0,0,1
0,0,1
0,0,1
0,1,1
0,1,1
0,1,1
0,0,1
0,0,1
0,1,1
0,1,1
0,0.8541396,1
0,0,1
0,1,1
0,1,1
0,0.7209142,1
0,1,1
0,1,1
0,1,1
0,0,1
0,1,1
0,0,1
0,1,1
0,1,1
0,1,1
0,0,1
0,1,1
0,1,1
0,1,1
0,1,1
0,0,1
0,1,1
0,0,1
0,1,1
0,0,1
0,1,1
0,1,1
0,1,1
0,1,1
0,0,1
0,0,1
0,1,1
0,1,1
0,0,0
0,1,1
0,0,1
0,1,1
0,1,1
0,1,1
0,1,1
0,0,1
0,0,1
0,0.7278556,1
0,0,0
0,1,1
0,1,1
0,1,1
0,1,1
0,1,1
0,1,1
0,0,1
0,0,1
0,0.8765484,1
0,0,1
0,1,1
0,0,0
0,1,1
0,0.8779583,1
0,0,1
0,1,1
0,1,1
0,0,1
0,1,1
0,0,1
0,0,1
0,1,1
0,1,1
0,1,1
0,0.8574388,1
0,0,1
0,1,1
0,1,1
0,1,1
0,1,1
0,1,1
0,0,0
0,1,1
0,1,1
0,1,1
0,0.8653618,1
0,1,1
0,1,1
0,0,1
0,1,1
0,0,1
0,0,1
0,1,1
0,0.8607794,1
0,1,1
0,0,0
0,1,1
0,1,1
0,1,1
0,1,1
0,1,1
0,1,1
0,1,1
0,1,1
0,0,1
0,0,0
0,1,1
0,1,1
0,1,1
0,0.8574704,1
0,1,1
0,1,1
0,1,1
0,1,1
0,0,1
0,1,1
0,0,0
0,1,1
0,1,1
0,1,1
0,0,0
0,1,1
0,0,0
0,1,1
0,1,1
0,1,1
0,1,1
0,1,1
0,0,1
0,1,1
0,1,1
0,0.8671043,1
0,1,1
0,0,1
0,1,1
0,1,1
0,1,1
0,1,1
0,0,1
0,0,1
0,0,0
0,1,1
0,1,1
0,0,0
0,1,1
0,1,1
0,0,0
0,1,1
0,0,0
0,0,0
0,0,1
0,1,1
0,1,1
0,1,1
0,0,1
0,0,1
0,1,1
0,0.863942,1
0,1,1
0,0,1
0,1,1
0,1,1
0,1,1
0,1,1
0,1,1
0,1,1
0,1,1
0,1,1
0,1,1
0,1,1
0,1,1
0,0,1
0,0,1
0,1,1
0,0,0
0,0.8665048,1
0,1,1
0,0,0
0,1,1
0,0,0
0,1,1
0,1,1
0,1,1
0,1,1
0,1,1
0,1,1
0,1,1
0,0,0
0,1,1
0,0,1
0,1,1
0,1,1
0,1,1
0,0.8683912,1
0,1,1
0,1,1
0,1,1
0,1,1
0,1,1
0,0,1
0,1,1
0,1,1
0,1,1
0,1,1
0,1,1
0,1,1
0,0,1
0,0,1
0,0,1
0,0,0
0,1,1
0,0.8105197,1
0,0,1
0,0,0
0,1,1
0,1,1
0,1,1
0,1,1
0,1,1
0,0,0
0,0,1
0,0,0
0,1,1
0,1,1
0,0,1
0,1,1
0,1,1
0,0,1
0,1,1
0,0.8640288,1
0,1,1
0,1,1
0,1,1
0,1,1
0,1,1
0,1,1
0,1,1
0,1,1
0,0,1
0,1,1
0,1,1
0,0.8626262,1
0,0,1
0,1,1
0,1,1
0,1,1
0,1,1
0,0.8619183,1
0,0,1
0,0,1
0,1,1
0,0,1
0,0,0
0,0,1
0,0,1
0,0,1
0,1,1
0,0,0
0,1,1
0,0,1
0,1,1
0,0,0
0,0,1
0,0,1
0,1,1
0,0,1
0,1,1
0,1,1
0,0,1
0,1,1
0,1,1
0,1,1
0,1,1
0,0,0
0,0.7856349,1
0,1,1
0,0,1
0,1,1
0,0,1
0,1,1
0,1,1
0,0.8694806,1
0,1,1
0,0,1
0,1,1
0,1,1
0,0,1
0,1,1
0,1,1
0,0.8695408,1
0,1,1
0,1,1
0,1,1
0,1,1
0,1,1
0,1,1
0,1,1
0,1,1
0,1,1
0,0,1
0,0,1
0,0,0
0,1,1
0,1,1
0,0,1
0,0,1
0,1,1
0,1,1
0,0,1
0,1,1
0,0,1
0,1,1
0,1,1
0,1,1
0,1,1
0,1,1
0,1,1
0,1,1
0,0,1
0,0,1
0,0,1
0,1,1
0,1,1
0,1,1
0,0,1
0,1,1
0,1,1
0,1,1
0,1,1
0,1,1
0,1,1
0,0,0
0,1,1
0,1,1
0,1,1
0,1,1
0,0,0
0,1,1
0,1,1
0,1,1
0,1,1
0,1,1
0,1,1
0,0,0
0,1,1
0,0,1
0,0.862826,1
0,0,1
0,1,1
0,0,1
0,1,1
0,0,0
0,1,1
0,1,1
0,0,0
0,1,1
0,0,0
0,1,1
0,1,1
0,0,0
0,1,1
0,0,1
0,1,1
0,0,1
0,1,1
0,0,1
0,1,1
0,1,1
0,0,1
0,1,1
0,0,1
0,1,1
0,1,1
0,1,1
0,1,1
0,0,1
0,1,1
0,1,1
0,1,1
0,1,1
0,1,1
0,1,1
0,0,1
0,1,1
0,0.8630974,1
0,1,1
0,0,1
0,1,1
0,0,1
0,0,1
0,1,1
0,0,1
0,0.8648664,1
0,1,1
0,0,0
0,0,1
0,0,1
0,0,1
0,1,1
0,0,0
0,1,1
0,1,1
0,0.8602871,1
0,0,1
0,1,1
0,1,1
0,0.8698061,1
0,0,1
0,1,1
0,0,0
0,1,1
0,0,1
0,1,1
0,1,1
0,0,1
0,1,1
0,1,1
0,1,1
0,1,1
0,0,0
0,0,1
0,1,1
0,1,1
0,1,1
0,0,1
0,1,1
0,0,0
0,0,0
0,0,1
0,0,1
0,0,1
0,0,1
0,0,1
0,1,1
0,0.8623918,1
0,1,1
0,0,1
0,1,1
0,1,1
0,1,1
0,1,1
0,1,1
0,0,0
0,1,1
0,0.8607801,1
0,1,1
0,0,1
0,1,1
0,0.8700634,1
0,1,1
0,1,1
0,0.8697215,1
0,1,1
0,1,1
0,0,1
0,1,1
0,0,1
0,1,1
0,0.8641934,1
0,0,1
0,1,1
0,0,1
0,0.8499198,1
0,0,0
0,1,1
0,1,1
0,0,1
0,1,1
0,1,1
0,1,1
0,1,1
0,0,0
0,0,1
0,1,1
0,1,1
0,0,0
0,1,1
0,0,0
0,1,1
0,1,1
0,1,1
0,1,1
0,1,1
0,1,1
0,0,1
0,1,1
0,1,1
0,0,0
0,0,1
0,0,0
0,0,1
0,0,1
0,1,1
0,1,1
0,0,1
0,1,1
0,1,1
0,1,1
0,0,1
0,1,1
0,0,1
0,1,1
0,1,1
0,0,1
0,0,0
0,0,0
0,1,1
0,1,1
0,1,1
0,0,1
0,1,1
0,1,1
0,1,1
0,1,1
0,0,1
0,1,1
0,1,1
0,1,1
0,1,1
0,1,1
0,0.8824222,1
0,1,1
0,0,1
0,0,0
0,0.8661216,1
0,1,1
0,0,1
0,1,1
0,1,1
0,0,0
0,1,1
0,1,1
0,0,0
0,0,1
0,1,1
0,1,1
0,0,1
0,0,1
0,1,1
0,0,0
0,1,1
0,0,1
0,1,1
0,0,0
0,1,1
0,1,1
0,0,0
0,1,1
0,0,1
0,0,1
0,0,1
0,0,1
0,1,1
0,1,1
0,1,1
0,1,1
0,1,1
0,1,1
0,1,1
0,0,1
0,1,1
0,1,1
0,1,1
0,1,1
0,1,1
0,1,1
0,1,1
0,1,1
0,1,1
0,1,1
0,1,1
0,1,1
0,0,0
0,0,1
0,1,1
0,1,1
0,0,1
0,1,1
0,1,1
0,1,1
0,0,1
0,1,1
0,0,1
0,0,0
0,1,1
0,0,0
0,1,1
0,1,1
0,0.7681786,1
0,0,0
0,1,1
0,0,1
0,0,1
0,0,1
0,1,1
0,1,1
0,0,0
0,1,1
0,1,1
0,1,1
0,0,0
0,1,1
0,1,1
0,1,1
0,0,0
0,0,1
0,1,1
0,0,1
0,0,1
0,0,0
0,0,1
0,0,0
0,1,1
0,1,1
0,0.8081321,1
0,0,1
0,0,1
0,1,1
0,0.8667036,1
0,0,1
0,0,1
0,0,1
0,1,1
0,0,0
0,1,1
0,0,1
0,0,0
0,0,1
0,0,1
0,1,1
0,0.9165493,1
0,0,1
0,1,1
0,0,1
0,1,1
0,1,1
0,0,1
0,0,1
0,0,1
0,0,1
0,1,1
0,0.7059695,1
0,1,1
0,0,1
0,0,1
0,1,1
0,1,1
0,0,1
0,0,0
0,1,1
0,0.8671986,1
0,1,1
0,1,1
0,0,1
0,1,1
0,0,1
0,1,1
0,1,1
0,1,1
0,1,1
0,0,1
0,1,1
0,1,1
0,1,1
0,0,1
0,0,1
0,0,1
0,0,1
0,0,1
0,1,1
0,1,1
0,1,1
0,1,1
0,1,1
0,1,1
0,1,1
0,0.8575734,1
0,0,1
0,1,1
0,0,1
0,1,1
0,0,1
0,1,1
0,1,1
0,1,1
0,1,1
0,0.8607423,1
0,0,1
0,0,1
0,0,1
0,0,0
0,1,1
0,0,1
0,1,1
0,0,1
0,1,1
0,0,1
0,1,1
0,1,1
0,0,0
0,1,1
0,0,1
0,0,1
0,1,1
0,1,1
0,0,0
0,1,1
0,0,1
0,1,1
0,1,1
0,1,1
0,1,1
0,1,1
0,0,0
0,1,1
0,1,1
0,1,1
0,1,1
0,1,1
0,1,1
0,0,1
0,0,1
0,1,1
0,1,1
0,1,1
0,0,1
0,1,1
0,1,1
0,1,1
0,1,1
0,0.8645948,1
0,0,0
0,1,1
0,1,1
0,0,1
0,1,1
0,1,1
0,1,1
0,1,1
0,0,1
0,1,1
0,0.8745828,1
0,0,0
0,1,1
0,1,1
0,0,0
0,0,1
0,0,1
0,1,1
0,0,1
0,0,1
0,0,1
0,1,1
0,1,1
0,0.8563932,1
0,1,1
0,1,1
0,1,1
0,1,1
0,0.8599372,1
0,1,1
0,1,1
0,1,1
0,0,0
0,1,1
0,1,1
0,1,1
0,1,1
0,1,1
0,0,1
0,1,1
0,1,1
0,0,1
0,0,0
0,0,1
0,1,1
0,1,1
0,0,1
0,1,1
0,1,1
0,1,1
0,1,1
0,1,1
0,1,1
0,0,0
0,0,1
0,0,0
0,0,1
0,0,1
0,1,1
0,0,1
0,0,1
0,1,1
0,1,1
0,1,1
0,1,1
0,0,1
0,1,1
0,0,0
0,0,0
0,0,1
0,1,1
0,1,1
0,0,1
0,1,1
0,1,1
0,1,1
0,1,1
0,0,1
0,1,1
0,0,1
0,1,1
0,0,1
0,0,0
0,1,1
0,1,1
0,1,1
0,0,1
0,0,1
0,1,1
0,0,1
0,0,1
0,1,1
0,0,1
0,0,0
0,1,1
0,1,1
0,1,1
0,1,1
0,1,1
0,1,1
0,0,1
0,1,1
0,0,0
0,1,1
0,0,1
0,1,1
0,0,1
0,1,1
0,1,1
0,1,1
0,1,1
0,1,1
0,1,1
0,0,1
0,0,1
0,0,1
0,0,1
0,1,1
0,0,0
0,0,0
0,1,1
0,0,0
0,0.8615868,1
0,0,1
0,1,1
0,0,0
0,0.7863063,1
0,1,1
0,1,1
0,1,1
0,1,1
0,0,1
0,1,1
0,0,1
0,1,1
0,0,1
0,1,1
0,0,0
0,1,1
0,1,1
0,0,1
0,0,0
0,0,0
0,0,1
0,1,1
0,1,1
0,1,1
0,0,1
0,1,1
0,0,1
0,0,0
0,0,1
0,0,1
0,0,1
0,0.8844051,1
0,0,1
0,1,1
0,0,1
0,0.895816,1
0,0,0
0,1,1
0,1,1
0,0.7496622,1
0,0,0
0,1,1
0,0,1
0,1,1
0,0,0
0,0,0
0,0,1
0,1,1
0,1,1
0,0.8656063,1
0,1,1
0,1,1
0,0.864122,1
0,0,0
0,0.8597459,1
0,1,1
0,1,1
0,1,1
0,1,1
0,1,1
0,0,1
0,0,1
0,1,1
0,1,1
0,0.8635231,1
0,1,1
0,1,1
0,1,1
0,1,1
0,0,1
0,1,1
0,0,0
0,0,1
0,0,1
0,0,1
0,1,1
0,1,1
0,0,1
0,1,1
0,0,0
0,1,1
0,1,1
0,1,1
0,1,1
0,1,1
0,0,1
0,0,0
0,1,1
0,1,1
0,1,1
0,0.8164304,1
0,0,0
0,1,1
0,1,1
0,0.8744286,1
0,0,1
0,0,1
0,1,1
0,1,1
0,1,1
0,0,1
0,1,1
0,0.8583664,1
0,1,1
0,0,0
0,0,1
0,0,1
0,0,1
0,1,1
0,1,1
0,1,1
0,1,1
0,0,1
0,1,1
0,0,0
0,0,1
0,0,1
0,1,1
0,1,1
0,1,1
0,1,1
0,1,1
0,1,1
0,0,1
0,0,1
0,1,1
0,1,1
0,1,1
0,0,1
0,1,1
0,1,1
0,1,1
0,1,1
0,1,1
0,1,1
0,1,1
0,1,1
0,0,1
0,1,1
0,1,1
0,0,1
0,0,1
0,1,1
0,1,1
0,1,1
0,0,1
0,0,1
0,1,1
0,1,1
0,1,1
0,1,1
0,1,1
0,1,1
0,0,0
0,1,1
0,1,1
0,1,1
0,1,1
0,1,1
0,1,1
0,1,1
0,0,1
0,1,1
0,0,1
0,1,1
0,0,1
0,1,1
0,1,1
0,1,1
0,1,1
0,1,1
0,0,1
0,1,1
0,0,0
0,0,1
0,1,1
0,1,1
0,1,1
0,1,1
0,0,0
0,1,1
0,1,1
0,1,1
0,1,1
0,1,1
0,1,1
0,0,0
0,1,1
0,1,1
0,0,0
0,1,1
0,0,1
0,0,1
0,1,1
0,0,1
0,0,1
0,1,1
0,0,1
0,0,1
0,0,0
0,1,1
0,0,1
0,0,0
0,1,1
0,1,1
0,0,1
0,1,1
0,0,0
0,1,1
0,1,1
0,0,1
0,0,1
0,0,0
0,0,1
0,0,1
0,1,1
0,0,1
0,1,1
0,1,1
0,1,1
0,1,1
0,0,1
0,1,1
0,1,1
0,1,1
0,1,1
0,0.8701558,1
0,0,1
0,1,1
0,1,1
0,1,1
0,1,1
0,1,1
0,1,1
0,0,0
0,1,1
0,1,1
0,1,1
0,0,0
0,1,1
0,1,1
0,0,1
0,1,1
0,1,1
0,0,0
0,1,1
0,0,1
0,0,1
0,1,1
0,0,1
0,0,1
0,1,1
0,1,1
0,1,1
0,1,1
0,0.8610176,1
0,1,1
0,0,0
0,1,1
0,0,0
0,1,1
0,1,1
0,1,1
0,1,1
0,1,1
0,0,0
0,1,1
0,0.814701,1
0,1,1
0,1,1
0,0,1
0,0,1
0,1,1
0,0,0
0,0,0
0,1,1
0,1,1
0,1,1
0,1,1
0,1,1
0,1,1
0,1,1
0,1,1
0,0,1
0,1,1
0,0,1
0,0,0
0,1,1
0,0,0
0,0,1
0,1,1
0,1,1
0,1,1
0,1,1
0,0,1
0,1,1
0,1,1
0,1,1
0,0,0
0,0,0
0,0,1
0,1,1
0,1,1
0,1,1
0,1,1
0,1,1
0,1,1
0,1,1
0,0,1
0,0,0
0,1,1
0,1,1
0,1,1
0,1,1
0,0,1
0,0,0
0,1,1
0,1,1
0,0,0
0,0,1
0,1,1
0,0,0
0,0,1
0,1,1
0,0,1
0,1,1
0,1,1
0,1,1
0,0.8721725,1
0,0,0
0,1,1
0,0,1
0,0,0
0,1,1
0,0,1
0,0,1
0,1,1
0,1,1
0,1,1
0,0,0
0,1,1
0,0,0
0,0,1
0,1,1
0,0,1
0,0,0
0,0,0
0,1,1
0,1,1
0,1,1
0,1,1
0,0,1
0,0,1
0,1,1
0,0,1
0,0,1
0,0,1
0,1,1
0,1,1
0,0,0
0,0.861354,1
0,1,1
0,0,1
0,1,1
0,1,1
0,0,1
0,0,0
0,0,1
0,0,0
0,0,1
0,1,1
0,0,1
0,0,1
0,1,1
0,0,1
0,1,1
0,0,1
0,0,1
0,0,1
0,1,1
0,1,1
0,0,1
0,1,1
0,1,1
0,0,1
0,1,1
0,1,1
0,0,1
0,1,1
0,1,1
0,1,1
0,1,1
0,0,1
0,0,1
0,1,1
0,0,1
0,0,1
0,0.8694152,1
0,0,1
0,0.8579699,1
0,1,1
0,0,1
0,0,0
0,0.7312747,1
0,0,1
0,1,1
0,1,1
0,0,0
0,1,1
0,1,1
0,0,1
0,1,1
0,1,1
0,1,1
0,1,1
0,1,1
0,0,1
0,1,1
0,1,1
0,1,1
0,1,1
0,1,1
0,0,1
0,0.8715643,1
0,0,1
0,1,1
0,1,1
0,1,1
0,1,1
0,1,1
0,1,1
0,1,1
0,1,1
0,1,1
0,0,0
0,1,1
0,0.8616065,1
0,0,0
0,0,1
0,0,1
0,0,1
0,1,1
0,1,1
0,1,1
0,0.8624164,1
0,0,1
0,0,1
0,1,1
0,1,1
0,1,1
0,1,1
0,0,1
0,1,1
0,1,1
0,0,1
0,0,1
0,0,1
0,0,1
0,0,1
0,1,1
0,0,1
0,0.7186047,1
0,0,1
0,1,1
0,0,0
0,1,1
0,0,1
0,0,1
0,1,1
0,1,1
0,1,1
0,1,1
0,0,1
0,0,0
0,1,1
0,1,1
0,1,1
0,1,1
0,1,1
0,1,1
0,0,1
0,1,1
0,1,1
0,1,1
0,0,0
0,0,1
0,1,1
0,1,1
0,1,1
0,0,1
0,0,1
0,1,1
0,1,1
0,0,1
0,0,0
0,0,1
0,1,1
0,0,1
0,0,1
0,1,1
0,1,1
0,0.871684,1
0,0,1
0,1,1
0,0,1
0,1,1
0,1,1
0,0,1
0,0,1
0,0.8632475,1
0,1,1
0,0,0
0,1,1
0,1,1
0,1,1
0,0.8628029,1
0,0,0
0,0.8620733,1
0,0,1
0,0,1
0,1,1
0,1,1
0,1,1
0,1,1
0,1,1
0,1,1
0,1,1
0,0,1
0,1,1
0,1,1
0,1,1
0,1,1
0,0.7928156,1
0,0,1
0,1,1
0,0,1
0,1,1
0,1,1
0,1,1
0,0,1
0,0,1
0,1,1
0,1,1
0,1,1
0,0.8656964,1
0,1,1
0,1,1
0,0,1
0,0,1
0,1,1
0,1,1
0,1,1
0,0,1
0,1,1
0,0,1
0,1,1
0,0,1
0,1,1
0,0,1
0,1,1
0,1,1
0,0,0
0,1,1
0,1,1
0,0,1
0,0,1
0,0,1
0,0.8688008,1
0,1,1
0,1,1
0,1,1
0,0,0
0,0.8659838,1
0,1,1
0,1,1
0,1,1
0,1,1
0,1,1
0,0,0
0,0,1
0,1,1
0,1,1
0,1,1
0,0,1
0,0,0
0,1,1
0,1,1
0,1,1
0,1,1
0,1,1
0,0,1
0,0,0
0,1,1
0,0,1
0,1,1
0,0,1
0,1,1
0,0,1
0,0,1
0,1,1
0,0,1
0,0,1
0,0,1
0,1,1
0,1,1
0,1,1
0,0.8738015,1
0,0,1
0,0,0
0,0,1
0,0,1
0,0,1
0,1,1
0,1,1
0,0,1
0,1,1
0,1,1
0,0,1
0,1,1
0,0,1
0,1,1
0,1,1
0,1,1
0,0.8008951,1
0,0,1
0,1,1
0,1,1
0,1,1
0,1,1
0,0,1
0,1,1
0,1,1
0,0,1
0,1,1
0,1,1
0,0,1
0,1,1
0,1,1
0,1,1
0,1,1
0,0,0
0,0,1
0,0,1
0,1,1
0,1,1
0,1,1
0,0,1
0,1,1
0,0,0
0,0,0
0,0,1
0,0,1
0,0,0
0,0,0
0,1,1
0,1,1
0,1,1
0,1,1
0,1,1
0,0,1
0,1,1
0,1,1
0,1,1
0,1,1
0,1,1
0,1,1
0,1,1
0,0,1
0,0,1
0,0,1
0,0,1
0,1,1
0,1,1
0,1,1
0,1,1
0,0,1
0,1,1
0,1,1
0,0,0
0,1,1
0,1,1
0,0,1
0,1,1
0,0,1
0,1,1
0,0,1
0,1,1
0,1,1
0,1,1
0,0,0
0,1,1
0,1,1
0,1,1
0,0,1
0,1,1
0,1,1
0,1,1
0,1,1
0,1,1
0,0,0
0,1,1
0,1,1
0,1,1
0,1,1
0,1,1
0,1,1
0,1,1
0,1,1
0,1,1
0,1,1
0,0,0
0,1,1
0,1,1
0,0,1
0,1,1
0,1,1
0,0,0
0,1,1
0,1,1
0,0.8717376,1
0,0.8539771,1
0,1,1
0,1,1
0,0,1
0,1,1
0,1,1
0,1,1
0,1,1
0,1,1
0,0.8588506,1
0,1,1
0,0,1
0,1,1
0,1,1
0,0,1
0,0,1
0,0,1
0,0,1
0,0,1
0,0,0
0,1,1
0,1,1
0,1,1
0,0,1
0,1,1
0,0,1
0,1,1
0,1,1
0,1,1
0,1,1
0,0,1
0,1,1
0,1,1
0,1,1
0,1,1
0,1,1
0,1,1
0,0,1
0,1,1
0,1,1
0,1,1
0,0,1
0,1,1
0,0.8665181,1
0,1,1
0,1,1
0,1,1
0,0,0
0,1,1
0,0,1
0,0,0
0,1,1
0,0,1
0,0,1
0,1,1
0,0.8638662,1
0,1,1
0,1,1
0,1,1
0,0,1
0,0,1
0,0,1
0,0.7418158,1
0,1,1
0,0,1
0,1,1
0,0,1
0,1,1
0,0,1
0,1,1
0,1,1
0,0,0
0,0,1
0,0,0
0,1,1
0,1,1
0,1,1
0,1,1
0,1,1
0,1,1
0,0,1
0,0.8605961,1
0,0.7355419,1
0,1,1
0,1,1
0,0,0
0,1,1
0,1,1
0,1,1
0,0.8658642,1
0,1,1
0,1,1
0,1,1
0,1,1
0,1,1
0,1,1
0,0,1
0,0,0
0,0.8619965,1
0,1,1
0,0,0
0,1,1
0,0.7352823,1
0,1,1
0,0,1
0,1,1
0,1,1
0,1,1
0,1,1
0,1,1
0,0,0
0,1,1
0,0,1
0,0,0
0,0,1
0,0,0
0,0,1
0,1,1
0,1,1
0,1,1
0,1,1
0,1,1
0,1,1
0,0.8769544,1
0,1,1
0,1,1
0,1,1
0,1,1
0,1,1
0,1,1
0,1,1
0,0,1
0,0,1
0,1,1
0,1,1
0,1,1
0,0,1
0,1,1
0,1,1
0,1,1
0,1,1
0,1,1
0,0,1
0,1,1
0,0,1
0,0,1
0,1,1
0,1,1
0,1,1
0,0,1
0,0,0
0,1,1
0,1,1
0,1,1
0,1,1
0,1,1
0,1,1
0,1,1
0,1,1
0,1,1
0,0,1
0,1,1
0,0,1
0,1,1
0,1,1
0,1,1
0,1,1
0,1,1
0,0,1
0,0,0
0,0,1
0,0,1
0,0,1
0,1,1
0,1,1
0,1,1
0,1,1
0,1,1
0,1,1
0,0,1
0,1,1
0,1,1
0,1,1
0,0,1
0,1,1
0,1,1
0,0,1
0,0,1
0,1,1
0,1,1
0,1,1
0,0.7638088,1
0,1,1
0,0,1
0,0,1
0,1,1
0,0,0
0,0,1
0,1,1
0,0,1
0,0,1
0,0,0
0,1,1
0,1,1
0,1,1
0,1,1
0,1,1
0,0,1
0,1,1
0,0,1
0,1,1
0,1,1
0,0,1
0,0,1
0,0.8638763,1
0,1,1
0,1,1
0,1,1
0,1,1
0,1,1
0,1,1
0,1,1
0,0,1
0,1,1
0,0,1
0,1,1
0,0,1
0,0,0
0,1,1
0,1,1
0,0,1
0,0,0
0,1,1
0,1,1
0,1,1
0,0,1
0,1,1
0,1,1
0,1,1
0,1,1
0,0,0
0,0,1
0,1,1
0,1,1
0,0.8639995,1
0,1,1
0,1,1
0,1,1
0,1,1
0,1,1
0,0.8624185,1
0,0,1
0,0,0
0,0,1
0,1,1
0,1,1
0,1,1
0,0,1
0,0,1
0,1,1
0,1,1
0,0,1
0,1,1
0,1,1
0,1,1
0,1,1
0,0,0
0,1,1
0,1,1
0,1,1
0,1,1
0,1,1
0,0,1
0,1,1
0,1,1
0,0,1
0,1,1
0,0,1
0,0,1
0,0,1
0,0,1
0,1,1
0,0,0
0,0.8701129,1
0,0,1
0,1,1
0,0,1
0,1,1
0,0,1
0,0,1
0,1,1
0,1,1
0,0.8661236,1
0,1,1
0,0,0
0,0,1
0,0,1
0,0,1
0,1,1
0,0,1
0,1,1
0,1,1
0,0,1
0,1,1
0,1,1
0,0,1
0,1,1
0,1,1
0,1,1
0,1,1
0,1,1
0,1,1
0,1,1
0,1,1
0,1,1
0,0,0
0,1,1
0,1,1
0,0,0
0,1,1
0,1,1
0,1,1
0,1,1
0,0,1
0,1,1
0,0.8765954,1
0,1,1
0,0,1
0,1,1
0,0,1
0,0,1
0,0.857999,1
0,1,1
0,0,1
0,1,1
0,1,1
0,0,1
0,0,0
0,1,1
0,1,1
0,1,1
0,1,1
0,0,1
0,0,1
0,0,1
0,0,0
0,1,1
0,0,1
0,1,1
0,1,1
0,0,1
0,1,1
0,1,1
0,1,1
0,0,1
0,0,1
0,1,1
0,1,1
0,1,1
0,0,1
0,1,1
0,1,1
0,1,1
0,0,1
0,1,1
0,0,1
0,0,1
0,1,1
0,1,1
0,0,1
0,1,1
0,0,1
0,1,1
0,0,0
0,1,1
0,0,0
0,1,1
0,1,1
0,1,1
0,1,1
0,1,1
0,1,1
0,1,1
0,1,1
0,1,1
0,1,1
0,1,1
0,1,1
0,0,1
0,0,1
0,1,1
0,1,1
0,0,1
0,1,1
0,1,1
0,1,1
0,0,0
0,1,1
0,1,1
0,1,1
0,0,1
0,1,1
0,1,1
0,1,1
0,1,1
0,1,1
0,0,0
0,1,1
0,0.735396,1
0,1,1
0,0,1
0,0,1
0,1,1
0,0,0
0,0,0
0,0.789137,1
0,0,1
0,1,1
0,0,1
0,1,1
0,1,1
0,1,1
0,1,1
0,1,1
0,0,1
0,1,1
0,0,1
0,1,1
0,1,1
0,1,1
0,0,0
0,0.8603623,1
0,1,1
0,0.8584343,1
0,1,1
0,0,0
0,0,1
0,1,1
0,1,1
0,1,1
0,0,1
0,1,1
0,1,1
0,1,1
0,0,0
0,0,0
0,0,0
0,1,1
0,1,1
0,0,1
0,1,1
0,1,1
0,0,0
0,1,1
0,0,0
0,1,1
0,1,1
0,0,1
0,1,1
0,1,1
0,0,1
0,1,1
0,1,1
0,0,1
0,0,0
0,1,1
0,1,1
0,1,1
0,0,0
0,0,1
0,1,1
0,1,1
0,1,1
0,1,1
0,1,1
0,0,1
0,1,1
0,1,1
0,1,1
0,1,1
0,1,1
0,1,1
0,0,1
0,1,1
0,0,1
0,1,1
0,1,1
0,0,1
0,0,1
0,1,1
0,0.951031,1
0,1,1
0,1,1
0,1,1
0,1,1
0,0.8630267,1
0,0,1
0,1,1
0,1,1
0,0,1
0,0.8614613,1
0,1,1
0,0,1
0,0,0
0,0,1
0,0,1
0,1,1
0,1,1
0,1,1
0,0,1
0,1,1
0,1,1
0,0,0
0,0,1
0,1,1
0,0,1
0,0,0
0,1,1
0,0,1
0,1,1
0,1,1
0,0,1
0,1,1
0,1,1
0,1,1
0,1,1
0,1,1
0,1,1
0,0,0
0,1,1
0,1,1
0,0,1
0,0,1
0,1,1
0,1,1
0,1,1
0,1,1
0,0.8627471,1
0,0,1
0,1,1
0,1,1
0,0,1
0,1,1
0,1,1
0,1,1
0,1,1
0,1,1
0,1,1
0,1,1
0,0,1
0,0,1
0,1,1
0,1,1
0,1,1
0,0,1
0,0,1
0,1,1
0,1,1
0,1,1
0,1,1
0,0,1
0,1,1
0,0,1
0,1,1
0,1,1
0,1,1
0,0,1
0,1,1
0,0,1
0,0,1
0,0,0
0,0,0
0,1,1
0,1,1
0,1,1
0,0,0
0,0,1
0,0,1
0,1,1
0,1,1
0,1,1
0,1,1
0,0,0
0,1,1
0,1,1
0,0,1
0,0,1
0,0,1
0,1,1
0,1,1
0,1,1
0,1,1
0,0.8619505,1
0,1,1
0,0,1
0,0,0
0,1,1
0,0,1
0,0.8669366,1
0,0,1
0,1,1
0,1,1
0,1,1
0,0,1
0,0,1
0,1,1
0,1,1
0,1,1
0,1,1
0,1,1
0,1,1
0,0,0
0,1,1
0,1,1
0,1,1
0,1,1
0,1,1
0,1,1
0,0,1
0,0,1
0,1,1
0,1,1
0,1,1
0,1,1
0,1,1
0,1,1
0,0.8765405,1
0,1,1
0,0,1
0,0,1
0,1,1
0,0,1
0,1,1
0,1,1
0,1,1
0,1,1
0,0,1
0,0,1
0,0,1
0,1,1
0,1,1
0,0,1
0,0,0
0,0,1
0,0,1
0,0,0
0,0,0
0,0,1
0,1,1
0,1,1
0,0,1
0,1,1
0,1,1
0,1,1
0,1,1
0,1,1
0,1,1
0,1,1
0,0,1
0,1,1
0,1,1
0,1,1
0,0,1
0,0,0
0,1,1
0,1,1
0,0,1
0,0.7016584,1
0,1,1
0,1,1
0,0,1
0,0,1
0,0.8698969,1
0,0,0
0,0.8638624,1
0,0,1
0,1,1
0,1,1
0,0,1
0,1,1
0,1,1
0,0,1
0,0,1
0,1,1
0,0,1
0,1,1
0,0,1
0,0.8601385,1
0,1,1
0,1,1
0,1,1
0,0,1
0,0,0
0,1,1
0,0,1
0,0,1
0,1,1
0,0.8670334,1
0,1,1
0,1,1
0,0,0
0,1,1
0,1,1
0,1,1
0,0,1
0,0,1
0,1,1
0,1,1
0,0,1
0,0,1
0,1,1
0,1,1
0,1,1
0,1,1
0,0,1
0,0.7542692,1
0,1,1
0,1,1
0,0,0
0,0,1
0,1,1
0,1,1
0,0.8605171,1
0,1,1
0,1,1
0,1,1
0,0,1
0,1,1
0,1,1
0,0,1
0,1,1
0,1,1
0,1,1
0,1,1
0,1,1
0,1,1
0,1,1
0,1,1
0,0,1
0,1,1
0,1,1
0,0,1
0,1,1
0,0,0
0,1,1
0,1,1
0,1,1
0,1,1
0,0,1
0,1,1
0,1,1
0,1,1
0,1,1
0,0,1
0,1,1
0,0,0
0,0,1
0,1,1
0,1,1
0,1,1
0,0,0
0,1,1
0,1,1
0,0,1
0,1,1
0,0,0
0,1,1
0,1,1
0,1,1
0,1,1
0,1,1
0,1,1
0,0.8618754,1
0,0,1
0,0.7654477,1
0,1,1
0,0,1
0,1,1
0,1,1
0,1,1
0,0,1
0,1,1
0,0,0
0,1,1
0,0,0
0,0,0
0,0,1
0,0,1
0,1,1
0,1,1
0,0,0
0,1,1
0,0,1
0,0,1
0,0.8556679,1
0,1,1
0,1,1
0,1,1
0,0.8712184,1
0,1,1
0,0,0
0,0,1
0,1,1
0,1,1
0,1,1
0,1,1
0,0,1
0,1,1
0,0,1
0,1,1
0,1,1
0,1,1
0,0.8700746,1
0,1,1
0,1,1
0,1,1
0,0,1
0,0,1
0,0,1
0,1,1
0,1,1
0,1,1
0,1,1
0,1,1
0,1,1
0,1,1
0,0.7360076,1
0,0,1
0,1,1
0,1,1
0,0,1
0,0,1
0,0,1
0,1,1
0,0,0
0,1,1
0,0,1
0,1,1
0,1,1
0,1,1
0,1,1
0,1,1
0,1,1
0,1,1
0,1,1
0,0,1
0,0,1
0,1,1
0,1,1
0,0,1
0,0.8901813,1
0,1,1
0,1,1
0,1,1
0,1,1
0,0,1
0,0,0
0,0,1
0,0,1
0,1,1
0,0.7322183,1
0,1,1
0,1,1
0,1,1
0,1,1
0,1,1
0,0,1
0,1,1
0,0,0
0,0.855006,1
0,1,1
0,1,1
0,1,1
0,1,1
0,1,1
0,0,1
0,0,1
0,1,1
0,0,0
0,0,1
0,1,1
0,0,1
0,0,1
0,1,1
0,1,1
0,1,1
0,1,1
0,0.8605138,1
0,1,1
0,1,1
0,0.8633221,1
0,1,1
0,1,1
0,1,1
0,1,1
0,1,1
0,1,1
0,0,0
0,0,1
0,0,1
0,1,1
0,1,1
0,0,0
0,0,1
0,1,1
0,1,1
0,1,1
0,1,1
0,0,0
0,1,1
0,1,1
0,1,1
0,0.8629318,1
0,1,1
0,0,1
0,1,1
0,0,1
0,1,1
0,1,1
0,1,1
0,0,0
0,1,1
0,0,1
0,0,0
0,0,0
0,0,1
0,1,1
0,0,1
0,1,1
0,1,1
0,1,1
0,1,1
0,0,1
0,0,1
0,1,1
0,0,1
0,1,1
0,1,1
0,1,1
0,1,1
0,1,1
0,1,1
0,1,1
0,0,0
0,1,1
0,0,1
0,1,1
0,1,1
0,1,1
0,0,0
0,0,1
0,1,1
0,1,1
0,1,1
0,0,1
0,1,1
0,0,1
0,0,1
0,0,0
0,1,1
0,0,0
0,0,0
0,1,1
0,1,1
0,0,0
0,0,1
0,0,0
0,0,1
0,1,1
0,0,1
0,0,0
0,1,1
0,0.9181633,1
0,0,1
0,1,1
0,1,1
0,0,1
0,1,1
0,0,1
0,1,1
0,1,1
0,1,1
0,0,1
0,1,1
0,0,0
0,1,1
0,0,0
0,1,1
0,0,1
0,1,1
0,1,1
0,1,1
0,1,1
0,0,1
0,0,1
0,1,1
0,1,1
0,1,1
0,1,1
0,1,1
0,1,1
0,1,1
0,1,1
0,1,1
0,0,1
0,1,1
0,1,1
0,0,0
0,0.85693,1
0,0,1
0,1,1
0,1,1
0,1,1
0,1,1
0,1,1
0,1,1
0,0.862337,1
0,0,1
0,1,1
0,0,0
0,1,1
0,0,1
0,0,1
0,0,0
0,0,1
0,1,1
0,0.7093056,1
0,1,1
0,1,1
0,0,1
0,1,1
0,1,1
0,1,1
0,1,1
0,0,1
0,0,0
0,1,1
0,1,1
0,1,1
0,1,1
0,0,1
0,0,0
0,1,1
0,0,1
0,1,1
0,0,1
0,1,1
0,1,1
0,1,1
0,1,1
0,1,1
0,1,1
0,0,1
0,0,1
0,0,1
0,0,1
0,1,1
0,0,0
0,1,1
0,1,1
0,0,1
0,0.7568516,1
0,0,1
0,1,1
0,1,1
0,0,0
0,0,1
0,0,1
0,1,1
0,1,1
0,0.8497585,1
0,1,1
0,1,1
0,0,1
0,0,1
0,0,1
0,1,1
0,1,1
0,0,1
0,1,1
0,0,1
0,0,0
0,1,1
0,1,1
0,0,1
0,0,1
0,1,1
0,1,1
0,0,1
0,0,1
0,0,1
0,1,1
0,0.7240902,1
0,1,1
0,0,1
0,1,1
0,0,0
0,0,1
0,1,1
0,0,1
0,1,1
0,1,1
0,1,1
0,0,0
0,1,1
0,1,1
0,0,0
0,1,1
0,1,1
0,0,1
0,1,1
0,0,1
0,1,1
0,0,1
0,1,1
0,0,1
0,0,1
0,1,1
0,1,1
0,1,1
0,1,1
0,0,1
0,1,1
0,1,1
0,1,1
0,0,1
0,1,1
0,0,1
0,0,1
0,1,1
0,1,1
0,1,1
0,1,1
0,1,1
0,1,1
0,0,1
0,0,0
0,1,1
0,0,1
0,1,1
0,1,1
0,1,1
0,1,1
0,1,1
0,0,1
0,1,1
0,1,1
0,1,1
0,1,1
0,0,0
0,1,1
0,1,1
0,1,1
0,1,1
0,1,1
0,1,1
0,1,1
0,1,1
0,0,1
0,0,0
0,0,1
0,1,1
0,0,0
0,0,1
0,1,1
0,0,1
0,1,1
0,0,0
0,0,1
0,0,1
0,1,1
0,1,1
0,1,1
0,1,1
0,0,1
0,1,1
0,0,1
0,1,1
0,0.8570405,1
0,0.8556496,1
0,0,1
0,1,1
0,1,1
0,0,1
0,1,1
0,0.8574644,1
0,0,1
0,0.7874677,1
0,1,1
0,1,1
0,0,1
0,1,1
0,0,1
0,1,1
0,1,1
0,0,1
0,1,1
0,1,1
0,1,1
0,0,1
0,0,1
0,1,1
0,0,0
0,0.8692397,1
0,1,1
0,0.8581914,1
0,0.7000078,1
0,1,1
0,1,1
0,0,1
0,0,1
0,1,1
0,1,1
0,0,1
0,0,1
0,0,1
0,1,1
0,1,1
0,1,1
0,0,0
0,1,1
0,0,1
0,0,0
0,0,1
0,1,1
0,1,1
0,1,1
0,0,0
0,0,1
0,1,1
0,1,1
0,0,0
0,1,1
0,0,1
0,0,0
0,1,1
0,1,1
0,1,1
0,1,1
0,0,0
0,0,1
0,0,1
0,0,1
0,0,0
0,0,0
0,0,0
0,1,1
0,1,1
0,0,0
0,1,1
0,1,1
0,1,1
0,1,1
0,0,0
0,0,1
0,1,1
0,1,1
0,1,1
0,0,1
0,1,1
0,1,1
0,1,1
0,1,1
0,0,1
0,1,1
0,0,1
0,0,1
0,0,0
0,0,1
0,1,1
0,1,1
0,0,1
0,1,1
0,1,1
0,0,1
0,1,1
0,0,1
0,1,1
0,1,1
0,0,1
0,1,1
0,1,1
0,1,1
0,0,1
0,1,1
0,1,1
0,1,1
0,1,1
0,1,1
0,1,1
0,1,1
0,1,1
0,1,1
0,0.8599007,1
0,1,1
0,1,1
0,1,1
0,1,1
0,1,1
0,0,0
0,1,1
0,0,1
0,1,1
0,0,1
0,1,1
0,1,1
0,1,1
0,1,1
0,1,1
0,1,1
0,0.8609673,1
0,0,1
0,1,1
0,1,1
0,0,0
0,1,1
0,1,1
0,0,1
0,0,0
0,0,1
0,1,1
0,1,1
0,1,1
0,0,1
0,1,1
0,1,1
0,1,1
0,1,1
0,0,1
0,1,1
0,1,1
0,1,1
0,0,0
0,1,1
0,0,1
0,1,1
0,1,1
0,1,1
0,1,1
0,0,1
0,1,1
0,1,1
0,0,0
0,1,1
0,1,1
0,1,1
0,1,1
0,1,1
0,1,1
0,1,1
0,0,0
0,0,1
0,1,1
0,1,1
0,1,1
0,1,1
0,1,1
0,0,1
0,0,1
0,0,0
0,0,0
0,1,1
0,1,1
0,1,1
0,1,1
0,1,1
0,1,1
0,0,1
0,0.8556103,1
0,1,1
0,0,1
0,1,1
0,1,1
0,1,1
0,0,1
0,1,1
0,1,1
0,1,1
0,1,1
0,0,1
0,1,1
0,1,1
0,0,1
0,1,1
0,1,1
0,0,1
0,0,0
0,1,1
0,1,1
0,1,1
0,0,1
0,1,1
0,1,1
0,1,1
0,1,1
0,1,1
0,1,1
0,0,0
0,1,1
0,0,1
0,1,1
0,0,1
0,0,1
0,1,1
0,1,1
0,1,1
0,0,1
0,1,1
0,1,1
0,1,1
0,1,1
0,0.8612972,1
0,0,1
0,0,1
0,0,0
0,1,1
0,1,1
0,0,1
0,1,1
0,1,1
0,0,1
0,0,1
0,0,1
0,1,1
0,0,1
0,0,0
0,1,1
0,1,1
0,0,0
0,1,1
0,1,1
0,1,1
0,1,1
0,0.8621153,1
0,1,1
0,0,0
0,0,1
0,1,1
0,1,1
0,1,1
0,0.7627429,1
0,0,1
0,1,1
0,1,1
0,0.8703802,1
0,1,1
0,1,1
0,1,1
0,0,0
0,1,1
0,1,1
0,1,1
0,1,1
0,1,1
0,1,1
0,1,1
0,1,1
0,0,1
0,1,1
0,1,1
0,1,1
0,1,1
0,1,1
0,0,0
0,0,1
0,0,1
0,0,0
0,0,1
0,1,1
0,0,1
0,1,1
0,0,1
0,0,0
0,1,1
0,1,1
0,0,1
0,1,1
0,0,0
0,1,1
0,1,1
0,1,1
0,1,1
0,0,1
0,0,1
0,0,0
0,0,0
0,1,1
0,0,1
0,1,1
0,1,1
0,0,0
0,1,1
0,1,1
0,0,1
0,1,1
0,0,1
0,0,1
0,0,1
0,1,1
0,1,1
0,1,1
0,0.8740593,1
0,1,1
0,1,1
0,1,1
0,0,1
0,1,1
0,1,1
0,0,1
0,0,1
0,0.8917913,1
0,0,1
0,1,1
0,1,1
0,0,1
0,0.8640293,1
0,1,1
0,0,1
0,1,1
0,0,1
0,1,1
0,0,0
0,0,1
0,0,1
0,1,1
0,0,1
0,1,1
0,1,1
0,0,0
0,1,1
0,0.8686227,1
0,1,1
0,1,1
0,1,1
0,0,1
0,0,0
0,1,1
0,1,1
0,1,1
0,1,1
0,0,1
0,1,1
0,1,1
0,1,1
0,0,1
0,1,1
0,1,1
0,0,1
0,1,1
0,0,1
0,1,1
0,0,1
0,0,0
0,1,1
0,1,1
0,1,1
0,1,1
0,1,1
0,0,0
0,1,1
0,1,1
0,1,1
0,1,1
0,1,1
0,0,1
0,1,1
0,1,1
0,0,0
0,1,1
0,1,1
0,1,1
0,0,1
0,0,0
0,0,1
0,1,1
0,1,1
0,0,1
0,1,1
0,0,0
0,1,1
0,0.858822,1
0,0,1
0,1,1
0,0,0
0,0,1
0,0,0
0,1,1
0,0,1
0,0.860273,1
0,1,1
0,1,1
0,0,1
0,1,1
0,1,1
0,0,1
0,1,1
0,1,1
0,0.896705,1
0,1,1
0,1,1
0,0,0
0,1,1
0,1,1
0,1,1
0,0,1
0,0,1
0,1,1
0,0,1
0,1,1
0,0.8569022,1
0,0,1
0,1,1
0,1,1
0,1,1
0,0,0
0,1,1
0,1,1
0,1,1
0,1,1
0,1,1
0,0,1
0,1,1
0,0,1
0,1,1
0,1,1
0,1,1
0,0,1
0,1,1
0,1,1
0,0,1
0,0.8001653,1
0,1,1
0,1,1
0,1,1
0,0,1
0,0,1
0,0,1
0,0,0
0,0,1
0,1,1
0,1,1
0,0,1
0,1,1
0,1,1
0,0.7308701,1
0,1,1
0,0,1
0,1,1
0,1,1
0,1,1
0,1,1
0,1,1
0,1,1
0,1,1
0,1,1
0,1,1
0,0,1
0,0,0
0,0,0
0,1,1
0,1,1
0,1,1
0,0,0
0,1,1
0,1,1
0,0.8655611,1
0,0,0
0,0,0
0,0,1
0,1,1
0,0,1
0,1,1
0,1,1
0,1,1
0,1,1
0,0,0
0,0,1
0,1,1
0,1,1
0,0.8684218,1
0,1,1
0,0,1
0,1,1
0,1,1
0,0,1
0,1,1
0,0,1
0,1,1
0,1,1
0,0,1
0,0.8674614,1
0,0,1
0,0.8665572,1
0,1,1
0,0,0
0,1,1
0,1,1
0,1,1
0,1,1
0,1,1
0,0,1
0,1,1
0,1,1
0,0,1
0,1,1
0,1,1
0,1,1
0,0.8591598,1
0,0,1
0,1,1
0,0,0
0,1,1
0,0.8642265,1
0,1,1
0,1,1
0,1,1
0,1,1
0,1,1
0,0,0
0,1,1
0,0,0
0,1,1
0,1,1
0,1,1
0,0,1
0,1,1
0,1,1
0,1,1
0,0,1
0,1,1
0,0,1
0,1,1
0,1,1
0,1,1
0,0,1
0,1,1
0,1,1
0,1,1
0,1,1
0,0,1
0,1,1
0,1,1
0,1,1
0,0,1
0,0,0
0,1,1
0,1,1
0,1,1
0,1,1
0,1,1
0,1,1
0,1,1
0,1,1
0,0,1
0,0,1
0,0,1
0,0,1
0,1,1
0,0.7270521,1
0,1,1
0,1,1
0,1,1
0,0,1
0,1,1
0,1,1
0,0,0
0,0,1
0,0,1
0,1,1
0,1,1
0,1,1
0,1,1
0,0,0
0,1,1
0,1,1
0,0,1
0,1,1
0,0,1
0,1,1
0,0,0
0,0,0
0,0,1
0,1,1
0,1,1
0,0,1
0,1,1
0,1,1
0,1,1
0,1,1
0,0,0
0,1,1
0,0,1
0,1,1
0,1,1
0,1,1
0,0,1
0,1,1
0,1,1
0,1,1
0,1,1
0,0,1
0,1,1
0,0,0
0,0,1
0,1,1
0,1,1
0,1,1
0,1,1
0,1,1
0,1,1
0,1,1
0,1,1
0,1,1
0,1,1
0,1,1
0,0,0
0,1,1
0,1,1
0,1,1
0,1,1
0,1,1
0,0,0
0,1,1
0,1,1
0,0,0
0,0,1
0,0,0
0,1,1
0,1,1
0,1,1
0,1,1
0,1,1
0,0,1
0,0,1
0,1,1
0,1,1
0,1,1
0,0,1
0,1,1
0,1,1
0,1,1
0,1,1
0,1,1
0,0,1
0,0,1
0,1,1
0,1,1
0,1,1
0,1,1
0,1,1
0,1,1
0,0,1
0,1,1
0,1,1
0,1,1
0,0,1
0,1,1
0,1,1
0,1,1
0,1,1
0,1,1
0,1,1
0,1,1
0,1,1
0,1,1
0,1,1
0,1,1
0,1,1
0,1,1
0,1,1
0,0,1
0,1,1
0,0,1
0,1,1
0,1,1
0,1,1
0,0,0
0,1,1
0,0.8576994,1
0,0,0
0,0.8617355,1
0,0.8610135,1
0,1,1
0,1,1
0,1,1
0,1,1
0,1,1
0,0.7338392,1
0,1,1
0,1,1
0,0,0
0,1,1
0,1,1
0,1,1
0,0,1
0,1,1
0,1,1
0,0,1
0,1,1
0,0,1
0,1,1
0,0,0
0,1,1
0,0,1
0,0,1
0,0,1
0,1,1
0,0,1
0,1,1
0,1,1
0,1,1
0,0,1
0,1,1
0,0,1
0,1,1
0,1,1
0,1,1
0,0,0
0,0,1
0,1,1
0,1,1
0,1,1
0,1,1
0,0,0
0,0,1
0,1,1
0,1,1
0,1,1
0,0,1
0,1,1
0,0,1
0,0,1
0,1,1
0,1,1
0,1,1
0,1,1
0,0,0
0,1,1
0,1,1
0,0,1
0,1,1
0,0.8668143,1
0,1,1
0,1,1
0,0.8362366,1
0,1,1
0,0,0
0,1,1
0,1,1
0,1,1
0,0,0
0,0,1
0,1,1
0,1,1
0,1,1
0,0,0
0,1,1
0,0,1
0,1,1
0,1,1
0,0,0
0,0,1
0,1,1
0,0,1
0,1,1
0,0,1
0,1,1
0,0,1
0,1,1
0,1,1
0,1,1
0,0.7771815,1
0,0,1
0,1,1
0,0,1
0,0,0
0,0,1
0,1,1
0,1,1
0,1,1
0,1,1
0,1,1
0,0,1
0,1,1
0,1,1
0,1,1
0,1,1
0,0,1
0,1,1
0,0.8616365,1
0,0,0
0,1,1
0,1,1
0,0,0
0,0,1
0,1,1
0,1,1
0,1,1
0,0,0
0,1,1
0,1,1
0,1,1
0,1,1
0,0,1
0,1,1
0,1,1
0,0,1
0,1,1
0,1,1
0,1,1
0,0,1
0,1,1
0,1,1
0,1,1
0,1,1
0,1,1
0,0,1
0,0,1
0,0,1
0,1,1
0,1,1
0,0,1
0,1,1
0,1,1
0,0,1
0,1,1
0,1,1
0,1,1
0,1,1
0,0.8479741,1
0,1,1
0,1,1
0,0,0
0,1,1
0,0,1
0,0,1
0,1,1
0,0,1
0,1,1
0,1,1
0,1,1
0,0,1
0,1,1
0,0,0
0,1,1
0,1,1
0,1,1
0,1,1
0,1,1
0,0,1
0,0,1
0,1,1
0,0,1
0,0,0
0,0,1
0,0,1
0,1,1
0,1,1
0,0,1
0,1,1
0,1,1
0,1,1
0,0,1
0,0,1
0,1,1
0,0,1
0,1,1
0,0,0
0,1,1
0,1,1
0,0,1
0,1,1
0,0,0
0,0.8914628,1
0,1,1
0,1,1
0,1,1
0,1,1
0,1,1
0,1,1
0,1,1
0,1,1
0,1,1
0,1,1
0,1,1
0,1,1
0,0,1
0,1,1
0,1,1
0,1,1
0,1,1
0,0,1
0,0,0
0,1,1
0,0,1
0,1,1
0,0,1
0,1,1
0,0,1
0,1,1
0,1,1
0,1,1
0,0,1
0,0.8587915,1
0,1,1
0,1,1
0,1,1
0,1,1
0,1,1
0,1,1
0,0,1
0,1,1
0,1,1
0,0,0
0,1,1
0,1,1
0,0,0
0,0,0
0,0,1
0,0,1
0,1,1
0,1,1
0,0,1
0,0,1
0,1,1
0,1,1
0,1,1
0,1,1
0,0,1
0,0,1
0,1,1
0,0,1
0,0,1
0,1,1
0,0,1
0,0,0
0,0,1
0,1,1
0,1,1
0,1,1
0,1,1
0,1,1
0,1,1
0,1,1
0,0,0
0,0,0
0,1,1
0,1,1
0,1,1
0,0,1
0,1,1
0,1,1
0,0,1
0,1,1
0,0,1
0,1,1
0,0,1
0,1,1
0,1,1
0,1,1
0,1,1
0,1,1
0,1,1
0,1,1
0,1,1
0,1,1
0,1,1
0,0,1
0,0,1
0,1,1
0,1,1
0,0.8620133,1
0,1,1
0,1,1
0,1,1
0,1,1
0,1,1
0,0,1
0,1,1
0,1,1
0,0,1
0,1,1
0,0,1
0,1,1
0,1,1
0,1,1
0,1,1
0,1,1
0,1,1
0,1,1
0,0.8546759,1
0,0,1
0,0,1
0,1,1
0,1,1
0,0,1
0,1,1
0,1,1
0,1,1
0,1,1
0,1,1
0,1,1
0,1,1
0,1,1
0,1,1
0,0.8596916,1
0,0,1
0,0,1
0,0,1
0,0.8002576,1
0,1,1
0,1,1
0,1,1
0,1,1
0,1,1
0,1,1
0,1,1
0,1,1
0,1,1
0,1,1
0,1,1
0,1,1
0,1,1
0,1,1
0,1,1
0,0,1
0,1,1
0,1,1
0,0,1
0,1,1
0,1,1
0,1,1
0,1,1
0,0,1
0,1,1
0,1,1
0,0.7211756,1
0,1,1
0,1,1
0,1,1
0,1,1
0,0,1
0,0.8736225,1
0,1,1
0,0.8565644,1
0,0.8609439,1
0,1,1
0,1,1
0,1,1
0,1,1
0,1,1
0,1,1
0,1,1
0,0,0
0,1,1
0,1,1
0,0.7894636,1
0,0.8825184,1
0,0,1
0,1,1
0,0,1
0,1,1
0,1,1
0,1,1
0,0,1
0,1,1
0,1,1
0,1,1
0,0,1
0,0,1
0,1,1
0,0,1
0,1,1
0,1,1
0,1,1
0,1,1
0,1,1
0,0,1
0,1,1
0,1,1
0,1,1
0,1,1
0,1,1
0,1,1
0,1,1
0,1,1
0,1,1
0,1,1
0,1,1
0,0,1
0,0,1
0,1,1
0,1,1
0,1,1
0,0,1
0,0,1
0,1,1
0,1,1
0,1,1
0,1,1
0,1,1
0,1,1
0,1,1
0,0,1
0,1,1
0,1,1
0,0,0
0,1,1
0,1,1
0,0,0
0,1,1
0,0.8642181,1
0,1,1
0,0,1
0,1,1
0,1,1
0,0,0
0,1,1
0,0,1
0,1,1
0,0.8389857,1
0,1,1
0,1,1
0,1,1
0,1,1
0,1,1
0,0.8632652,1
0,0,1
0,0,0
0,1,1
0,0,0
0,1,1
0,0,0
0,1,1
0,0,1
0,0.857923,1
0,1,1
0,0,1
0,1,1
0,1,1
0,1,1
0,1,1
0,1,1
0,0,0
0,1,1
0,0.8643125,1
0,1,1
0,1,1
0,1,1
0,1,1
0,1,1
0,0,1
0,1,1
0,1,1
0,1,1
0,0,0
0,1,1
0,1,1
0,0.8679532,1
0,0,1
0,0,1
0,1,1
0,1,1
0,1,1
0,1,1
0,0.8579088,1
0,1,1
0,0,1
0,0,0
0,0,1
0,1,1
0,1,1
0,0.7922951,1
0,0,0
0,1,1
0,1,1
0,1,1
0,1,1
0,1,1
0,0,0
0,0,1
0,1,1
0,1,1
0,0,1
0,1,1
0,0,0
0,1,1
0,0,1
0,1,1
0,1,1
0,1,1
0,1,1
0,1,1
0,0,1
0,0,1
0,1,1
0,1,1
0,1,1
0,0,0
0,1,1
0,1,1
0,0,1
0,1,1
0,0,1
0,0.8777472,1
0,1,1
0,1,1
0,0,1
0,1,1
0,1,1
0,0,1
0,1,1
0,1,1
0,1,1
0,0,1
0,0,1
0,0,1
0,1,1
0,0,1
0,0,0
0,0,1
0,1,1
0,1,1
0,1,1
0,1,1
0,0,1
0,0,0
0,0,1
0,0.8702191,1
0,1,1
0,1,1
0,1,1
0,0,1
0,1,1
0,1,1
0,0,0
0,1,1
0,1,1
0,1,1
0,0,1
0,1,1
0,1,1
0,1,1
0,1,1
0,1,1
0,1,1
0,1,1
0,0,1
0,1,1
0,1,1
0,1,1
0,0,1
0,1,1
0,1,1
0,1,1
0,0,0
0,0,0
0,1,1
0,1,1
0,1,1
0,1,1
0,1,1
0,1,1
0,0,1
0,0,0
0,0,1
0,1,1
0,0,1
0,1,1
0,1,1
0,1,1
0,1,1
0,0,1
0,0,1
0,1,1
0,1,1
0,1,1
0,1,1
0,0,0
0,0.7138671,1
0,0,0
0,0,1
0,0,1
0,1,1
0,1,1
0,1,1
0,1,1
0,0,0
0,0,0
0,1,1
0,1,1
0,1,1
0,1,1
0,1,1
0,1,1
0,1,1
0,0,1
0,1,1
0,1,1
0,1,1
0,0.8549212,1
0,1,1
0,1,1
0,1,1
0,1,1
0,1,1
0,1,1
0,1,1
0,0,0
0,0,0
0,1,1
0,1,1
0,1,1
0,1,1
0,0,0
0,1,1
0,1,1
0,1,1
0,0,1
0,1,1
0,1,1
0,1,1
0,1,1
0,1,1
0,1,1
0,0.868812,1
0,1,1
0,1,1
0,1,1
0,0,1
0,1,1
0,1,1
0,1,1
0,1,1
0,0,1
0,0,0
0,0,1
0,0,1
0,1,1
0,1,1
0,1,1
0,1,1
0,1,1
0,0,1
0,0,1
0,1,1
0,1,1
0,0,0
0,0.7389466,1
0,1,1
0,1,1
0,1,1
0,1,1
0,1,1
0,0,1
0,0,1
0,0,0
0,0,1
0,1,1
0,1,1
0,1,1
0,1,1
0,1,1
0,0,0
0,1,1
0,1,1
0,1,1
0,1,1
0,1,1
0,1,1
0,1,1
0,1,1
0,1,1
0,1,1
0,1,1
0,1,1
0,0,1
0,0,1
0,1,1
0,0,1
0,0,1
0,0,0
0,1,1
0,1,1
0,1,1
0,1,1
0,1,1
0,0,1
0,0.8635534,1
0,0.7030309,1
0,0,1
0,1,1
0,0,1
0,1,1
0,0,1
0,1,1
0,1,1
0,1,1
0,0,0
0,1,1
0,1,1
0,1,1
0,0,1
0,0,1
0,0,1
0,1,1
0,1,1
0,1,1
0,1,1
0,1,1
0,1,1
0,1,1
0,1,1
0,1,1
0,0,1
0,1,1
0,1,1
0,1,1
0,1,1
0,0,1
0,0,0
0,1,1
0,0,0
0,1,1
0,1,1
0,0.8540722,1
0,0,1
0,0,1
0,1,1
0,1,1
0,1,1
0,1,1
0,0,1
0,1,1
0,1,1
0,1,1
0,0,1
0,1,1
0,0,1
0,0.8616225,1
0,1,1
0,1,1
0,1,1
0,1,1
0,1,1
0,1,1
0,0,0
0,0,1
0,0,1
0,1,1
0,1,1
0,1,1
0,0,1
0,1,1
0,1,1
0,1,1
0,1,1
0,1,1
0,1,1
0,1,1
0,0,1
0,1,1
0,1,1
0,1,1
0,1,1
0,1,1
0,1,1
0,1,1
0,1,1
0,1,1
0,1,1
0,1,1
0,1,1
0,1,1
0,1,1
0,1,1
0,1,1
0,1,1
0,0,1
0,1,1
0,0,1
0,0,1
0,1,1
0,1,1
0,1,1
0,1,1
0,0,1
0,1,1
0,1,1
0,1,1
0,1,1
0,1,1
0,1,1
0,0,0
0,1,1
0,1,1
0,0,0
0,1,1
0,1,1
0,1,1
0,1,1
0,1,1
0,0,1
0,0,1
0,1,1
0,1,1
0,0,1
0,1,1
0,0,1
0,0,1
0,1,1
0,0,0
0,1,1
0,0,1
0,0,1
0,1,1
0,1,1
0,0,1
0,1,1
0,1,1
0,1,1
0,1,1
0,1,1
0,1,1
0,1,1
0,1,1
0,0,1
0,0,1
0,1,1
0,1,1
0,0,1
0,1,1
0,0,1
0,0,1
0,1,1
0,1,1
0,1,1
0,0,0
0,1,1
0,1,1
0,1,1
0,0,0
0,1,1
0,1,1
0,0,1
0,0.8665302,1
0,1,1
0,0,1
0,1,1
0,1,1
0,0,1
0,0,1
0,0,1
0,0,1
0,0.8591021,1
0,1,1
0,1,1
0,1,1
0,1,1
0,1,1
0,1,1
0,0,1
0,1,1
0,1,1
0,1,1
0,0,1
0,0,1
0,1,1
0,1,1
0,1,1
0,1,1
0,1,1
0,1,1
0,1,1
0,1,1
0,1,1
0,1,1
0,0,1
0,1,1
0,0,1
0,1,1
0,1,1
0,0,1
0,1,1
0,1,1
0,1,1
0,0,1
0,0,1
0,1,1
0,1,1
0,1,1
0,1,1
0,0,1
0,1,1
0,1,1
0,0,1
0,1,1
0,0,1
0,1,1
0,1,1
0,0,1
0,1,1
0,1,1
0,1,1
0,0,1
0,1,1
0,1,1
0,1,1
0,0,1
0,1,1
0,1,1
0,1,1
0,1,1
0,1,1
0,1,1
0,1,1
0,1,1
0,1,1
0,1,1
0,0,0
0,1,1
0,1,1
0,1,1
0,1,1
0,1,1
0,0,1
0,0,1
0,0,0
0,1,1
0,0,1
0,1,1
0,0,1
0,0.870747,1
0,0,1
0,0,1
0,1,1
0,0.877776,1
0,1,1
0,1,1
0,0,1
0,1,1
0,0,0
0,1,1
0,1,1
0,1,1
0,0,1
0,1,1
0,1,1
0,1,1
0,1,1
0,1,1
0,0,0
0,1,1
0,1,1
0,1,1
0,1,1
0,0,1
0,1,1
0,0,1
0,1,1
0,1,1
0,1,1
0,0.8701712,1
0,0,0
0,1,1
0,1,1
0,1,1
0,1,1
0,1,1
0,1,1
0,0,0
0,1,1
0,1,1
0,1,1
0,0,1
0,0,0
0,1,1
0,0,1
0,1,1
0,0,0
0,0,1
0,1,1
0,0,1
0,1,1
0,1,1
0,1,1
0,1,1
0,1,1
0,0,0
0,0,1
0,1,1
0,1,1
0,1,1
0,1,1
0,0,0
0,0,1
0,1,1
0,1,1
0,0,1
0,1,1
0,1,1
0,0,1
0,1,1
0,0,1
0,1,1
0,0,1
0,1,1
0,1,1
0,1,1
0,1,1
0,1,1
0,1,1
0,1,1
0,0,1
0,0,1
0,1,1
0,1,1
0,0,1
0,1,1
0,1,1
0,0,1
0,1,1
0,1,1
0,0,1
0,1,1
0,0,1
0,0,1
0,1,1
0,1,1
0,1,1
0,1,1
0,0,1
0,1,1
0,1,1
0,1,1
0,0,0
0,1,1
0,1,1
0,0,1
0,0,1
0,1,1
0,1,1
0,1,1
0,0,1
0,0.8571059,1
0,1,1
0,1,1
0,1,1
0,1,1
0,1,1
0,1,1
0,1,1
0,0,0
0,0,0
0,0,1
0,1,1
0,1,1
0,1,1
0,0,1
0,0.8584119,1
0,1,1
0,1,1
0,1,1
0,1,1
0,1,1
0,1,1
0,1,1
0,0.8632147,1
0,1,1
0,0,0
0,0,1
0,1,1
0,1,1
0,0.8620609,1
0,1,1
0,0.8658007,1
0,1,1
0,0,1
0,1,1
0,0,1
0,0,1
0,1,1
0,1,1
0,0,1
0,0,1
0,1,1
0,0.8577045,1
0,0,0
0,1,1
0,1,1
0,1,1
0,1,1
0,0,1
0,1,1
0,1,1
0,1,1
0,0,0
0,1,1
0,1,1
0,0,1
0,1,1
0,0.8652264,1
0,0,1
0,1,1
0,1,1
0,0,1
0,1,1
0,1,1
0,1,1
0,0,1
0,1,1
0,1,1
0,0,1
0,0,0
0,1,1
0,1,1
0,1,1
0,1,1
0,1,1
0,1,1
0,1,1
0,1,1
0,0,1
0,1,1
0,1,1
0,1,1
0,1,1
0,0,1
0,1,1
0,1,1
0,1,1
0,0,0
0,1,1
0,1,1
0,1,1
0,0,1
0,1,1
0,0,1
0,1,1
0,1,1
0,0.85824,1
0,1,1
0,0,1
0,0.9854211,1
0,1,1
0,1,1
0,0.8640035,1
0,1,1
0,1,1
0,0,1
0,1,1
0,1,1
0,1,1
0,1,1
0,1,1
0,0,1
0,1,1
0,1,1
0,1,1
0,1,1
0,0.8654416,1
0,0,0
0,1,1
0,0,1
0,1,1
0,1,1
0,1,1
0,0.8356475,1
0,0,1
0,1,1
0,0,1
0,1,1
0,1,1
0,1,1
0,1,1
0,0,1
0,1,1
0,1,1
0,1,1
0,0,1
0,1,1
0,1,1
0,1,1
0,0,0
0,0.8572861,1
0,0,0
0,1,1
0,0,1
0,1,1
0,1,1
0,1,1
0,0,1
0,1,1
0,1,1
0,1,1
0,1,1
0,0,1
0,0,1
0,1,1
0,0,1
0,1,1
0,1,1
0,0,1
0,0.8668662,1
0,0,1
0,0,1
0,1,1
0,1,1
0,1,1
0,1,1
0,1,1
0,1,1
0,1,1
0,1,1
0,0,0
0,0,1
0,0,1
0,1,1
0,1,1
0,1,1
0,0,1
0,1,1
0,0,1
0,0,1
0,1,1
0,0,1
0,1,1
0,1,1
0,0,1
0,1,1
0,1,1
0,0,1
0,0,1
0,1,1
0,1,1
0,1,1
0,1,1
0,1,1
0,0,1
0,1,1
0,0,1
0,1,1
0,0,1
0,1,1
0,1,1
0,0,1
0,1,1
0,1,1
0,1,1
0,1,1
0,1,1
0,0,0
0,1,1
0,0,0
0,1,1
0,1,1
0,1,1
0,0,1
0,0,1
0,1,1
0,0,0
0,0,0
0,1,1
0,1,1
0,1,1
0,0,1
0,0,0
0,0,0
0,1,1
0,1,1
0,1,1
0,0,0
0,0,1
0,1,1
0,1,1
0,1,1
0,1,1
0,1,1
0,1,1
0,1,1
0,1,1
0,1,1
0,0,1
0,0,1
0,1,1
0,1,1
0,0,0
0,1,1
0,1,1
0,1,1
0,0,1
0,1,1
0,1,1
0,0,1
0,1,1
0,1,1
0,0,1
0,1,1
0,0,1
0,0,1
0,0,0
0,1,1
0,1,1
0,1,1
0,0,0
0,1,1
0,1,1
0,0,1
0,1,1
0,0,0
0,0.8597138,1
0,1,1
0,0,0
0,0,1
0,1,1
0,0,1
0,0,0
0,0,1
0,1,1
0,0,0
0,1,1
0,0,0
0,0,1
0,1,1
0,1,1
0,0,1
0,1,1
0,1,1
0,0,1
0,0.8050842,1
0,0.8690809,1
0,0,0
0,1,1
0,1,1
0,1,1
0,0,1
0,0,0
0,0.8600043,1
0,1,1
0,1,1
0,1,1
0,1,1
0,0,0
0,0,1
0,1,1
0,1,1
0,1,1
0,1,1
0,1,1
0,1,1
0,0,1
0,0,1
0,1,1
0,1,1
0,0,1
0,1,1
0,1,1
0,1,1
0,1,1
0,1,1
0,0,1
0,1,1
0,0,1
0,1,1
0,1,1
0,1,1
0,0,1
0,1,1
0,1,1
0,1,1
0,0,0
0,0,1
0,1,1
0,1,1
0,1,1
0,1,1
0,0,0
0,1,1
0,1,1
0,1,1
0,0,1
0,0,0
0,1,1
0,1,1
0,1,1
0,1,1
0,1,1
0,0.8591362,1
0,1,1
0,0,1
0,0,1
0,1,1
0,1,1
0,1,1
0,1,1
0,1,1
0,0,1
0,0,1
0,1,1
0,1,1
0,1,1
0,1,1
0,0,1
0,1,1
0,0,1
0,1,1
0,1,1
0,1,1
0,1,1
0,1,1
0,1,1
0,0,1
0,1,1
0,1,1
0,1,1
0,0.8704224,1
0,0,1
0,1,1
0,1,1
0,0,1
0,0,1
0,0,1
0,1,1
0,0,1
0,1,1
0,1,1
0,0,0
0,0,1
0,0,1
0,1,1
0,1,1
0,1,1
0,1,1
0,0,1
0,1,1
0,0,0
0,1,1
0,0,1
0,0,1
0,0,0
0,0,1
0,1,1
0,0,0
0,0,1
0,1,1
0,1,1
0,1,1
0,1,1
0,0,1
0,0,1
0,1,1
0,1,1
0,0,1
0,1,1
0,1,1
0,1,1
0,1,1
0,0,1
0,1,1
0,1,1
0,1,1
0,1,1
0,0,1
0,1,1
0,1,1
0,1,1
0,1,1
0,0,1
0,1,1
0,0,1
0,1,1
0,0,1
0,0,1
0,0,1
0,1,1
0,0,1
0,1,1
0,0,1
0,1,1
0,0,1
0,1,1
0,1,1
0,1,1
0,1,1
0,1,1
0,1,1
0,0,1
0,0.8618933,1
0,1,1
0,1,1
0,0,1
0,1,1
0,0,1
0,1,1
0,1,1
0,1,1
0,1,1
0,0,1
0,1,1
0,0.8628409,1
0,0,1
0,0,0
0,1,1
0,0,0
0,0,1
0,0,1
0,1,1
0,1,1
0,0,0
0,0,1
0,1,1
0,0,0
0,1,1
0,0.8622483,1
0,0,1
0,1,1
0,1,1
0,0,1
0,1,1
0,0,1
0,1,1
0,1,1
0,0,1
0,0,1
0,0,0
0,1,1
0,0.8616527,1
0,0,1
0,1,1
0,1,1
0,0,1
0,1,1
0,1,1
0,1,1
0,1,1
0,1,1
0,1,1
0,1,1
0,1,1
0,1,1
0,1,1
0,1,1
0,0,1
0,1,1
0,1,1
0,0.8686689,1
0,1,1
0,1,1
0,0,1
0,1,1
0,1,1
0,1,1
0,0,1
0,1,1
0,1,1
0,0,1
0,0,1
0,1,1
0,1,1
0,1,1
0,0,1
0,1,1
0,1,1
0,0,1
0,1,1
0,0,1
0,0,1
0,0,1
0,0,1
0,0,1
0,1,1
0,1,1
0,1,1
0,1,1
0,1,1
0,1,1
0,0,1
0,1,1
0,0,1
0,1,1
0,1,1
0,0,1
0,1,1
0,1,1
0,1,1
0,1,1
0,1,1
0,1,1
0,1,1
0,1,1
0,1,1
0,1,1
0,1,1
0,1,1
0,1,1
0,1,1
0,1,1
0,1,1
0,1,1
0,0.849291,1
0,1,1
0,0.7137824,1
0,1,1
0,1,1
0,0,1
0,0,1
0,1,1
0,0,1
0,0,1
0,1,1
0,1,1
0,0.8600838,1
0,1,1
0,0,1
0,0,1
0,0,0
0,0,0
0,1,1
0,1,1
0,1,1
0,1,1
0,0,1
0,1,1
0,1,1
0,1,1
0,1,1
0,0,1
0,0,1
0,1,1
0,1,1
0,1,1
0,1,1
0,0,0
0,1,1
0,1,1
0,1,1
0,1,1
0,1,1
0,0,0
0,0.7200736,1
0,1,1
0,1,1
0,0,1
0,1,1
0,1,1
0,1,1
0,1,1
0,1,1
0,1,1
0,1,1
0,1,1
0,1,1
0,1,1
0,1,1
0,0,1
0,1,1
0,1,1
0,0,1
0,0,0
0,0,1
0,0,1
0,1,1
0,1,1
0,1,1
0,0,1
0,1,1
0,1,1
0,1,1
0,1,1
0,1,1
0,0,1
0,1,1
0,1,1
0,0,1
0,1,1
0,1,1
0,0,0
0,1,1
0,1,1
0,1,1
0,1,1
0,1,1
0,1,1
0,1,1
0,1,1
0,1,1
0,1,1
0,0.8628489,1
0,1,1
0,0,0
0,1,1
0,1,1
0,1,1
0,1,1
0,0,1
0,0,1
0,1,1
0,1,1
0,1,1
0,0,1
0,0,1
0,1,1
0,1,1
0,1,1
0,1,1
0,1,1
0,1,1
0,1,1
0,1,1
0,0,1
0,1,1
0,1,1
0,0,0
0,1,1
0,0,1
0,1,1
0,1,1
0,1,1
0,1,1
0,1,1
0,1,1
0,1,1
0,0,1
0,0.8578707,1
0,0,1
0,0,1
0,0.8590149,1
0,1,1
0,1,1
0,0,1
0,1,1
0,1,1
0,1,1
0,1,1
0,1,1
0,0,1
0,1,1
0,0,1
0,1,1
0,1,1
0,0,0
0,1,1
0,1,1
0,1,1
0,1,1
0,1,1
0,1,1
0,1,1
0,0.8648403,1
0,1,1
0,1,1
0,1,1
0,1,1
0,1,1
0,0,1
0,1,1
0,0,1
0,1,1
0,1,1
0,1,1
0,0,1
0,1,1
0,1,1
0,0,1
0,0,0
0,0,1
0,1,1
0,1,1
0,1,1
0,1,1
0,0,1
0,1,1
0,1,1
0,1,1
0,1,1
0,1,1
0,1,1
0,1,1
0,0,1
0,1,1
0,1,1
0,1,1
0,1,1
0,0,0
0,1,1
0,1,1
0,1,1
0,0,1
0,1,1
0,0,0
0,1,1
0,1,1
0,1,1
0,1,1
0,1,1
0,0,0
0,1,1
0,1,1
0,1,1
0,1,1
0,0,0
0,1,1
0,1,1
0,0,1
0,0,1
0,0,1
0,1,1
0,1,1
0,1,1
0,1,1
0,0,1
0,0,0
0,1,1
0,1,1
0,0,1
0,1,1
0,0,1
0,1,1
0,1,1
0,0,1
0,1,1
0,0,0
0,1,1
0,0,1
0,1,1
0,1,1
0,1,1
0,1,1
0,0,1
0,0,1
0,1,1
0,0,1
0,1,1
0,1,1
0,1,1
0,1,1
0,1,1
0,1,1
0,1,1
0,0,1
0,1,1
0,0.8698679,1
0,1,1
0,1,1
0,0,1
0,1,1
0,1,1
0,1,1
0,1,1
0,1,1
0,0,1
0,1,1
0,0,1
0,0,0
0,0,1
0,0.8588476,1
0,1,1
0,1,1
0,1,1
0,1,1
0,1,1
0,1,1
0,1,1
0,1,1
0,1,1
0,1,1
0,1,1
0,0,1
0,0,0
0,1,1
0,1,1
0,1,1
0,1,1
0,0,0
0,1,1
0,1,1
0,1,1
0,1,1
0,0,0
0,0,1
0,1,1
0,1,1
0,1,1
0,1,1
0,1,1
0,1,1
0,1,1
0,1,1
0,1,1
0,1,1
0,1,1
0,1,1
0,0,0
0,0.861444,1
0,1,1
0,1,1
0,1,1
0,1,1
0,0,1
0,0,1
0,1,1
0,1,1
0,1,1
0,1,1
0,0,1
0,1,1
0,1,1
0,0,0
0,1,1
0,0,1
0,0,0
0,0,0
0,1,1
0,0,1
0,1,1
0,1,1
0,1,1
0,1,1
0,0,0
0,1,1
0,1,1
0,0,1
0,0.8601881,1
0,1,1
0,0,1
0,1,1
0,1,1
0,1,1
0,1,1
0,0,1
0,0,0
0,0,1
0,0,1
0,1,1
0,1,1
0,0,1
0,0,0
0,0,1
0,1,1
0,0,1
0,0,1
0,1,1
0,1,1
0,1,1
0,0,1
0,0,1
0,0,0
0,1,1
0,1,1
0,0,0
0,1,1
0,1,1
0,1,1
0,0,1
0,1,1
0,1,1
0,1,1
0,0,0
0,1,1
0,1,1
0,0,1
0,1,1
0,1,1
0,1,1
0,1,1
0,1,1
0,1,1
0,0,0
0,1,1
0,1,1
0,0,1
0,0,1
0,1,1
0,0,1
0,1,1
0,1,1
0,1,1
0,1,1
0,1,1
0,0,0
0,1,1
0,0,1
0,1,1
0,0,1
0,0,0
0,1,1
0,0.8254659,1
0,0,1
0,0,1
0,0,1
0,0,1
0,0,1
0,1,1
0,1,1
0,1,1
0,1,1
0,0,1
0,1,1
0,1,1
0,1,1
0,1,1
0,1,1
0,0,0
0,0,0
0,0,1
0,0,1
0,1,1
0,1,1
0,1,1
0,0.8557206,1
0,1,1
0,0,1
0,0,1
0,1,1
0,1,1
0,1,1
0,0,1
0,0,1
0,0,1
0,1,1
0,1,1
0,1,1
0,1,1
0,1,1
0,0,1
0,0,1
0,1,1
0,1,1
0,1,1
0,1,1
0,1,1
0,0,1
0,1,1
0,1,1
0,1,1
0,0,1
0,0,0
0,1,1
0,1,1
0,0,0
0,1,1
0,1,1
0,1,1
0,1,1
0,1,1
0,1,1
0,1,1
0,1,1
0,1,1
0,0,1
0,1,1
0,0,1
0,0,1
0,1,1
0,0.8642842,1
0,1,1
0,1,1
0,1,1
0,1,1
0,1,1
0,1,1
0,0,1
0,1,1
0,1,1
0,0,0
0,1,1
0,1,1
0,1,1
0,1,1
0,1,1
0,1,1
0,1,1
0,0,1
0,0,1
0,0,1
0,1,1
0,0,1
0,1,1
0,1,1
0,1,1
0,1,1
0,1,1
0,1,1
0,1,1
0,0,0
0,1,1
0,1,1
0,1,1
0,0,1
0,0,1
0,0.8691393,1
0,1,1
0,0,1
0,1,1
0,1,1
0,1,1
0,1,1
0,0.7817371,1
0,1,1
0,0,0
0,1,1
0,0,0
0,1,1
0,1,1
0,0,1
0,1,1
0,1,1
0,1,1
0,1,1
0,0,0
0,1,1
0,0,1
0,1,1
0,1,1
0,0,1
0,1,1
0,1,1
0,0,1
0,1,1
0,1,1
0,1,1
0,1,1
0,1,1
0,1,1
0,1,1
0,1,1
0,0,0
0,1,1
0,0,1
0,1,1
0,0,0
0,1,1
0,1,1
0,1,1
0,1,1
0,1,1
0,0,0
0,0,1
0,0,1
0,0,1
0,1,1
0,1,1
0,0,0
0,1,1
0,1,1
0,0,1
0,1,1
0,1,1
0,1,1
0,1,1
0,1,1
0,0.861529,1
0,0,1
0,1,1
0,0,1
0,0,1
0,1,1
0,0,1
0,0,0
0,0,1
0,0,1
0,1,1
0,1,1
0,1,1
0,1,1
0,0,0
0,0,1
0,0,0
0,1,1
0,1,1
0,0,1
0,1,1
0,1,1
0,0,1
0,1,1
0,1,1
0,0.7320913,1
0,1,1
0,1,1
0,1,1
0,1,1
0,1,1
0,1,1
0,1,1
0,1,1
0,1,1
0,1,1
0,0.8643461,1
0,1,1
0,1,1
0,1,1
0,1,1
0,0.8655608,1
0,1,1
0,1,1
0,1,1
0,1,1
0,1,1
0,1,1
0,0,1
0,1,1
0,0,1
0,0.8616496,1
0,0.9108306,1
0,1,1
0,0,1
0,1,1
0,1,1
0,1,1
0,1,1
0,0,1
0,1,1
0,1,1
0,0,1
0,1,1
0,1,1
0,0,1
0,0,1
0,1,1
0,1,1
0,1,1
0,1,1
0,1,1
0,1,1
0,1,1
0,1,1
0,1,1
0,0,1
0,1,1
0,1,1
0,1,1
0,0,1
0,0,1
0,1,1
0,1,1
0,0,1
0,1,1
0,1,1
0,1,1
0,1,1
0,0,1
0,1,1
0,1,1
0,0,1
0,1,1
0,1,1
0,1,1
0,1,1
0,1,1
0,0,1
0,1,1
0,0.8624619,1
0,1,1
0,0,1
0,0,1
0,1,1
0,1,1
0,1,1
0,1,1
0,0,1
0,0,0
0,0,1
0,1,1
0,1,1
0,1,1
0,1,1
0,0,0
0,1,1
0,1,1
0,0,0
0,1,1
0,1,1
0,1,1
0,1,1
0,0,1
0,0,1
0,1,1
0,0,0
0,0,1
0,0,1
0,1,1
0,1,1
0,1,1
0,1,1
0,0,1
0,1,1
0,0,1
0,1,1
0,1,1
0,1,1
0,1,1
0,1,1
0,0,1
0,1,1
0,0,1
0,0,1
0,1,1
0,1,1
0,1,1
0,0,1
0,0,1
0,0,1
0,1,1
0,1,1
0,1,1
0,1,1
0,1,1
0,1,1
0,0,1
0,1,1
0,0,0
0,1,1
0,1,1
0,1,1
0,0,0
0,0,1
0,1,1
0,1,1
0,0,0
0,1,1
0,1,1
0,0.8672014,1
0,1,1
0,1,1
0,1,1
0,1,1
0,0,0
0,1,1
0,1,1
0,0,0
0,1,1
0,0,0
0,1,1
0,1,1
0,1,1
0,1,1
0,0,1
0,0,1
0,1,1
0,0,0
0,1,1
0,1,1
0,0,1
0,1,1
0,1,1
0,1,1
0,0,1
0,0,1
0,0,0
0,1,1
0,0.8497829,1
0,0,0
0,0,1
0,0,1
0,1,1
0,1,1
0,1,1
0,0,1
0,1,1
0,0,1
0,0,1
0,1,1
0,1,1
0,1,1
0,1,1
0,0,1
0,0,1
0,0,0
0,1,1
0,1,1
0,1,1
0,0,1
0,0,1
0,1,1
0,0,1
0,1,1
0,1,1
0,1,1
0,0,0
0,1,1
0,1,1
0,1,1
0,1,1
0,1,1
0,0,0
0,0,1
0,1,1
0,1,1
0,1,1
0,1,1
0,0,0
0,1,1
0,1,1
0,1,1
0,0,1
0,1,1
0,0,1
0,1,1
0,1,1
0,1,1
0,0,0
0,1,1
0,1,1
0,1,1
0,0,0
0,1,1
0,1,1
0,1,1
0,1,1
0,1,1
0,0,0
0,1,1
0,1,1
0,1,1
0,1,1
0,0,0
0,0,1
0,0,1
0,1,1
0,0,0
0,1,1
0,1,1
0,1,1
0,1,1
0,0,0
0,1,1
0,1,1
0,1,1
0,1,1
0,1,1
0,1,1
0,1,1
0,1,1
0,1,1
0,0,1
0,1,1
0,1,1
0,0,0
0,1,1
0,1,1
0,1,1
0,0,1
0,1,1
0,1,1
0,0,0
0,1,1
0,1,1
0,0,1
0,1,1
0,0,1
0,1,1
0,1,1
0,0.8607806,1
0,0,0
0,0,1
0,1,1
0,1,1
0,0.8591613,1
0,1,1
0,1,1
0,1,1
0,1,1
0,0,1
0,1,1
0,1,1
0,1,1
0,0,1
0,1,1
0,1,1
0,1,1
0,1,1
0,1,1
0,0.8664266,1
0,0.8626088,1
0,1,1
0,1,1
0,1,1
0,1,1
0,1,1
0,0.7311411,1
0,1,1
0,0,1
0,0.7325832,1
0,1,1
0,0,1
0,0,0
0,0.8602709,1
0,1,1
0,1,1
0,1,1
0,1,1
0,1,1
0,0,1
0,1,1
0,0,1
0,1,1
0,1,1
0,1,1
0,0,0
0,1,1
0,0,1
0,1,1
0,1,1
0,1,1
0,0,1
0,0,1
0,1,1
0,0,1
0,1,1
0,0,0
0,0,1
0,1,1
0,1,1
0,0,0
0,1,1
0,0,0
0,1,1
0,1,1
0,1,1
0,0,0
0,1,1
0,1,1
0,1,1
0,0,1
0,1,1
0,1,1
0,0,1
0,1,1
0,1,1
0,1,1
0,1,1
0,0,1
0,1,1
0,1,1
0,0,1
0,0,1
0,1,1
0,1,1
0,1,1
0,0,1
0,1,1
0,1,1
0,0,1
0,1,1
0,1,1
0,1,1
0,0,1
0,0,1
0,1,1
0,1,1
0,1,1
0,0,0
0,1,1
0,1,1
0,1,1
0,1,1
0,1,1
0,1,1
0,1,1
0,1,1
0,1,1
0,0,1
0,0,1
0,1,1
0,1,1
0,1,1
0,1,1
0,0,0
0,1,1
0,1,1
0,1,1
0,1,1
0,1,1
0,0,1
0,0,0
0,1,1
0,1,1
0,0,0
0,0,1
0,1,1
0,0,1
0,0.7930869,1
0,1,1
0,1,1
0,1,1
0,1,1
0,1,1
0,1,1
0,1,1
0,0,1
0,1,1
0,0,0
0,0,0
0,0,1
0,0,1
0,1,1
0,1,1
0,0,0
0,1,1
0,0,1
0,0,1
0,0,1
0,0,0
0,0,1
0,1,1
0,1,1
0,0,1
0,1,1
0,0,1
0,1,1
0,0,1
0,1,1
0,1,1
0,1,1
0,1,1
0,1,1
0,1,1
0,0,0
0,1,1
0,1,1
0,0,1
0,0,1
0,1,1
0,1,1
0,1,1
0,0,1
0,0,0
0,1,1
0,1,1
0,0,0
0,1,1
0,1,1
0,1,1
0,0,1
0,0,1
0,0,0
0,1,1
0,1,1
0,1,1
0,0,1
0,1,1
0,0,1
0,0,1
0,0,1
0,0,1
0,0,0
0,1,1
0,0,1
0,1,1
0,0,0
0,1,1
0,1,1
0,1,1
0,1,1
0,1,1
0,0,0
0,1,1
0,1,1
0,0,0
0,1,1
0,1,1
0,0,1
0,1,1
0,1,1
0,1,1
0,1,1
0,0.8582143,1
0,0,0
0,1,1
0,0,0
0,1,1
0,0,1
0,1,1
0,1,1
0,0,0
0,1,1
0,1,1
0,1,1
0,1,1
0,1,1
0,0,1
0,0,1
0,1,1
0,1,1
0,1,1
0,1,1
0,1,1
0,1,1
0,0,1
0,1,1
0,1,1
0,0.736024,1
0,0,1
0,1,1
0,0,0
0,1,1
0,0,0
0,0,1
0,0.856671,1
0,1,1
0,0,0
0,0,1
0,1,1
0,0,1
0,1,1
0,1,1
0,0.8643465,1
0,1,1
0,1,1
0,1,1
0,0,1
0,0,1
0,0,0
0,1,1
0,1,1
0,1,1
0,1,1
0,0,1
0,0.8672544,1
0,1,1
0,1,1
0,1,1
0,1,1
0,1,1
0,1,1
0,0,1
0,1,1
0,1,1
0,1,1
0,0,1
0,1,1
0,1,1
0,1,1
0,1,1
0,1,1
0,1,1
0,0,0
0,1,1
0,0,0
0,1,1
0,1,1
0,1,1
0,0,1
0,1,1
0,1,1
0,1,1
0,1,1
0,1,1
0,1,1
0,1,1
0,0,1
0,0,1
0,0,1
0,0,1
0,1,1
0,0,1
0,1,1
0,1,1
0,0,0
0,1,1
0,0,1
0,1,1
0,1,1
0,0,1
0,1,1
0,0,0
0,1,1
0,1,1
0,1,1
0,1,1
0,1,1
0,0,1
0,1,1
0,0,0
0,0,1
0,1,1
0,0,1
0,1,1
0,1,1
0,1,1
0,1,1
0,0,1
0,1,1
0,1,1
0,0,1
0,1,1
0,1,1
0,1,1
0,1,1
0,1,1
0,1,1
0,1,1
0,1,1
0,1,1
0,1,1
0,1,1
0,0,1
0,1,1
0,0,1
0,0,1
0,1,1
0,1,1
0,1,1
0,1,1
0,1,1
0,0,1
0,1,1
0,1,1
0,1,1
0,1,1
0,1,1
0,0,0
0,1,1
0,0,1
0,1,1
0,0,1
0,1,1
0,1,1
0,1,1
0,1,1
0,1,1
0,1,1
0,1,1
0,1,1
0,0,1
0,1,1
0,1,1
0,1,1
0,1,1
0,1,1
0,0,1
0,1,1
0,1,1
0,0,1
0,0.873463,1
0,0,1
0,1,1
0,1,1
0,0,0
0,0,1
0,0,0
0,0,1
0,1,1
0,1,1
0,1,1
0,1,1
0,1,1
0,1,1
0,1,1
0,1,1
0,1,1
0,1,1
0,1,1
0,1,1
0,1,1
0,1,1
0,1,1
0,1,1
0,1,1
0,1,1
0,1,1
0,1,1
0,1,1
0,1,1
0,1,1
0,0,1
0,1,1
0,0,0
0,1,1
0,1,1
0,1,1
0,1,1
0,0,0
0,0,1
0,1,1
0,0,1
0,1,1
0,1,1
0,0,0
0,1,1
0,1,1
0,1,1
0,1,1
0,0,0
0,0,1
0,1,1
0,1,1
0,1,1
0,1,1
0,1,1
0,0,1
0,1,1
0,1,1
0,0,1
0,1,1
0,0,0
0,1,1
0,1,1
0,0,1
0,0,1
0,0,1
0,1,1
0,1,1
0,1,1
0,1,1
0,0,0
0,1,1
0,0,1
0,1,1
0,0,0
0,1,1
0,1,1
0,1,1
0,1,1
0,0,1
0,1,1
0,0,1
0,0,1
0,1,1
0,1,1
0,1,1
0,0.8627657,1
0,0,1
0,0,1
0,1,1
0,1,1
0,1,1
0,1,1
0,1,1
0,0,0
0,1,1
0,0,1
0,1,1
0,1,1
0,1,1
0,0,1
0,1,1
0,0,1
0,0,1
0,1,1
0,1,1
0,1,1
0,0,1
0,0,1
0,1,1
0,1,1
0,1,1
0,0,1
0,0,0
0,1,1
0,0,1
0,1,1
0,0,1
0,0,1
0,0.8538042,1
0,0,1
0,1,1
0,1,1
0,1,1
0,0,1
0,0,1
0,0,0
0,0,0
0,0,1
0,1,1
0,0,1
0,0,0
0,1,1
0,1,1
0,0,1
0,1,1
0,1,1
0,1,1
0,0,0
0,0,1
0,1,1
0,1,1
0,1,1
0,1,1
0,1,1
0,0,1
0,0,0
0,1,1
0,1,1
0,1,1
0,1,1
0,0,0
0,1,1
0,0,1
0,1,1
0,1,1
0,1,1
0,1,1
0,1,1
0,0,1
0,1,1
0,0,1
0,0,1
0,0,1
0,1,1
0,1,1
0,0,1
0,1,1
0,1,1
0,1,1
0,1,1
0,1,1
0,1,1
0,1,1
0,0,0
0,1,1
0,1,1
0,1,1
0,0,1
0,1,1
0,0,1
0,0,1
0,0,1
0,1,1
0,0.8673288,1
0,0,1
0,1,1
0,1,1
0,1,1
0,1,1
0,1,1
0,1,1
0,0,1
0,0,1
0,0,1
0,1,1
0,0,1
0,1,1
0,1,1
0,1,1
0,1,1
0,1,1
0,0.7823831,1
0,1,1
0,0,1
0,1,1
0,1,1
0,0,1
0,1,1
0,1,1
0,1,1
0,1,1
0,1,1
0,1,1
0,1,1
0,1,1
0,1,1
0,1,1
0,1,1
0,1,1
0,1,1
0,0,1
0,1,1
0,1,1
0,0.8621348,1
0,1,1
0,0,0
0,1,1
0,1,1
0,0,1
0,0,1
0,1,1
0,0,1
0,0,1
0,1,1
0,1,1
0,1,1
0,1,1
0,1,1
0,1,1
0,0,1
0,0,1
0,1,1
0,0,1
0,1,1
0,1,1
0,1,1
0,1,1
0,1,1
0,1,1
0,0,0
0,1,1
0,1,1
0,0.8481264,1
0,0,0
0,1,1
0,0,1
0,0,1
0,0,1
0,0,1
0,0,1
0,1,1
0,1,1
0,1,1
0,1,1
0,1,1
0,0,1
0,0,1
0,0,1
0,0,1
0,0,1
0,1,1
0,0,1
0,1,1
0,1,1
0,0,0
0,1,1
0,1,1
0,1,1
0,1,1
0,1,1
0,0,0
0,1,1
0,1,1
0,0,1
0,0,0
0,1,1
0,0,1
0,1,1
0,1,1
0,1,1
0,0,1
0,1,1
0,0,1
0,0,0
0,1,1
0,1,1
0,1,1
0,1,1
0,0,0
0,0,1
0,0,1
0,0,1
0,1,1
0,0,1
0,0.8589476,1
0,0,1
0,1,1
0,0,1
0,0,0
0,0.8668367,1
0,1,1
0,1,1
0,1,1
0,1,1
0,1,1
0,1,1
0,0,1
0,1,1
0,1,1
0,1,1
0,0,1
0,1,1
0,1,1
0,1,1
0,0,0
0,1,1
0,1,1
0,0,1
0,1,1
0,1,1
0,0,1
0,1,1
0,1,1
0,0,1
0,1,1
0,1,1
0,1,1
0,1,1
0,1,1
0,0,1
0,1,1
0,1,1
0,1,1
0,0,1
0,1,1
0,0,1
0,0,1
0,1,1
0,1,1
0,0,1
0,1,1
0,0,1
0,1,1
0,0,1
0,1,1
0,1,1
0,1,1
0,1,1
0,0,0
0,0,1
0,0,1
0,1,1
0,1,1
0,1,1
0,1,1
0,0,0
0,1,1
0,1,1
0,1,1
0,1,1
0,1,1
0,1,1
0,0,1
0,1,1
0,1,1
0,1,1
0,1,1
0,1,1
0,0,0
0,0,1
0,1,1
0,1,1
0,1,1
0,1,1
0,0,1
0,0,1
0,0,1
0,1,1
0,0,1
0,1,1
0,1,1
0,0,1
0,0,1
0,0,1
0,1,1
0,1,1
0,1,1
0,0,0
0,0,1
0,1,1
0,1,1
0,1,1
0,1,1
0,1,1
0,1,1
0,1,1
0,1,1
0,1,1
0,0,1
0,1,1
0,1,1
0,1,1
0,1,1
0,1,1
0,1,1
0,1,1
0,1,1
0,1,1
0,0,1
0,0,1
0,0,1
0,1,1
0,1,1
0,1,1
0,1,1
0,1,1
0,1,1
0,1,1
0,1,1
0,1,1
0,1,1
0,1,1
0,1,1
0,0,0
0,0,1
0,1,1
0,0,1
0,1,1
0,1,1
0,1,1
0,1,1
0,0,1
0,0,1
0,0,1
0,1,1
0,1,1
0,1,1
0,0,1
0,0,1
0,0,1
0,1,1
0,1,1
0,0,1
0,1,1
0,1,1
0,1,1
0,0,1
0,1,1
0,0,1
0,0,1
0,1,1
0,1,1
0,1,1
0,1,1
0,0,1
0,1,1
0,0,1
0,1,1
0,1,1
0,0,0
0,0,0
0,1,1
0,0.744891,1
0,1,1
0,1,1
0,1,1
0,0,1
0,0.8746938,1
0,0,1
0,1,1
0,0,1
0,0,1
0,1,1
0,1,1
0,1,1
0,1,1
0,0,1
0,1,1
0,1,1
0,1,1
0,1,1
0,0,1
0,1,1
0,1,1
0,0,0
0,1,1
0,1,1
0,0,1
0,0,1
0,0,1
0,0,1
0,0.8637806,1
0,1,1
0,0,1
0,1,1
0,1,1
0,0,0
0,1,1
0,1,1
0,1,1
0,0,1
0,1,1
0,1,1
0,1,1
0,0,0
0,1,1
0,1,1
0,1,1
0,1,1
0,1,1
0,1,1
0,1,1
0,0.8719944,1
0,0,1
0,1,1
0,0,0
0,1,1
0,1,1
0,1,1
0,1,1
0,1,1
0,1,1
0,1,1
0,1,1
0,1,1
0,0,0
0,0,1
0,0.8112916,1
0,1,1
0,1,1
0,0,1
0,0,0
0,1,1
0,1,1
0,0,0
0,0,0
0,1,1
0,1,1
0,0,1
0,1,1
0,1,1
0,0,1
0,1,1
0,0,1
0,1,1
0,0,1
0,0,1
0,0,0
0,1,1
0,1,1
0,1,1
0,1,1
0,1,1
0,1,1
0,1,1
0,0,1
0,1,1
0,1,1
0,0,0
0,1,1
0,1,1
0,0,1
0,1,1
0,0,1
0,0,1
0,1,1
0,1,1
0,1,1
0,0,0
0,1,1
0,0.8703543,1
0,1,1
0,1,1
0,1,1
0,1,1
0,1,1
0,1,1
0,1,1
0,1,1
0,0,1
0,1,1
0,0,1
0,1,1
0,1,1
0,1,1
0,1,1
0,1,1
0,1,1
0,1,1
0,1,1
0,0,1
0,1,1
0,0,0
0,1,1
0,1,1
0,1,1
0,1,1
0,1,1
0,1,1
0,1,1
0,1,1
0,0,1
0,1,1
0,1,1
0,1,1
0,1,1
0,1,1
0,1,1
0,1,1
0,1,1
0,1,1
0,1,1
0,1,1
0,1,1
0,1,1
0,0,1
0,1,1
0,1,1
0,1,1
0,1,1
0,1,1
0,1,1
0,1,1
0,1,1
0,0.8616651,1
0,1,1
0,1,1
0,0,1
0,0,0
0,1,1
0,1,1
0,0,1
0,1,1
0,0.859341,1
0,0,1
0,1,1
0,0,1
0,1,1
0,0.7541412,1
0,1,1
0,0,1
0,1,1
0,1,1
0,0,1
0,0,0
0,1,1
0,1,1
0,1,1
0,0.8670217,1
0,1,1
0,1,1
0,0,1
0,0,1
0,0,0
0,0,0
0,1,1
0,0,0
0,1,1
0,1,1
0,1,1
0,0,0
0,0,0
0,1,1
0,1,1
0,1,1
0,1,1
0,1,1
0,1,1
0,1,1
0,1,1
0,1,1
0,1,1
0,1,1
0,0,0
0,1,1
0,0,1
0,0,1
0,0,0
0,0,0
0,1,1
0,0,1
0,1,1
0,0,1
0,1,1
0,0,0
0,0,0
0,1,1
0,0,1
0,1,1
0,1,1
0,1,1
0,1,1
0,1,1
0,1,1
0,1,1
0,1,1
0,0,0
0,1,1
0,1,1
0,0,0
0,1,1
0,1,1
0,0.8742788,1
0,1,1
0,0,0
0,0,1
0,1,1
0,0,1
0,1,1
0,0,0
0,1,1
0,0,1
0,0,1
0,1,1
0,1,1
0,0,0
0,1,1
0,0,0
0,0,1
0,0,1
0,0,0
0,1,1
0,1,1
0,1,1
0,0.8642873,1
0,1,1
0,1,1
0,1,1
0,1,1
0,0,0
0,0,1
0,0,0
0,1,1
0,1,1
0,0,1
0,1,1
0,1,1
0,1,1
0,1,1
0,0,1
0,1,1
0,1,1
0,1,1
0,0,0
0,1,1
0,0,1
0,1,1
0,1,1
0,1,1
0,1,1
0,1,1
0,1,1
0,1,1
0,0,1
0,1,1
0,1,1
0,0,1
0,1,1
0,1,1
0,1,1
0,1,1
0,1,1
0,1,1
0,0.8794883,1
0,0.864138,1
0,0,0
0,1,1
0,1,1
0,0.781268,1
0,1,1
0,1,1
0,1,1
0,1,1
0,0,0
0,1,1
0,1,1
0,1,1
0,1,1
0,0,1
0,1,1
0,1,1
0,0,1
0,0,1
0,1,1
0,1,1
0,1,1
0,1,1
0,1,1
0,1,1
0,0,1
0,1,1
0,0,1
0,1,1
0,1,1
0,1,1
0,1,1
0,1,1
0,1,1
0,1,1
0,1,1
0,1,1
0,0.8580754,1
0,0,1
0,0,1
0,1,1
0,1,1
0,1,1
0,1,1
0,0.8649238,1
0,0.8653911,1
0,0,1
0,0,0
0,0,1
0,1,1
0,1,1
0,1,1
0,0,1
0,0,1
0,1,1
0,1,1
0,0.8693753,1
0,1,1
0,0,1
0,1,1
0,1,1
0,0,1
0,1,1
0,1,1
0,0,1
0,1,1
0,1,1
0,0,1
0,1,1
0,0,1
0,0,0
0,1,1
0,0,1
0,1,1
0,0,0
0,1,1
0,0,1
0,1,1
0,0,1
0,0,1
0,1,1
0,1,1
0,0,1
0,1,1
0,0,1
0,0,1
0,0,0
0,0,1
0,0,1
0,0,1
0,0,1
0,0,1
0,0.8743025,1
0,0,1
0,0,1
0,0.7322749,1
0,0,1
0,0,1
0,0,1
0,1,1
0,1,1
0,0,1
0,0,1
0,0.8613329,1
0,0,1
0,0,1
0,0,1
0,0,1
0,0,1
0,0,1
0,0,1
0,0,1
0,0,1
0,0,1
0,1,1
0,0,1
0,1,1
0,1,1
0,0,0
0,1,1
0,1,1
0,0,1
0,0,1
0,0,0
0,1,1
0,0,1
0,0,0
0,0,0
0,1,1
0,1,1
0,1,1
0,1,1
0,1,1
0,1,1
0,0,1
0,1,1
0,0,1
0,1,1
0,1,1
0,1,1
0,1,1
0,1,1
0,0,1
0,0.8667732,1
0,1,1
0,1,1
0,1,1
0,1,1
0,1,1
0,1,1
0,1,1
0,1,1
0,0,1
0,0,1
0,1,1
0,1,1
0,1,1
0,1,1
0,1,1
0,0,0
0,1,1
0,1,1
0,1,1
0,1,1
0,0,1
0,1,1
0,1,1
0,0.8571049,1
0,0,1
0,1,1
0,0,1
0,1,1
0,0,0
0,0,0
0,1,1
0,1,1
0,1,1
0,0,1
0,1,1
0,0,0
0,1,1
0,1,1
0,1,1
0,1,1
0,0,1
0,1,1
0,0,1
0,1,1
0,0,0
0,1,1
0,1,1
0,0,1
0,0,1
0,1,1
0,1,1
0,1,1
0,1,1
0,0,1
0,0,0
0,0,1
0,0,1
0,1,1
0,1,1
0,1,1
0,1,1
0,1,1
0,1,1
0,1,1
0,1,1
0,0,1
0,0,0
0,0,0
0,0,1
0,1,1
0,1,1
0,1,1
0,0,1
0,0,0
0,1,1
0,0,1
0,0,1
0,1,1
0,1,1
0,0,1
0,1,1
0,1,1
0,1,1
0,1,1
0,1,1
0,0,1
0,0,1
0,1,1
0,1,1
0,1,1
0,1,1
0,0.941191,1
0,1,1
0,0.8597878,1
0,1,1
0,1,1
0,1,1
0,1,1
0,1,1
0,1,1
0,1,1
0,1,1
0,0,1
0,1,1
0,1,1
0,1,1
0,0,0
0,1,1
0,1,1
0,1,1
0,0,1
0,1,1
0,1,1
0,1,1
0,1,1
0,1,1
0,1,1
0,1,1
0,0.8626598,1
0,0,1
0,0,1
0,1,1
0,1,1
0,1,1
0,0.8527189,1
0,0,1
0,1,1
0,1,1
0,0,1
0,1,1
0,0,1
0,1,1
0,0,0
0,1,1
0,0,1
0,1,1
0,0,1
0,0,1
0,1,1
0,0,1
0,1,1
0,1,1
0,1,1
0,0,1
0,1,1
0,0,1
0,0,1
0,1,1
0,1,1
0,0,1
0,0,1
0,1,1
0,1,1
0,0,1
0,1,1
0,1,1
0,0,1
0,1,1
0,0,1
0,0.859888,1
0,1,1
0,0,1
0,1,1
0,1,1
0,1,1
0,1,1
0,1,1
0,0,1
0,0,1
0,1,1
0,0,1
0,1,1
0,1,1
0,1,1
0,1,1
0,1,1
0,1,1
0,1,1
0,0,1
0,1,1
0,0,1
0,0,1
0,0,1
0,1,1
0,1,1
0,1,1
0,0,1
0,1,1
0,1,1
0,1,1
0,0,1
0,1,1
0,1,1
0,1,1
0,0,1
0,1,1
0,0.7225682,1
0,1,1
0,1,1
0,1,1
0,0,1
0,0,1
0,1,1
0,0,1
0,1,1
0,1,1
0,1,1
0,1,1
0,1,1
0,0,0
0,1,1
0,0,1
0,1,1
0,1,1
0,1,1
0,1,1
0,1,1
0,0,0
0,1,1
0,1,1
0,1,1
0,1,1
0,1,1
0,1,1
0,0,1
0,1,1
0,1,1
0,0,1
0,0.8692491,1
0,1,1
0,1,1
0,0,0
0,1,1
0,1,1
0,1,1
0,1,1
0,1,1
0,0.8671588,1
0,0,1
0,0,1
0,1,1
0,0,0
0,1,1
0,1,1
0,0,1
0,0,0
0,1,1
0,0,0
0,1,1
0,0,1
0,1,1
0,1,1
0,1,1
0,1,1
0,0,0
0,1,1
0,0,1
0,0,1
0,1,1
0,0,1
0,1,1
0,0.8874213,1
0,0,1
0,1,1
0,1,1
0,1,1
0,1,1
0,0,1
0,0,1
0,0,1
0,1,1
0,0.864379,1
0,1,1
0,0,1
0,0,1
0,1,1
0,0,0
0,1,1
0,1,1
0,1,1
0,1,1
0,1,1
0,0,1
0,0,0
0,0.8673856,1
0,1,1
0,1,1
0,0,0
0,1,1
0,0,1
0,0,1
0,0.8657066,1
0,1,1
0,1,1
0,1,1
0,0,1
0,1,1
0,1,1
0,0.8608462,1
0,0,1
0,1,1
0,1,1
0,0,1
0,1,1
0,1,1
0,1,1
0,0,0
0,0,0
0,1,1
0,1,1
0,0,1
0,1,1
0,1,1
0,0,1
0,1,1
0,1,1
0,0,0
0,1,1
0,0.8754679,1
0,0,0
0,1,1
0,1,1
0,1,1
0,0,0
0,1,1
0,1,1
0,1,1
0,0,1
0,1,1
0,1,1
0,0,0
0,1,1
0,0,1
0,1,1
0,1,1
0,0,1
0,1,1
0,0.8616618,1
0,0,1
0,0,1
0,1,1
0,0,1
0,1,1
0,0,0
0,1,1
0,0,0
0,1,1
0,1,1
0,1,1
0,0.8570641,1
0,0,1
0,0,1
0,1,1
0,1,1
0,1,1
0,1,1
0,1,1
0,1,1
0,1,1
0,1,1
0,1,1
0,0,1
0,0,1
0,1,1
0,0,1
0,0.8645543,1
0,1,1
0,1,1
0,1,1
0,0,1
0,0,1
0,0.8691624,1
0,1,1
0,0,1
0,1,1
0,0,1
0,1,1
0,1,1
0,0.8654453,1
0,1,1
0,1,1
0,0,0
0,0,1
0,0,1
0,1,1
0,1,1
0,1,1
0,1,1
0,0,1
0,0,1
0,1,1
0,1,1
0,1,1
0,1,1
0,1,1
0,1,1
0,1,1
0,0,0
0,1,1
0,0,1
0,0,0
0,1,1
0,1,1
0,0,1
0,1,1
0,1,1
0,1,1
0,1,1
0,1,1
0,1,1
0,1,1
0,0,0
0,1,1
0,1,1
0,1,1
0,1,1
0,1,1
0,1,1
0,1,1
0,1,1
0,1,1
0,0,1
0,0,1
0,1,1
0,0,0
0,1,1
0,1,1
0,0,0
0,1,1
0,1,1
0,1,1
0,1,1
0,1,1
0,1,1
0,0,0
0,0,1
0,1,1
0,1,1
0,0,1
0,1,1
0,1,1
0,1,1
0,0,1
0,1,1
0,0,1
0,1,1
0,1,1
0,1,1
0,0,0
0,1,1
0,1,1
0,1,1
0,1,1
0,1,1
0,0,0
0,1,1
0,1,1
0,1,1
0,1,1
0,1,1
0,1,1
0,0,0
0,1,1
0,1,1
0,0,0
0,1,1
0,1,1
0,1,1
0,1,1
0,1,1
0,0.8671967,1
0,1,1
0,1,1
0,1,1
0,1,1
0,0,1
0,0,1
0,0,1
0,0,1
0,0,1
0,1,1
0,0,0
0,1,1
0,0,0
0,1,1
0,1,1
0,1,1
0,1,1
0,1,1
0,1,1
0,1,1
0,1,1
0,1,1
0,1,1
0,1,1
0,1,1
0,1,1
0,1,1
0,1,1
0,0.8594629,1
0,1,1
0,0,1
0,1,1
0,1,1
0,0,1
0,1,1
0,1,1
0,1,1
0,1,1
0,0,1
0,1,1
0,1,1
0,0,1
0,1,1
0,0.8666571,1
0,0,1
0,1,1
0,1,1
0,0,1
0,0,1
0,1,1
0,1,1
0,1,1
0,0,1
0,1,1
0,0,1
0,0,0
0,1,1
0,1,1
0,1,1
0,1,1
0,1,1
0,1,1
0,0,0
0,1,1
0,0.7419122,1
0,1,1
0,0,0
0,1,1
0,1,1
0,0,0
0,0,1
0,0,1
0,1,1
0,1,1
0,0,0
0,1,1
0,1,1
0,1,1
0,1,1
0,1,1
0,1,1
0,1,1
0,1,1
0,1,1
0,0,1
0,0,1
0,1,1
0,0,1
0,0,1
0,0,0
0,1,1
0,0,0
0,1,1
0,1,1
0,1,1
0,0,1
0,0,1
0,0,1
0,1,1
0,1,1
0,1,1
0,1,1
0,1,1
0,0,1
0,0,0
0,1,1
0,0,1
0,1,1
0,1,1
0,1,1
0,1,1
0,1,1
0,0.8616968,1
0,1,1
0,1,1
0,1,1
0,1,1
0,1,1
0,1,1
0,0.8078383,1
0,1,1
0,0,1
0,1,1
0,1,1
0,0,0
0,0,1
0,1,1
0,1,1
0,0,1
0,1,1
0,1,1
0,1,1
0,0,0
0,1,1
0,0,1
0,0,0
0,1,1
0,0,1
0,1,1
0,1,1
0,1,1
0,1,1
0,0,0
0,0,0
0,1,1
0,1,1
0,0,1
0,1,1
0,1,1
0,0,0
0,1,1
0,0,1
0,1,1
0,0,0
0,1,1
0,1,1
0,1,1
0,1,1
0,0,1
0,0,0
0,1,1
0,1,1
0,1,1
0,1,1
0,1,1
0,1,1
0,1,1
0,0,0
0,0,1
0,1,1
0,1,1
0,1,1
0,1,1
0,0,0
0,1,1
0,1,1
0,0,1
0,1,1
0,1,1
0,1,1
0,0,1
0,0,1
0,0,1
0,1,1
0,0,1
0,1,1
0,0,1
0,1,1
0,1,1
0,0,1
0,1,1
0,0,1
0,0,1
0,0,1
0,0,1
0,0,0
0,0,0
0,1,1
0,0,1
0,1,1
0,1,1
0,1,1
0,1,1
0,1,1
0,1,1
0,1,1
0,0,1
0,0,1
0,1,1
0,1,1
0,1,1
0,0.8617309,1
0,1,1
0,1,1
0,0,0
0,1,1
0,1,1
0,1,1
0,1,1
0,1,1
0,1,1
0,1,1
0,1,1
0,0,0
0,1,1
0,1,1
0,1,1
0,1,1
0,0,1
0,0,1
0,1,1
0,1,1
0,1,1
0,1,1
0,1,1
0,0,1
0,0,0
0,0,1
0,1,1
0,0,1
0,0,1
0,1,1
0,1,1
0,1,1
0,0,1
0,1,1
0,1,1
0,1,1
0,0,1
0,1,1
0,0,1
0,1,1
0,1,1
0,1,1
0,1,1
0,1,1
0,1,1
0,1,1
0,1,1
0,1,1
0,1,1
0,1,1
0,1,1
0,0,0
0,1,1
0,1,1
0,1,1
0,1,1
0,0.8198373,1
0,1,1
0,0.8606049,1
0,1,1
0,1,1
0,1,1
0,1,1
0,1,1
0,0,1
0,1,1
0,1,1
0,0,0
0,1,1
0,1,1
0,0,0
0,1,1
0,1,1
0,0,1
0,1,1
0,1,1
0,1,1
0,1,1
0,0.8619388,1
0,1,1
0,1,1
0,1,1
0,1,1
0,1,1
0,1,1
0,0.8553411,1
0,1,1
0,0,1
0,1,1
0,1,1
0,1,1
0,1,1
0,1,1
0,1,1
0,0.7603623,1
0,0,1
0,1,1
0,0,1
0,1,1
0,1,1
0,0,1
0,1,1
0,1,1
0,1,1
0,1,1
0,0,1
0,1,1
0,1,1
0,0,0
0,0,1
0,1,1
0,1,1
0,1,1
0,1,1
0,0.8610224,1
0,1,1
0,1,1
0,1,1
0,1,1
0,1,1
0,1,1
0,1,1
0,1,1
0,1,1
0,1,1
0,1,1
0,0,1
0,0,1
0,1,1
0,1,1
0,1,1
0,1,1
0,0,1
0,0.7414482,1
0,1,1
0,0,0
0,1,1
0,0,1
0,1,1
0,1,1
0,0.8643395,1
0,1,1
0,1,1
0,1,1
0,1,1
0,1,1
0,1,1
0,1,1
0,1,1
0,1,1
0,1,1
0,1,1
0,1,1
0,0,1
0,0,1
0,1,1
0,1,1
0,0,1
0,1,1
0,1,1
0,0,1
0,1,1
0,1,1
0,1,1
0,1,1
0,1,1
0,1,1
0,1,1
0,0,1
0,0,1
0,0,0
0,0,1
0,1,1
0,1,1
0,1,1
0,1,1
0,1,1
0,0,1
0,0,1
0,1,1
0,1,1
0,1,1
0,1,1
0,0,1
0,1,1
0,1,1
0,1,1
0,0,1
0,1,1
0,1,1
0,0,1
0,1,1
0,0,1
0,1,1
0,1,1
0,0,0
0,0,1
0,0.8572842,1
0,1,1
0,1,1
0,0.74318,1
0,0,1
0,1,1
0,1,1
0,1,1
0,1,1
0,1,1
0,1,1
0,1,1
0,1,1
0,1,1
0,1,1
0,1,1
0,0,1
0,0,1
0,1,1
0,1,1
0,1,1
0,1,1
0,1,1
0,0,1
0,0,1
0,1,1
0,0,1
0,0,1
0,0,0
0,1,1
0,1,1
0,1,1
0,1,1
0,1,1
0,0,0
0,1,1
0,1,1
0,1,1
0,1,1
0,0.7196237,1
0,1,1
0,1,1
0,1,1
0,0.8646823,1
0,1,1
0,1,1
0,0,1
0,1,1
0,0.8646132,1
0,0,1
0,1,1
0,1,1
0,1,1
0,1,1
0,1,1
0,1,1
0,1,1
0,0,1
0,1,1
0,1,1
0,0,1
0,1,1
0,1,1
0,0,0
0,0,1
0,1,1
0,1,1
0,1,1
0,0,1
0,0,1
0,1,1
0,1,1
0,1,1
0,0,1
0,1,1
0,1,1
0,1,1
0,0,1
0,0,0
0,1,1
0,1,1
0,1,1
0,1,1
0,0,0
0,1,1
0,1,1
0,0,0
0,1,1
0,1,1
0,0,0
0,1,1
0,1,1
0,1,1
0,1,1
0,0,1
0,1,1
0,1,1
0,1,1
0,1,1
0,1,1
0,1,1
0,1,1
0,0,1
0,0,1
0,1,1
0,1,1
0,1,1
0,1,1
0,0,1
0,1,1
0,0,0
0,1,1
0,1,1
0,1,1
0,1,1
0,1,1
0,0,1
0,1,1
0,1,1
0,1,1
0,1,1
0,1,1
0,1,1
0,1,1
0,1,1
0,1,1
0,0,1
0,1,1
0,1,1
0,1,1
0,1,1
0,0,1
0,1,1
0,1,1
0,0,1
0,0,1
0,1,1
0,0,1
0,1,1
0,1,1
0,1,1
0,0,1
0,1,1
0,1,1
0,0,0
0,1,1
0,1,1
0,0.8623861,1
0,0,1
0,0,1
0,1,1
0,1,1
0,1,1
0,0,1
0,1,1
0,0,1
0,0,1
0,1,1
0,0,1
0,0,0
0,1,1
0,1,1
0,0,1
0,1,1
0,1,1
0,0,1
0,1,1
0,1,1
0,1,1
0,0,1
0,1,1
0,0,1
0,1,1
0,0,0
0,1,1
0,1,1
0,1,1
0,1,1
0,1,1
0,1,1
0,0,0
0,1,1
0,1,1
0,1,1
0,1,1
0,1,1
0,0,1
0,1,1
0,0,0
0,0,1
0,0,1
0,0,0
0,1,1
0,1,1
0,0,0
0,0.8628012,1
0,1,1
0,1,1
0,1,1
0,1,1
0,1,1
0,0,1
0,0,1
0,1,1
0,1,1
0,1,1
0,1,1
0,1,1
0,0,1
0,1,1
0,1,1
0,1,1
0,0,1
0,1,1
0,1,1
0,1,1
0,0,1
0,0,1
0,1,1
0,0,1
0,1,1
0,0,1
0,1,1
0,1,1
0,1,1
0,1,1
0,1,1
0,1,1
0,1,1
0,1,1
0,1,1
0,0,1
0,1,1
0,1,1
0,1,1
0,1,1
0,0,1
0,0,1
0,1,1
0,1,1
0,1,1
0,1,1
0,1,1
0,0,1
0,1,1
0,0,0
0,0,1
0,1,1
0,1,1
0,0,1
0,0.9961993,1
0,0,1
0,1,1
0,0,1
0,1,1
0,0.8534433,1
0,1,1
0,1,1
0,0,0
0,0,0
0,1,1
0,0,0
0,1,1
0,0,1
0,1,1
0,0,1
0,0,1
0,0,1
0,1,1
0,1,1
0,1,1
0,1,1
0,1,1
0,1,1
0,1,1
0,1,1
0,1,1
0,1,1
0,1,1
0,1,1
0,1,1
0,1,1
0,1,1
0,1,1
0,1,1
0,0,1
0,0,1
0,1,1
0,1,1
0,1,1
0,1,1
0,0,1
0,0.8597242,1
0,0,1
0,1,1
0,1,1
0,1,1
0,1,1
0,1,1
0,1,1
0,1,1
0,1,1
0,1,1
0,1,1
0,0,0
0,1,1
0,0,1
0,1,1
0,0,0
0,1,1
0,1,1
0,1,1
0,1,1
0,0,1
0,1,1
0,1,1
0,1,1
0,1,1
0,1,1
0,1,1
0,1,1
0,1,1
0,1,1
0,1,1
0,1,1
0,1,1
0,1,1
0,1,1
0,1,1
0,0,1
0,1,1
0,0,1
0,1,1
0,1,1
0,0,1
0,1,1
0,1,1
0,1,1
0,0,1
0,1,1
0,1,1
0,1,1
0,1,1
0,1,1
0,0,1
0,0.8628949,1
0,1,1
0,0,1
0,1,1
0,1,1
0,1,1
0,1,1
0,1,1
0,1,1
0,1,1
0,0,1
0,0,1
0,1,1
0,0,1
0,0,1
0,1,1
0,0.8659064,1
0,1,1
0,1,1
0,1,1
0,0,1
0,0,1
0,1,1
0,1,1
0,0.8917962,1
0,1,1
0,1,1
0,1,1
0,1,1
0,1,1
0,1,1
0,1,1
0,1,1
0,0,1
0,1,1
0,0,0
0,1,1
0,0,1
0,1,1
0,1,1
0,1,1
0,1,1
0,0,0
0,0,0
0,0,1
0,0,1
0,0,1
0,0,0
0,0,1
0,1,1
0,0,1
0,1,1
0,1,1
0,1,1
0,0,1
0,1,1
0,1,1
0,1,1
0,0,1
0,1,1
0,1,1
0,1,1
0,0,1
0,0,1
0,1,1
0,1,1
0,1,1
0,1,1
0,1,1
0,1,1
0,0,1
0,1,1
0,1,1
0,1,1
0,1,1
0,0,1
0,0,0
0,1,1
0,0,0
0,1,1
0,0,0
0,0,1
0,1,1
0,0,0
0,1,1
0,0,1
0,1,1
0,1,1
0,1,1
0,1,1
0,1,1
0,1,1
0,0,1
0,0,1
0,1,1
0,1,1
0,1,1
0,1,1
0,0.8591801,1
0,0,1
0,1,1
0,0.8666432,1
0,1,1
0,1,1
0,1,1
0,1,1
0,1,1
0,1,1
0,1,1
0,1,1
0,1,1
0,1,1
0,1,1
0,1,1
0,1,1
0,1,1
0,1,1
0,1,1
0,1,1
0,1,1
0,0,0
0,1,1
0,0,1
0,1,1
0,0,1
0,1,1
0,0,1
0,1,1
0,1,1
0,1,1
0,1,1
0,1,1
0,1,1
0,0,1
0,1,1
0,1,1
0,1,1
0,1,1
0,1,1
0,0,1
0,1,1
0,1,1
0,1,1
0,1,1
0,0,1
0,1,1
0,1,1
0,1,1
0,1,1
0,1,1
0,0,0
0,1,1
0,1,1
0,0.8611017,1
0,1,1
0,1,1
0,0,1
0,0,1
0,0,1
0,1,1
0,1,1
0,1,1
0,1,1
0,1,1
0,1,1
0,0,1
0,0.8648313,1
0,1,1
0,1,1
0,0,1
0,0,1
0,1,1
0,1,1
0,1,1
0,1,1
0,1,1
0,0,1
0,1,1
0,1,1
0,0,0
0,1,1
0,0,1
0,1,1
0,1,1
0,0,1
0,1,1
0,0,1
0,1,1
0,0,1
0,1,1
0,1,1
0,1,1
0,1,1
0,0,1
0,0,1
0,1,1
0,0,1
0,1,1
0,1,1
0,1,1
0,0,1
0,1,1
0,1,1
0,1,1
0,0,1
0,1,1
0,1,1
0,1,1
0,1,1
0,0,0
0,0.7578212,1
0,0,1
0,1,1
0,0,1
0,1,1
0,1,1
0,0,1
0,1,1
0,1,1
0,1,1
0,1,1
0,1,1
0,1,1
0,1,1
0,1,1
0,0,0
0,1,1
0,1,1
0,1,1
0,1,1
0,1,1
0,0,1
0,1,1
0,0,1
0,1,1
0,1,1
0,0,1
0,1,1
0,1,1
0,1,1
0,1,1
0,0.732913,1
0,1,1
0,1,1
0,1,1
0,1,1
0,1,1
0,1,1
0,1,1
0,1,1
0,1,1
0,1,1
0,1,1
0,0,1
0,1,1
0,1,1
0,1,1
0,1,1
0,1,1
0,0,1
0,1,1
0,1,1
0,1,1
0,1,1
0,1,1
0,1,1
0,1,1
0,1,1
0,1,1
0,1,1
0,0,1
0,1,1
0,1,1
0,0,1
0,0,0
0,0,1
0,1,1
0,1,1
0,1,1
0,0,1
0,1,1
0,0,0
0,1,1
0,0,0
0,1,1
0,0.7230557,1
0,1,1
0,0,0
0,1,1
0,1,1
0,0,1
0,1,1
0,1,1
0,1,1
0,1,1
0,0,1
0,1,1
0,0,1
0,0,1
0,1,1
0,1,1
0,1,1
0,1,1
0,0,1
0,1,1
0,1,1
0,1,1
0,0,1
0,0,1
0,1,1
0,1,1
0,1,1
0,1,1
0,1,1
0,1,1
0,0.8648721,1
0,1,1
0,1,1
0,1,1
0,1,1
0,0,1
0,0,1
0,1,1
0,1,1
0,0,0
0,1,1
0,0,0
0,0,0
0,0,1
0,0,1
0,1,1
0,1,1
0,1,1
0,0,1
0,1,1
0,1,1
0,1,1
0,1,1
0,1,1
0,0,0
0,1,1
0,1,1
0,1,1
0,1,1
0,0,0
0,1,1
0,1,1
0,0.7121795,1
0,1,1
0,0.8633066,1
0,1,1
0,1,1
0,1,1
0,1,1
0,1,1
0,1,1
0,1,1
0,1,1
0,0,1
0,1,1
0,1,1
0,0,1
0,1,1
0,0,1
0,0,1
0,1,1
0,1,1
0,1,1
0,1,1
0,0,0
0,1,1
0,1,1
0,1,1
0,0,0
0,1,1
0,1,1
0,1,1
0,0,1
0,0,1
0,1,1
0,0,0
0,1,1
0,1,1
0,0,1
0,1,1
0,1,1
0,1,1
0,1,1
0,0,1
0,0,1
0,1,1
0,1,1
0,1,1
0,0,1
0,1,1
0,0,1
0,1,1
0,0,0
0,1,1
0,1,1
0,1,1
0,1,1
0,1,1
0,1,1
0,0.7176008,1
0,1,1
0,1,1
0,1,1
0,1,1
0,1,1
0,1,1
0,1,1
0,1,1
0,1,1
0,0,1
0,1,1
0,1,1
0,0,0
0,1,1
0,1,1
0,1,1
0,1,1
0,1,1
0,1,1
0,0,1
0,0,0
0,0,1
0,0,0
0,1,1
0,1,1
0,1,1
0,0,0
0,1,1
0,1,1
0,1,1
0,1,1
0,0.8599769,1
0,0,1
0,1,1
0,0,1
0,1,1
0,1,1
0,1,1
0,1,1
0,0,0
0,1,1
0,1,1
0,1,1
0,1,1
0,0,0
0,1,1
0,0,1
0,1,1
0,1,1
0,0,1
0,1,1
0,1,1
0,1,1
0,1,1
0,1,1
0,0,1
0,1,1
0,0,1
0,1,1
0,0,1
0,0,1
0,0,1
0,1,1
0,0,1
0,0.7190331,1
0,1,1
0,1,1
0,1,1
0,1,1
0,0,0
0,1,1
0,0,1
0,1,1
0,1,1
0,1,1
0,0,1
0,0,1
0,1,1
0,1,1
0,1,1
0,1,1
0,1,1
0,1,1
0,1,1
0,1,1
0,1,1
0,0,0
0,1,1
0,1,1
0,1,1
0,0,1
0,1,1
0,1,1
0,1,1
0,1,1
0,0,1
0,0,1
0,0,1
0,1,1
0,1,1
0,1,1
0,1,1
0,1,1
0,0,1
0,1,1
0,0,1
0,0,1
0,1,1
0,1,1
0,0,0
0,1,1
0,1,1
0,1,1
0,1,1
0,1,1
0,1,1
0,0.7449101,1
0,1,1
0,1,1
0,1,1
0,1,1
0,1,1
0,0,1
0,1,1
0,1,1
0,0,1
0,1,1
0,0.8574625,1
0,1,1
0,1,1
0,0,0
0,1,1
0,1,1
0,0,1
0,0,1
0,1,1
0,1,1
0,1,1
0,1,1
0,1,1
0,0,1
0,0,1
0,0,0
0,0,1
0,1,1
0,1,1
0,1,1
0,1,1
0,1,1
0,1,1
0,0,1
0,1,1
0,0.7242528,1
0,1,1
0,1,1
0,0,0
0,1,1
0,1,1
0,1,1
0,1,1
0,0,1
0,0,1
0,0,1
0,1,1
0,1,1
0,0,1
0,1,1
0,1,1
0,1,1
0,1,1
0,1,1
0,1,1
0,1,1
0,1,1
0,1,1
0,0,1
0,0,0
0,1,1
0,0,0
0,1,1
0,1,1
0,0,1
0,1,1
0,1,1
0,1,1
0,1,1
0,1,1
0,0,1
0,1,1
0,1,1
0,1,1
0,1,1
0,0,0
0,0,1
0,1,1
0,1,1
0,1,1
0,1,1
0,1,1
0,1,1
0,1,1
0,1,1
0,0,1
0,0,0
0,1,1
0,1,1
0,1,1
0,1,1
0,0,1
0,0,1
0,1,1
0,1,1
0,0,1
0,1,1
0,1,1
0,1,1
0,1,1
0,1,1
0,0,0
0,1,1
0,0,0
0,0,0
0,1,1
0,0,0
0,0,1
0,0,0
0,0,0
0,1,1
0,0,1
0,0,1
0,1,1
0,1,1
0,1,1
0,1,1
0,0,0
0,1,1
0,0,1
0,0,1
0,0,1
0,0.86101,1
0,0.8701513,1
0,0,1
0,0,1
0,0,1
0,1,1
0,1,1
0,1,1
0,1,1
0,1,1
0,1,1
0,1,1
0,0,1
0,0,1
0,1,1
0,0,1
0,1,1
0,1,1
0,1,1
0,1,1
0,0,0
0,1,1
0,1,1
0,0,1
0,1,1
0,1,1
0,0,1
0,0,0
0,1,1
0,1,1
0,1,1
0,0.7274855,1
0,1,1
0,1,1
0,0,1
0,1,1
0,1,1
0,0,1
0,0,0
0,1,1
0,1,1
0,1,1
0,1,1
0,1,1
0,1,1
0,0,1
0,1,1
0,0,0
0,1,1
0,1,1
0,1,1
0,1,1
0,1,1
0,1,1
0,1,1
0,1,1
0,1,1
0,0.8627509,1
0,1,1
0,1,1
0,0,1
0,1,1
0,1,1
0,1,1
0,1,1
0,1,1
0,1,1
0,1,1
0,1,1
0,1,1
0,0.7099049,1
0,1,1
0,0,1
0,1,1
0,1,1
0,0,1
0,1,1
0,1,1
0,0,1
0,0,0
0,1,1
0,1,1
0,1,1
0,0,1
0,0.7722176,1
0,0,1
0,1,1
0,1,1
0,1,1
0,1,1
0,1,1
0,0,1
0,1,1
0,1,1
0,1,1
0,1,1
0,0,1
0,1,1
0,0,1
0,1,1
0,0,0
0,1,1
0,1,1
0,1,1
0,1,1
0,1,1
0,1,1
0,0,0
0,1,1
0,1,1
0,1,1
0,1,1
0,1,1
0,1,1
0,0,1
0,0,0
0,0,1
0,0,1
0,1,1
0,1,1
0,1,1
0,0,1
0,0,1
0,1,1
0,1,1
0,0,1
0,0,1
0,1,1
0,0.8097011,1
0,1,1
0,1,1
0,1,1
0,1,1
0,1,1
0,1,1
0,1,1
0,0,1
0,1,1
0,1,1
0,1,1
0,0,1
0,0,0
0,1,1
0,1,1
0,1,1
0,1,1
0,1,1
0,0,1
0,0,1
0,1,1
0,1,1
0,1,1
0,1,1
0,1,1
0,1,1
0,1,1
0,1,1
0,1,1
0,0,1
0,1,1
0,0,0
0,0,1
0,1,1
0,1,1
0,0,1
0,1,1
0,1,1
0,1,1
0,1,1
0,0,1
0,1,1
0,0,1
0,0,0
0,1,1
0,1,1
0,1,1
0,1,1
0,1,1
0,1,1
0,1,1
0,1,1
0,1,1
0,0,0
0,1,1
0,1,1
0,0,1
0,1,1
0,0,1
0,0,1
0,0,1
0,0.766292,1
0,1,1
0,0,1
0,0,0
0,0,0
0,1,1
0,1,1
0,1,1
0,0,1
0,0,1
0,1,1
0,1,1
0,1,1
0,1,1
0,0.725721,1
0,1,1
0,1,1
0,0,1
0,1,1
0,1,1
0,1,1
0,1,1
0,0,1
0,1,1
0,0.8639243,1
0,0,1
0,0,0
0,1,1
0,1,1
0,0.8720261,1
0,1,1
0,1,1
0,1,1
0,1,1
0,1,1
0,0,0
0,1,1
0,1,1
0,1,1
0,1,1
0,1,1
0,1,1
0,0,1
0,0,0
0,0,0
0,0,0
0,1,1
0,0,0
0,0,0
0,0,0
0,1,1
0,0,1
0,1,1
0,1,1
0,1,1
0,0,1
0,1,1
0,1,1
0,0,1
0,1,1
0,0,0
0,1,1
0,1,1
0,1,1
0,1,1
0,0,1
0,1,1
0,0,0
0,1,1
0,0,1
0,0,1
0,0,1
0,1,1
0,1,1
0,0,1
0,1,1
0,1,1
0,0,1
0,1,1
0,1,1
0,0,1
0,1,1
0,1,1
0,1,1
0,1,1
0,1,1
0,0,1
0,0,1
0,0,0
0,0,1
0,0,1
0,1,1
0,0,0
0,0,1
0,1,1
0,0,1
0,1,1
0,1,1
0,1,1
0,1,1
0,1,1
0,1,1
0,1,1
0,1,1
0,1,1
0,1,1
0,0,1
0,0,1
0,1,1
0,1,1
0,0,0
0,1,1
0,1,1
0,0,1
0,1,1
0,1,1
0,0,1
0,0,0
0,1,1
0,0.8689219,1
0,1,1
0,0,1
0,1,1
0,1,1
0,1,1
0,1,1
0,1,1
0,1,1
0,1,1
0,1,1
0,1,1
0,1,1
0,1,1
0,1,1
0,1,1
0,1,1
0,0,0
0,1,1
0,1,1
0,0,0
0,0,1
0,1,1
0,1,1
0,1,1
0,0.7630819,1
0,0,1
0,0,0
0,1,1
0,1,1
0,1,1
0,1,1
0,1,1
0,1,1
0,1,1
0,0,1
0,0,1
0,1,1
0,0,1
0,0,1
0,1,1
0,1,1
0,1,1
0,1,1
0,1,1
0,0,1
0,1,1
0,0,0
0,0,0
0,1,1
0,1,1
0,1,1
0,1,1
0,0,0
0,1,1
0,1,1
0,1,1
0,0,1
0,1,1
0,1,1
0,1,1
0,1,1
0,0,1
0,1,1
0,1,1
0,0,1
0,1,1
0,0,1
0,1,1
0,0,0
0,1,1
0,0,1
0,1,1
0,1,1
0,1,1
0,1,1
0,1,1
0,1,1
0,1,1
0,1,1
0,1,1
0,1,1
0,1,1
0,0,1
0,1,1
0,0,1
0,1,1
0,0,0
0,1,1
0,0,1
0,0,1
0,1,1
0,0,0
0,1,1
0,0,1
0,1,1
0,1,1
0,0,1
0,0,1
0,1,1
0,0,0
0,1,1
0,1,1
0,0,1
0,1,1
0,1,1
0,0,0
0,1,1
0,1,1
0,0,1
0,1,1
0,0,1
0,0,1
0,1,1
0,0,0
0,1,1
0,1,1
0,0,1
0,1,1
0,1,1
0,1,1
0,0.8671569,1
0,1,1
0,0,1
0,0,1
0,1,1
0,1,1
0,0,0
0,1,1
0,1,1
0,0,1
0,1,1
0,1,1
0,0,1
0,1,1
0,0,0
0,1,1
0,1,1
0,1,1
0,0.859633,1
0,0,1
0,1,1
0,0,1
0,1,1
0,1,1
0,1,1
0,0,1
0,1,1
0,0.8092419,1
0,0,1
0,1,1
0,1,1
0,1,1
0,0,1
0,1,1
0,1,1
0,0,0
0,0,1
0,0,1
0,1,1
0,0,0
0,1,1
0,1,1
0,1,1
0,1,1
0,0,1
0,1,1
0,1,1
0,1,1
0,1,1
0,0,1
0,1,1
0,0,0
0,1,1
0,1,1
0,1,1
0,1,1
0,1,1
0,0,1
0,1,1
0,1,1
0,1,1
0,1,1
0,1,1
0,0,1
0,0,1
0,1,1
0,1,1
0,1,1
0,1,1
0,0,0
0,1,1
0,1,1
0,1,1
0,0,1
0,0,1
0,0,1
0,0,1
0,1,1
0,0,0
0,1,1
0,0,1
0,0,1
0,1,1
0,1,1
0,0.8540667,1
0,1,1
0,0,0
0,1,1
0,1,1
0,1,1
0,1,1
0,1,1
0,1,1
0,1,1
0,0,0
0,1,1
0,1,1
0,1,1
0,1,1
0,1,1
0,0,0
0,1,1
0,0,1
0,1,1
0,1,1
0,1,1
0,1,1
0,1,1
0,0,1
0,1,1
0,1,1
0,1,1
0,0,1
0,1,1
0,1,1
0,1,1
0,1,1
0,1,1
0,1,1
0,1,1
0,1,1
0,0,1
0,1,1
0,0.8597535,1
0,0,1
0,0,1
0,1,1
0,1,1
0,1,1
0,0,1
0,1,1
0,1,1
0,0,1
0,1,1
0,1,1
0,0,1
0,1,1
0,0,1
0,0,1
0,1,1
0,1,1
0,1,1
0,1,1
0,0.8733277,1
0,1,1
0,0,1
0,1,1
0,1,1
0,0,1
0,1,1
0,1,1
0,0,0
0,0,0
0,1,1
0,0,0
0,0,1
0,0,1
0,1,1
0,1,1
0,0,0
0,0,1
0,0,0
0,1,1
0,1,1
0,1,1
0,0,1
0,1,1
0,0,1
0,1,1
0,0,1
0,1,1
0,1,1
0,0,1
0,1,1
0,0,1
0,1,1
0,1,1
0,1,1
0,0,1
0,1,1
0,1,1
0,0,1
0,1,1
0,1,1
0,1,1
0,1,1
0,0,1
0,0,0
0,1,1
0,1,1
0,1,1
0,1,1
0,1,1
0,1,1
0,1,1
0,1,1
0,1,1
0,1,1
0,1,1
0,1,1
0,1,1
0,1,1
0,1,1
0,1,1
0,1,1
0,1,1
0,1,1
0,1,1
0,1,1
0,1,1
0,0,1
0,0,1
0,1,1
0,1,1
0,0,0
0,0,1
0,0,0
0,1,1
0,1,1
0,0,1
0,1,1
0,1,1
0,0,0
0,0,1
0,1,1
0,0,1
0,0,1
0,1,1
0,1,1
0,1,1
0,1,1
0,0,0
0,0,1
0,1,1
0,1,1
0,0,1
0,0,0
0,1,1
0,1,1
0,1,1
0,0,1
0,1,1
0,1,1
0,1,1
0,1,1
0,1,1
0,1,1
0,1,1
0,1,1
0,1,1
0,1,1
0,1,1
0,1,1
0,1,1
0,1,1
0,1,1
0,0,1
0,0.7473314,1
0,1,1
0,0,1
0,1,1
0,0,1
0,1,1
0,1,1
0,1,1
0,1,1
0,1,1
0,0,1
0,1,1
0,0,1
0,1,1
0,0,1
0,1,1
0,1,1
0,0,1
0,1,1
0,1,1
0,1,1
0,1,1
0,0.8571477,1
0,0,1
0,1,1
0,0,1
0,1,1
0,1,1
0,1,1
0,1,1
0,1,1
0,1,1
0,0,1
0,1,1
0,1,1
0,0,1
0,1,1
0,1,1
0,0,1
0,1,1
0,1,1
0,1,1
0,1,1
0,0,1
0,1,1
0,1,1
0,1,1
0,1,1
0,1,1
0,1,1
0,1,1
0,1,1
0,1,1
0,0,0
0,0,0
0,1,1
0,1,1
0,1,1
0,0,1
0,1,1
0,1,1
0,1,1
0,0,1
0,0,1
0,0,1
0,1,1
0,1,1
0,1,1
0,1,1
0,1,1
0,1,1
0,1,1
0,0,0
0,1,1
0,1,1
0,0,1
0,0,1
0,1,1
0,1,1
0,0,1
0,1,1
0,1,1
0,0,1
0,0,1
0,1,1
0,0,1
0,1,1
0,1,1
0,0,1
0,1,1
0,0,1
0,1,1
0,0,1
0,0,1
0,1,1
0,1,1
0,1,1
0,1,1
0,0,1
0,1,1
0,0,0
0,1,1
0,0.8525963,1
0,1,1
0,0,0
0,1,1
0,1,1
0,1,1
0,1,1
0,0,1
0,1,1
0,1,1
0,1,1
0,1,1
0,0,0
0,1,1
0,1,1
0,1,1
0,1,1
0,1,1
0,1,1
0,1,1
0,1,1
0,1,1
0,0,1
0,1,1
0,1,1
0,1,1
0,1,1
0,0,0
0,0,1
0,1,1
0,1,1
0,0,0
0,1,1
0,0,1
0,1,1
0,0,1
0,0,0
0,0,1
0,1,1
0,1,1
0,1,1
0,1,1
0,1,1
0,1,1
0,0,1
0,0,1
0,0,1
0,1,1
0,1,1
0,1,1
0,1,1
0,1,1
0,1,1
0,1,1
0,0,1
0,1,1
0,1,1
0,0,1
0,0,0
0,1,1
0,1,1
0,1,1
0,0,0
0,1,1
0,1,1
0,0,1
0,0,1
0,1,1
0,0,0
0,1,1
0,1,1
0,1,1
0,1,1
0,0,0
0,0,0
0,1,1
0,1,1
0,1,1
0,1,1
0,0,0
0,1,1
0,1,1
0,1,1
0,1,1
0,0,1
0,0,1
0,1,1
0,1,1
0,1,1
0,1,1
0,0,1
0,1,1
0,1,1
0,0,0
0,1,1
0,0,1
0,1,1
0,1,1
0,0,1
0,0,0
0,1,1
0,0,0
0,1,1
0,1,1
0,1,1
0,1,1
0,0,1
0,1,1
0,0,1
0,1,1
0,0,0
0,1,1
0,1,1
0,1,1
0,1,1
0,0,1
0,1,1
0,1,1
0,0,1
0,0,1
0,1,1
0,0,0
0,0,1
0,1,1
0,1,1
0,1,1
0,1,1
0,1,1
0,1,1
0,1,1
0,1,1
0,0,0
0,1,1
0,1,1
0,1,1
0,1,1
0,0,0
0,1,1
0,1,1
0,1,1
0,0.724984,1
0,0,1
0,0,1
0,1,1
0,1,1
0,1,1
0,1,1
0,1,1
0,1,1
0,1,1
0,1,1
0,0,1
0,0,1
0,0,1
0,1,1
0,1,1
0,1,1
0,1,1
0,1,1
0,0,1
0,0,1
0,1,1
0,1,1
0,1,1
0,1,1
0,1,1
0,0,1
0,0,0
0,0,0
0,1,1
0,1,1
0,0,1
0,1,1
0,0,1
0,1,1
0,0,1
0,1,1
0,1,1
0,0,1
0,1,1
0,1,1
0,0,1
0,0,1
0,1,1
0,1,1
0,0,0
0,0,1
0,1,1
0,0,1
0,0,1
0,1,1
0,1,1
0,0,1
0,1,1
0,1,1
0,0,0
0,1,1
0,1,1
0,0,0
0,1,1
0,1,1
0,1,1
0,1,1
0,1,1
0,0,1
0,1,1
0,1,1
0,1,1
0,0,0
0,0,1
0,1,1
0,1,1
0,0,1
0,1,1
0,1,1
0,1,1
0,1,1
0,1,1
0,0,1
0,0,1
0,1,1
0,1,1
0,0.8605801,1
0,1,1
0,1,1
0,0.8606261,1
0,0,1
0,1,1
0,0,1
0,0,1
0,1,1
0,1,1
0,1,1
0,1,1
0,1,1
0,0,1
0,1,1
0,1,1
0,1,1
0,1,1
0,1,1
0,1,1
0,0,0
0,0,1
0,1,1
0,0,0
0,1,1
0,1,1
0,0,1
0,0,1
0,0,1
0,1,1
0,0.8566529,1
0,1,1
0,1,1
0,1,1
0,1,1
0,1,1
0,0,1
0,1,1
0,0,1
0,1,1
0,1,1
0,1,1
0,1,1
0,1,1
0,1,1
0,1,1
0,1,1
0,1,1
0,1,1
0,1,1
0,1,1
0,1,1
0,1,1
0,0,0
0,1,1
0,1,1
0,0,1
0,1,1
0,0,0
0,1,1
0,0,1
0,1,1
0,1,1
0,1,1
0,1,1
0,0,1
0,1,1
0,1,1
0,1,1
0,1,1
0,0,1
0,1,1
0,1,1
0,1,1
0,1,1
0,0,1
0,1,1
0,1,1
0,1,1
0,1,1
0,1,1
0,0,1
0,1,1
0,1,1
0,0,1
0,1,1
0,0,0
0,1,1
0,1,1
0,1,1
0,0,1
0,1,1
0,1,1
0,0.9109873,1
0,0,1
0,1,1
0,0.752141,1
0,1,1
0,1,1
0,1,1
0,1,1
0,0,0
0,1,1
0,1,1
0,0,1
0,1,1
0,0,1
0,1,1
0,0,0
0,0.8679706,1
0,1,1
0,1,1
0,1,1
0,1,1
0,1,1
0,1,1
0,1,1
0,1,1
0,1,1
0,1,1
0,1,1
0,1,1
0,0,1
0,0,1
0,1,1
0,1,1
0,1,1
0,1,1
0,1,1
0,0,1
0,1,1
0,1,1
0,1,1
0,0,1
0,0,1
0,1,1
0,1,1
0,1,1
0,1,1
0,1,1
0,0,1
0,1,1
0,1,1
0,0,0
0,1,1
0,1,1
0,1,1
0,0,1
0,0,1
0,0,1
0,0.7974935,1
0,1,1
0,1,1
0,1,1
0,1,1
0,1,1
0,1,1
0,0,1
0,0,0
0,0,1
0,1,1
0,0,1
0,1,1
0,1,1
0,1,1
0,0,1
0,0,1
0,0,1
0,1,1
0,1,1
0,0,1
0,1,1
0,0,1
0,1,1
0,0,0
0,1,1
0,1,1
0,1,1
0,1,1
0,1,1
0,1,1
0,1,1
0,0,1
0,1,1
0,1,1
0,0,1
0,0,1
0,0,0
0,0,1
0,1,1
0,0,1
0,1,1
0,1,1
0,1,1
0,1,1
0,1,1
0,1,1
0,1,1
0,0,1
0,1,1
0,0,1
0,1,1
0,0.8635725,1
0,1,1
0,1,1
0,0,1
0,1,1
0,1,1
0,0,1
0,1,1
0,1,1
0,1,1
0,0,1
0,1,1
0,0,0
0,1,1
0,1,1
0,1,1
0,1,1
0,0,0
0,1,1
0,1,1
0,0,1
0,0,1
0,1,1
0,1,1
0,0,0
0,1,1
0,1,1
0,1,1
0,0.8646575,1
0,0,0
0,0,0
0,1,1
0,0,1
0,1,1
0,0,0
0,1,1
0,0,0
0,1,1
0,0,0
0,1,1
0,0.8573719,1
0,1,1
0,1,1
0,0,1
0,0,1
0,1,1
0,0,1
0,0,1
0,0,0
0,1,1
0,1,1
0,1,1
0,0,0
0,0,0
0,0,0
0,0,0
0,1,1
0,1,1
0,1,1
0,0,1
0,0,0
0,1,1
0,1,1
0,1,1
0,1,1
0,1,1
0,1,1
0,1,1
0,1,1
0,0,0
0,1,1
0,1,1
0,1,1
0,0,1
0,1,1
0,1,1
0,0,0
0,0,1
0,1,1
0,1,1
0,1,1
0,1,1
0,1,1
0,0,1
0,1,1
0,0,1
0,1,1
0,1,1
0,1,1
0,0,0
0,0,1
0,1,1
0,0,0
0,0.9364086,1
0,1,1
0,0,0
0,1,1
0,1,1
0,1,1
0,1,1
0,1,1
0,0.7729648,1
0,1,1
0,1,1
0,1,1
0,1,1
0,1,1
0,0,1
0,1,1
0,1,1
0,1,1
0,0,0
0,1,1
0,1,1
0,1,1
0,0,1
0,0.8590833,1
0,0,0
0,0,1
0,1,1
0,1,1
0,1,1
0,1,1
0,0,0
0,1,1
0,0,0
0,0,0
0,0,1
0,1,1
0,0,1
0,1,1
0,0,1
0,1,1
0,1,1
0,1,1
0,1,1
0,0,1
0,1,1
0,1,1
0,0.7616668,1
0,0,1
0,1,1
0,1,1
0,1,1
0,1,1
0,1,1
0,0,0
0,1,1
0,1,1
0,1,1
0,0,1
0,1,1
0,0,1
0,0,1
0,1,1
0,1,1
0,1,1
0,1,1
0,1,1
0,0,1
0,0,1
0,1,1
0,0,1
0,0,0
0,0.8609029,1
0,1,1
0,1,1
0,1,1
0,0,0
0,0,1
0,1,1
0,0,1
0,1,1
0,1,1
0,1,1
0,1,1
0,1,1
0,0,1
0,0.8626784,1
0,0,1
0,1,1
0,0,1
0,1,1
0,1,1
0,1,1
0,1,1
0,1,1
0,0,0
0,1,1
0,1,1
0,1,1
0,0,0
0,1,1
0,1,1
0,1,1
0,0,1
0,1,1
0,1,1
0,1,1
0,1,1
0,1,1
0,1,1
0,1,1
0,1,1
0,1,1
0,1,1
0,1,1
0,0,0
0,1,1
0,1,1
0,0.8663286,1
0,1,1
0,1,1
0,1,1
0,1,1
0,1,1
0,1,1
0,1,1
0,1,1
0,1,1
0,1,1
0,0,0
0,1,1
0,1,1
0,0,1
0,1,1
0,0,0
0,1,1
0,0.8606204,1
0,0,1
0,0.860894,1
0,1,1
0,1,1
0,0,1
0,1,1
0,0,0
0,0,0
0,1,1
0,1,1
0,0,1
0,1,1
0,1,1
0,1,1
0,1,1
0,1,1
0,1,1
0,1,1
0,0,1
0,0,1
0,0,0
0,0,0
0,0,0
0,0.8800107,1
0,1,1
0,1,1
0,0,1
0,1,1
0,1,1
0,1,1
0,1,1
0,0,1
0,1,1
0,1,1
0,0,1
0,0,1
0,0,1
0,0,1
0,1,1
0,1,1
0,0,0
0,1,1
0,1,1
0,0,0
0,1,1
0,1,1
0,1,1
0,0,1
0,1,1
0,1,1
0,1,1
0,0,1
0,0,1
0,0.7163335,1
0,1,1
0,1,1
0,1,1
0,1,1
0,1,1
0,0,0
0,0,1
0,1,1
0,1,1
0,1,1
0,1,1
0,1,1
0,1,1
0,0,1
0,1,1
0,1,1
0,1,1
0,0,0
0,1,1
0,1,1
0,1,1
0,1,1
0,1,1
0,1,1
0,0,0
0,1,1
0,0,0
0,1,1
0,1,1
0,1,1
0,0.8561965,1
0,0,1
0,0,1
0,0,0
0,0,1
0,1,1
0,1,1
0,1,1
0,1,1
0,0,0
0,0,1
0,0,1
0,0,1
0,0,1
0,0,0
0,0,1
0,1,1
0,1,1
0,0,1
0,1,1
0,1,1
0,1,1
0,1,1
0,1,1
0,1,1
0,1,1
0,1,1
0,1,1
0,1,1
0,0,0
0,1,1
0,1,1
0,0,0
0,0,1
0,0,1
0,1,1
0,0.8516351,1
0,1,1
0,0,0
0,0,0
0,0,1
0,0,1
0,1,1
0,0,1
0,1,1
0,1,1
0,1,1
0,1,1
0,1,1
0,1,1
0,1,1
0,1,1
0,1,1
0,1,1
0,1,1
0,1,1
0,1,1
0,0,1
0,1,1
0,0,1
0,1,1
0,1,1
0,1,1
0,1,1
0,1,1
0,0,1
0,1,1
0,0,0
0,0,1
0,1,1
0,0,1
0,1,1
0,1,1
0,0,0
0,0,1
0,0,1
0,1,1
0,0,1
0,1,1
0,1,1
0,1,1
0,0,1
0,0,1
0,1,1
0,1,1
0,1,1
0,1,1
0,0,1
0,1,1
0,0,1
0,1,1
0,0,1
0,1,1
0,0,1
0,0,0
0,1,1
0,1,1
0,0,1
0,0,1
0,1,1
0,1,1
0,1,1
0,0,1
0,1,1
0,1,1
0,1,1
0,0,1
0,1,1
0,1,1
0,1,1
0,1,1
0,0,0
0,1,1
0,1,1
0,0,0
0,0,1
0,1,1
0,1,1
0,1,1
0,1,1
0,1,1
0,1,1
0,1,1
0,1,1
0,1,1
0,0,0
0,1,1
0,1,1
0,1,1
0,1,1
0,1,1
0,1,1
0,1,1
0,1,1
0,1,1
0,0.8575435,1
0,1,1
0,1,1
0,0,1
0,0.731865,1
0,1,1
0,1,1
0,1,1
0,1,1
0,1,1
0,0,1
0,1,1
0,1,1
0,0,1
0,0,0
0,1,1
0,1,1
0,1,1
0,1,1
0,1,1
0,0,1
0,1,1
0,1,1
0,1,1
0,1,1
0,0.8601595,1
0,1,1
0,1,1
0,0,1
0,0,1
0,1,1
0,1,1
0,1,1
0,1,1
0,0,1
0,1,1
0,0,0
0,0,1
0,0,0
0,1,1
0,1,1
0,0,0
0,0,1
0,1,1
0,1,1
0,0,1
0,1,1
0,1,1
0,0,1
0,1,1
0,0,1
0,1,1
0,1,1
0,1,1
0,1,1
0,1,1
0,0,1
0,0.8561682,1
0,1,1
0,0,0
0,1,1
0,0,1
0,0,1
0,0,0
0,1,1
0,1,1
0,0,1
0,1,1
0,1,1
0,1,1
0,1,1
0,1,1
0,1,1
0,1,1
0,1,1
0,0,1
0,1,1
0,0.8778199,1
0,0.8148367,1
0,1,1
0,0,0
0,1,1
0,0,0
0,1,1
0,0,1
0,1,1
0,1,1
0,1,1
0,1,1
0,1,1
0,1,1
0,1,1
0,1,1
0,1,1
0,1,1
0,1,1
0,1,1
0,1,1
0,0,0
0,1,1
0,0,0
0,0,1
0,0,1
0,0,1
0,0,0
0,0,1
0,1,1
0,1,1
0,0,1
0,1,1
0,0,1
0,0,1
0,1,1
0,1,1
0,1,1
0,1,1
0,1,1
0,1,1
0,1,1
0,0,1
0,1,1
0,1,1
0,1,1
0,0,1
0,0,1
0,1,1
0,1,1
0,0,1
0,1,1
0,0,0
0,1,1
0,1,1
0,1,1
0,1,1
0,0,0
0,1,1
0,0.8581644,1
0,1,1
0,1,1
0,0,1
0,1,1
0,0,1
0,1,1
0,0,0
0,1,1
0,1,1
0,1,1
0,1,1
0,1,1
0,0,0
0,0,1
0,1,1
0,1,1
0,1,1
0,1,1
0,1,1
0,0,1
0,1,1
0,1,1
0,1,1
0,0,0
0,0,1
0,1,1
0,1,1
0,1,1
0,1,1
0,0,1
0,0,0
0,1,1
0,0,1
0,0,1
0,1,1
0,1,1
0,1,1
0,1,1
0,1,1
0,1,1
0,1,1
0,0,1
0,0,1
0,0,0
0,1,1
0,1,1
0,1,1
0,1,1
0,0,0
0,1,1
0,1,1
0,1,1
0,1,1
0,1,1
0,1,1
0,0,0
0,1,1
0,1,1
0,1,1
0,1,1
0,0.8753077,1
0,0,1
0,0.7464807,1
0,1,1
0,1,1
0,1,1
0,0,0
0,0,0
0,1,1
0,1,1
0,1,1
0,1,1
0,1,1
0,0,1
0,1,1
0,0,1
0,0,0
0,1,1
0,1,1
0,0,0
0,0,1
0,0,1
0,0,0
0,0,1
0,1,1
0,0,1
0,1,1
0,1,1
0,1,1
0,0.7641026,1
0,1,1
0,0,1
0,1,1
0,1,1
0,1,1
0,1,1
0,1,1
0,1,1
0,0,0
0,1,1
0,1,1
0,1,1
0,1,1
0,1,1
0,1,1
0,1,1
0,1,1
0,0,1
0,1,1
0,1,1
0,1,1
0,0,1
0,1,1
0,1,1
0,1,1
0,0,0
0,1,1
0,0,0
0,0,0
0,1,1
0,1,1
0,0,1
0,0,0
0,1,1
0,0,0
0,1,1
0,0,1
0,1,1
0,1,1
0,1,1
0,0,0
0,0,0
0,0,1
0,1,1
0,1,1
0,1,1
0,0,0
0,1,1
0,1,1
0,1,1
0,1,1
0,0,0
0,0,1
0,1,1
0,0,0
0,0,1
0,1,1
0,1,1
0,1,1
0,0,1
0,0,1
0,1,1
0,0,1
0,1,1
0,1,1
0,1,1
0,1,1
0,1,1
0,1,1
0,1,1
0,1,1
0,1,1
0,1,1
0,1,1
0,1,1
0,1,1
0,1,1
0,1,1
0,0,1
0,1,1
0,1,1
0,1,1
0,0,1
0,1,1
0,1,1
0,1,1
0,1,1
0,1,1
0,1,1
0,1,1
0,0,0
0,0,1
0,1,1
0,1,1
0,0,1
0,1,1
0,1,1
0,1,1
0,1,1
0,1,1
0,1,1
0,1,1
0,0,1
0,0,1
0,1,1
0,0,1
0,1,1
0,1,1
0,1,1
0,1,1
0,0.8607179,1
0,1,1
0,1,1
0,1,1
0,0,0
0,1,1
0,1,1
0,1,1
0,0,0
0,1,1
0,0,1
0,1,1
0,0,0
0,1,1
0,1,1
0,0,0
0,1,1
0,1,1
0,0,1
0,1,1
0,1,1
0,1,1
0,1,1
0,1,1
0,0,0
0,0,0
0,1,1
0,0,1
0,1,1
0,1,1
0,1,1
0,0,1
0,1,1
0,0,0
0,1,1
0,0,1
0,0,1
0,0,1
0,1,1
0,1,1
0,0.8558184,1
0,1,1
0,0,1
0,1,1
0,1,1
0,0,1
0,0,1
0,0,1
0,1,1
0,1,1
0,1,1
0,1,1
0,1,1
0,1,1
0,1,1
0,0,1
0,1,1
0,1,1
0,1,1
0,1,1
0,1,1
0,0.8579046,1
0,0,0
0,1,1
0,0,0
0,1,1
0,1,1
0,1,1
0,1,1
0,1,1
0,0,1
0,1,1
0,1,1
0,0,1
0,1,1
0,0,1
0,0,1
0,0,1
0,1,1
0,1,1
0,0.8773872,1
0,1,1
0,0,0
0,0,0
0,1,1
0,1,1
0,1,1
0,0,1
0,1,1
0,0.8646474,1
0,1,1
0,0,1
0,1,1
0,1,1
0,1,1
0,0,0
0,0,1
0,1,1
0,1,1
0,1,1
0,0,1
0,1,1
0,1,1
0,0.8640622,1
0,1,1
0,1,1
0,1,1
0,1,1
0,1,1
0,1,1
0,0,1
0,1,1
0,0,1
0,1,1
0,1,1
0,1,1
0,1,1
0,1,1
0,1,1
0,1,1
0,0,1
0,1,1
0,1,1
0,1,1
0,1,1
0,1,1
0,0,0
0,1,1
0,1,1
0,0,1
0,1,1
0,1,1
0,0,1
0,1,1
0,0,1
0,0,0
0,0,1
0,1,1
0,1,1
0,1,1
0,0,1
0,1,1
0,1,1
0,1,1
0,0,0
0,0,0
0,1,1
0,0,1
0,0,1
0,0.875764,1
0,0,1
0,0,1
0,1,1
0,1,1
0,1,1
0,0,0
0,1,1
0,1,1
0,0,1
0,0,1
0,0,0
0,1,1
0,1,1
0,1,1
0,1,1
0,1,1
0,0,1
0,1,1
0,1,1
0,0,1
0,0,0
0,0,1
0,1,1
0,0,0
0,1,1
0,0,1
0,1,1
0,1,1
0,1,1
0,1,1
0,1,1
0,1,1
0,1,1
0,0,1
0,0,0
0,1,1
0,1,1
0,1,1
0,1,1
0,1,1
0,0,0
0,0,0
0,1,1
0,0,1
0,1,1
0,1,1
0,1,1
0,1,1
0,0,1
0,1,1
0,1,1
0,1,1
0,1,1
0,1,1
0,0,0
0,1,1
0,0,1
0,1,1
0,1,1
0,0,1
0,0,0
0,1,1
0,1,1
0,0,1
0,0,1
0,1,1
0,1,1
0,1,1
0,1,1
0,1,1
0,0,1
0,1,1
0,1,1
0,1,1
0,0,1
0,1,1
0,1,1
0,1,1
0,0,0
0,1,1
0,0,1
0,0.8772665,1
0,1,1
0,1,1
0,1,1
0,1,1
0,1,1
0,1,1
0,1,1
0,0,1
0,0,1
0,1,1
0,1,1
0,1,1
0,0,0
0,1,1
0,0,1
0,0,0
0,1,1
0,1,1
0,1,1
0,1,1
0,1,1
0,1,1
0,0,1
0,1,1
0,0,1
0,0,0
0,1,1
0,0,1
0,1,1
0,0,1
0,0,1
0,0,0
0,1,1
0,0,0
0,0,1
0,0,1
0,1,1
0,1,1
0,1,1
0,0,0
0,1,1
0,1,1
0,1,1
0,0,0
0,1,1
0,1,1
0,1,1
0,1,1
0,1,1
0,0,1
0,1,1
0,1,1
0,0.9955101,1
0,1,1
0,0,1
0,1,1
0,0.8636777,1
0,1,1
0,1,1
0,1,1
0,0,1
0,1,1
0,1,1
0,1,1
0,1,1
0,1,1
0,0,0
0,0,1
0,1,1
0,1,1
0,1,1
0,1,1
0,1,1
0,1,1
0,0,0
0,1,1
0,1,1
0,1,1
0,1,1
0,1,1
0,1,1
0,1,1
0,1,1
0,1,1
0,1,1
0,1,1
0,1,1
0,1,1
0,0,1
0,1,1
0,1,1
0,0,0
0,0,0
0,1,1
0,0,1
0,1,1
0,1,1
0,1,1
0,1,1
0,1,1
0,0,1
0,1,1
0,1,1
0,0,1
0,0,1
0,1,1
0,1,1
0,0,0
0,1,1
0,0,1
0,1,1
0,1,1
0,0,0
0,0,1
0,1,1
0,0.8608431,1
0,0,1
0,1,1
0,0,1
0,1,1
0,1,1
0,0,1
0,1,1
0,1,1
0,1,1
0,1,1
0,1,1
0,1,1
0,1,1
0,0,0
0,0,0
0,0,1
0,1,1
0,1,1
0,0,1
0,1,1
0,0,0
0,0,0
0,1,1
0,1,1
0,1,1
0,1,1
0,1,1
0,1,1
0,1,1
0,1,1
0,1,1
0,0,0
0,1,1
0,0,1
0,0.8386174,1
0,1,1
0,1,1
0,1,1
0,1,1
0,1,1
0,0,0
0,0,1
0,0,0
0,1,1
0,1,1
0,0,0
0,0,1
0,1,1
0,1,1
0,1,1
0,1,1
0,1,1
0,1,1
0,0,1
0,1,1
0,1,1
0,0,0
0,1,1
0,1,1
0,1,1
0,1,1
0,1,1
0,0,1
0,0,0
0,1,1
0,1,1
0,1,1
0,1,1
0,0,1
0,0,1
0,1,1
0,0,1
0,1,1
0,0,0
0,1,1
0,1,1
0,0,0
0,1,1
0,0,1
0,1,1
0,1,1
0,1,1
0,1,1
0,1,1
0,1,1
0,1,1
0,1,1
0,1,1
0,1,1
0,1,1
0,1,1
0,1,1
0,0,1
0,0,1
0,0,1
0,1,1
0,0,0
0,1,1
0,1,1
0,0,1
0,1,1
0,0,1
0,0,1
0,0.8742059,1
0,1,1
0,0,0
0,0,0
0,0,1
0,1,1
0,1,1
0,1,1
0,1,1
0,1,1
0,0,1
0,0,1
0,0,1
0,1,1
0,1,1
0,1,1
0,1,1
0,1,1
0,1,1
0,0,1
0,1,1
0,1,1
0,1,1
0,1,1
0,1,1
0,0,0
0,0,1
0,1,1
0,0,1
0,1,1
0,1,1
0,1,1
0,1,1
0,0,1
0,0,1
0,1,1
0,1,1
0,0.8661541,1
0,1,1
0,0,1
0,1,1
0,1,1
0,1,1
0,0,1
0,0.8650881,1
0,1,1
0,0,1
0,1,1
0,1,1
0,1,1
0,0,1
0,1,1
0,1,1
0,1,1
0,0.8841392,1
0,0,1
0,1,1
0,1,1
0,1,1
0,0,1
0,1,1
0,1,1
0,1,1
0,1,1
0,1,1
0,1,1
0,0,0
0,1,1
0,1,1
0,1,1
0,1,1
0,0,1
0,1,1
0,0,1
0,1,1
0,1,1
0,1,1
0,1,1
0,1,1
0,1,1
0,0,1
0,1,1
0,1,1
0,1,1
0,1,1
0,1,1
0,1,1
0,1,1
0,1,1
0,0,1
0,1,1
0,0,1
0,1,1
0,0,0
0,1,1
0,1,1
0,0,1
0,0,0
0,1,1
0,1,1
0,1,1
0,0,0
0,1,1
0,1,1
0,0,0
0,0.8586847,1
0,1,1
0,1,1
0,1,1
0,1,1
0,1,1
0,0,1
0,1,1
0,0,0
0,0,1
0,1,1
0,1,1
0,1,1
0,1,1
0,1,1
0,0,0
0,1,1
0,1,1
0,1,1
0,0.8658031,1
0,0,0
0,0,1
0,1,1
0,1,1
0,1,1
0,1,1
0,1,1
0,1,1
0,0,0
0,1,1
0,1,1
0,1,1
0,1,1
0,1,1
0,1,1
0,1,1
0,1,1
0,1,1
0,1,1
0,0,1
0,1,1
0,0,1
0,1,1
0,1,1
0,1,1
0,0,1
0,0,1
0,0,1
0,1,1
0,1,1
0,0,0
0,1,1
0,1,1
0,1,1
0,0,0
0,1,1
0,1,1
0,0,1
0,1,1
0,0,1
0,0,1
0,0,1
0,0,1
0,0.7049376,1
0,1,1
0,1,1
0,0,1
0,1,1
0,0,0
0,1,1
0,0,1
0,1,1
0,1,1
0,1,1
0,1,1
0,0,1
0,1,1
0,1,1
0,0,0
0,0,1
0,1,1
0,1,1
0,0,1
0,1,1
0,0,1
0,1,1
0,0,1
0,1,1
0,0,1
0,1,1
0,1,1
0,1,1
0,1,1
0,0,0
0,1,1
0,1,1
0,1,1
0,0,0
0,0,1
0,1,1
0,0,1
0,1,1
0,1,1
0,1,1
0,1,1
0,1,1
0,0,1
0,1,1
0,0,1
0,0,1
0,0,0
0,1,1
0,0.8682863,1
0,1,1
0,1,1
0,1,1
0,0,0
0,1,1
0,1,1
0,0,1
0,1,1
0,0,0
0,1,1
0,1,1
0,1,1
0,1,1
0,1,1
0,1,1
0,0,1
0,1,1
0,1,1
0,0,1
0,1,1
0,1,1
0,0,0
0,0,1
0,1,1
0,1,1
0,0,1
0,0,1
0,1,1
0,1,1
0,1,1
0,1,1
0,1,1
0,1,1
0,1,1
0,1,1
0,1,1
0,1,1
0,0,1
0,0,0
0,1,1
0,0,0
0,1,1
0,1,1
0,0,1
0,1,1
0,1,1
0,0,1
0,1,1
0,0,1
0,0,1
0,1,1
0,1,1
0,0,1
0,1,1
0,1,1
0,1,1
0,1,1
0,1,1
0,1,1
0,0,1
0,1,1
0,1,1
0,0,1
0,1,1
0,0,0
0,1,1
0,0,0
0,0,1
0,1,1
0,1,1
0,1,1
0,1,1
0,1,1
0,1,1
0,1,1
0,0,1
0,1,1
0,1,1
0,0,0
0,1,1
0,1,1
0,1,1
0,0,1
0,0,1
0,0,0
0,1,1
0,1,1
0,0,0
0,1,1
0,1,1
0,1,1
0,0,1
0,1,1
0,1,1
0,1,1
0,1,1
0,0,1
0,1,1
0,1,1
0,0,1
0,1,1
0,0,0
0,1,1
0,1,1
0,1,1
0,1,1
0,1,1
0,1,1
0,1,1
0,0,1
0,1,1
0,1,1
0,0,0
0,1,1
0,0,1
0,1,1
0,1,1
0,1,1
0,1,1
0,1,1
0,1,1
0,1,1
0,1,1
0,0,1
0,1,1
0,1,1
0,0,0
0,0,1
0,1,1
0,1,1
0,1,1
0,0,0
0,1,1
0,0,0
0,1,1
0,0,0
0,1,1
0,1,1
0,1,1
0,1,1
0,0,1
0,1,1
0,1,1
0,0,0
0,1,1
0,0,1
0,1,1
0,1,1
0,1,1
0,1,1
0,1,1
0,1,1
0,0,1
0,1,1
0,1,1
0,1,1
0,1,1
0,1,1
0,1,1
0,1,1
0,1,1
0,0,1
0,1,1
0,1,1
0,1,1
0,0,1
0,1,1
0,0,0
0,1,1
0,0,1
0,1,1
0,1,1
0,1,1
0,1,1
0,1,1
0,0,1
0,1,1
0,0,1
0,1,1
0,0,1
0,1,1
0,1,1
0,1,1
0,0,0
0,1,1
0,1,1
0,1,1
0,0,1
0,1,1
0,1,1
0,0,0
0,1,1
0,1,1
0,1,1
0,1,1
0,1,1
0,1,1
0,0,0
0,1,1
0,1,1
0,0,1
0,0,1
0,0,1
0,0,1
0,0,1
0,1,1
0,1,1
0,1,1
0,1,1
0,1,1
0,0,1
0,1,1
0,1,1
0,0,1
0,1,1
0,0,0
0,0,1
0,1,1
0,1,1
0,1,1
0,0,1
0,1,1
0,0,1
0,1,1
0,0,0
0,1,1
0,1,1
0,0,1
0,1,1
0,0,0
0,1,1
0,1,1
0,0,1
0,1,1
0,1,1
0,1,1
0,1,1
0,1,1
0,1,1
0,1,1
0,1,1
0,1,1
0,1,1
0,1,1
0,0,1
0,0,1
0,1,1
0,1,1
0,0,1
0,0,0
0,1,1
0,1,1
0,0,0
0,1,1
0,1,1
0,1,1
0,0,1
0,0,1
0,1,1
0,0,1
0,1,1
0,0,1
0,0,1
0,0,1
0,1,1
0,1,1
0,1,1
0,0,1
0,1,1
0,0,1
0,1,1
0,1,1
0,1,1
0,1,1
0,0,0
0,1,1
0,0.7415513,1
0,0,1
0,1,1
0,0,1
0,1,1
0,1,1
0,1,1
0,1,1
0,1,1
0,1,1
0,1,1
0,1,1
0,0,0
0,0,1
0,0,1
0,1,1
0,1,1
0,1,1
0,1,1
0,1,1
0,1,1
0,1,1
0,1,1
0,0,1
0,0,1
0,1,1
0,0,1
0,0,0
0,0,0
0,0,1
0,1,1
0,1,1
0,1,1
0,1,1
0,0,1
0,1,1
0,0,1
0,1,1
0,1,1
0,0,0
0,0,1
0,1,1
0,1,1
0,0,1
0,1,1
0,0,1
0,1,1
0,0,0
0,1,1
0,1,1
0,1,1
0,0,0
0,1,1
0,0,1
0,1,1
0,1,1
0,1,1
0,1,1
0,0.8638421,1
0,0.8755604,1
0,1,1
0,1,1
0,1,1
0,0,1
0,0,1
0,1,1
0,1,1
0,1,1
0,1,1
0,1,1
0,1,1
0,1,1
0,1,1
0,1,1
0,0,1
0,1,1
0,1,1
0,0,1
0,1,1
0,1,1
0,0,1
0,0,1
0,1,1
0,0,1
0,1,1
0,0,1
0,1,1
0,1,1
0,1,1
0,1,1
0,0.8623701,1
0,1,1
0,1,1
0,0,1
0,1,1
0,0,1
0,1,1
0,1,1
0,1,1
0,0,1
0,1,1
0,1,1
0,1,1
0,1,1
0,0,1
0,1,1
0,1,1
0,1,1
0,1,1
0,1,1
0,1,1
0,1,1
0,0,0
0,1,1
0,1,1
0,1,1
0,0,1
0,1,1
0,1,1
0,1,1
0,0,0
0,0,1
0,0.7188643,1
0,0,1
0,1,1
0,1,1
0,1,1
0,1,1
0,1,1
0,1,1
0,1,1
0,1,1
0,1,1
0,1,1
0,1,1
0,0,1
0,1,1
0,1,1
0,1,1
0,1,1
0,0,1
0,0,1
0,1,1
0,1,1
0,0,1
0,1,1
0,1,1
0,1,1
0,1,1
0,1,1
0,1,1
0,0,1
0,0,0
0,1,1
0,1,1
0,1,1
0,1,1
0,0,0
0,1,1
0,1,1
0,0,0
0,1,1
0,1,1
0,0,0
0,1,1
0,1,1
0,1,1
0,0,0
0,1,1
0,0,1
0,0,1
0,1,1
0,1,1
0,1,1
0,0,0
0,0,1
0,1,1
0,1,1
0,1,1
0,1,1
0,0,0
0,1,1
0,0,0
0,1,1
0,1,1
0,1,1
0,1,1
0,1,1
0,1,1
0,0,0
0,0,0
0,1,1
0,1,1
0,0,1
0,0,1
0,1,1
0,1,1
0,1,1
0,1,1
0,0,1
0,1,1
0,1,1
0,1,1
0,1,1
0,1,1
0,1,1
0,0,1
0,0,1
0,1,1
0,0,0
0,0,1
0,0,1
0,1,1
0,0,0
0,1,1
0,1,1
0,1,1
0,0,1
0,1,1
0,1,1
0,1,1
0,1,1
0,0,1
0,0,1
0,1,1
0,1,1
0,0,0
0,1,1
0,1,1
0,0,0
0,1,1
0,1,1
0,0,1
0,1,1
0,1,1
0,1,1
0,1,1
0,0,1
0,1,1
0,0,1
0,1,1
0,1,1
0,1,1
0,1,1
0,0,1
0,1,1
0,0,0
0,1,1
0,1,1
0,0,1
0,0,1
0,0,0
0,1,1
0,0,1
0,1,1
0,1,1
0,1,1
0,0.7162163,1
0,1,1
0,1,1
0,1,1
0,1,1
0,0,1
0,1,1
0,1,1
0,0,0
0,1,1
0,1,1
0,0,1
0,0,0
0,0,1
0,1,1
0,1,1
0,1,1
0,1,1
0,1,1
0,0,0
0,1,1
0,0,1
0,0,1
0,0,1
0,1,1
0,1,1
0,0.8566142,1
0,1,1
0,1,1
0,1,1
0,1,1
0,0,1
0,0,1
0,1,1
0,1,1
0,1,1
0,1,1
0,1,1
0,1,1
0,1,1
0,1,1
0,0,1
0,1,1
0,0,1
0,1,1
0,1,1
0,1,1
0,1,1
0,0,1
0,1,1
0,1,1
0,0,0
0,1,1
0,1,1
0,0,1
0,1,1
0,1,1
0,0,1
0,1,1
0,1,1
0,1,1
0,1,1
0,1,1
0,1,1
0,0,1
0,1,1
0,1,1
0,1,1
0,1,1
0,1,1
0,1,1
0,1,1
0,0,1
0,1,1
0,1,1
0,0,1
0,1,1
0,1,1
0,1,1
0,1,1
0,1,1
0,0,1
0,1,1
0,1,1
0,1,1
0,1,1
0,1,1
0,0,1
0,1,1
0,1,1
0,0,1
0,1,1
0,0,0
0,1,1
0,0,0
0,0,1
0,0,1
0,1,1
0,1,1
0,0,1
0,1,1
0,0,1
0,1,1
0,1,1
0,1,1
0,1,1
0,1,1
0,0,1
0,1,1
0,0,0
0,1,1
0,1,1
0,1,1
0,1,1
0,1,1
0,0,0
0,1,1
0,1,1
0,1,1
0,1,1
0,1,1
0,1,1
0,1,1
0,1,1
0,0,1
0,0,1
0,1,1
0,1,1
0,0,1
0,1,1
0,0,1
0,1,1
0,0,0
0,1,1
0,1,1
0,0,1
0,1,1
0,0,1
0,1,1
0,0,0
0,1,1
0,0.746497,1
0,1,1
0,1,1
0,1,1
0,1,1
0,1,1
0,0,1
0,1,1
0,1,1
0,1,1
0,1,1
0,0,0
0,1,1
0,0,1
0,1,1
0,0,0
0,1,1
0,0,1
0,1,1
0,1,1
0,1,1
0,1,1
0,0,0
0,1,1
0,0,0
0,1,1
0,1,1
0,0,1
0,1,1
0,1,1
0,1,1
0,1,1
0,1,1
0,1,1
0,0,1
0,1,1
0,1,1
0,1,1
0,0,1
0,1,1
0,1,1
0,1,1
0,1,1
0,0,1
0,1,1
0,0,1
0,1,1
0,1,1
0,1,1
0,1,1
0,1,1
0,1,1
0,1,1
0,0,0
0,1,1
0,1,1
0,0.8790368,1
0,0,0
0,1,1
0,0,1
0,0,0
0,1,1
0,1,1
0,1,1
0,1,1
0,0,1
0,1,1
0,0,1
0,1,1
0,0,1
0,0,0
0,0,1
0,1,1
0,0,1
0,1,1
0,0,1
0,1,1
0,1,1
0,1,1
0,0,1
0,1,1
0,1,1
0,1,1
0,1,1
0,0,0
0,1,1
0,1,1
0,1,1
0,1,1
0,0,1
0,0,1
0,0,1
0,1,1
0,1,1
0,1,1
0,1,1
0,1,1
0,0,1
0,1,1
0,1,1
0,0,1
0,0,0
0,0,0
0,1,1
0,0,0
0,0,1
0,1,1
0,0,0
0,1,1
0,1,1
0,1,1
0,1,1
0,0,1
0,0,1
0,1,1
0,1,1
0,1,1
0,1,1
0,0,1
0,0,0
0,1,1
0,0,1
0,1,1
0,1,1
0,0.7777191,1
0,1,1
0,1,1
0,1,1
0,1,1
0,1,1
0,0,1
0,0,1
0,0,1
0,0,1
0,0,1
0,0,1
0,1,1
0,1,1
0,1,1
0,1,1
0,1,1
0,1,1
0,1,1
0,1,1
0,1,1
0,1,1
0,1,1
0,1,1
0,0,1
0,1,1
0,0,1
0,0,1
0,1,1
0,0,1
0,1,1
0,1,1
0,1,1
0,1,1
0,0,1
0,1,1
0,1,1
0,1,1
0,1,1
0,1,1
0,1,1
0,1,1
0,1,1
0,1,1
0,1,1
0,1,1
0,1,1
0,0,1
0,0,1
0,0,1
0,1,1
0,1,1
0,1,1
0,1,1
0,0,1
0,1,1
0,1,1
0,1,1
0,1,1
0,1,1
0,1,1
0,1,1
0,1,1
0,0,1
0,1,1
0,1,1
0,1,1
0,0,0
0,0,1
0,1,1
0,1,1
0,1,1
0,1,1
0,1,1
0,1,1
0,0,1
0,0,1
0,1,1
0,1,1
0,0,1
0,1,1
0,1,1
0,0,0
0,1,1
0,0,1
0,1,1
0,1,1
0,0,1
0,0,0
0,1,1
0,1,1
0,1,1
0,1,1
0,0,0
0,1,1
0,1,1
0,1,1
0,0,1
0,1,1
0,1,1
0,1,1
0,0,1
0,1,1
0,1,1
0,1,1
0,1,1
0,0,0
0,0,1
0,1,1
0,0.8807966,1
0,1,1
0,1,1
0,0,1
0,0,1
0,0,1
0,1,1
0,1,1
0,1,1
0,1,1
0,1,1
0,1,1
0,0,1
0,1,1
0,1,1
0,1,1
0,1,1
0,1,1
0,1,1
0,0,1
0,1,1
0,1,1
0,0,1
0,1,1
0,1,1
0,1,1
0,1,1
0,1,1
0,1,1
0,0,0
0,0,0
0,1,1
0,0,1
0,1,1
0,1,1
0,1,1
0,1,1
0,0,1
0,1,1
0,0,1
0,1,1
0,1,1
0,1,1
0,1,1
0,0,1
0,1,1
0,1,1
0,0,0
0,1,1
0,0.8629209,1
0,0,1
0,0,0
0,1,1
0,1,1
0,1,1
0,1,1
0,1,1
0,1,1
0,1,1
0,1,1
0,1,1
0,1,1
0,0,1
0,0,1
0,1,1
0,0,0
0,1,1
0,1,1
0,0,1
0,0,1
0,1,1
0,1,1
0,0,1
0,1,1
0,1,1
0,1,1
0,1,1
0,1,1
0,1,1
0,1,1
0,0,1
0,0,1
0,1,1
0,1,1
0,1,1
0,0,0
0,0,1
0,1,1
0,1,1
0,1,1
0,1,1
0,0,1
0,0,0
0,1,1
0,1,1
0,0,1
0,1,1
0,1,1
0,1,1
0,1,1
0,1,1
0,1,1
0,0,1
0,0,0
0,0,1
0,0.8630382,1
0,0,0
0,0,1
0,1,1
0,1,1
0,1,1
0,0,1
0,0,1
0,1,1
0,1,1
0,1,1
0,1,1
0,0,1
0,1,1
0,1,1
0,1,1
0,1,1
0,1,1
0,1,1
0,1,1
0,1,1
0,1,1
0,1,1
0,0,1
0,1,1
0,0,1
0,1,1
0,0,1
0,1,1
0,1,1
0,1,1
0,1,1
0,1,1
0,0,1
0,1,1
0,0,0
0,0,1
0,1,1
0,1,1
0,0,0
0,1,1
0,0.8675624,1
0,1,1
0,1,1
0,1,1
0,1,1
0,1,1
0,1,1
0,0,0
0,1,1
0,0,1
0,0,0
0,1,1
0,0,0
0,1,1
0,0,1
0,1,1
0,1,1
0,1,1
0,0,0
0,1,1
0,0,0
0,0,1
0,0,1
0,1,1
0,1,1
0,1,1
0,0,1
0,0,1
0,0.8730494,1
0,0,1
0,1,1
0,1,1
0,1,1
0,1,1
0,1,1
0,0,1
0,0,0
0,1,1
0,0,1
0,0,1
0,1,1
0,1,1
0,1,1
0,1,1
0,1,1
0,1,1
0,1,1
0,1,1
0,1,1
0,1,1
0,1,1
0,0.8636107,1
0,0,1
0,1,1
0,0.8656831,1
0,1,1
0,1,1
0,0,1
0,1,1
0,1,1
0,1,1
0,1,1
0,1,1
0,1,1
0,1,1
0,1,1
0,0.8621385,1
0,1,1
0,0.8596312,1
0,1,1
0,1,1
0,0,0
0,0,1
0,1,1
0,1,1
0,1,1
0,0,0
0,0,1
0,0,1
0,1,1
0,0,1
0,1,1
0,0,1
0,1,1
0,1,1
0,0,0
0,1,1
0,1,1
0,0,1
0,1,1
0,0,1
0,1,1
0,0,1
0,1,1
0,1,1
0,1,1
0,0,1
0,1,1
0,1,1
0,1,1
0,0,1
0,1,1
0,1,1
0,1,1
0,0,1
0,1,1
0,1,1
0,0,0
0,1,1
0,1,1
0,1,1
0,1,1
0,1,1
0,1,1
0,1,1
0,1,1
0,1,1
0,0,1
0,0,0
0,1,1
0,1,1
0,1,1
0,1,1
0,1,1
0,0,1
0,0,0
0,1,1
0,1,1
0,1,1
0,1,1
0,1,1
0,1,1
0,1,1
0,1,1
0,1,1
0,1,1
0,1,1
0,1,1
0,1,1
0,1,1
0,1,1
0,1,1
0,0,0
0,1,1
0,1,1
0,1,1
0,0,0
0,1,1
0,1,1
0,1,1
0,0.8645387,1
0,1,1
0,1,1
0,1,1
0,1,1
0,0,1
0,0,1
0,0,1
0,1,1
0,1,1
0,1,1
0,1,1
0,0,1
0,1,1
0,0.8671287,1
0,1,1
0,0,1
0,1,1
0,1,1
0,0,1
0,0,0
0,0,1
0,1,1
0,1,1
0,0.8501188,1
0,1,1
0,0,1
0,0,0
0,1,1
0,1,1
0,1,1
0,1,1
0,1,1
0,0,0
0,0,0
0,1,1
0,1,1
0,0,1
0,1,1
0,1,1
0,1,1
0,1,1
0,1,1
0,1,1
0,1,1
0,1,1
0,1,1
0,1,1
0,1,1
0,0,0
0,1,1
0,1,1
0,0.8649799,1
0,0,1
0,1,1
0,1,1
0,0,0
0,0,1
0,1,1
0,1,1
0,0,1
0,1,1
0,1,1
0,1,1
0,1,1
0,1,1
0,0,0
0,0,0
0,1,1
0,1,1
0,1,1
0,1,1
0,1,1
0,1,1
0,0,0
0,1,1
0,0,1
0,1,1
0,0,0
0,1,1
0,1,1
0,1,1
0,1,1
0,0,1
0,1,1
0,0.8621043,1
0,0,0
0,1,1
0,1,1
0,1,1
0,1,1
0,1,1
0,1,1
0,1,1
0,0,1
0,0,1
0,0,0
0,1,1
0,1,1
0,0,0
0,0,1
0,0,1
0,1,1
0,1,1
0,1,1
0,1,1
0,0,1
0,0.8724948,1
0,0,1
0,0,0
0,1,1
0,1,1
0,1,1
0,1,1
0,1,1
0,0,1
0,0,1
0,1,1
0,0,1
0,1,1
0,0,1
0,1,1
0,1,1
0,1,1
0,0,1
0,0,0
0,1,1
0,0.8675462,1
0,1,1
0,0,1
0,1,1
0,1,1
0,1,1
0,1,1
0,1,1
0,0,1
0,1,1
0,1,1
0,1,1
0,0,1
0,0,1
0,0,0
0,0,0
0,1,1
0,1,1
0,1,1
0,1,1
0,1,1
0,1,1
0,0,0
0,0,0
0,1,1
0,0,1
0,0,1
0,1,1
0,1,1
0,1,1
0,1,1
0,1,1
0,0,1
0,0,1
0,1,1
0,0,0
0,1,1
0,1,1
0,0,1
0,1,1
0,1,1
0,0,0
0,1,1
0,0,1
0,1,1
0,1,1
0,0,1
0,1,1
0,1,1
0,1,1
0,1,1
0,1,1
0,0,0
0,1,1
0,1,1
0,0,1
0,1,1
0,1,1
0,1,1
0,1,1
0,1,1
0,0,1
0,1,1
0,0,1
0,0,0
0,1,1
0,1,1
0,1,1
0,1,1
0,0.726488,1
0,1,1
0,1,1
0,0,1
0,1,1
0,0,0
0,0,0
0,1,1
0,1,1
0,1,1
0,1,1
0,1,1
0,1,1
0,1,1
0,0,0
0,1,1
0,0,1
0,0,0
0,1,1
0,1,1
0,0,1
0,1,1
0,1,1
0,1,1
0,1,1
0,1,1
0,1,1
0,0,1
0,1,1
0,1,1
0,1,1
0,1,1
0,1,1
0,0,1
0,0,0
0,1,1
0,1,1
0,1,1
0,1,1
0,0,1
0,1,1
0,1,1
0,1,1
0,1,1
0,1,1
0,0.8621475,1
0,1,1
0,1,1
0,1,1
0,1,1
0,0,1
0,1,1
0,1,1
0,1,1
0,0,0
0,1,1
0,1,1
0,0,1
0,1,1
0,0,1
0,0,1
0,1,1
0,1,1
0,0,1
0,1,1
0,1,1
0,1,1
0,1,1
0,1,1
0,1,1
0,1,1
0,0,1
0,1,1
0,1,1
0,1,1
0,0,1
0,1,1
0,1,1
0,0,1
0,1,1
0,1,1
0,1,1
0,1,1
0,0,1
0,1,1
0,0,1
0,1,1
0,1,1
0,1,1
0,1,1
0,0,0
0,1,1
0,1,1
0,1,1
0,1,1
0,1,1
0,0,0
0,1,1
0,1,1
0,1,1
0,1,1
0,1,1
0,1,1
0,1,1
0,1,1
0,1,1
0,1,1
0,1,1
0,0.869166,1
0,1,1
0,1,1
0,1,1
0,1,1
0,1,1
0,1,1
0,1,1
0,1,1
0,1,1
0,1,1
0,1,1
0,1,1
0,1,1
0,0,1
0,0,0
0,1,1
0,0,0
0,1,1
0,1,1
0,0,1
0,0,0
0,1,1
0,1,1
0,1,1
0,0,1
0,1,1
0,0,1
0,1,1
0,0,1
0,1,1
0,1,1
0,1,1
0,0,1
0,1,1
0,0.8572181,1
0,1,1
0,1,1
0,1,1
0,1,1
0,1,1
0,1,1
0,1,1
0,0,1
0,1,1
0,0,1
0,1,1
0,0,0
0,1,1
0,1,1
0,0,1
0,0,1
0,1,1
0,1,1
0,0.8633873,1
0,0,1
0,0.8593678,1
0,1,1
0,0,0
0,1,1
0,0,0
0,0,1
0,1,1
0,0,1
0,1,1
0,0,1
0,0,0
0,1,1
0,1,1
0,0.8636913,1
0,1,1
0,1,1
0,1,1
0,1,1
0,0,0
0,1,1
0,0,1
0,1,1
0,0,1
0,1,1
0,1,1
0,0,0
0,1,1
0,1,1
0,0,0
0,1,1
0,1,1
0,1,1
0,0,0
0,1,1
0,0,1
0,1,1
0,0,0
0,1,1
0,1,1
0,1,1
0,1,1
0,1,1
0,1,1
0,0.7488667,1
0,1,1
0,0.891091,1
0,1,1
0,1,1
0,1,1
0,1,1
0,1,1
0,1,1
0,1,1
0,1,1
0,1,1
0,1,1
0,1,1
0,1,1
0,0,1
0,0,0
0,1,1
0,1,1
0,0,1
0,1,1
0,1,1
0,1,1
0,1,1
0,1,1
0,0,1
0,1,1
0,1,1
0,1,1
0,0.8657633,1
0,1,1
0,0,1
0,0,0
0,1,1
0,1,1
0,1,1
0,0,1
0,0,0
0,1,1
0,0,1
0,1,1
0,1,1
0,0,1
0,1,1
0,1,1
0,1,1
0,0.8630242,1
0,1,1
0,0,1
0,1,1
0,0,0
0,0,1
0,1,1
0,0,1
0,1,1
0,1,1
0,1,1
0,1,1
0,1,1
0,0,1
0,0,1
0,0,1
0,1,1
0,1,1
0,1,1
0,1,1
0,1,1
0,1,1
0,1,1
0,0,1
0,1,1
0,1,1
0,1,1
0,1,1
0,1,1
0,1,1
0,0,0
0,0,1
0,0,0
0,1,1
0,1,1
0,1,1
0,1,1
0,0,0
0,0,0
0,0,1
0,1,1
0,1,1
0,1,1
0,0,0
0,1,1
0,0,0
0,1,1
0,1,1
0,1,1
0,1,1
0,1,1
0,1,1
0,1,1
0,0,1
0,1,1
0,1,1
0,1,1
0,1,1
0,1,1
0,0,1
0,0,0
0,1,1
0,1,1
0,0,0
0,1,1
0,0.8645347,1
0,1,1
0,0,1
0,1,1
0,1,1
0,1,1
0,1,1
0,0,1
0,1,1
0,1,1
0,1,1
0,1,1
0,1,1
0,1,1
0,0.854593,1
0,1,1
0,1,1
0,1,1
0,1,1
0,1,1
0,1,1
0,1,1
0,1,1
0,0,1
0,1,1
0,0,1
0,1,1
0,0.8606502,1
0,1,1
0,1,1
0,0.8625413,1
0,1,1
0,0,0
0,0,1
0,1,1
0,1,1
0,1,1
0,1,1
0,1,1
0,1,1
0,1,1
0,1,1
0,0,1
0,0,1
0,1,1
0,1,1
0,0,0
0,1,1
0,1,1
0,1,1
0,0,1
0,1,1
0,1,1
0,1,1
0,1,1
0,1,1
0,0,1
0,1,1
0,0,1
0,1,1
0,1,1
0,1,1
0,0,1
0,1,1
0,1,1
0,0,0
0,0,1
0,0,0
0,1,1
0,1,1
0,1,1
0,1,1
0,0,1
0,1,1
0,0,1
0,0,1
0,1,1
0,0,1
0,0.8567107,1
0,0,1
0,0,0
0,0,1
0,1,1
0,1,1
0,0,0
0,1,1
0,1,1
0,1,1
0,1,1
0,1,1
0,1,1
0,1,1
0,0.8634208,1
0,1,1
0,1,1
0,1,1
0,0,1
0,1,1
0,0,0
0,1,1
0,0,1
0,1,1
0,0,0
0,1,1
0,0,1
0,0,1
0,1,1
0,1,1
0,1,1
0,1,1
0,0,1
0,0,0
0,0,1
0,0.8665088,1
0,1,1
0,0,1
0,1,1
0,1,1
0,1,1
0,1,1
0,0,1
0,1,1
0,0,1
0,1,1
0,1,1
0,1,1
0,1,1
0,1,1
0,1,1
0,1,1
0,1,1
0,0.8691932,1
0,1,1
0,0,1
0,0,1
0,0,1
0,1,1
0,1,1
0,0,1
0,1,1
0,1,1
0,0,1
0,1,1
0,0,0
0,1,1
0,1,1
0,1,1
0,0,1
0,1,1
0,1,1
0,1,1
0,1,1
0,1,1
0,1,1
0,1,1
0,1,1
0,1,1
0,1,1
0,1,1
0,0,1
0,1,1
0,0,0
0,1,1
0,0,1
0,1,1
0,1,1
0,0,1
0,0,0
0,1,1
0,1,1
0,0,0
0,1,1
0,1,1
0,1,1
0,0,0
0,1,1
0,1,1
0,0,1
0,0,1
0,1,1
0,1,1
0,0,1
0,1,1
0,0,0
0,1,1
0,0,1
0,0,1
0,1,1
0,1,1
0,1,1
0,1,1
0,1,1
0,1,1
0,0,1
0,1,1
0,1,1
0,1,1
0,0,1
0,1,1
0,1,1
0,0,1
0,0,1
0,1,1
0,1,1
0,0,0
0,1,1
0,0,0
0,1,1
0,1,1
0,0,1
0,0.8585416,1
0,1,1
0,1,1
0,1,1
0,1,1
0,1,1
0,0,0
0,1,1
0,1,1
0,1,1
0,0,1
0,1,1
0,1,1
0,1,1
0,1,1
0,1,1
0,0,1
0,1,1
0,1,1
0,1,1
0,0,0
0,0,0
0,1,1
0,1,1
0,1,1
0,0,1
0,0,1
0,1,1
0,1,1
0,1,1
0,1,1
0,1,1
0,1,1
0,1,1
0,1,1
0,1,1
0,1,1
0,1,1
0,1,1
0,1,1
0,1,1
0,1,1
0,1,1
0,1,1
0,1,1
0,1,1
0,0,0
0,1,1
0,1,1
0,1,1
0,0,0
0,1,1
0,1,1
0,0.8451954,1
0,0,1
0,1,1
0,1,1
0,1,1
0,0,1
0,0,1
0,1,1
0,0,1
0,1,1
0,1,1
0,1,1
0,0,0
0,1,1
0,1,1
0,1,1
0,1,1
0,0,1
0,0,1
0,0.8648914,1
0,1,1
0,0,0
0,1,1
0,1,1
0,0,1
0,0,1
0,1,1
0,0,0
0,0,1
0,0,0
0,1,1
0,1,1
0,1,1
0,1,1
0,0,0
0,1,1
0,1,1
0,1,1
0,1,1
0,1,1
0,1,1
0,1,1
0,1,1
0,0,1
0,1,1
0,1,1
0,1,1
0,1,1
0,0,1
0,1,1
0,0,1
0,0,0
0,1,1
0,0,1
0,1,1
0,1,1
0,1,1
0,0,0
0,1,1
0,1,1
0,1,1
0,1,1
0,1,1
0,1,1
0,0,1
0,0,1
0,0,0
0,1,1
0,1,1
0,1,1
0,1,1
0,1,1
0,1,1
0,1,1
0,1,1
0,1,1
0,1,1
0,1,1
0,0,1
0,1,1
0,0,0
0,1,1
0,0,0
0,0,0
0,1,1
0,1,1
0,0,1
0,1,1
0,0,1
0,1,1
0,1,1
0,1,1
0,0,0
0,0,1
0,1,1
0,0,1
0,0,1
0,1,1
0,1,1
0,1,1
0,1,1
0,0,1
0,1,1
0,1,1
0,1,1
0,0,1
0,1,1
0,0,1
0,1,1
0,0,1
0,0,1
0,1,1
0,1,1
0,0,0
0,1,1
0,1,1
0,0,1
0,0,1
0,0,1
0,1,1
0,1,1
0,0.8643295,1
0,1,1
0,1,1
0,1,1
0,0,0
0,0,0
0,1,1
0,1,1
0,1,1
0,1,1
0,0,1
0,0,0
0,1,1
0,1,1
0,1,1
0,0,1
0,0,0
0,1,1
0,1,1
0,0,1
0,1,1
0,0.8613185,1
0,1,1
0,1,1
0,1,1
0,1,1
0,1,1
0,1,1
0,1,1
0,1,1
0,1,1
0,1,1
0,1,1
0,0,0
0,0,0
0,1,1
0,1,1
0,0,1
0,1,1
0,0,1
0,0,1
0,0,1
0,1,1
0,0,1
0,1,1
0,0,1
0,1,1
0,1,1
0,1,1
0,1,1
0,1,1
0,1,1
0,1,1
0,1,1
0,1,1
0,1,1
0,0,1
0,1,1
0,0,1
0,1,1
0,0,0
0,1,1
0,1,1
0,1,1
0,0,1
0,0,1
0,1,1
0,0,1
0,1,1
0,1,1
0,1,1
0,1,1
0,1,1
0,1,1
0,0,1
0,0,1
0,0,0
0,1,1
0,1,1
0,0,1
0,0,0
0,1,1
0,1,1
0,1,1
0,1,1
0,1,1
0,0.8583714,1
0,0,0
0,1,1
0,1,1
0,0.8600157,1
0,1,1
0,1,1
0,1,1
0,0,0
0,0,0
0,0,1
0,1,1
0,0,1
0,0,1
0,1,1
0,1,1
0,1,1
0,0,1
0,0,1
0,1,1
0,0,0
0,1,1
0,0,0
0,1,1
0,1,1
0,1,1
0,1,1
0,1,1
0,1,1
0,1,1
0,1,1
0,0,1
0,1,1
0,1,1
0,1,1
0,1,1
0,1,1
0,1,1
0,1,1
0,1,1
0,0,0
0,1,1
0,1,1
0,1,1
0,1,1
0,1,1
0,1,1
0,1,1
0,1,1
0,1,1
0,1,1
0,1,1
0,0,0
0,0,1
0,1,1
0,0,1
0,1,1
0,1,1
0,0.8591508,1
0,1,1
0,0,1
0,0,1
0,1,1
0,0,0
0,0,1
0,1,1
0,1,1
0,1,1
0,1,1
0,1,1
0,0,1
0,1,1
0,1,1
0,1,1
0,1,1
0,1,1
0,1,1
0,1,1
0,1,1
0,1,1
0,0,0
0,1,1
0,1,1
0,0,1
0,0,0
0,1,1
0,0,0
0,1,1
0,1,1
0,0,1
0,1,1
0,1,1
0,1,1
0,1,1
0,1,1
0,1,1
0,1,1
0,1,1
0,1,1
0,1,1
0,1,1
0,1,1
0,1,1
0,1,1
0,0.8574234,1
0,1,1
0,1,1
0,1,1
0,1,1
0,0,1
0,1,1
0,1,1
0,1,1
0,0.8589224,1
0,0.8637084,1
0,1,1
0,1,1
0,0,1
0,1,1
0,1,1
0,0.8597358,1
0,0,1
0,0,0
0,0,1
0,1,1
0,1,1
0,1,1
0,0,1
0,1,1
0,1,1
0,1,1
0,0,1
0,1,1
0,1,1
0,0,1
0,0,1
0,1,1
0,1,1
0,1,1
0,1,1
0,1,1
0,0,1
0,0,1
0,1,1
0,1,1
0,0,0
0,1,1
0,0,0
0,0,1
0,1,1
0,1,1
0,0,1
0,0,1
0,1,1
0,1,1
0,1,1
0,1,1
0,0,1
0,0.8558643,1
0,1,1
0,0.7721366,1
0,1,1
0,1,1
0,1,1
0,0,1
0,1,1
0,0.8607134,1
0,0,0
0,1,1
0,1,1
0,1,1
0,0,1
0,0.859774,1
0,0,1
0,1,1
0,1,1
0,1,1
0,1,1
0,0,0
0,1,1
0,0,1
0,1,1
0,0,0
0,1,1
0,1,1
0,1,1
0,0,1
0,1,1
0,1,1
0,0,1
0,0,1
0,0,1
0,1,1
0,1,1
0,1,1
0,1,1
0,0,0
0,1,1
0,1,1
0,0,1
0,1,1
0,1,1
0,1,1
0,0,1
0,1,1
0,1,1
0,0,1
0,1,1
0,1,1
0,1,1
0,1,1
0,1,1
0,0,1
0,1,1
0,1,1
0,1,1
0,0,0
0,1,1
0,1,1
0,1,1
0,0,1
0,0,1
0,1,1
0,0,1
0,0,1
0,0,1
0,0,0
0,0,1
0,1,1
0,0,1
0,1,1
0,1,1
0,1,1
0,0,0
0,0,1
0,1,1
0,1,1
0,1,1
0,1,1
0,0,1
0,1,1
0,0,1
0,1,1
0,0,1
0,1,1
0,1,1
0,1,1
0,1,1
0,1,1
0,1,1
0,1,1
0,0,1
0,1,1
0,0,1
0,1,1
0,0,0
0,1,1
0,1,1
0,1,1
0,1,1
0,1,1
0,0,0
0,1,1
0,1,1
0,1,1
0,1,1
0,1,1
0,1,1
0,0,1
0,0,1
0,1,1
0,0,0
0,1,1
0,0,1
0,1,1
0,1,1
0,1,1
0,1,1
0,0.8575178,1
0,1,1
0,1,1
0,0,0
0,1,1
0,1,1
0,1,1
0,1,1
0,1,1
0,0.8656236,1
0,0,0
0,1,1
0,1,1
0,1,1
0,1,1
0,1,1
0,1,1
0,1,1
0,1,1
0,1,1
0,1,1
0,1,1
0,1,1
0,1,1
0,1,1
0,1,1
0,1,1
0,0,0
0,1,1
0,0,1
0,0,0
0,1,1
0,1,1
0,0,1
0,1,1
0,1,1
0,1,1
0,0,1
0,1,1
0,0,1
0,1,1
0,0,1
0,0,1
0,1,1
0,0,1
0,0,1
0,1,1
0,1,1
0,1,1
0,1,1
0,1,1
0,1,1
0,1,1
0,0,1
0,1,1
0,1,1
0,1,1
0,1,1
0,1,1
0,0,1
0,0,1
0,1,1
0,1,1
0,0,1
0,1,1
0,1,1
0,1,1
0,0,1
0,1,1
0,1,1
0,1,1
0,0,1
0,1,1
0,1,1
0,1,1
0,1,1
0,1,1
0,1,1
0,1,1
0,1,1
0,1,1
0,0,1
0,0,1
0,1,1
0,0,1
0,1,1
0,1,1
0,1,1
0,0,0
0,1,1
0,0.8611583,1
0,1,1
0,0,0
0,0,1
0,1,1
0,1,1
0,1,1
0,1,1
0,0,0
0,0,1
0,1,1
0,1,1
0,0,1
0,1,1
0,1,1
0,1,1
0,1,1
0,1,1
0,0,1
0,1,1
0,1,1
0,0,0
0,1,1
0,1,1
0,1,1
0,0,0
0,1,1
0,1,1
0,1,1
0,1,1
0,1,1
0,0,0
0,1,1
0,0,1
0,1,1
0,1,1
0,0,0
0,1,1
0,0,0
0,0,1
0,1,1
0,0,0
0,1,1
0,0,1
0,1,1
0,0,1
0,1,1
0,1,1
0,0,1
0,1,1
0,0,0
0,1,1
0,1,1
0,0,1
0,1,1
0,1,1
0,0,0
0,1,1
0,0.8580009,1
0,0,1
0,0.856994,1
0,1,1
0,1,1
0,1,1
0,0,0
0,1,1
0,1,1
0,1,1
0,1,1
0,1,1
0,1,1
0,1,1
0,1,1
0,0,1
0,1,1
0,0,1
0,1,1
0,1,1
0,0.8821527,1
0,1,1
0,1,1
0,1,1
0,1,1
0,1,1
0,0,0
0,0,0
0,1,1
0,0,1
0,1,1
0,0,1
0,1,1
0,1,1
0,1,1
0,1,1
0,1,1
0,1,1
0,0,1
0,1,1
0,1,1
0,1,1
0,0,1
0,1,1
0,1,1
0,0,1
0,1,1
0,1,1
0,1,1
0,0,0
0,0,1
0,1,1
0,0,1
0,0,1
0,1,1
0,1,1
0,1,1
0,0,1
0,1,1
0,1,1
0,1,1
0,1,1
0,1,1
0,1,1
0,1,1
0,1,1
0,1,1
0,1,1
0,0,1
0,0,1
0,0,0
0,1,1
0,1,1
0,0,1
0,1,1
0,0,1
0,0,0
0,1,1
0,0,1
0,1,1
0,1,1
0,1,1
0,1,1
0,1,1
0,1,1
0,1,1
0,1,1
0,0,0
0,1,1
0,1,1
0,0,0
0,1,1
0,1,1
0,1,1
0,1,1
0,0,0
0,1,1
0,1,1
0,1,1
0,1,1
0,1,1
0,1,1
0,1,1
0,1,1
0,1,1
0,1,1
0,1,1
0,0,0
0,1,1
0,1,1
0,0,1
0,1,1
0,1,1
0,1,1
0,1,1
0,1,1
0,1,1
0,1,1
0,1,1
0,1,1
0,0,1
0,1,1
0,0,1
0,1,1
0,1,1
0,1,1
0,1,1
0,1,1
0,1,1
0,1,1
0,1,1
0,0,0
0,0,0
0,0.8590935,1
0,1,1
0,1,1
0,1,1
0,0,0
0,1,1
0,0,1
0,1,1
0,1,1
0,1,1
0,1,1
0,1,1
0,1,1
0,0,1
0,0.8035942,1
0,0,1
0,1,1
0,1,1
0,1,1
0,0,1
0,1,1
0,1,1
0,1,1
0,1,1
0,0,0
0,1,1
0,1,1
0,1,1
0,1,1
0,1,1
0,0,0
0,0,0
0,1,1
0,1,1
0,0,1
0,1,1
0,1,1
0,1,1
0,1,1
0,1,1
0,1,1
0,0,0
0,0,1
0,0,0
0,1,1
0,1,1
0,0,1
0,0,1
0,1,1
0,1,1
0,1,1
0,1,1
0,1,1
0,1,1
0,0.8649386,1
0,1,1
0,1,1
0,1,1
0,0,1
0,1,1
0,1,1
0,0,1
0,1,1
0,1,1
0,1,1
0,1,1
0,1,1
0,1,1
0,0,1
0,0,0
0,0,0
0,0,1
0,1,1
0,0,1
0,0,1
0,0,1
0,0.895326,1
0,1,1
0,0,1
0,1,1
0,1,1
0,1,1
0,0,1
0,1,1
0,1,1
0,1,1
0,1,1
0,0,0
0,1,1
0,0,0
0,0,1
0,0,0
0,1,1
0,0,1
0,0,1
0,1,1
0,1,1
0,0,0
0,1,1
0,1,1
0,1,1
0,1,1
0,1,1
0,1,1
0,1,1
0,0,1
0,0.7707766,1
0,1,1
0,1,1
0,1,1
0,1,1
0,0,1
0,1,1
0,0,1
0,1,1
0,1,1
0,0,1
0,1,1
0,0,1
0,1,1
0,0,0
0,1,1
0,1,1
0,1,1
0,1,1
0,1,1
0,0,1
0,1,1
0,0,1
0,1,1
0,1,1
0,1,1
0,1,1
0,1,1
0,1,1
0,1,1
0,0,1
0,1,1
0,1,1
0,1,1
0,1,1
0,1,1
0,0,0
0,1,1
0,0,1
0,1,1
0,0,1
0,1,1
0,0,0
0,1,1
0,1,1
0,0,1
0,1,1
0,1,1
0,0,1
0,1,1
0,1,1
0,0,0
0,0,1
0,1,1
0,0,1
0,1,1
0,1,1
0,0,1
0,1,1
0,1,1
0,1,1
0,1,1
0,0,1
0,0,0
0,1,1
0,0,1
0,1,1
0,0,0
0,1,1
0,1,1
0,0,1
0,1,1
0,0,1
0,0,0
0,1,1
0,1,1
0,0,0
0,0,0
0,1,1
0,1,1
0,1,1
0,1,1
0,1,1
0,1,1
0,1,1
0,1,1
0,0,1
0,1,1
0,1,1
0,1,1
0,1,1
0,1,1
0,1,1
0,1,1
0,0,1
0,1,1
0,1,1
0,1,1
0,1,1
0,0,1
0,1,1
0,1,1
0,0,1
0,1,1
0,1,1
0,1,1
0,1,1
0,1,1
0,0,1
0,1,1
0,1,1
0,1,1
0,0,1
0,1,1
0,0,1
0,0,1
0,0,1
0,1,1
0,1,1
0,1,1
0,0,1
0,1,1
0,1,1
0,1,1
0,1,1
0,1,1
0,0,1
0,1,1
0,1,1
0,1,1
0,1,1
0,0,0
0,1,1
0,1,1
0,1,1
0,0,1
0,0,0
0,0,1
0,0,1
0,0.8529133,1
0,0,1
0,0,1
0,1,1
0,1,1
0,1,1
0,0,1
0,1,1
0,0,1
0,1,1
0,1,1
0,1,1
0,1,1
0,1,1
0,1,1
0,0,1
0,0,0
0,0,1
0,1,1
0,0,1
0,1,1
0,1,1
0,1,1
0,1,1
0,1,1
0,1,1
0,0,1
0,0,1
0,1,1
0,1,1
0,1,1
0,1,1
0,1,1
0,1,1
0,1,1
0,1,1
0,1,1
0,1,1
0,1,1
0,1,1
0,1,1
0,0,0
0,1,1
0,0,1
0,0,0
0,1,1
0,1,1
0,1,1
0,0,1
0,1,1
0,1,1
0,1,1
0,1,1
0,1,1
0,1,1
0,1,1
0,1,1
0,0,1
0,1,1
0,1,1
0,1,1
0,0,1
0,1,1
0,1,1
0,1,1
0,1,1
0,0,1
0,1,1
0,1,1
0,1,1
0,1,1
0,1,1
0,1,1
0,1,1
0,0,1
0,0.8626857,1
0,1,1
0,1,1
0,1,1
0,1,1
0,0,1
0,1,1
0,0,0
0,1,1
0,0,0
0,0.8614231,1
0,1,1
0,0,1
0,0,1
0,0,0
0,0.8584076,1
0,1,1
0,0,1
0,0,1
0,1,1
0,1,1
0,1,1
0,1,1
0,0,1
0,0,0
0,1,1
0,1,1
0,1,1
0,1,1
0,1,1
0,1,1
0,1,1
0,0,0
0,1,1
0,0,0
0,0,0
0,1,1
0,1,1
0,0,1
0,0.8713336,1
0,1,1
0,0,1
0,1,1
0,1,1
0,1,1
0,1,1
0,1,1
0,1,1
0,1,1
0,1,1
0,0,1
0,0,1
0,1,1
0,1,1
0,1,1
0,0,1
0,1,1
0,0,0
0,1,1
0,1,1
0,1,1
0,1,1
0,1,1
0,1,1
0,0,0
0,1,1
0,0,1
0,1,1
0,1,1
0,1,1
0,0,1
0,0,1
0,1,1
0,1,1
0,1,1
0,1,1
0,1,1
0,1,1
0,0,1
0,1,1
0,1,1
0,0,1
0,0,0
0,1,1
0,1,1
0,0,0
0,0,1
0,1,1
0,1,1
0,1,1
0,1,1
0,1,1
0,1,1
0,1,1
0,0,1
0,0,0
0,1,1
0,1,1
0,0,1
0,1,1
0,1,1
0,1,1
0,1,1
0,1,1
0,1,1
0,0,1
0,1,1
0,0,0
0,0,1
0,0,1
0,1,1
0,0,1
0,1,1
0,1,1
0,0,1
0,0,1
0,1,1
0,1,1
0,1,1
0,0,0
0,1,1
0,1,1
0,1,1
0,1,1
0,1,1
0,1,1
0,0,1
0,1,1
0,1,1
0,0,1
0,1,1
0,1,1
0,0,0
0,1,1
0,1,1
0,0,0
0,1,1
0,0,1
0,1,1
0,0,1
0,1,1
0,0,1
0,0,0
0,0,1
0,1,1
0,1,1
0,1,1
0,1,1
0,0.8668543,1
0,1,1
0,0,1
0,0,1
0,1,1
0,0.9190155,1
0,1,1
0,1,1
0,1,1
0,1,1
0,0,1
0,1,1
0,1,1
0,1,1
0,1,1
0,0,1
0,1,1
0,0.861467,1
0,0,1
0,1,1
0,1,1
0,1,1
0,0,1
0,1,1
0,1,1
0,1,1
0,1,1
0,1,1
0,1,1
0,1,1
0,1,1
0,1,1
0,1,1
0,1,1
0,0,0
0,1,1
0,0,0
0,1,1
0,0,1
0,1,1
0,1,1
0,1,1
0,0,1
0,1,1
0,1,1
0,1,1
0,0,1
0,1,1
0,0,0
0,0,1
0,1,1
0,1,1
0,1,1
0,0,1
0,1,1
0,1,1
0,1,1
0,1,1
0,0,1
0,1,1
0,1,1
0,0,1
0,1,1
0,0,1
0,1,1
0,0,1
0,1,1
0,1,1
0,0,0
0,1,1
0,1,1
0,1,1
0,1,1
0,0,1
0,0,1
0,1,1
0,1,1
0,0,1
0,1,1
0,1,1
0,1,1
0,1,1
0,1,1
0,1,1
0,0,1
0,0,1
0,1,1
0,0,1
0,1,1
0,0,0
0,1,1
0,0,1
0,0,1
0,0,1
0,1,1
0,0.8730892,1
0,1,1
0,1,1
0,1,1
0,0,0
0,1,1
0,0,1
0,0,1
0,1,1
0,0,1
0,1,1
0,1,1
0,0,0
0,1,1
0,1,1
0,1,1
0,1,1
0,1,1
0,1,1
0,0,1
0,1,1
0,0,1
0,0,1
0,0,1
0,1,1
0,0,1
0,0,1
0,1,1
0,1,1
0,0,1
0,0,1
0,1,1
0,1,1
0,1,1
0,1,1
0,1,1
0,1,1
0,1,1
0,1,1
0,0,1
0,1,1
0,0,1
0,1,1
0,0,1
0,1,1
0,1,1
0,1,1
0,1,1
0,1,1
0,1,1
0,1,1
0,1,1
0,1,1
0,0,1
0,1,1
0,1,1
0,1,1
0,0,1
0,0,1
0,1,1
0,1,1
0,0.7922111,1
0,1,1
0,1,1
0,1,1
0,1,1
0,1,1
0,1,1
0,0,1
0,1,1
0,0,0
0,1,1
0,0,1
0,0,1
0,1,1
0,0.7630131,1
0,0,0
0,0.8748852,1
0,1,1
0,0,1
0,1,1
0,1,1
0,1,1
0,1,1
0,1,1
0,1,1
0,1,1
0,1,1
0,1,1
0,0,0
0,1,1
0,1,1
0,1,1
0,0,1
0,1,1
0,0,1
0,1,1
0,0,0
0,1,1
0,1,1
0,0,1
0,1,1
0,1,1
0,1,1
0,1,1
0,1,1
0,1,1
0,0,1
0,0,1
0,1,1
0,1,1
0,0,0
0,0,0
0,1,1
0,1,1
0,1,1
0,1,1
0,1,1
0,0,0
0,1,1
0,1,1
0,1,1
0,1,1
0,1,1
0,1,1
0,1,1
0,0,1
0,1,1
0,1,1
0,1,1
0,1,1
0,0,1
0,0,0
0,0,0
0,1,1
0,1,1
0,1,1
0,1,1
0,0.8688875,1
0,1,1
0,1,1
0,1,1
0,0,1
0,1,1
0,1,1
0,0.8613724,1
0,1,1
0,1,1
0,1,1
0,1,1
0,0,1
0,0,0
0,0.8571055,1
0,0,1
0,1,1
0,1,1
0,1,1
0,1,1
0,1,1
0,0,1
0,1,1
0,1,1
0,0,1
0,1,1
0,1,1
0,1,1
0,1,1
0,1,1
0,1,1
0,1,1
0,1,1
0,1,1
0,1,1
0,1,1
0,0,0
0,1,1
0,1,1
0,1,1
0,1,1
0,1,1
0,1,1
0,1,1
0,1,1
0,1,1
0,1,1
0,1,1
0,0,1
0,0,0
0,1,1
0,1,1
0,0,1
0,0,1
0,1,1
0,0,1
0,0,1
0,1,1
0,1,1
0,1,1
0,0,1
0,1,1
0,1,1
0,1,1
0,1,1
0,1,1
0,1,1
0,1,1
0,1,1
0,0,1
0,0,1
0,1,1
0,1,1
0,1,1
0,0,1
0,1,1
0,1,1
0,1,1
0,0,0
0,1,1
0,0,1
0,1,1
0,0,0
0,1,1
0,1,1
0,1,1
0,1,1
0,1,1
0,1,1
0,1,1
0,1,1
0,1,1
0,1,1
0,1,1
0,1,1
0,0,1
0,1,1
0,1,1
0,0,0
0,0,0
0,1,1
0,1,1
0,1,1
0,1,1
0,1,1
0,1,1
0,1,1
0,0,1
0,1,1
0,1,1
0,1,1
0,1,1
0,1,1
0,1,1
0,1,1
0,1,1
0,0,1
0,1,1
0,1,1
0,1,1
0,1,1
0,1,1
0,1,1
0,0,1
0,0,1
0,1,1
0,0,1
0,0,1
0,0.8708929,1
0,1,1
0,1,1
0,0,1
0,0,1
0,0,1
0,0,0
0,0,1
0,0,1
0,1,1
0,1,1
0,1,1
0,1,1
0,1,1
0,1,1
0,0,0
0,1,1
0,0,1
0,1,1
0,1,1
0,1,1
0,1,1
0,1,1
0,0,1
0,0,1
0,0,1
0,0,1
0,1,1
0,1,1
0,1,1
0,1,1
0,1,1
0,1,1
0,1,1
0,0,0
0,0,1
0,1,1
0,1,1
0,1,1
0,1,1
0,1,1
0,0,1
0,0,1
0,0,1
0,1,1
0,0,0
0,1,1
0,1,1
0,1,1
0,1,1
0,0,1
0,1,1
0,0,1
0,0,1
0,1,1
0,1,1
0,1,1
0,1,1
0,1,1
0,0,1
0,1,1
0,1,1
0,0,1
0,1,1
0,1,1
0,1,1
0,1,1
0,0,1
0,1,1
0,1,1
0,1,1
0,1,1
0,1,1
0,0,1
0,1,1
0,0.8583665,1
0,1,1
0,0,1
0,0,1
0,0,1
0,0,0
0,1,1
0,0,0
0,0.8661174,1
0,1,1
0,1,1
0,1,1
0,1,1
0,1,1
0,1,1
0,0,1
0,0,1
0,1,1
0,0,1
0,1,1
0,1,1
0,1,1
0,1,1
0,1,1
0,0,1
0,1,1
0,0,1
0,1,1
0,1,1
0,1,1
0,1,1
0,1,1
0,0,1
0,1,1
0,1,1
0,1,1
0,0,1
0,1,1
0,0,0
0,1,1
0,1,1
0,1,1
0,0,1
0,0,1
0,0,1
0,0,1
0,0,0
0,1,1
0,1,1
0,1,1
0,0,0
0,1,1
0,1,1
0,1,1
0,1,1
0,0,0
0,1,1
0,0,0
0,0,1
0,1,1
0,0,0
0,1,1
0,1,1
0,1,1
0,0,1
0,1,1
0,1,1
0,1,1
0,1,1
0,1,1
0,1,1
0,1,1
0,1,1
0,1,1
0,1,1
0,0,1
0,1,1
0,1,1
0,1,1
0,1,1
0,0,1
0,1,1
0,0,0
0,0,1
0,1,1
0,0,1
0,1,1
0,0,0
0,1,1
0,0,1
0,1,1
0,0,1
0,1,1
0,1,1
0,1,1
0,1,1
0,0,1
0,0,1
0,1,1
0,1,1
0,1,1
0,1,1
0,1,1
0,1,1
0,0,0
0,1,1
0,0,1
0,1,1
0,0.8555149,1
0,1,1
0,0,1
0,1,1
0,0,1
0,0,1
0,0.7151769,1
0,1,1
0,1,1
0,0,1
0,1,1
0,1,1
0,1,1
0,0,1
0,0,0
0,1,1
0,0,1
0,0,0
0,1,1
0,1,1
0,1,1
0,1,1
0,0,1
0,1,1
0,1,1
0,1,1
0,1,1
0,1,1
0,1,1
0,1,1
0,1,1
0,0,1
0,1,1
0,0,1
0,1,1
0,0,1
0,0,1
0,1,1
0,1,1
0,1,1
0,1,1
0,1,1
0,1,1
0,1,1
0,1,1
0,0,1
0,0,1
0,1,1
0,1,1
0,1,1
0,1,1
0,1,1
0,1,1
0,1,1
0,1,1
0,1,1
0,1,1
0,0,1
0,1,1
0,1,1
0,1,1
0,1,1
0,1,1
0,0,1
0,1,1
0,1,1
0,1,1
0,1,1
0,0,1
0,1,1
0,1,1
0,0,0
0,1,1
0,1,1
0,1,1
0,0,1
0,1,1
0,1,1
0,0.8619159,1
0,0,1
0,1,1
0,1,1
0,1,1
0,0,0
0,1,1
0,1,1
0,1,1
0,1,1
0,1,1
0,1,1
0,0,1
0,1,1
0,1,1
0,1,1
0,0,1
0,1,1
0,1,1
0,1,1
0,1,1
0,1,1
0,0,1
0,0,0
0,1,1
0,1,1
0,1,1
0,1,1
0,1,1
0,0,0
0,1,1
0,0,1
0,1,1
0,1,1
0,1,1
0,1,1
0,0,0
0,1,1
0,1,1
0,1,1
0,1,1
0,1,1
0,1,1
0,1,1
0,0,1
0,1,1
0,1,1
0,1,1
0,1,1
0,1,1
0,1,1
0,1,1
0,1,1
0,1,1
0,1,1
0,1,1
0,1,1
0,1,1
0,1,1
0,1,1
0,1,1
0,1,1
0,0,0
0,1,1
0,1,1
0,1,1
0,0,0
0,0,1
0,0,0
0,1,1
0,0,1
0,0,0
0,1,1
0,1,1
0,0,1
0,0,0
0,0,1
0,0,0
0,1,1
0,0,1
0,0,1
0,1,1
0,1,1
0,0,1
0,1,1
0,1,1
0,0,1
0,1,1
0,1,1
0,1,1
0,1,1
0,0,1
0,0,1
0,1,1
0,1,1
0,0,0
0,1,1
0,1,1
0,1,1
0,1,1
0,1,1
0,1,1
0,1,1
0,1,1
0,1,1
0,1,1
0,1,1
0,1,1
0,0,1
0,0,1
0,1,1
0,1,1
0,1,1
0,1,1
0,1,1
0,1,1
0,0,1
0,1,1
0,1,1
0,1,1
0,1,1
0,1,1
0,1,1
0,1,1
0,1,1
0,0,1
0,0,1
0,1,1
0,1,1
0,0,0
0,0,1
0,1,1
0,0,1
0,0,1
0,1,1
0,1,1
0,1,1
0,0,0
0,1,1
0,1,1
0,1,1
0,1,1
0,1,1
0,0,1
0,1,1
0,0,1
0,1,1
0,1,1
0,0,1
0,1,1
0,1,1
0,1,1
0,1,1
0,1,1
0,1,1
0,1,1
0,1,1
0,1,1
0,0,1
0,0,1
0,1,1
0,0,1
0,0,0
0,1,1
0,1,1
0,1,1
0,1,1
0,1,1
0,1,1
0,0.8419517,1
0,0,0
0,1,1
0,1,1
0,1,1
0,1,1
0,1,1
0,1,1
0,0,1
0,1,1
0,0,0
0,0,1
0,1,1
0,1,1
0,1,1
0,1,1
0,0,1
0,1,1
0,1,1
0,1,1
0,1,1
0,1,1
0,1,1
0,0,1
0,1,1
0,1,1
0,1,1
0,1,1
0,1,1
0,1,1
0,1,1
0,1,1
0,1,1
0,1,1
0,1,1
0,1,1
0,1,1
0,0,1
0,1,1
0,1,1
0,0,0
0,0,0
0,1,1
0,0,0
0,1,1
0,0,1
0,1,1
0,1,1
0,1,1
0,1,1
0,1,1
0,0,1
0,1,1
0,1,1
0,1,1
0,0,1
0,0,1
0,0,1
0,1,1
0,0,0
0,1,1
0,1,1
0,1,1
0,1,1
0,1,1
0,1,1
0,1,1
0,1,1
0,1,1
0,1,1
0,1,1
0,1,1
0,1,1
0,0,0
0,1,1
0,1,1
0,1,1
0,0,1
0,1,1
0,0,1
0,1,1
0,0,1
0,1,1
0,1,1
0,1,1
0,0,1
0,1,1
0,0,0
0,1,1
0,0,1
0,1,1
0,1,1
0,0,1
0,0,1
0,1,1
0,1,1
0,0,1
0,0,1
0,1,1
0,1,1
0,1,1
0,1,1
0,1,1
0,1,1
0,1,1
0,0,0
0,1,1
0,1,1
0,1,1
0,0,1
0,1,1
0,1,1
0,1,1
0,1,1
0,1,1
0,0,0
0,1,1
0,0,1
0,1,1
0,1,1
0,0,1
0,1,1
0,1,1
0,1,1
0,1,1
0,1,1
0,1,1
0,1,1
0,0,1
0,1,1
0,0,1
0,1,1
0,0,1
0,0,0
0,0,1
0,1,1
0,1,1
0,0,1
0,1,1
0,1,1
0,1,1
0,0,1
0,0,1
0,0,1
0,0,0
0,1,1
0,1,1
0,1,1
0,1,1
0,1,1
0,1,1
0,1,1
0,0,1
0,1,1
0,1,1
0,1,1
0,0.859242,1
0,0,1
0,1,1
0,1,1
0,0,0
0,1,1
0,1,1
0,0,1
0,1,1
0,0,0
0,0,1
0,1,1
0,1,1
0,1,1
0,0,0
0,0,1
0,1,1
0,1,1
0,1,1
0,1,1
0,1,1
0,1,1
0,1,1
0,1,1
0,1,1
0,1,1
0,1,1
0,1,1
0,0,0
0,1,1
0,1,1
0,1,1
0,0,0
0,0,1
0,0,1
0,0,0
0,1,1
0,1,1
0,1,1
0,1,1
0,0,1
0,0,1
0,1,1
0,1,1
0,1,1
0,1,1
0,0,1
0,1,1
0,1,1
0,1,1
0,1,1
0,1,1
0,1,1
0,1,1
0,1,1
0,1,1
0,1,1
0,0,1
0,0,0
0,1,1
0,1,1
0,1,1
0,1,1
0,0,1
0,0,1
0,0,1
0,0,1
0,1,1
0,1,1
0,1,1
0,1,1
0,0,1
0,0,0
0,1,1
0,0,1
0,1,1
0,0,0
0,1,1
0,0,1
0,1,1
0,1,1
0,1,1
0,1,1
0,1,1
0,1,1
0,1,1
0,1,1
0,1,1
0,1,1
0,0,1
0,1,1
0,1,1
0,0.8629407,1
0,1,1
0,1,1
0,1,1
0,0,1
0,1,1
0,1,1
0,1,1
0,0,1
0,1,1
0,0,1
0,1,1
0,0,1
0,1,1
0,0,1
0,1,1
0,0,0
0,1,1
0,1,1
0,1,1
0,0,1
0,0.8648113,1
0,1,1
0,1,1
0,1,1
0,1,1
0,0,1
0,1,1
0,1,1
0,1,1
0,0,1
0,1,1
0,1,1
0,1,1
0,1,1
0,0,1
0,0.7334124,1
0,0.8598837,1
0,1,1
0,0,0
0,1,1
0,1,1
0,1,1
0,1,1
0,1,1
0,1,1
0,0,1
0,1,1
0,1,1
0,1,1
0,1,1
0,0,1
0,1,1
0,1,1
0,1,1
0,1,1
0,1,1
0,1,1
0,1,1
0,0,1
0,1,1
0,0,1
0,1,1
0,1,1
0,0,1
0,1,1
0,1,1
0,1,1
0,1,1
0,0,1
0,1,1
0,1,1
0,1,1
0,0.8670132,1
0,0.862846,1
0,0,1
0,1,1
0,1,1
0,1,1
0,0,1
0,0,1
0,1,1
0,1,1
0,1,1
0,1,1
0,0,1
0,1,1
0,0,1
0,1,1
0,0,1
0,1,1
0,1,1
0,0,0
0,0.8562119,1
0,1,1
0,1,1
0,1,1
0,1,1
0,0,1
0,1,1
0,1,1
0,1,1
0,0,0
0,1,1
0,0,0
0,1,1
0,0,1
0,0,1
0,0.8566248,1
0,1,1
0,1,1
0,1,1
0,1,1
0,1,1
0,1,1
0,1,1
0,0,1
0,1,1
0,1,1
0,1,1
0,0,0
0,1,1
0,1,1
0,1,1
0,0,1
0,0,1
0,0,1
0,0,1
0,1,1
0,0,1
0,1,1
0,0,1
0,0,0
0,1,1
0,1,1
0,1,1
0,1,1
0,1,1
0,0,1
0,1,1
0,1,1
0,1,1
0,1,1
0,1,1
0,0,1
0,0,1
0,1,1
0,1,1
0,1,1
0,1,1
0,1,1
0,1,1
0,0,1
0,1,1
0,1,1
0,0,1
0,0,1
0,1,1
0,0,1
0,1,1
0,1,1
0,1,1
0,1,1
0,0,1
0,1,1
0,0,1
0,1,1
0,1,1
0,0,1
0,1,1
0,1,1
0,1,1
0,1,1
0,0,1
0,1,1
0,1,1
0,1,1
0,1,1
0,1,1
0,0,0
0,1,1
0,0,1
0,1,1
0,1,1
0,0,1
0,1,1
0,1,1
0,1,1
0,0,0
0,0,0
0,1,1
0,1,1
0,0,0
0,0,1
0,1,1
0,1,1
0,1,1
0,0,1
0,1,1
0,1,1
0,1,1
0,1,1
0,0,1
0,1,1
0,0,1
0,1,1
0,0,0
0,1,1
0,1,1
0,1,1
0,1,1
0,1,1
0,1,1
0,1,1
0,0,1
0,0,1
0,0,1
0,0,1
0,0.8479713,1
0,1,1
0,1,1
0,0.7469418,1
0,0,1
0,0,0
0,0,0
0,1,1
0,1,1
0,0,1
0,1,1
0,1,1
0,1,1
0,1,1
0,1,1
0,1,1
0,0,1
0,1,1
0,1,1
0,1,1
0,1,1
0,0,1
0,1,1
0,1,1
0,1,1
0,1,1
0,1,1
0,1,1
0,1,1
0,0.7168534,1
0,0,1
0,1,1
0,0,1
0,1,1
0,1,1
0,1,1
0,1,1
0,0,1
0,0,1
0,1,1
0,0,1
0,0,1
0,0,1
0,0,1
0,0,1
0,0,1
0,0,1
0,0,1
0,1,1
0,0,0
0,0,1
0,0,1
0,1,1
0,0.9045125,1
0,1,1
0,1,1
0,0,0
0,1,1
0,1,1
0,1,1
0,1,1
0,0,1
0,1,1
0,1,1
0,0,1
0,0,1
0,1,1
0,0,1
0,1,1
0,1,1
0,0,1
0,1,1
0,1,1
0,1,1
0,0,0
0,1,1
0,0,1
0,0,0
0,1,1
0,1,1
0,1,1
0,1,1
0,1,1
0,1,1
0,0,1
0,1,1
0,0,1
0,0,1
0,1,1
0,1,1
0,1,1
0,1,1
0,1,1
0,1,1
0,1,1
0,1,1
0,0,1
0,0,0
0,1,1
0,1,1
0,1,1
0,1,1
0,1,1
0,0,0
0,1,1
0,1,1
0,1,1
0,1,1
0,1,1
0,0,1
0,0,0
0,1,1
0,0,1
0,1,1
0,1,1
0,1,1
0,1,1
0,0,1
0,1,1
0,0,1
0,1,1
0,1,1
0,1,1
0,1,1
0,1,1
0,1,1
0,1,1
0,1,1
0,0,0
0,1,1
0,1,1
0,0,0
0,1,1
0,1,1
0,1,1
0,1,1
0,1,1
0,0,0
0,1,1
0,0,0
0,1,1
0,1,1
0,1,1
0,1,1
0,1,1
0,1,1
0,0,1
0,0,1
0,1,1
0,0,1
0,1,1
0,1,1
0,1,1
0,0,1
0,0,1
0,1,1
0,1,1
0,1,1
0,1,1
0,0,0
0,0.8742074,1
0,1,1
0,1,1
0,1,1
0,1,1
0,0,1
0,0,0
0,0,1
0,1,1
0,1,1
0,0,1
0,0,1
0,0,0
0,0,1
0,1,1
0,0,1
0,1,1
0,1,1
0,1,1
0,1,1
0,0,0
0,1,1
0,0,0
0,1,1
0,1,1
0,1,1
0,0,0
0,0,1
0,0,1
0,0,1
0,0,1
0,1,1
0,0,1
0,1,1
0,1,1
0,0,1
0,1,1
0,1,1
0,1,1
0,1,1
0,0,1
0,1,1
0,0,1
0,0,1
0,1,1
0,1,1
0,1,1
0,1,1
0,1,1
0,1,1
0,0,1
0,1,1
0,0,0
0,1,1
0,1,1
0,1,1
0,1,1
0,1,1
0,0,0
0,0,1
0,1,1
0,1,1
0,1,1
0,1,1
0,1,1
0,1,1
0,0,1
0,1,1
0,1,1
0,0,1
0,1,1
0,1,1
0,1,1
0,1,1
0,1,1
0,1,1
0,1,1
0,1,1
0,0,1
0,1,1
0,1,1
0,0,1
0,1,1
0,1,1
0,1,1
0,0,1
0,1,1
0,0,1
0,1,1
0,1,1
0,1,1
0,1,1
0,1,1
0,1,1
0,1,1
0,0,1
0,1,1
0,1,1
0,1,1
0,1,1
0,1,1
0,1,1
0,0.8601629,1
0,1,1
0,0,1
0,1,1
0,0,1
0,0,0
0,0,0
0,0,1
0,1,1
0,1,1
0,0.912016,1
0,1,1
0,1,1
0,0,1
0,1,1
0,1,1
0,1,1
0,0.862618,1
0,1,1
0,1,1
0,1,1
0,1,1
0,1,1
0,1,1
0,0,0
0,1,1
0,0,1
0,1,1
0,1,1
0,1,1
0,0,1
0,1,1
0,1,1
0,1,1
0,0,1
0,1,1
0,1,1
0,1,1
0,0,1
0,1,1
0,1,1
0,0,1
0,0,1
0,1,1
0,1,1
0,0,1
0,0,0
0,1,1
0,1,1
0,1,1
0,1,1
0,0,0
0,1,1
0,1,1
0,1,1
0,1,1
0,1,1
0,1,1
0,1,1
0,1,1
0,0,1
0,1,1
0,1,1
0,0,1
0,0,0
0,0,0
0,1,1
0,1,1
0,1,1
0,1,1
0,1,1
0,0,1
0,0,1
0,1,1
0,1,1
0,1,1
0,0,0
0,1,1
0,1,1
0,1,1
0,0,0
0,1,1
0,1,1
0,1,1
0,1,1
0,1,1
0,1,1
0,0,1
0,1,1
0,1,1
0,0,0
0,1,1
0,0,1
0,1,1
0,1,1
0,1,1
0,1,1
0,1,1
0,0.8664434,1
0,1,1
0,1,1
0,1,1
0,1,1
0,1,1
0,1,1
0,1,1
0,0.8656398,1
0,0.8622812,1
0,1,1
0,1,1
0,1,1
0,0.8671616,1
0,0,0
0,1,1
0,1,1
0,1,1
0,0,1
0,0,1
0,1,1
0,1,1
0,1,1
0,0,1
0,1,1
0,0.8739935,1
0,1,1
0,1,1
0,0.8594396,1
0,0,1
0,1,1
0,1,1
0,0,1
0,1,1
0,1,1
0,1,1
0,1,1
0,1,1
0,1,1
0,0.863837,1
0,1,1
0,0,1
0,1,1
0,1,1
0,0,1
0,1,1
0,1,1
0,0,0
0,1,1
0,1,1
0,1,1
0,1,1
0,1,1
0,1,1
0,0,1
0,0,1
0,1,1
0,1,1
0,1,1
0,1,1
0,0,1
0,0,1
0,1,1
0,0,1
0,0,1
0,1,1
0,1,1
0,1,1
0,1,1
0,1,1
0,1,1
0,1,1
0,0,0
0,0,0
0,0,0
0,0,1
0,1,1
0,1,1
0,1,1
0,0,1
0,0,1
0,1,1
0,1,1
0,1,1
0,1,1
0,1,1
0,1,1
0,1,1
0,0,1
0,1,1
0,0,1
0,0,1
0,1,1
0,1,1
0,1,1
0,1,1
0,1,1
0,1,1
0,0,1
0,0.8727562,1
0,0,1
0,1,1
0,1,1
0,1,1
0,1,1
0,0,1
0,0,0
0,1,1
0,0.8679556,1
0,1,1
0,0,0
0,0,0
0,1,1
0,1,1
0,1,1
0,0,1
0,1,1
0,1,1
0,0,1
0,0,0
0,0,0
0,0,1
0,1,1
0,1,1
0,1,1
0,1,1
0,1,1
0,1,1
0,1,1
0,1,1
0,1,1
0,1,1
0,1,1
0,1,1
0,1,1
0,1,1
0,1,1
0,1,1
0,0,1
0,1,1
0,1,1
0,1,1
0,1,1
0,1,1
0,1,1
0,1,1
0,1,1
0,1,1
0,1,1
0,1,1
0,1,1
0,1,1
0,1,1
0,1,1
0,0,1
0,1,1
0,1,1
0,1,1
0,0,0
0,1,1
0,0,1
0,1,1
0,0,1
0,1,1
0,1,1
0,1,1
0,1,1
0,0,0
0,0,1
0,1,1
0,1,1
0,1,1
0,1,1
0,0,0
0,0,1
0,1,1
0,1,1
0,1,1
0,0,0
0,1,1
0,1,1
0,1,1
0,0,1
0,1,1
0,1,1
0,1,1
0,1,1
0,0,1
0,1,1
0,1,1
0,1,1
0,1,1
0,1,1
0,0,1
0,1,1
0,1,1
0,1,1
0,0,0
0,1,1
0,0,0
0,0.8637552,1
0,1,1
0,0,0
0,1,1
0,1,1
0,0,1
0,1,1
0,1,1
0,0,1
0,1,1
0,0,1
0,0,0
0,0,1
0,1,1
0,0,1
0,0,1
0,1,1
0,1,1
0,0,1
0,0,0
0,1,1
0,1,1
0,1,1
0,1,1
0,0,1
0,1,1
0,1,1
0,1,1
0,0,1
0,0,1
0,1,1
0,1,1
0,1,1
0,1,1
0,1,1
0,1,1
0,1,1
0,1,1
0,1,1
0,1,1
0,1,1
0,1,1
0,0,1
0,1,1
0,0,0
0,1,1
0,1,1
0,1,1
0,1,1
0,1,1
0,1,1
0,0.8597456,1
0,1,1
0,1,1
0,0,1
0,1,1
0,0,0
0,1,1
0,1,1
0,0.8581934,1
0,1,1
0,1,1
0,1,1
0,1,1
0,1,1
0,1,1
0,0,1
0,1,1
0,0,0
0,1,1
0,1,1
0,1,1
0,1,1
0,0,1
0,0,1
0,1,1
0,0,1
0,1,1
0,0,1
0,0,0
0,1,1
0,1,1
0,1,1
0,1,1
0,1,1
0,0,0
0,0,0
0,1,1
0,0,1
0,1,1
0,1,1
0,1,1
0,1,1
0,1,1
0,0,1
0,0,1
0,0,1
0,1,1
0,1,1
0,0,1
0,1,1
0,0,1
0,1,1
0,0,1
0,1,1
0,0,0
0,1,1
0,1,1
0,0,1
0,1,1
0,1,1
0,1,1
0,1,1
0,1,1
0,1,1
0,1,1
0,1,1
0,0,1
0,1,1
0,0,1
0,0,1
0,1,1
0,0.8797163,1
0,0,1
0,1,1
0,1,1
0,1,1
0,1,1
0,1,1
0,1,1
0,1,1
0,0,0
0,1,1
0,1,1
0,0.8715862,1
0,0,1
0,1,1
0,1,1
0,1,1
0,0,1
0,1,1
0,0,1
0,1,1
0,1,1
0,1,1
0,0,1
0,0,1
0,1,1
0,0,1
0,0,1
0,1,1
0,1,1
0,1,1
0,0,1
0,1,1
0,1,1
0,1,1
0,1,1
0,1,1
0,0,0
0,0,1
0,0,0
0,1,1
0,1,1
0,0.8673264,1
0,0,1
0,0,0
0,0,1
0,0,1
0,1,1
0,0,1
0,0,1
0,1,1
0,1,1
0,1,1
0,1,1
0,1,1
0,0,0
0,1,1
0,0,1
0,1,1
0,1,1
0,1,1
0,1,1
0,1,1
0,0,0
0,1,1
0,1,1
0,1,1
0,1,1
0,1,1
0,1,1
0,0,0
0,0,0
0,1,1
0,1,1
0,0.8661321,1
0,1,1
0,0,1
0,1,1
0,1,1
0,0,1
0,0,0
0,1,1
0,1,1
0,0,1
0,1,1
0,1,1
0,1,1
0,0,1
0,1,1
0,1,1
0,1,1
0,1,1
0,1,1
0,1,1
0,1,1
0,1,1
0,1,1
0,1,1
0,1,1
0,0,0
0,1,1
0,1,1
0,0,1
0,0,1
0,1,1
0,0,1
0,0,1
0,1,1
0,1,1
0,0.8885692,1
0,0,0
0,1,1
0,1,1
0,0,1
0,1,1
0,0,1
0,1,1
0,1,1
0,0,0
0,1,1
0,0,0
0,1,1
0,1,1
0,1,1
0,1,1
0,1,1
0,1,1
0,1,1
0,0,0
0,0,1
0,1,1
0,0,1
0,1,1
0,1,1
0,1,1
0,1,1
0,1,1
0,1,1
0,1,1
0,1,1
0,1,1
0,1,1
0,1,1
0,1,1
0,1,1
0,1,1
0,1,1
0,1,1
0,1,1
0,0,1
0,0,1
0,1,1
0,1,1
0,0,0
0,1,1
0,1,1
0,0,1
0,0,1
0,1,1
0,1,1
0,1,1
0,1,1
0,1,1
0,1,1
0,0,1
0,1,1
0,0,1
0,1,1
0,1,1
0,1,1
0,0,1
0,1,1
0,1,1
0,1,1
0,1,1
0,0,1
0,0,1
0,1,1
0,1,1
0,1,1
0,1,1
0,1,1
0,1,1
0,1,1
0,1,1
0,0,0
0,0,1
0,1,1
0,0,1
0,1,1
0,1,1
0,0,1
0,1,1
0,0,1
0,0.864758,1
0,1,1
0,1,1
0,1,1
0,0,1
0,1,1
0,1,1
0,1,1
0,0,1
0,1,1
0,1,1
0,1,1
0,1,1
0,0,0
0,1,1
0,1,1
0,1,1
0,1,1
0,1,1
0,1,1
0,1,1
0,0.8643339,1
0,1,1
0,0,1
0,1,1
0,0.8817542,1
0,0,0
0,1,1
0,1,1
0,0,1
0,1,1
0,1,1
0,1,1
0,1,1
0,0,0
0,1,1
0,1,1
0,1,1
0,1,1
0,1,1
0,1,1
0,1,1
0,1,1
0,0,1
0,1,1
0,1,1
0,0,1
0,1,1
0,1,1
0,1,1
0,0,1
0,1,1
0,1,1
0,0,1
0,0.7232419,1
0,1,1
0,0,1
0,1,1
0,0,1
0,0.8657635,1
0,0,1
0,0,0
0,1,1
0,1,1
0,0,1
0,0,1
0,1,1
0,1,1
0,1,1
0,1,1
0,1,1
0,0,0
0,0,1
0,0,1
0,1,1
0,0,1
0,1,1
0,1,1
0,0,1
0,1,1
0,0,1
0,1,1
0,0.8570434,1
0,1,1
0,1,1
0,1,1
0,0,1
0,1,1
0,0,1
0,1,1
0,0,0
0,1,1
0,1,1
0,1,1
0,0,1
0,1,1
0,1,1
0,1,1
0,1,1
0,1,1
0,1,1
0,1,1
0,0,0
0,0,0
0,1,1
0,1,1
0,1,1
0,0.8649148,1
0,1,1
0,1,1
0,1,1
0,0,0
0,1,1
0,1,1
0,0,1
0,1,1
0,1,1
0,0,0
0,1,1
0,1,1
0,0.8658222,1
0,1,1
0,0,1
0,0.8637527,1
0,0,0
0,1,1
0,1,1
0,1,1
0,1,1
0,0,1
0,1,1
0,1,1
0,1,1
0,1,1
0,1,1
0,1,1
0,0.8786577,1
0,1,1
0,1,1
0,0.8747765,1
0,0,1
0,0.8625075,1
0,1,1
0,1,1
0,1,1
0,1,1
0,1,1
0,1,1
0,1,1
0,1,1
0,1,1
0,1,1
0,1,1
0,1,1
0,1,1
0,1,1
0,0,1
0,1,1
0,1,1
0,1,1
0,0.8032817,1
0,1,1
0,0,1
0,1,1
0,1,1
0,1,1
0,1,1
0,1,1
0,1,1
0,0,1
0,1,1
0,1,1
0,0,0
0,1,1
0,0,1
0,1,1
0,1,1
0,0,1
0,1,1
0,1,1
0,1,1
0,1,1
0,0,1
0,1,1
0,1,1
0,1,1
0,1,1
0,1,1
0,1,1
0,1,1
0,1,1
0,1,1
0,0,1
0,1,1
0,1,1
0,0,0
0,1,1
0,1,1
0,1,1
0,1,1
0,1,1
0,1,1
0,1,1
0,1,1
0,0,1
0,0,1
0,1,1
0,1,1
0,0,1
0,1,1
0,0,0
0,0,0
0,1,1
0,0,1
0,1,1
0,1,1
0,0,1
0,1,1
0,1,1
0,0,0
0,1,1
0,0,0
0,0,1
0,1,1
0,0,1
0,1,1
0,0,1
0,1,1
0,1,1
0,0,0
0,1,1
0,0,1
0,1,1
0,1,1
0,1,1
0,1,1
0,0,1
0,1,1
0,1,1
0,1,1
0,1,1
0,0,1
0,1,1
0,0,1
0,1,1
0,1,1
0,0,1
0,1,1
0,1,1
0,1,1
0,1,1
0,1,1
0,0,0
0,1,1
0,0,1
0,1,1
0,0,1
0,0,0
0,1,1
0,1,1
0,1,1
0,0,1
0,1,1
0,0,1
0,1,1
0,1,1
0,1,1
0,0,1
0,1,1
0,0,1
0,0,1
0,1,1
0,1,1
0,0,0
0,1,1
0,1,1
0,0,1
0,0,0
0,1,1
0,1,1
0,1,1
0,0,1
0,0,1
0,0,0
0,1,1
0,1,1
0,0,1
0,0,0
0,1,1
0,0,1
0,1,1
0,0.8737085,1
0,0,0
0,1,1
0,1,1
0,0,1
0,1,1
0,0,1
0,1,1
0,1,1
0,0,1
0,0,1
0,0,0
0,1,1
0,1,1
0,1,1
0,0,1
0,1,1
0,1,1
0,1,1
0,1,1
0,1,1
0,0,1
0,0,1
0,1,1
0,0,1
0,1,1
0,1,1
0,1,1
0,1,1
0,0,0
0,1,1
0,0,0
0,1,1
0,1,1
0,1,1
0,1,1
0,1,1
0,0,1
0,0,1
0,1,1
0,1,1
0,1,1
0,0,1
0,1,1
0,1,1
0,0,1
0,1,1
0,1,1
0,0,1
0,0,1
0,0.8547807,1
0,1,1
0,1,1
0,1,1
0,1,1
0,1,1
0,1,1
0,1,1
0,1,1
0,1,1
0,1,1
0,1,1
0,1,1
0,1,1
0,0,1
0,1,1
0,0,0
0,0,0
0,1,1
0,1,1
0,1,1
0,1,1
0,1,1
0,1,1
0,1,1
0,1,1
0,1,1
0,1,1
0,0,0
0,0,0
0,1,1
0,0.8612996,1
0,1,1
0,1,1
0,1,1
0,1,1
0,1,1
0,1,1
0,1,1
0,1,1
0,1,1
0,1,1
0,0,1
0,0,1
0,1,1
0,0,1
0,0,1
0,1,1
0,0,1
0,1,1
0,1,1
0,0,0
0,1,1
0,0,1
0,0,1
0,1,1
0,1,1
0,1,1
0,0.8633472,1
0,1,1
0,1,1
0,1,1
0,0,0
0,0,1
0,1,1
0,1,1
0,0,1
0,1,1
0,1,1
0,1,1
0,1,1
0,0,1
0,1,1
0,0,0
0,1,1
0,0,1
0,1,1
0,1,1
0,1,1
0,1,1
0,0,0
0,1,1
0,1,1
0,1,1
0,1,1
0,0,1
0,1,1
0,0,1
0,0,1
0,1,1
0,0.8621746,1
0,1,1
0,1,1
0,1,1
0,1,1
0,0,1
0,0,0
0,1,1
0,1,1
0,1,1
0,0.8564943,1
0,1,1
0,1,1
0,1,1
0,1,1
0,1,1
0,1,1
0,1,1
0,0,1
0,1,1
0,1,1
0,1,1
0,0,1
0,0.7883967,1
0,1,1
0,1,1
0,1,1
0,1,1
0,0,1
0,1,1
0,1,1
0,1,1
0,1,1
0,0,1
0,0,1
0,1,1
0,1,1
0,1,1
0,1,1
0,1,1
0,1,1
0,1,1
0,0,1
0,1,1
0,1,1
0,1,1
0,1,1
0,1,1
0,0,1
0,1,1
0,1,1
0,1,1
0,1,1
0,1,1
0,0.7025636,1
0,1,1
0,0.860369,1
0,0,1
0,0,0
0,1,1
0,0,1
0,1,1
0,1,1
0,1,1
0,1,1
0,1,1
0,1,1
0,1,1
0,1,1
0,1,1
0,0.8702084,1
0,1,1
0,1,1
0,1,1
0,1,1
0,1,1
0,0,1
0,1,1
0,0,1
0,1,1
0,1,1
0,1,1
0,1,1
0,0,1
0,1,1
0,1,1
0,1,1
0,0,0
0,1,1
0,0,1
0,0,0
0,0,1
0,1,1
0,1,1
0,1,1
0,0,1
0,1,1
0,1,1
0,1,1
0,0,1
0,1,1
0,1,1
0,1,1
0,1,1
0,0,0
0,1,1
0,1,1
0,1,1
0,0.7010202,1
0,1,1
0,0,1
0,1,1
0,0,1
0,0,1
0,1,1
0,1,1
0,1,1
0,0,0
0,1,1
0,1,1
0,1,1
0,0,1
0,1,1
0,0,1
0,1,1
0,0,1
0,1,1
0,1,1
0,0,0
0,1,1
0,1,1
0,1,1
0,1,1
0,1,1
0,0,1
0,1,1
0,1,1
0,0,1
0,1,1
0,1,1
0,1,1
0,1,1
0,1,1
0,0,1
0,0,1
0,0,1
0,0,0
0,1,1
0,1,1
0,1,1
0,1,1
0,1,1
0,1,1
0,1,1
0,0.8635951,1
0,1,1
0,0,1
0,1,1
0,1,1
0,1,1
0,1,1
0,1,1
0,1,1
0,1,1
0,1,1
0,1,1
0,1,1
0,1,1
0,1,1
0,1,1
0,0,1
0,0,0
0,1,1
0,1,1
0,1,1
0,0,1
0,1,1
0,1,1
0,0,1
0,0,1
0,0,1
0,0,1
0,0,0
0,1,1
0,1,1
0,1,1
0,1,1
0,1,1
0,0,1
0,1,1
0,1,1
0,1,1
0,1,1
0,0,1
0,1,1
0,1,1
0,1,1
0,0,0
0,1,1
0,1,1
0,0,1
0,1,1
0,1,1
0,1,1
0,1,1
0,1,1
0,1,1
0,0,1
0,1,1
0,1,1
0,1,1
0,1,1
0,1,1
0,1,1
0,1,1
0,1,1
0,1,1
0,1,1
0,1,1
0,1,1
0,1,1
0,1,1
0,0,1
0,1,1
0,1,1
0,1,1
0,0,0
0,1,1
0,1,1
0,1,1
0,1,1
0,1,1
0,0,1
0,1,1
0,1,1
0,1,1
0,1,1
0,1,1
0,1,1
0,1,1
0,1,1
0,1,1
0,1,1
0,1,1
0,1,1
0,1,1
0,1,1
0,0,1
0,1,1
0,0,0
0,0,1
0,1,1
0,1,1
0,1,1
0,1,1
0,0,0
0,1,1
0,1,1
0,1,1
0,0,1
0,0,1
0,1,1
0,1,1
0,1,1
0,1,1
0,1,1
0,1,1
0,0,1
0,1,1
0,1,1
0,1,1
0,1,1
0,1,1
0,1,1
0,1,1
0,0,1
0,1,1
0,1,1
0,1,1
0,1,1
0,1,1
0,0,1
0,1,1
0,1,1
0,1,1
0,0,0
0,1,1
0,1,1
0,1,1
0,1,1
0,1,1
0,1,1
0,1,1
0,1,1
0,0,0
0,0,0
0,1,1
0,1,1
0,1,1
0,1,1
0,1,1
0,0,1
0,1,1
0,0,1
0,1,1
0,1,1
0,1,1
0,1,1
0,0,0
0,1,1
0,1,1
0,1,1
0,1,1
0,0,1
0,1,1
0,1,1
0,0,1
0,1,1
0,1,1
0,1,1
0,1,1
0,1,1
0,1,1
0,1,1
0,1,1
0,1,1
0,1,1
0,1,1
0,1,1
0,1,1
0,0,1
0,1,1
0,1,1
0,0,0
0,1,1
0,1,1
0,0,0
0,1,1
0,1,1
0,1,1
0,0,0
0,0,1
0,1,1
0,0,0
0,0,1
0,0,1
0,1,1
0,1,1
0,1,1
0,1,1
0,1,1
0,1,1
0,0,1
0,0,1
0,1,1
0,1,1
0,1,1
0,1,1
0,0,1
0,1,1
0,0,1
0,1,1
0,0.8494292,1
0,1,1
0,1,1
0,1,1
0,1,1
0,1,1
0,1,1
0,1,1
0,1,1
0,1,1
0,1,1
0,1,1
0,1,1
0,1,1
0,0,1
0,1,1
0,1,1
0,1,1
0,1,1
0,1,1
0,1,1
0,1,1
0,0,1
0,1,1
0,1,1
0,0,1
0,1,1
0,0,1
0,1,1
0,0,0
0,1,1
0,0,1
0,0.8713959,1
0,1,1
0,1,1
0,1,1
0,1,1
0,0.8361204,1
0,1,1
0,1,1
0,1,1
0,1,1
0,0,0
0,1,1
0,1,1
0,1,1
0,1,1
0,0,1
0,1,1
0,0,1
0,1,1
0,0,0
0,1,1
0,1,1
0,1,1
0,0,1
0,0.8632606,1
0,1,1
0,0,0
0,1,1
0,0,1
0,0,1
0,1,1
0,1,1
0,0,1
0,1,1
0,1,1
0,1,1
0,1,1
0,1,1
0,1,1
0,0,0
0,1,1
0,1,1
0,1,1
0,1,1
0,1,1
0,1,1
0,0,1
0,1,1
0,1,1
0,1,1
0,1,1
0,0,0
0,1,1
0,0,1
0,1,1
0,1,1
0,1,1
0,1,1
0,0,1
0,1,1
0,1,1
0,1,1
0,1,1
0,0,0
0,1,1
0,1,1
0,1,1
0,1,1
0,1,1
0,1,1
0,0,1
0,1,1
0,0,1
0,1,1
0,1,1
0,0,0
0,1,1
0,1,1
0,1,1
0,1,1
0,1,1
0,0,1
0,1,1
0,1,1
0,1,1
0,1,1
0,1,1
0,1,1
0,1,1
0,0,1
0,1,1
0,1,1
0,1,1
0,1,1
0,1,1
0,1,1
0,1,1
0,1,1
0,0,1
0,1,1
0,0,1
0,1,1
0,0,0
0,0,0
0,0,0
0,1,1
0,1,1
0,0,1
0,0,1
0,1,1
0,1,1
0,0.8577476,1
0,1,1
0,1,1
0,1,1
0,1,1
0,0,0
0,1,1
0,1,1
0,1,1
0,1,1
0,1,1
0,0,0
0,1,1
0,1,1
0,1,1
0,0,1
0,0,0
0,1,1
0,1,1
0,1,1
0,1,1
0,1,1
0,0,1
0,1,1
0,0,0
0,1,1
0,1,1
0,1,1
0,1,1
0,0,0
0,1,1
0,0.8674587,1
0,1,1
0,1,1
0,1,1
0,1,1
0,1,1
0,1,1
0,1,1
0,1,1
0,1,1
0,1,1
0,1,1
0,1,1
0,1,1
0,1,1
0,1,1
0,1,1
0,0,0
0,1,1
0,1,1
0,1,1
0,1,1
0,1,1
0,1,1
0,1,1
0,1,1
0,1,1
0,1,1
0,1,1
0,1,1
0,1,1
0,1,1
0,1,1
0,1,1
0,0,0
0,1,1
0,1,1
0,1,1
0,0,1
0,1,1
0,1,1
0,1,1
0,1,1
0,1,1
0,1,1
0,1,1
0,1,1
0,1,1
0,1,1
0,1,1
0,1,1
0,0,1
0,1,1
0,0,1
0,1,1
0,1,1
0,1,1
0,1,1
0,1,1
0,1,1
0,1,1
0,0,1
0,0,1
0,0,1
0,1,1
0,1,1
0,1,1
0,0,1
0,0,1
0,1,1
0,1,1
0,1,1
0,1,1
0,0,1
0,1,1
0,0,0
0,1,1
0,0,1
0,1,1
0,0,1
0,0,1
0,0.8633567,1
0,0,1
0,1,1
0,0,0
0,1,1
0,1,1
0,1,1
0,0,1
0,1,1
0,0,1
0,1,1
0,0,1
0,0,1
0,1,1
0,1,1
0,0,1
0,0,0
0,1,1
0,0,1
0,1,1
0,0,1
0,0,1
0,1,1
0,1,1
0,0,1
0,1,1
0,1,1
0,0,1
0,1,1
0,1,1
0,1,1
0,1,1
0,1,1
0,1,1
0,1,1
0,0,0
0,1,1
0,1,1
0,1,1
0,0,0
0,0.7089934,1
0,0.863984,1
0,0,1
0,1,1
0,1,1
0,1,1
0,0,1
0,0,0
0,0,1
0,1,1
0,1,1
0,0,1
0,0,1
0,1,1
0,1,1
0,1,1
0,1,1
0,0,1
0,1,1
0,0,1
0,1,1
0,1,1
0,0,1
0,1,1
0,0,1
0,1,1
0,1,1
0,1,1
0,1,1
0,0,1
0,0,1
0,1,1
0,1,1
0,1,1
0,0,1
0,1,1
0,1,1
0,1,1
0,1,1
0,1,1
0,1,1
0,0,1
0,1,1
0,1,1
0,0,0
0,1,1
0,1,1
0,1,1
0,1,1
0,0,1
0,0.864935,1
0,1,1
0,1,1
0,1,1
0,1,1
0,0,1
0,0,0
0,0,1
0,0,0
0,0,0
0,1,1
0,1,1
0,1,1
0,1,1
0,1,1
0,1,1
0,1,1
0,1,1
0,1,1
0,1,1
0,0,0
0,1,1
0,0,1
0,1,1
0,1,1
0,1,1
0,1,1
0,1,1
0,1,1
0,1,1
0,1,1
0,1,1
0,1,1
0,0,1
0,1,1
0,1,1
0,0,0
0,0,0
0,1,1
0,1,1
0,0,1
0,1,1
0,1,1
0,1,1
0,1,1
0,0,1
0,0,1
0,1,1
0,1,1
0,1,1
0,1,1
0,0,1
0,1,1
0,1,1
0,0,1
0,1,1
0,0,1
0,1,1
0,1,1
0,1,1
0,0,1
0,1,1
0,1,1
0,0,1
0,1,1
0,0,1
0,1,1
0,1,1
0,1,1
0,1,1
0,1,1
0,0,1
0,1,1
0,0,1
0,1,1
0,1,1
0,1,1
0,0,0
0,0.8613855,1
0,1,1
0,1,1
0,1,1
0,1,1
0,0,1
0,1,1
0,1,1
0,0,1
0,1,1
0,0,1
0,1,1
0,1,1
0,1,1
0,0,1
0,0,0
0,1,1
0,0,1
0,1,1
0,0,1
0,0,1
0,1,1
0,0,1
0,1,1
0,1,1
0,1,1
0,1,1
0,1,1
0,1,1
0,1,1
0,1,1
0,1,1
0,0,1
0,1,1
0,1,1
0,1,1
0,1,1
0,0,1
0,0,1
0,1,1
0,0,1
0,0,1
0,1,1
0,1,1
0,1,1
0,1,1
0,1,1
0,1,1
0,1,1
0,1,1
0,1,1
0,1,1
0,0,1
0,1,1
0,1,1
0,1,1
0,1,1
0,1,1
0,1,1
0,0,1
0,1,1
0,1,1
0,1,1
0,0,1
0,1,1
0,1,1
0,1,1
0,1,1
0,1,1
0,1,1
0,0,1
0,0,1
0,1,1
0,0,0
0,0.7222939,1
0,1,1
0,1,1
0,1,1
0,1,1
0,0,1
0,1,1
0,1,1
0,1,1
0,0,1
0,1,1
0,1,1
0,1,1
0,0,1
0,0,1
0,1,1
0,1,1
0,1,1
0,0,1
0,0,1
0,1,1
0,1,1
0,1,1
0,1,1
0,1,1
0,1,1
0,1,1
0,1,1
0,1,1
0,1,1
0,1,1
0,1,1
0,1,1
0,1,1
0,1,1
0,1,1
0,0,0
0,1,1
0,1,1
0,1,1
0,1,1
0,1,1
0,1,1
0,1,1
0,0,1
0,1,1
0,1,1
0,1,1
0,0,0
0,0,0
0,1,1
0,1,1
0,1,1
0,0,1
0,1,1
0,1,1
0,0,1
0,1,1
0,1,1
0,1,1
0,1,1
0,1,1
0,1,1
0,0.863135,1
0,1,1
0,1,1
0,0,1
0,1,1
0,0,1
0,1,1
0,0,0
0,0,0
0,1,1
0,1,1
0,0,0
0,1,1
0,0,1
0,1,1
0,1,1
0,1,1
0,0,0
0,0,1
0,1,1
0,1,1
0,1,1
0,1,1
0,1,1
0,0,1
0,0,1
0,1,1
0,1,1
0,1,1
0,1,1
0,1,1
0,1,1
0,1,1
0,0,1
0,1,1
0,1,1
0,1,1
0,1,1
0,0,1
0,0,1
0,0,1
0,1,1
0,1,1
0,1,1
0,0,1
0,1,1
0,1,1
0,1,1
0,0,1
0,0,1
0,1,1
0,1,1
0,0,1
0,1,1
0,1,1
0,0,1
0,0,1
0,0,0
0,0,1
0,1,1
0,0,1
0,0,1
0,0,1
0,1,1
0,1,1
0,0,0
0,1,1
0,0,1
0,0,1
0,1,1
0,1,1
0,0,0
0,1,1
0,1,1
0,1,1
0,1,1
0,1,1
0,0,1
0,0,1
0,1,1
0,1,1
0,1,1
0,1,1
0,1,1
0,1,1
0,1,1
0,1,1
0,0,1
0,1,1
0,1,1
0,1,1
0,1,1
0,0,0
0,1,1
0,0,0
0,1,1
0,1,1
0,0,1
0,0,0
0,0,0
0,1,1
0,0,1
0,1,1
0,0,1
0,1,1
0,1,1
0,1,1
0,1,1
0,1,1
0,0,1
0,0,1
0,1,1
0,0,0
0,1,1
0,0,1
0,0,1
0,1,1
0,1,1
0,0.8620635,1
0,1,1
0,0,1
0,1,1
0,0,0
0,0,1
0,1,1
0,1,1
0,0,1
0,1,1
0,1,1
0,1,1
0,1,1
0,1,1
0,0,1
0,1,1
0,1,1
0,1,1
0,1,1
0,0.8584239,1
0,1,1
0,1,1
0,1,1
0,1,1
0,1,1
0,1,1
0,0,0
0,1,1
0,1,1
0,0,1
0,1,1
0,1,1
0,0,1
0,1,1
0,0,1
0,1,1
0,0.8761252,1
0,1,1
0,0,1
0,1,1
0,1,1
0,1,1
0,1,1
0,1,1
0,1,1
0,1,1
0,0.860186,1
0,1,1
0,1,1
0,1,1
0,0,1
0,0,1
0,1,1
0,1,1
0,0,1
0,1,1
0,1,1
0,1,1
0,1,1
0,1,1
0,0,0
0,1,1
0,1,1
0,1,1
0,1,1
0,1,1
0,1,1
0,1,1
0,0,1
0,0,0
0,1,1
0,0,1
0,1,1
0,1,1
0,1,1
0,1,1
0,1,1
0,1,1
0,1,1
0,0,1
0,1,1
0,0,1
0,0,1
0,0,0
0,1,1
0,0,1
0,1,1
0,0,0
0,1,1
0,1,1
0,1,1
0,1,1
0,0,1
0,0.8608621,1
0,1,1
0,1,1
0,1,1
0,0,0
0,0,1
0,1,1
0,0,1
0,1,1
0,0,0
0,1,1
0,1,1
0,1,1
0,0,1
0,0,0
0,1,1
0,1,1
0,1,1
0,1,1
0,1,1
0,1,1
0,1,1
0,1,1
0,1,1
0,1,1
0,0,1
0,1,1
0,1,1
0,0,1
0,1,1
0,1,1
0,0,0
0,1,1
0,1,1
0,0,0
0,0,1
0,0,1
0,1,1
0,1,1
0,1,1
0,0,1
0,0,1
0,1,1
0,0,0
0,1,1
0,1,1
0,0,1
0,1,1
0,1,1
0,1,1
0,1,1
0,1,1
0,1,1
0,1,1
0,1,1
0,0,0
0,1,1
0,1,1
0,0,1
0,0,0
0,0,1
0,1,1
0,1,1
0,0,1
0,0,0
0,1,1
0,1,1
0,1,1
0,1,1
0,1,1
0,1,1
0,1,1
0,1,1
0,1,1
0,0,1
0,1,1
0,0,1
0,1,1
0,0,0
0,0,0
0,1,1
0,1,1
0,1,1
0,0.8668181,1
0,1,1
0,0,1
0,1,1
0,1,1
0,1,1
0,1,1
0,1,1
0,1,1
0,1,1
0,1,1
0,0,1
0,1,1
0,1,1
0,1,1
0,1,1
0,0,1
0,1,1
0,1,1
0,1,1
0,1,1
0,1,1
0,1,1
0,1,1
0,0,1
0,1,1
0,1,1
0,1,1
0,0,1
0,1,1
0,1,1
0,1,1
0,1,1
0,1,1
0,1,1
0,0,1
0,1,1
0,0.8664314,1
0,1,1
0,1,1
0,1,1
0,0,1
0,1,1
0,0,1
0,1,1
0,1,1
0,1,1
0,0,0
0,1,1
0,1,1
0,0,1
0,0,1
0,1,1
0,0,1
0,1,1
0,1,1
0,1,1
0,1,1
0,1,1
0,1,1
0,1,1
0,1,1
0,0,1
0,1,1
0,1,1
0,1,1
0,1,1
0,1,1
0,0,1
0,1,1
0,1,1
0,1,1
0,0,1
0,1,1
0,1,1
0,1,1
0,0,1
0,1,1
0,1,1
0,1,1
0,1,1
0,1,1
0,0,1
0,1,1
0,1,1
0,1,1
0,1,1
0,0,1
0,0,1
0,1,1
0,1,1
0,1,1
0,0,1
0,1,1
0,1,1
0,1,1
0,1,1
0,0,1
0,0,0
0,1,1
0,1,1
0,0,1
0,1,1
0,1,1
0,1,1
0,1,1
0,1,1
0,1,1
0,0,1
0,0,1
0,1,1
0,0,1
0,1,1
0,1,1
0,1,1
0,1,1
0,0.726532,1
0,1,1
0,1,1
0,1,1
0,1,1
0,0,1
0,1,1
0,0,0
0,1,1
0,0,1
0,1,1
0,1,1
0,0,1
0,1,1
0,0,1
0,1,1
0,1,1
0,1,1
0,1,1
0,0,0
0,1,1
0,1,1
0,1,1
0,0,0
0,0,1
0,0,0
0,0,0
0,1,1
0,1,1
0,1,1
0,1,1
0,1,1
0,1,1
0,1,1
0,1,1
0,1,1
0,1,1
0,1,1
0,0,0
0,0,1
0,0,0
0,1,1
0,1,1
0,0,1
0,0,1
0,0,1
0,0,1
0,1,1
0,0,1
0,0,0
0,1,1
0,1,1
0,1,1
0,1,1
0,1,1
0,1,1
0,1,1
0,1,1
0,1,1
0,0,1
0,0,1
0,1,1
0,1,1
0,1,1
0,1,1
0,0,1
0,1,1
0,1,1
0,1,1
0,1,1
0,1,1
0,1,1
0,1,1
0,0,0
0,0,1
0,0,1
0,1,1
0,1,1
0,1,1
0,1,1
0,0,1
0,1,1
0,1,1
0,0,1
0,1,1
0,1,1
0,1,1
0,0,1
0,0,0
0,1,1
0,1,1
0,1,1
0,1,1
0,1,1
0,1,1
0,0,1
0,1,1
0,1,1
0,1,1
0,1,1
0,1,1
0,1,1
0,1,1
0,1,1
0,1,1
0,1,1
0,1,1
0,1,1
0,1,1
0,0,1
0,1,1
0,0,1
0,1,1
0,0,1
0,1,1
0,1,1
0,1,1
0,0.861879,1
0,1,1
0,1,1
0,1,1
0,1,1
0,0,1
0,1,1
0,1,1
0,1,1
0,1,1
0,0,1
0,1,1
0,1,1
0,0,1
0,0,1
0,1,1
0,1,1
0,1,1
0,1,1
0,1,1
0,1,1
0,1,1
0,1,1
0,1,1
0,1,1
0,1,1
0,1,1
0,1,1
0,1,1
0,1,1
0,1,1
0,1,1
0,1,1
0,1,1
0,1,1
0,0,1
0,1,1
0,1,1
0,1,1
0,1,1
0,1,1
0,1,1
0,1,1
0,1,1
0,1,1
0,1,1
0,1,1
0,1,1
0,1,1
0,0,1
0,1,1
0,0,1
0,1,1
0,1,1
0,1,1
0,1,1
0,1,1
0,1,1
0,1,1
0,1,1
0,1,1
0,1,1
0,1,1
0,0,1
0,1,1
0,0,0
0,1,1
0,0,1
0,1,1
0,1,1
0,0,1
0,1,1
0,1,1
0,0,0
0,1,1
0,0,1
0,1,1
0,0,0
0,1,1
0,1,1
0,1,1
0,0,1
0,1,1
0,1,1
0,1,1
0,1,1
0,1,1
0,0,0
0,0,0
0,0,1
0,1,1
0,1,1
0,0,1
0,1,1
0,0,1
0,1,1
0,0,0
0,1,1
0,1,1
0,1,1
0,1,1
0,1,1
0,1,1
0,1,1
0,1,1
0,1,1
0,0,0
0,1,1
0,1,1
0,1,1
0,0,0
0,0,0
0,0,1
0,1,1
0,0,1
0,1,1
0,1,1
0,1,1
0,1,1
0,1,1
0,1,1
0,1,1
0,1,1
0,1,1
0,1,1
0,1,1
0,0,0
0,1,1
0,1,1
0,1,1
0,0,1
0,0,0
0,0,1
0,1,1
0,0,1
0,1,1
0,1,1
0,0,1
0,1,1
0,1,1
0,1,1
0,1,1
0,1,1
0,1,1
0,1,1
0,0,0
0,1,1
0,1,1
0,0,0
0,1,1
0,1,1
0,1,1
0,0,1
0,0,0
0,0.7096828,1
0,1,1
0,1,1
0,1,1
0,1,1
0,1,1
0,1,1
0,1,1
0,0,1
0,0,0
0,1,1
0,1,1
0,1,1
0,1,1
0,0,1
0,0,1
0,1,1
0,0,1
0,1,1
0,1,1
0,1,1
0,0,0
0,1,1
0,0,1
0,1,1
0,0,1
0,1,1
0,1,1
0,1,1
0,0.8816043,1
0,0,0
0,1,1
0,0,1
0,1,1
0,1,1
0,1,1
0,1,1
0,1,1
0,1,1
0,1,1
0,1,1
0,1,1
0,0,1
0,1,1
0,1,1
0,1,1
0,1,1
0,1,1
0,0,1
0,1,1
0,1,1
0,0,1
0,1,1
0,1,1
0,1,1
0,1,1
0,0,1
0,1,1
0,1,1
0,1,1
0,1,1
0,0,1
0,1,1
0,1,1
0,1,1
0,0,0
0,1,1
0,0,1
0,1,1
0,1,1
0,1,1
0,1,1
0,1,1
0,0,0
0,1,1
0,1,1
0,1,1
0,1,1
0,0,1
0,0,1
0,1,1
0,1,1
0,0,1
0,1,1
0,1,1
0,0.8626493,1
0,1,1
0,1,1
0,1,1
0,0,0
0,0.851843,1
0,0,1
0,0,0
0,1,1
0,0.8702909,1
0,0,1
0,1,1
0,1,1
0,1,1
0,1,1
0,1,1
0,0,1
0,1,1
0,1,1
0,0,1
0,1,1
0,1,1
0,1,1
0,0,0
0,1,1
0,0,1
0,1,1
0,1,1
0,0,1
0,1,1
0,0,0
0,1,1
0,0,0
0,0,1
0,0,1
0,0,0
0,1,1
0,1,1
0,0,0
0,1,1
0,1,1
0,1,1
0,1,1
0,1,1
0,0,1
0,1,1
0,0,1
0,1,1
0,1,1
0,1,1
0,1,1
0,1,1
0,1,1
0,0,1
0,1,1
0,1,1
0,1,1
0,1,1
0,1,1
0,1,1
0,0,1
0,1,1
0,0,1
0,0,1
0,0,1
0,1,1
0,1,1
0,1,1
0,0.8789493,1
0,0,1
0,1,1
0,1,1
0,1,1
0,1,1
0,1,1
0,0,1
0,0,1
0,1,1
0,0,1
0,1,1
0,0,1
0,1,1
0,1,1
0,0,1
0,1,1
0,1,1
0,1,1
0,0,1
0,1,1
0,0,1
0,0,1
0,1,1
0,0,0
0,1,1
0,1,1
0,1,1
0,1,1
0,1,1
0,1,1
0,1,1
0,1,1
0,1,1
0,1,1
0,1,1
0,1,1
0,1,1
0,1,1
0,1,1
0,0,1
0,1,1
0,0,1
0,1,1
0,1,1
0,1,1
0,0.8742923,1
0,1,1
0,1,1
0,1,1
0,1,1
0,1,1
0,1,1
0,0,1
0,1,1
0,0.8640054,1
0,1,1
0,1,1
0,1,1
0,1,1
0,1,1
0,1,1
0,1,1
0,1,1
0,1,1
0,0,0
0,0,1
0,1,1
0,1,1
0,1,1
0,1,1
0,0,1
0,1,1
0,1,1
0,1,1
0,1,1
0,1,1
0,1,1
0,1,1
0,1,1
0,0,1
0,0,0
0,1,1
0,1,1
0,0,1
0,1,1
0,1,1
0,1,1
0,0,1
0,1,1
0,1,1
0,1,1
0,1,1
0,0,1
0,1,1
0,1,1
0,1,1
0,0,1
0,1,1
0,1,1
0,1,1
0,0,1
0,0,0
0,1,1
0,0,1
0,0,1
0,1,1
0,1,1
0,1,1
0,1,1
0,1,1
0,1,1
0,1,1
0,1,1
0,1,1
0,1,1
0,1,1
0,1,1
0,1,1
0,1,1
0,0,1
0,1,1
0,1,1
0,1,1
0,1,1
0,1,1
0,1,1
0,1,1
0,0,1
0,0,1
0,1,1
0,1,1
0,1,1
0,1,1
0,0,1
0,1,1
0,1,1
0,0.857926,1
0,1,1
0,1,1
0,1,1
0,1,1
0,1,1
0,1,1
0,0,0
0,1,1
0,1,1
0,0,1
0,1,1
0,1,1
0,1,1
0,1,1
0,1,1
0,0,0
0,1,1
0,1,1
0,1,1
0,1,1
0,1,1
0,1,1
0,1,1
0,1,1
0,0,0
0,1,1
0,1,1
0,1,1
0,0,0
0,0,1
0,0,0
0,1,1
0,1,1
0,1,1
0,0,1
0,1,1
0,0,1
0,1,1
0,1,1
0,1,1
0,1,1
0,1,1
0,1,1
0,1,1
0,0,1
0,1,1
0,1,1
0,1,1
0,1,1
0,1,1
0,1,1
0,1,1
0,1,1
0,1,1
0,1,1
0,0,0
0,1,1
0,1,1
0,1,1
0,1,1
0,1,1
0,1,1
0,0,0
0,0,1
0,1,1
0,1,1
0,1,1
0,1,1
0,1,1
0,0,1
0,0,1
0,1,1
0,0,1
0,1,1
0,0,0
0,0.7918521,1
0,1,1
0,1,1
0,0,0
0,1,1
0,1,1
0,1,1
0,1,1
0,1,1
0,1,1
0,1,1
0,1,1
0,1,1
0,0,1
0,1,1
0,1,1
0,1,1
0,1,1
0,1,1
0,0,1
0,1,1
0,1,1
0,1,1
0,1,1
0,0,1
0,1,1
0,1,1
0,1,1
0,1,1
0,1,1
0,1,1
0,0,0
0,0,1
0,1,1
0,0.8581787,1
0,0,0
0,1,1
0,1,1
0,1,1
0,1,1
0,1,1
0,1,1
0,1,1
0,0,1
0,0,1
0,1,1
0,1,1
0,0,0
0,1,1
0,0,1
0,1,1
0,1,1
0,1,1
0,1,1
0,1,1
0,1,1
0,1,1
0,1,1
0,0,1
0,1,1
0,0,0
0,1,1
0,1,1
0,1,1
0,1,1
0,1,1
0,1,1
0,0,0
0,1,1
0,1,1
0,1,1
0,1,1
0,0,1
0,1,1
0,1,1
0,0,0
0,1,1
0,1,1
0,1,1
0,1,1
0,1,1
0,1,1
0,1,1
0,1,1
0,1,1
0,1,1
0,1,1
0,0,1
0,0,1
0,1,1
0,1,1
0,0,1
0,1,1
0,0,1
0,1,1
0,1,1
0,0,0
0,1,1
0,1,1
0,1,1
0,1,1
0,1,1
0,0,0
0,0,1
0,1,1
0,1,1
0,1,1
0,0,1
0,0,0
0,1,1
0,1,1
0,0,0
0,1,1
0,0,1
0,1,1
0,1,1
0,1,1
0,1,1
0,1,1
0,1,1
0,0,0
0,1,1
0,1,1
0,1,1
0,1,1
0,0,1
0,0,1
0,0,1
0,0,0
0,1,1
0,1,1
0,1,1
0,0.8555654,1
0,0,1
0,1,1
0,1,1
0,0,1
0,1,1
0,1,1
0,1,1
0,1,1
0,1,1
0,1,1
0,1,1
0,1,1
0,0,1
0,1,1
0,1,1
0,1,1
0,0,1
0,1,1
0,0,1
0,1,1
0,0,0
0,0,1
0,1,1
0,0,1
0,0,1
0,1,1
0,0,1
0,1,1
0,0,0
0,1,1
0,0,1
0,1,1
0,1,1
0,1,1
0,1,1
0,0,1
0,1,1
0,0,1
0,1,1
0,1,1
0,1,1
0,0,1
0,1,1
0,1,1
0,1,1
0,1,1
0,1,1
0,1,1
0,1,1
0,0,0
0,1,1
0,1,1
0,1,1
0,1,1
0,0,1
0,0,0
0,0.8776283,1
0,1,1
0,1,1
0,1,1
0,1,1
0,1,1
0,1,1
0,0,1
0,1,1
0,1,1
0,1,1
0,1,1
0,1,1
0,1,1
0,0,1
0,1,1
0,1,1
0,0.8591338,1
0,1,1
0,1,1
0,0,0
0,0,1
0,1,1
0,0,1
0,1,1
0,1,1
0,1,1
0,0,0
0,1,1
0,1,1
0,0,1
0,0,1
0,1,1
0,1,1
0,1,1
0,1,1
0,1,1
0,0.8590577,1
0,1,1
0,1,1
0,0,1
0,1,1
0,1,1
0,1,1
0,1,1
0,0,1
0,0,1
0,1,1
0,0,0
0,1,1
0,0,1
0,1,1
0,1,1
0,0,1
0,1,1
0,1,1
0,1,1
0,1,1
0,1,1
0,1,1
0,1,1
0,0,0
0,1,1
0,1,1
0,0,1
0,0,0
0,1,1
0,0,1
0,1,1
0,0,0
0,0,0
0,1,1
0,1,1
0,1,1
0,1,1
0,0.7908484,1
0,1,1
0,1,1
0,1,1
0,1,1
0,0,1
0,1,1
0,1,1
0,1,1
0,1,1
0,1,1
0,1,1
0,0,1
0,1,1
0,1,1
0,1,1
0,1,1
0,1,1
0,1,1
0,0,1
0,0,1
0,1,1
0,1,1
0,1,1
0,1,1
0,0,1
0,0,0
0,1,1
0,1,1
0,0,1
0,1,1
0,0,1
0,1,1
0,1,1
0,0,1
0,1,1
0,1,1
0,1,1
0,0,0
0,1,1
0,1,1
0,0,1
0,1,1
0,0,0
0,1,1
0,1,1
0,1,1
0,1,1
0,1,1
0,0,1
0,1,1
0,1,1
0,1,1
0,1,1
0,1,1
0,1,1
0,0,1
0,1,1
0,1,1
0,1,1
0,0,1
0,1,1
0,1,1
0,1,1
0,1,1
0,1,1
0,1,1
0,1,1
0,0,0
0,0,1
0,0,0
0,1,1
0,1,1
0,1,1
0,1,1
0,1,1
0,1,1
0,1,1
0,1,1
0,0,0
0,1,1
0,0,0
0,1,1
0,1,1
0,1,1
0,1,1
0,1,1
0,1,1
0,0,1
0,1,1
0,1,1
0,1,1
0,0,1
0,0,1
0,1,1
0,0,0
0,1,1
0,1,1
0,1,1
0,0,0
0,0.7819175,1
0,1,1
0,0,1
0,0.8567113,1
0,1,1
0,1,1
0,1,1
0,1,1
0,1,1
0,0,0
0,0,1
0,0,0
0,0,1
0,1,1
0,1,1
0,0,1
0,1,1
0,1,1
0,1,1
0,0,1
0,1,1
0,0,1
0,1,1
0,1,1
0,1,1
0,1,1
0,0,1
0,0,1
0,1,1
0,1,1
0,0,1
0,1,1
0,1,1
0,1,1
0,1,1
0,0,1
0,1,1
0,0.8641829,1
0,0,0
0,1,1
0,1,1
0,0,1
0,1,1
0,1,1
0,1,1
0,0,1
0,1,1
0,1,1
0,1,1
0,1,1
0,1,1
0,1,1
0,0,1
0,1,1
0,1,1
0,1,1
0,1,1
0,1,1
0,1,1
0,1,1
0,1,1
0,0,1
0,1,1
0,1,1
0,1,1
0,1,1
0,1,1
0,0,0
0,0,1
0,0,1
0,1,1
0,0,1
0,1,1
0,0,0
0,1,1
0,1,1
0,1,1
0,1,1
0,1,1
0,1,1
0,1,1
0,1,1
0,0,1
0,1,1
0,0,1
0,0,0
0,0.8580424,1
0,1,1
0,0,0
0,1,1
0,1,1
0,1,1
0,1,1
0,1,1
0,1,1
0,0,1
0,0,1
0,1,1
0,1,1
0,1,1
0,0,0
0,1,1
0,1,1
0,1,1
0,0.7418673,1
0,0,0
0,1,1
0,1,1
0,1,1
0,1,1
0,0,1
0,1,1
0,1,1
0,1,1
0,1,1
0,1,1
0,1,1
0,0,0
0,1,1
0,0,0
0,1,1
0,1,1
0,1,1
0,0,0
0,1,1
0,0.8703023,1
0,1,1
0,1,1
0,1,1
0,1,1
0,1,1
0,1,1
0,1,1
0,1,1
0,0,1
0,1,1
0,0,1
0,1,1
0,1,1
0,1,1
0,1,1
0,1,1
0,1,1
0,1,1
0,1,1
0,0.8395799,1
0,0,0
0,1,1
0,0,1
0,1,1
0,1,1
0,0,1
0,1,1
0,1,1
0,1,1
0,0,0
0,1,1
0,0,1
0,1,1
0,1,1
0,0,1
0,1,1
0,0,0
0,1,1
0,1,1
0,1,1
0,1,1
0,0,1
0,0,1
0,1,1
0,1,1
0,0.8154898,1
0,1,1
0,1,1
0,1,1
0,1,1
0,0,0
0,1,1
0,1,1
0,0,1
0,0,1
0,0,0
0,0,0
0,0,0
0,1,1
0,0,1
0,1,1
0,1,1
0,0,1
0,1,1
0,0,0
0,1,1
0,1,1
0,1,1
0,1,1
0,1,1
0,1,1
0,0,1
0,1,1
0,1,1
0,1,1
0,0,1
0,0,0
0,1,1
0,1,1
0,1,1
0,0,1
0,1,1
0,1,1
0,0,1
0,1,1
0,0,1
0,1,1
0,1,1
0,0,1
0,1,1
0,0,1
0,1,1
0,0,1
0,1,1
0,0,1
0,1,1
0,1,1
0,1,1
0,0,1
0,1,1
0,1,1
0,1,1
0,1,1
0,1,1
0,1,1
0,1,1
0,1,1
0,1,1
0,0,1
0,1,1
0,1,1
0,1,1
0,1,1
0,1,1
0,1,1
0,1,1
0,1,1
0,1,1
0,0,0
0,1,1
0,1,1
0,1,1
0,0,1
0,1,1
0,0,1
0,1,1
0,1,1
0,1,1
0,1,1
0,1,1
0,0,1
0,1,1
0,1,1
0,1,1
0,1,1
0,1,1
0,1,1
0,1,1
0,1,1
0,1,1
0,1,1
0,1,1
0,1,1
0,1,1
0,1,1
0,1,1
0,1,1
0,1,1
0,1,1
0,1,1
0,1,1
0,1,1
0,1,1
0,1,1
0,1,1
0,1,1
0,1,1
0,1,1
0,1,1
0,1,1
0,1,1
0,1,1
0,0.8573347,1
0,1,1
0,1,1
0,1,1
0,1,1
0,1,1
0,1,1
0,1,1
0,1,1
0,1,1
0,1,1
0,0,1
0,1,1
0,1,1
0,1,1
0,1,1
0,1,1
0,1,1
0,1,1
0,1,1
0,1,1
0,1,1
0,0,1
0,1,1
0,1,1
0,1,1
0,1,1
0,1,1
0,1,1
0,1,1
0,1,1
0,1,1
0,0,0
0,1,1
0,1,1
0,0,0
0,1,1
0,1,1
0,0,1
0,1,1
0,1,1
0,1,1
0,1,1
0,1,1
0,1,1
0,1,1
0,1,1
0,0,1
0,1,1
0,1,1
0,1,1
0,0,0
0,1,1
0,1,1
0,1,1
0,1,1
0,0,1
0,1,1
0,1,1
0,1,1
0,1,1
0,0,1
0,1,1
0,1,1
0,1,1
0,1,1
0,1,1
0,1,1
0,1,1
0,1,1
0,0,0
0,1,1
0,1,1
0,1,1
0,1,1
0,0,0
0,1,1
0,0,0
0,1,1
0,0,1
0,1,1
0,0,1
0,1,1
0,1,1
0,1,1
0,0,0
0,1,1
0,1,1
0,1,1
0,1,1
0,0,0
0,1,1
0,1,1
0,1,1
0,1,1
0,0,1
0,0,1
0,1,1
0,1,1
0,1,1
0,1,1
0,1,1
0,1,1
0,1,1
0,1,1
0,1,1
0,0,1
0,1,1
0,1,1
0,1,1
0,0.8756671,1
0,0,1
0,0,1
0,1,1
0,1,1
0,0,1
0,1,1
0,1,1
0,0,1
0,1,1
0,1,1
0,1,1
0,0,1
0,1,1
0,1,1
0,1,1
0,1,1
0,1,1
0,0,0
0,0,0
0,0,1
0,1,1
0,1,1
0,1,1
0,1,1
0,1,1
0,1,1
0,0,0
0,1,1
0,1,1
0,0,1
0,1,1
0,1,1
0,1,1
0,1,1
0,0,1
0,1,1
0,1,1
0,1,1
0,0,0
0,1,1
0,1,1
0,0,1
0,1,1
0,1,1
0,1,1
0,0,1
0,1,1
0,1,1
0,1,1
0,1,1
0,1,1
0,1,1
0,1,1
0,1,1
0,1,1
0,1,1
0,1,1
0,1,1
0,1,1
0,0,1
0,1,1
0,0,1
0,1,1
0,0,1
0,1,1
0,1,1
0,1,1
0,1,1
0,1,1
0,1,1
0,1,1
0,1,1
0,1,1
0,1,1
0,0,1
0,1,1
0,1,1
0,0,1
0,1,1
0,0,0
0,1,1
0,1,1
0,1,1
0,1,1
0,0,1
0,0,1
0,1,1
0,1,1
0,1,1
0,1,1
0,1,1
0,1,1
0,1,1
0,1,1
0,1,1
0,1,1
0,1,1
0,0,1
0,1,1
0,1,1
0,1,1
0,1,1
0,1,1
0,1,1
0,1,1
0,1,1
0,0,1
0,1,1
0,0,0
0,0,1
0,1,1
0,1,1
0,0,1
0,1,1
0,1,1
0,1,1
0,1,1
0,1,1
0,0,1
0,1,1
0,1,1
0,0.7160662,1
0,1,1
0,1,1
0,1,1
0,0,1
0,1,1
0,0,1
0,1,1
0,1,1
0,0,1
0,0,0
0,1,1
0,1,1
0,1,1
0,1,1
0,0,1
0,1,1
0,1,1
0,0,1
0,1,1
0,1,1
0,1,1
0,1,1
0,1,1
0,1,1
0,1,1
0,0,1
0,1,1
0,1,1
0,1,1
0,1,1
0,1,1
0,1,1
0,0,0
0,1,1
0,1,1
0,1,1
0,1,1
0,1,1
0,1,1
0,1,1
0,1,1
0,1,1
0,0,1
0,1,1
0,0,0
0,1,1
0,0,1
0,1,1
0,1,1
0,1,1
0,1,1
0,1,1
0,0,1
0,1,1
0,1,1
0,1,1
0,1,1
0,0,1
0,1,1
0,1,1
0,1,1
0,0,1
0,1,1
0,1,1
0,1,1
0,1,1
0,0,0
0,1,1
0,0,1
0,1,1
0,1,1
0,1,1
0,1,1
0,1,1
0,1,1
0,1,1
0,1,1
0,1,1
0,1,1
0,0,1
0,1,1
0,1,1
0,1,1
0,1,1
0,1,1
0,1,1
0,1,1
0,1,1
0,1,1
0,1,1
0,1,1
0,1,1
0,0.8634344,1
0,1,1
0,0,1
0,1,1
0,1,1
0,0,1
0,1,1
0,1,1
0,1,1
0,1,1
0,1,1
0,1,1
0,0,0
0,1,1
0,0,0
0,0,1
0,1,1
0,0,1
0,1,1
0,1,1
0,1,1
0,1,1
0,1,1
0,1,1
0,0,1
0,1,1
0,0,1
0,1,1
0,0,1
0,1,1
0,1,1
0,1,1
0,1,1
0,1,1
0,1,1
0,1,1
0,1,1
0,0,1
0,1,1
0,0,1
0,1,1
0,0,0
0,1,1
0,1,1
0,1,1
0,1,1
0,1,1
0,1,1
0,1,1
0,1,1
0,0,1
0,1,1
0,0,1
0,0,1
0,1,1
0,1,1
0,0,0
0,1,1
0,0,1
0,1,1
0,1,1
0,1,1
0,1,1
0,1,1
0,0,0
0,1,1
0,1,1
0,1,1
0,1,1
0,1,1
0,1,1
0,1,1
0,0,1
0,0,0
0,0,1
0,1,1
0,0,1
0,1,1
0,1,1
0,1,1
0,1,1
0,1,1
0,1,1
0,1,1
0,0,1
0,1,1
0,0,1
0,1,1
0,1,1
0,1,1
0,1,1
0,1,1
0,0,0
0,0,1
0,1,1
0,1,1
0,0,1
0,1,1
0,1,1
0,1,1
0,1,1
0,0,1
0,0,1
0,0,1
0,0,0
0,1,1
0,1,1
0,1,1
0,0,0
0,0,0
0,1,1
0,1,1
0,1,1
0,1,1
0,1,1
0,1,1
0,1,1
0,1,1
0,1,1
0,1,1
0,0,0
0,1,1
0,1,1
0,1,1
0,0,1
0,1,1
0,1,1
0,1,1
0,1,1
0,1,1
0,1,1
0,1,1
0,1,1
0,1,1
0,0,0
0,1,1
0,1,1
0,1,1
0,1,1
0,1,1
0,0,1
0,1,1
0,1,1
0,1,1
0,1,1
0,0,0
0,1,1
0,1,1
0,1,1
0,0,1
0,1,1
0,1,1
0,1,1
0,1,1
0,0,0
0,1,1
0,1,1
0,1,1
0,0.8838546,1
0,1,1
0,1,1
0,1,1
0,1,1
0,0,1
0,1,1
0,0,0
0,1,1
0,1,1
0,1,1
0,0,1
0,1,1
0,1,1
0,1,1
0,1,1
0,1,1
0,1,1
0,1,1
0,1,1
0,1,1
0,1,1
0,1,1
0,1,1
0,1,1
0,0,0
0,0.8587648,1
0,0,0
0,0,1
0,0,1
0,1,1
0,1,1
0,1,1
0,1,1
0,1,1
0,1,1
0,1,1
0,1,1
0,0,0
0,1,1
0,0.8653337,1
0,0,1
0,1,1
0,1,1
0,1,1
0,1,1
0,0,1
0,1,1
0,0,1
0,1,1
0,1,1
0,1,1
0,1,1
0,1,1
0,1,1
0,1,1
0,0,1
0,0,1
0,0,1
0,1,1
0,1,1
0,1,1
0,0,1
0,1,1
0,1,1
0,1,1
0,1,1
0,1,1
0,1,1
0,0,1
0,0,1
0,1,1
0,0,1
0,1,1
0,1,1
0,0.8471664,1
0,1,1
0,0,0
0,1,1
0,0,1
0,1,1
0,1,1
0,1,1
0,1,1
0,1,1
0,1,1
0,0,1
0,0,1
0,1,1
0,1,1
0,1,1
0,1,1
0,1,1
0,0,0
0,1,1
0,1,1
0,1,1
0,1,1
0,0,0
0,0,0
0,1,1
0,1,1
0,1,1
0,1,1
0,1,1
0,1,1
0,1,1
0,1,1
0,1,1
0,1,1
0,1,1
0,1,1
0,0,1
0,1,1
0,1,1
0,0,0
0,0,1
0,1,1
0,1,1
0,1,1
0,1,1
0,1,1
0,1,1
0,0,1
0,1,1
0,1,1
0,1,1
0,1,1
0,0,0
0,1,1
0,1,1
0,0,1
0,1,1
0,0.862384,1
0,1,1
0,0,1
0,1,1
0,1,1
0,1,1
0,1,1
0,1,1
0,1,1
0,0,0
0,0,0
0,1,1
0,1,1
0,0,0
0,1,1
0,1,1
0,1,1
0,1,1
0,1,1
0,0,1
0,1,1
0,1,1
0,0.8812197,1
0,1,1
0,0,0
0,1,1
0,0.8742758,1
0,1,1
0,1,1
0,0,1
0,1,1
0,1,1
0,1,1
0,1,1
0,1,1
0,1,1
0,1,1
0,1,1
0,1,1
0,0,1
0,1,1
0,1,1
0,1,1
0,1,1
0,1,1
0,1,1
0,0,1
0,1,1
0,1,1
0,1,1
0,1,1
0,1,1
0,0.8681754,1
0,1,1
0,1,1
0,1,1
0,0,1
0,1,1
0,1,1
0,1,1
0,0,0
0,1,1
0,1,1
0,1,1
0,1,1
0,0,0
0,0,0
0,1,1
0,0,1
0,0,1
0,1,1
0,1,1
0,1,1
0,1,1
0,1,1
0,1,1
0,1,1
0,1,1
0,1,1
0,1,1
0,1,1
0,1,1
0,1,1
0,1,1
0,0,0
0,1,1
0,1,1
0,0,1
0,1,1
0,0,1
0,1,1
0,0,1
0,1,1
0,1,1
0,1,1
0,1,1
0,1,1
0,1,1
0,1,1
0,1,1
0,1,1
0,1,1
0,1,1
0,0,0
0,1,1
0,1,1
0,1,1
0,1,1
0,1,1
0,0.8744395,1
0,1,1
0,1,1
0,0,1
0,1,1
0,1,1
0,1,1
0,1,1
0,1,1
0,0,0
0,1,1
0,1,1
0,1,1
0,1,1
0,1,1
0,0,0
0,1,1
0,0,1
0,1,1
0,1,1
0,1,1
0,1,1
0,1,1
0,1,1
0,1,1
0,0,1
0,1,1
0,1,1
0,0,1
0,1,1
0,1,1
0,1,1
0,0,1
0,0,1
0,1,1
0,1,1
0,0.8599581,1
0,0,1
0,0,0
0,1,1
0,1,1
0,0,0
0,1,1
0,1,1
0,1,1
0,1,1
0,1,1
0,0,1
0,1,1
0,1,1
0,0,1
0,1,1
0,1,1
0,0,1
0,1,1
0,0,1
0,0,1
0,0,1
0,0,0
0,1,1
0,1,1
0,1,1
0,1,1
0,1,1
0,0,0
0,0,1
0,1,1
0,1,1
0,0.8609465,1
0,1,1
0,1,1
0,1,1
0,1,1
0,1,1
0,1,1
0,1,1
0,1,1
0,1,1
0,0,1
0,1,1
0,1,1
0,1,1
0,1,1
0,1,1
0,1,1
0,1,1
0,1,1
0,1,1
0,1,1
0,1,1
0,0,1
0,0,0
0,1,1
0,1,1
0,1,1
0,1,1
0,1,1
0,1,1
0,1,1
0,1,1
0,1,1
0,0.8702382,1
0,1,1
0,1,1
0,0,1
0,0,1
0,0,1
0,1,1
0,1,1
0,0,1
0,1,1
0,0,0
0,1,1
0,1,1
0,1,1
0,1,1
0,1,1
0,1,1
0,1,1
0,1,1
0,1,1
0,1,1
0,0,1
0,0,0
0,1,1
0,1,1
0,1,1
0,1,1
0,1,1
0,1,1
0,1,1
0,0,1
0,1,1
0,1,1
0,0,1
0,1,1
0,1,1
0,1,1
0,1,1
0,0,1
0,0,1
0,1,1
0,1,1
0,1,1
0,1,1
0,1,1
0,0,1
0,1,1
0,1,1
0,1,1
0,1,1
0,1,1
0,1,1
0,1,1
0,0,0
0,1,1
0,1,1
0,1,1
0,0,1
0,1,1
0,1,1
0,1,1
0,1,1
0,1,1
0,1,1
0,1,1
0,1,1
0,1,1
0,0,1
0,1,1
0,0,1
0,1,1
0,1,1
0,1,1
0,1,1
0,1,1
0,1,1
0,1,1
0,1,1
0,1,1
0,1,1
0,0,1
0,1,1
0,1,1
0,1,1
0,0,0
0,1,1
0,1,1
0,1,1
0,1,1
0,1,1
0,1,1
0,1,1
0,1,1
0,1,1
0,1,1
0,1,1
0,0.7700387,1
0,0,1
0,1,1
0,1,1
0,0,1
0,1,1
0,0,0
0,1,1
0,1,1
0,1,1
0,1,1
0,0,1
0,1,1
0,1,1
0,1,1
0,0,1
0,1,1
0,1,1
0,1,1
0,1,1
0,1,1
0,1,1
0,1,1
0,1,1
0,1,1
0,1,1
0,1,1
0,1,1
0,1,1
0,1,1
0,1,1
0,1,1
0,1,1
0,1,1
0,1,1
0,1,1
0,1,1
0,1,1
0,1,1
0,0,1
0,1,1
0,1,1
0,1,1
0,1,1
0,1,1
0,0,1
0,1,1
0,1,1
0,1,1
0,0.8654509,1
0,0,1
0,1,1
0,1,1
0,1,1
0,0,1
0,1,1
0,1,1
0,1,1
0,1,1
0,0,0
0,1,1
0,1,1
0,1,1
0,1,1
0,1,1
0,0.7454747,1
0,1,1
0,1,1
0,1,1
0,1,1
0,0,1
0,1,1
0,1,1
0,1,1
0,1,1
0,1,1
0,0,1
0,0,0
0,1,1
0,1,1
0,1,1
0,0,1
0,1,1
0,0,1
0,0,1
0,1,1
0,1,1
0,1,1
0,1,1
0,0,1
0,0,1
0,1,1
0,0.7396712,1
0,1,1
0,1,1
0,0,1
0,1,1
0,0,0
0,0,0
0,1,1
0,1,1
0,0,1
0,0,1
0,1,1
0,1,1
0,1,1
0,0,1
0,1,1
0,1,1
0,0,0
0,1,1
0,1,1
0,1,1
0,1,1
0,0,1
0,1,1
0,0,1
0,1,1
0,1,1
0,1,1
0,1,1
0,1,1
0,0,0
0,0,0
0,1,1
0,0,1
0,0,0
0,1,1
0,0,1
0,1,1
0,1,1
0,1,1
0,0,1
0,1,1
0,1,1
0,1,1
0,0,1
0,1,1
0,1,1
0,1,1
0,0,1
0,1,1
0,1,1
0,0,1
0,0,1
0,1,1
0,1,1
0,0,1
0,1,1
0,1,1
0,1,1
0,1,1
0,0,0
0,1,1
0,1,1
0,0,1
0,1,1
0,1,1
0,0,0
0,0,1
0,1,1
0,0,0
0,0.8592671,1
0,0,1
0,1,1
0,1,1
0,1,1
0,1,1
0,0,1
0,0,0
0,1,1
0,1,1
0,1,1
0,1,1
0,0.8679829,1
0,1,1
0,0,0
0,0,1
0,1,1
0,0,1
0,0,1
0,1,1
0,1,1
0,1,1
0,1,1
0,1,1
0,1,1
0,0,0
0,0,1
0,1,1
0,0,1
0,0,1
0,1,1
0,0,0
0,1,1
0,0,0
0,1,1
0,1,1
0,1,1
0,1,1
0,1,1
0,1,1
0,1,1
0,1,1
0,1,1
0,1,1
0,1,1
0,0,1
0,1,1
0,0,1
0,1,1
0,1,1
0,0,1
0,0,1
0,1,1
0,1,1
0,0,0
0,1,1
0,0.7068596,1
0,0,1
0,1,1
0,1,1
0,1,1
0,1,1
0,1,1
0,1,1
0,1,1
0,1,1
0,1,1
0,1,1
0,1,1
0,1,1
0,1,1
0,1,1
0,0.7643751,1
0,1,1
0,1,1
0,1,1
0,1,1
0,1,1
0,0,1
0,0,1
0,1,1
0,1,1
0,1,1
0,1,1
0,1,1
0,1,1
0,1,1
0,1,1
0,1,1
0,1,1
0,0,0
0,1,1
0,1,1
0,1,1
0,1,1
0,1,1
0,0,0
0,0,1
0,1,1
0,1,1
0,1,1
0,1,1
0,1,1
0,1,1
0,1,1
0,0,1
0,1,1
0,1,1
0,1,1
0,1,1
0,1,1
0,1,1
0,1,1
0,0,1
0,1,1
0,1,1
0,1,1
0,1,1
0,1,1
0,0.8593009,1
0,1,1
0,1,1
0,0,1
0,0,0
0,0,1
0,0,1
0,1,1
0,1,1
0,1,1
0,1,1
0,0,1
0,1,1
0,1,1
0,1,1
0,1,1
0,1,1
0,1,1
0,1,1
0,0,1
0,1,1
0,0,0
0,0,1
0,0,1
0,1,1
0,0,1
0,1,1
0,1,1
0,0,0
0,0,1
0,0,1
0,1,1
0,1,1
0,1,1
0,1,1
0,0,1
0,1,1
0,1,1
0,1,1
0,1,1
0,1,1
0,0,0
0,1,1
0,0,0
0,1,1
0,1,1
0,1,1
0,1,1
0,1,1
0,0,0
0,1,1
0,0.8148614,1
0,1,1
0,0,1
0,1,1
0,1,1
0,1,1
0,0,1
0,1,1
0,0,0
0,0,0
0,0.8068355,1
0,0,1
0,1,1
0,1,1
0,1,1
0,1,1
0,1,1
0,1,1
0,0,1
0,0,0
0,1,1
0,0,0
0,1,1
0,1,1
0,1,1
0,1,1
0,1,1
0,1,1
0,1,1
0,1,1
0,1,1
0,1,1
0,1,1
0,1,1
0,1,1
0,1,1
0,1,1
0,1,1
0,1,1
0,1,1
0,1,1
0,1,1
0,1,1
0,1,1
0,0,1
0,0,1
0,1,1
0,1,1
0,1,1
0,1,1
0,1,1
0,1,1
0,1,1
0,1,1
0,0,1
0,1,1
0,0,0
0,0,1
0,1,1
0,1,1
0,1,1
0,1,1
0,1,1
0,1,1
0,1,1
0,1,1
0,1,1
0,0.8523031,1
0,0,1
0,1,1
0,0,1
0,0,1
0,1,1
0,1,1
0,0,0
0,1,1
0,1,1
0,0,0
0,0,1
0,0,0
0,1,1
0,1,1
0,1,1
0,0,1
0,1,1
0,1,1
0,1,1
0,1,1
0,1,1
0,1,1
0,1,1
0,0,1
0,1,1
0,0,1
0,1,1
0,1,1
0,1,1
0,1,1
0,1,1
0,1,1
0,0,0
0,1,1
0,1,1
0,1,1
0,1,1
0,1,1
0,1,1
0,0,0
0,1,1
0,1,1
0,1,1
0,1,1
0,1,1
0,1,1
0,0,0
0,1,1
0,1,1
0,0.8715258,1
0,1,1
0,1,1
0,0,1
0,1,1
0,0,1
0,1,1
0,1,1
0,1,1
0,1,1
0,0,0
0,1,1
0,1,1
0,1,1
0,1,1
0,1,1
0,1,1
0,1,1
0,1,1
0,0,1
0,1,1
0,1,1
0,1,1
0,0.8651158,1
0,1,1
0,1,1
0,1,1
0,1,1
0,1,1
0,1,1
0,1,1
0,1,1
0,0,1
0,0.8682529,1
0,1,1
0,1,1
0,1,1
0,1,1
0,1,1
0,1,1
0,1,1
0,1,1
0,1,1
0,0,1
0,1,1
0,1,1
0,1,1
0,1,1
0,0,0
0,0,1
0,1,1
0,1,1
0,1,1
0,0.8602878,1
0,1,1
0,0,0
0,1,1
0,1,1
0,0,1
0,1,1
0,1,1
0,1,1
0,1,1
0,0,0
0,1,1
0,1,1
0,1,1
0,1,1
0,0,1
0,0,1
0,0,0
0,1,1
0,0.8675535,1
0,1,1
0,1,1
0,1,1
0,1,1
0,1,1
0,0,1
0,0.8725809,1
0,0,0
0,1,1
0,1,1
0,1,1
0,1,1
0,1,1
0,1,1
0,1,1
0,0,1
0,1,1
0,1,1
0,0,0
0,1,1
0,1,1
0,1,1
0,0,1
0,1,1
0,1,1
0,0,0
0,0.8743275,1
0,1,1
0,1,1
0,1,1
0,1,1
0,1,1
0,0,1
0,1,1
0,1,1
0,1,1
0,0,1
0,1,1
0,1,1
0,1,1
0,1,1
0,1,1
0,1,1
0,1,1
0,1,1
0,1,1
0,1,1
0,1,1
0,1,1
0,1,1
0,0,1
0,1,1
0,0.8779224,1
0,1,1
0,0,1
0,0,1
0,1,1
0,0,0
0,1,1
0,0,1
0,1,1
0,1,1
0,1,1
0,1,1
0,0,1
0,0,1
0,1,1
0,1,1
0,1,1
0,1,1
0,1,1
0,0,1
0,0.7406212,1
0,0,0
0,1,1
0,1,1
0,1,1
0,1,1
0,1,1
0,1,1
0,0,1
0,1,1
0,0,0
0,1,1
0,1,1
0,1,1
0,1,1
0,1,1
0,1,1
0,1,1
0,0,1
0,0,1
0,0,1
0,1,1
0,1,1
0,1,1
0,1,1
0,0,1
0,0,1
0,0,1
0,0,1
0,1,1
0,0,0
0,1,1
0,1,1
0,0,1
0,1,1
0,1,1
0,1,1
0,1,1
0,0,0
0,0,0
0,1,1
0,1,1
0,1,1
0,1,1
0,1,1
0,0.8575631,1
0,1,1
0,1,1
0,1,1
0,1,1
0,0,1
0,1,1
0,0,1
0,1,1
0,1,1
0,1,1
0,1,1
0,1,1
0,1,1
0,1,1
0,1,1
0,0.8808552,1
0,0,1
0,1,1
0,1,1
0,1,1
0,0,0
0,1,1
0,1,1
0,1,1
0,1,1
0,0,0
0,1,1
0,1,1
0,0,1
0,1,1
0,1,1
0,0,0
0,0,0
0,0,1
0,0,1
0,1,1
0,1,1
0,1,1
0,0,0
0,0,1
0,1,1
0,0,1
0,1,1
0,1,1
0,1,1
0,1,1
0,1,1
0,1,1
0,1,1
0,1,1
0,1,1
0,0,0
0,0,1
0,1,1
0,1,1
0,1,1
0,0.8651866,1
0,1,1
0,1,1
0,1,1
0,1,1
0,1,1
0,1,1
0,1,1
0,1,1
0,0,1
0,1,1
0,0,1
0,1,1
0,0,1
0,1,1
0,0,1
0,1,1
0,1,1
0,1,1
0,0,1
0,1,1
0,1,1
0,1,1
0,1,1
0,0,0
0,1,1
0,1,1
0,1,1
0,1,1
0,1,1
0,0,1
0,1,1
0,1,1
0,1,1
0,0,0
0,1,1
0,0.7006298,1
0,1,1
0,1,1
0,1,1
0,0,0
0,1,1
0,1,1
0,0,1
0,1,1
0,1,1
0,1,1
0,1,1
0,0,1
0,0,1
0,1,1
0,1,1
0,0,0
0,1,1
0,1,1
0,0,1
0,1,1
0,1,1
0,1,1
0,1,1
0,1,1
0,1,1
0,0,0
0,1,1
0,1,1
0,1,1
0,1,1
0,0,0
0,1,1
0,0,1
0,1,1
0,1,1
0,1,1
0,1,1
0,1,1
0,1,1
0,1,1
0,1,1
0,0.7498215,1
0,1,1
0,1,1
0,1,1
0,1,1
0,0,0
0,1,1
0,1,1
0,1,1
0,1,1
0,1,1
0,1,1
0,1,1
0,1,1
0,0.8735634,1
0,1,1
0,1,1
0,1,1
0,0,1
0,1,1
0,1,1
0,1,1
0,1,1
0,1,1
0,1,1
0,1,1
0,1,1
0,0,0
0,1,1
0,0,1
0,0,0
0,1,1
0,1,1
0,1,1
0,1,1
0,1,1
0,1,1
0,0,1
0,1,1
0,0,1
0,1,1
0,1,1
0,0,0
0,1,1
0,0,1
0,1,1
0,0,1
0,1,1
0,0,1
0,1,1
0,1,1
0,0,1
0,1,1
0,1,1
0,1,1
0,0,1
0,1,1
0,1,1
0,0.8650469,1
0,1,1
0,0,0
0,1,1
0,1,1
0,1,1
0,1,1
0,0,0
0,0,1
0,1,1
0,1,1
0,0,1
0,0,0
0,0,0
0,1,1
0,1,1
0,1,1
0,1,1
0,1,1
0,0,0
0,1,1
0,1,1
0,1,1
0,1,1
0,0,0
0,1,1
0,1,1
0,1,1
0,1,1
0,0,0
0,1,1
0,1,1
0,1,1
0,0,0
0,1,1
0,1,1
0,0,1
0,1,1
0,1,1
0,1,1
0,1,1
0,1,1
0,1,1
0,1,1
0,0,1
0,1,1
0,1,1
0,1,1
0,1,1
0,1,1
0,0,0
0,0,0
0,1,1
0,1,1
0,0,1
0,1,1
0,1,1
0,0,1
0,1,1
0,1,1
0,0,1
0,1,1
0,1,1
0,0,1
0,1,1
0,1,1
0,1,1
0,1,1
0,1,1
0,1,1
0,1,1
0,1,1
0,0,0
0,1,1
0,0,1
0,0,1
0,1,1
0,1,1
0,1,1
0,1,1
0,1,1
0,0,1
0,1,1
0,1,1
0,0,0
0,1,1
0,0,0
0,1,1
0,1,1
0,0,1
0,1,1
0,1,1
0,0,1
0,1,1
0,1,1
0,1,1
0,0,1
0,0,0
0,1,1
0,0,1
0,0,0
0,1,1
0,1,1
0,0,0
0,1,1
0,0,1
0,1,1
0,1,1
0,1,1
0,1,1
0,1,1
0,1,1
0,0,1
0,0,1
0,1,1
0,1,1
0,1,1
0,1,1
0,1,1
0,0,1
0,0,1
0,1,1
0,1,1
0,1,1
0,1,1
0,1,1
0,0,1
0,0,0
0,1,1
0,1,1
0,0,1
0,1,1
0,1,1
0,1,1
0,1,1
0,1,1
0,1,1
0,0,1
0,1,1
0,0,1
0,1,1
0,1,1
0,1,1
0,1,1
0,1,1
0,1,1
0,1,1
0,1,1
0,0,1
0,1,1
0,1,1
0,1,1
0,0,1
0,0,1
0,0,0
0,1,1
0,1,1
0,1,1
0,1,1
0,1,1
0,0,0
0,1,1
0,1,1
0,1,1
0,1,1
0,1,1
0,1,1
0,0,0
0,0,1
0,1,1
0,1,1
0,1,1
0,1,1
0,1,1
0,1,1
0,1,1
0,1,1
0,1,1
0,1,1
0,1,1
0,0,1
0,1,1
0,1,1
0,1,1
0,1,1
0,1,1
0,1,1
0,1,1
0,1,1
0,1,1
0,1,1
0,1,1
0,1,1
0,1,1
0,0,0
0,0,0
0,0,1
0,1,1
0,1,1
0,1,1
0,1,1
0,1,1
0,1,1
0,1,1
0,0.8912431,1
0,0,0
0,1,1
0,0,1
0,0,0
0,1,1
0,1,1
0,1,1
0,1,1
0,0,1
0,0,1
0,1,1
0,0,1
0,1,1
0,0,0
0,1,1
0,1,1
0,1,1
0,0,1
0,0,0
0,1,1
0,1,1
0,1,1
0,1,1
0,0,0
0,0,0
0,0,1
0,1,1
0,1,1
0,1,1
0,1,1
0,1,1
0,0,1
0,1,1
0,1,1
0,1,1
0,1,1
0,1,1
0,0,0
0,0,1
0,0,1
0,0,1
0,1,1
0,1,1
0,1,1
0,1,1
0,0,1
0,1,1
0,1,1
0,1,1
0,1,1
0,1,1
0,1,1
0,1,1
0,1,1
0,0,1
0,0,1
0,1,1
0,0,0
0,0,0
0,0,1
0,1,1
0,1,1
0,1,1
0,0,0
0,0,1
0,1,1
0,1,1
0,1,1
0,1,1
0,1,1
0,1,1
0,1,1
0,1,1
0,1,1
0,1,1
0,1,1
0,1,1
0,1,1
0,1,1
0,1,1
0,1,1
0,1,1
0,0.871529,1
0,1,1
0,0,0
0,0,0
0,0,0
0,1,1
0,1,1
0,1,1
0,1,1
0,0,1
0,1,1
0,1,1
0,1,1
0,1,1
0,1,1
0,1,1
0,1,1
0,0,0
0,1,1
0,1,1
0,0,0
0,1,1
0,1,1
0,0,0
0,0,1
0,1,1
0,1,1
0,1,1
0,1,1
0,0,1
0,0,1
0,1,1
0,1,1
0,1,1
0,1,1
0,0,1
0,0,0
0,1,1
0,1,1
0,0,1
0,1,1
0,1,1
0,1,1
0,1,1
0,0,0
0,1,1
0,1,1
0,1,1
0,1,1
0,1,1
0,1,1
0,1,1
0,1,1
0,1,1
0,1,1
0,1,1
0,1,1
0,1,1
0,1,1
0,0,1
0,1,1
0,1,1
0,1,1
0,1,1
0,1,1
0,1,1
0,0,0
0,1,1
0,0,1
0,1,1
0,1,1
0,1,1
0,0,0
0,1,1
0,1,1
0,1,1
0,1,1
0,0.7345719,1
0,1,1
0,0,0
0,1,1
0,1,1
0,1,1
0,1,1
0,0,0
0,0,1
0,1,1
0,1,1
0,1,1
0,0,1
0,1,1
0,1,1
0,0,1
0,1,1
0,0,1
0,1,1
0,0,0
0,1,1
0,0,1
0,1,1
0,1,1
0,1,1
0,0,0
0,1,1
0,1,1
0,1,1
0,1,1
0,1,1
0,1,1
0,1,1
0,1,1
0,1,1
0,1,1
0,1,1
0,0,1
0,1,1
0,0,1
0,0,1
0,1,1
0,1,1
0,0,1
0,1,1
0,1,1
0,1,1
0,0,1
0,0,1
0,1,1
0,1,1
0,1,1
0,1,1
0,1,1
0,1,1
0,1,1
0,1,1
0,1,1
0,1,1
0,1,1
0,1,1
0,0,1
0,1,1
0,1,1
0,1,1
0,1,1
0,1,1
0,0,1
0,1,1
0,0,1
0,0,0
0,1,1
0,0.8594159,1
0,1,1
0,1,1
0,1,1
0,1,1
0,0,1
0,1,1
0,1,1
0,1,1
0,1,1
0,1,1
0,1,1
0,0.8652726,1
0,1,1
0,1,1
0,1,1
0,0,1
0,1,1
0,0,0
0,1,1
0,1,1
0,1,1
0,1,1
0,0,0
0,1,1
0,0,0
0,1,1
0,1,1
0,0,1
0,0,1
0,1,1
0,1,1
0,1,1
0,1,1
0,0,1
0,1,1
0,0,1
0,1,1
0,1,1
0,1,1
0,0,0
0,1,1
0,1,1
0,1,1
0,1,1
0,1,1
0,0,1
0,1,1
0,1,1
0,1,1
0,0.8644184,1
0,1,1
0,1,1
0,0,0
0,1,1
0,0,0
0,1,1
0,0,0
0,1,1
0,1,1
0,1,1
0,1,1
0,0.863261,1
0,0,0
0,1,1
0,1,1
0,1,1
0,0,1
0,1,1
0,0,1
0,1,1
0,0,0
0,1,1
0,1,1
0,1,1
0,0.7390916,1
0,1,1
0,1,1
0,0,1
0,1,1
0,0,0
0,1,1
0,1,1
0,1,1
0,1,1
0,1,1
0,1,1
0,0,1
0,1,1
0,1,1
0,1,1
0,0.8578681,1
0,0,0
0,1,1
0,1,1
0,1,1
0,1,1
0,1,1
0,1,1
0,1,1
0,1,1
0,1,1
0,1,1
0,0,1
0,1,1
0,1,1
0,0,1
0,1,1
0,1,1
0,1,1
0,0,0
0,0,1
0,1,1
0,1,1
0,0,0
0,1,1
0,1,1
0,0,1
0,0,0
0,1,1
0,0,1
0,1,1
0,1,1
0,0,1
0,1,1
0,1,1
0,1,1
0,1,1
0,1,1
0,1,1
0,1,1
0,1,1
0,0,0
0,0,0
0,1,1
0,1,1
0,1,1
0,1,1
0,0,1
0,1,1
0,1,1
0,0,1
0,1,1
0,1,1
0,0.8544291,1
0,1,1
0,0,1
0,1,1
0,1,1
0,1,1
0,1,1
0,0,1
0,1,1
0,1,1
0,1,1
0,1,1
0,1,1
0,1,1
0,1,1
0,1,1
0,1,1
0,0,1
0,1,1
0,1,1
0,1,1
0,0,1
0,1,1
0,0,1
0,0,0
0,1,1
0,1,1
0,1,1
0,1,1
0,1,1
0,1,1
0,1,1
0,1,1
0,1,1
0,1,1
0,1,1
0,1,1
0,0,1
0,1,1
0,1,1
0,0,0
0,1,1
0,1,1
0,1,1
0,1,1
0,1,1
0,0,0
0,0,0
0,0,1
0,1,1
0,1,1
0,1,1
0,0,1
0,0,1
0,1,1
0,1,1
0,0,1
0,1,1
0,1,1
0,1,1
0,0,0
0,1,1
0,1,1
0,1,1
0,1,1
0,1,1
0,1,1
0,0,0
0,1,1
0,1,1
0,1,1
0,1,1
0,1,1
0,1,1
0,1,1
0,0,0
0,1,1
0,1,1
0,1,1
0,1,1
0,1,1
0,0,1
0,1,1
0,1,1
0,0,1
0,0,1
0,1,1
0,1,1
0,1,1
0,1,1
0,1,1
0,0,1
0,1,1
0,0,1
0,1,1
0,0,1
0,0,0
0,1,1
0,0,0
0,1,1
0,1,1
0,1,1
0,0,1
0,1,1
0,1,1
0,0,1
0,1,1
0,1,1
0,1,1
0,0,1
0,1,1
0,1,1
0,1,1
0,0,0
0,1,1
0,0,1
0,1,1
0,0.8652858,1
0,1,1
0,1,1
0,1,1
0,1,1
0,1,1
0,0,1
0,0,0
0,1,1
0,1,1
0,1,1
0,0,1
0,1,1
0,0,0
0,1,1
0,1,1
0,0,1
0,0,1
0,1,1
0,1,1
0,1,1
0,1,1
0,1,1
0,1,1
0,1,1
0,1,1
0,0.7059165,1
0,1,1
0,1,1
0,0,1
0,1,1
0,1,1
0,0,1
0,0,1
0,1,1
0,1,1
0,0,1
0,0,0
0,1,1
0,1,1
0,1,1
0,1,1
0,1,1
0,1,1
0,0,1
0,1,1
0,1,1
0,1,1
0,1,1
0,1,1
0,1,1
0,1,1
0,1,1
0,1,1
0,1,1
0,1,1
0,1,1
0,1,1
0,1,1
0,1,1
0,1,1
0,1,1
0,1,1
0,1,1
0,0,0
0,1,1
0,1,1
0,1,1
0,1,1
0,1,1
0,1,1
0,0,1
0,0.8693089,1
0,1,1
0,0,0
0,1,1
0,1,1
0,1,1
0,0,1
0,1,1
0,1,1
0,1,1
0,1,1
0,1,1
0,1,1
0,0,1
0,0.865414,1
0,0,0
0,1,1
0,0,1
0,1,1
0,1,1
0,0,0
0,1,1
0,1,1
0,1,1
0,1,1
0,1,1
0,0,0
0,0,1
0,0.7448367,1
0,1,1
0,1,1
0,0,0
0,1,1
0,1,1
0,1,1
0,1,1
0,1,1
0,1,1
0,1,1
0,1,1
0,1,1
0,1,1
0,0,1
0,1,1
0,1,1
0,0,1
0,1,1
0,0,1
0,1,1
0,1,1
0,0.8852714,1
0,0,1
0,1,1
0,1,1
0,1,1
0,0,1
0,1,1
0,1,1
0,1,1
0,1,1
0,0,1
0,1,1
0,1,1
0,1,1
0,1,1
0,1,1
0,1,1
0,1,1
0,1,1
0,1,1
0,0,1
0,1,1
0,1,1
0,1,1
0,0,1
0,1,1
0,1,1
0,1,1
0,1,1
0,1,1
0,1,1
0,1,1
0,1,1
0,1,1
0,1,1
0,0,1
0,1,1
0,1,1
0,0,1
0,0,1
0,1,1
0,1,1
0,0,0
0,1,1
0,1,1
0,0,1
0,1,1
0,1,1
0,0,1
0,1,1
0,1,1
0,0,1
0,1,1
0,1,1
0,0,0
0,0,1
0,0,1
0,1,1
0,1,1
0,1,1
0,1,1
0,0.8708621,1
0,1,1
0,0,1
0,0.7567521,1
0,1,1
0,1,1
0,0,1
0,0,1
0,1,1
0,1,1
0,0,1
0,1,1
0,0,0
0,1,1
0,1,1
0,1,1
0,0,0
0,1,1
0,1,1
0,1,1
0,1,1
0,1,1
0,1,1
0,1,1
0,1,1
0,1,1
0,1,1
0,0,1
0,1,1
0,0,0
0,1,1
0,1,1
0,1,1
0,1,1
0,0,1
0,1,1
0,0,0
0,1,1
0,1,1
0,0,0
0,0,1
0,1,1
0,1,1
0,1,1
0,1,1
0,0,1
0,1,1
0,1,1
0,0,1
0,1,1
0,1,1
0,1,1
0,1,1
0,0,1
0,0,1
0,1,1
0,1,1
0,1,1
0,1,1
0,1,1
0,0,1
0,1,1
0,0,0
0,1,1
0,1,1
0,1,1
0,1,1
0,1,1
0,0,1
0,1,1
0,1,1
0,0,1
0,1,1
0,1,1
0,1,1
0,0,0
0,1,1
0,1,1
0,0,1
0,0,1
0,1,1
0,0,0
0,1,1
0,1,1
0,1,1
0,0,1
0,0,1
0,1,1
0,1,1
0,1,1
0,1,1
0,0,1
0,1,1
0,1,1
0,0,1
0,1,1
0,1,1
0,1,1
0,1,1
0,1,1
0,1,1
0,1,1
0,0,1
0,0,1
0,1,1
0,1,1
0,0,0
0,1,1
0,0,1
0,0,0
0,1,1
0,0,1
0,0,1
0,1,1
0,1,1
0,1,1
0,0,1
0,1,1
0,1,1
0,0,1
0,1,1
0,0,1
0,1,1
0,1,1
0,1,1
0,1,1
0,0.7503175,1
0,1,1
0,1,1
0,0,1
0,0.8726166,1
0,0,0
0,1,1
0,1,1
0,1,1
0,1,1
0,1,1
0,0,0
0,1,1
0,1,1
0,1,1
0,1,1
0,1,1
0,1,1
0,1,1
0,1,1
0,1,1
0,0,1
0,0,1
0,0.8577768,1
0,0,1
0,1,1
0,1,1
0,0,1
0,1,1
0,0,1
0,1,1
0,1,1
0,0,1
0,1,1
0,1,1
0,1,1
0,0,1
0,1,1
0,1,1
0,1,1
0,1,1
0,1,1
0,0,0
0,0,1
0,1,1
0,0,1
0,1,1
0,1,1
0,1,1
0,0,1
0,0,1
0,1,1
0,1,1
0,1,1
0,1,1
0,1,1
0,1,1
0,1,1
0,0,1
0,0,0
0,1,1
0,0,1
0,1,1
0,0.8572133,1
0,1,1
0,1,1
0,1,1
0,0,0
0,1,1
0,1,1
0,0,1
0,0,0
0,1,1
0,1,1
0,1,1
0,0,0
0,0,0
0,1,1
0,1,1
0,1,1
0,1,1
0,0,0
0,0,1
0,1,1
0,1,1
0,1,1
0,1,1
0,0,1
0,0,0
0,0.7127832,1
0,0,0
0,1,1
0,0,1
0,1,1
0,0,0
0,1,1
0,0,1
0,1,1
0,1,1
0,0,1
0,0,1
0,1,1
0,1,1
0,1,1
0,1,1
0,1,1
0,1,1
0,1,1
0,1,1
0,0,0
0,1,1
0,0,1
0,0,1
0,0,1
0,0,0
0,1,1
0,1,1
0,1,1
0,0,1
0,0,0
0,1,1
0,1,1
0,0,1
0,1,1
0,1,1
0,0,1
0,1,1
0,0,1
0,1,1
0,0,1
0,0,1
0,1,1
0,1,1
0,1,1
0,0,1
0,1,1
0,1,1
0,1,1
0,1,1
0,0,1
0,0,1
0,1,1
0,1,1
0,1,1
0,1,1
0,1,1
0,0,1
0,1,1
0,1,1
0,1,1
0,1,1
0,0,0
0,0,1
0,1,1
0,1,1
0,1,1
0,1,1
0,1,1
0,1,1
0,0,1
0,1,1
0,1,1
0,1,1
0,1,1
0,1,1
0,0.7194489,1
0,1,1
0,1,1
0,1,1
0,1,1
0,1,1
0,1,1
0,1,1
0,1,1
0,1,1
0,1,1
0,0,1
0,1,1
0,1,1
0,1,1
0,1,1
0,1,1
0,0.8760794,1
0,1,1
0,1,1
0,1,1
0,1,1
0,1,1
0,1,1
0,1,1
0,0,1
0,1,1
0,1,1
0,1,1
0,1,1
0,1,1
0,1,1
0,1,1
0,0,0
0,1,1
0,1,1
0,1,1
0,1,1
0,1,1
0,1,1
0,0,0
0,1,1
0,1,1
0,1,1
0,0,1
0,1,1
0,0,1
0,1,1
0,0,0
0,1,1
0,1,1
0,0,1
0,1,1
0,1,1
0,1,1
0,0,1
0,1,1
0,1,1
0,0,1
0,0,0
0,1,1
0,1,1
0,1,1
0,0,1
0,1,1
0,1,1
0,1,1
0,1,1
0,0,1
0,1,1
0,1,1
0,0,1
0,1,1
0,1,1
0,1,1
0,0,1
0,1,1
0,0,1
0,1,1
0,1,1
0,1,1
0,1,1
0,1,1
0,1,1
0,1,1
0,1,1
0,1,1
0,0,1
0,1,1
0,1,1
0,0,1
0,1,1
0,1,1
0,0,1
0,0,1
0,1,1
0,1,1
0,1,1
0,1,1
0,0,0
0,1,1
0,1,1
0,1,1
0,1,1
0,1,1
0,1,1
0,1,1
0,1,1
0,1,1
0,0,1
0,0.7746264,1
0,1,1
0,1,1
0,1,1
0,0,1
0,0,1
0,1,1
0,1,1
0,1,1
0,1,1
0,1,1
0,1,1
0,1,1
0,0,1
0,0,1
0,0,1
0,1,1
0,0,1
0,1,1
0,1,1
0,1,1
0,1,1
0,1,1
0,0,1
0,1,1
0,1,1
0,1,1
0,1,1
0,1,1
0,1,1
0,1,1
0,1,1
0,1,1
0,1,1
0,1,1
0,1,1
0,0,1
0,1,1
0,1,1
0,1,1
0,0,1
0,1,1
0,1,1
0,1,1
0,1,1
0,0,1
0,0,1
0,1,1
0,0,1
0,1,1
0,1,1
0,1,1
0,1,1
0,1,1
0,1,1
0,1,1
0,1,1
0,0,0
0,0,1
0,1,1
0,1,1
0,1,1
0,0,1
0,1,1
0,1,1
0,0,1
0,1,1
0,0,0
0,0,1
0,1,1
0,1,1
0,0,1
0,1,1
0,1,1
0,0,1
0,0,1
0,1,1
0,1,1
0,1,1
0,1,1
0,1,1
0,1,1
0,1,1
0,1,1
0,0,1
0,1,1
0,1,1
0,1,1
0,1,1
0,0,1
0,1,1
0,1,1
0,1,1
0,1,1
0,1,1
0,0,1
0,0,1
0,0,0
0,1,1
0,1,1
0,0,1
0,1,1
0,0,0
0,1,1
0,0,1
0,1,1
0,0,1
0,1,1
0,1,1
0,0,1
0,0,1
0,1,1
0,0,1
0,1,1
0,1,1
0,1,1
0,1,1
0,0,1
0,1,1
0,1,1
0,1,1
0,1,1
0,1,1
0,1,1
0,1,1
0,1,1
0,1,1
0,0,1
0,0,0
0,0,1
0,0.871551,1
0,1,1
0,0,0
0,1,1
0,0,1
0,0,1
0,0,1
0,1,1
0,0.8579319,1
0,0,1
0,1,1
0,1,1
0,1,1
0,1,1
0,1,1
0,1,1
0,1,1
0,1,1
0,1,1
0,1,1
0,1,1
0,1,1
0,1,1
0,1,1
0,0,0
0,1,1
0,1,1
0,1,1
0,1,1
0,0,1
0,0,0
0,1,1
0,0,0
0,1,1
0,0,0
0,1,1
0,1,1
0,1,1
0,0,0
0,1,1
0,1,1
0,1,1
0,1,1
0,0.8603984,1
0,1,1
0,0,1
0,1,1
0,1,1
0,1,1
0,1,1
0,1,1
0,1,1
0,1,1
0,1,1
0,1,1
0,0,1
0,1,1
0,1,1
0,1,1
0,1,1
0,1,1
0,1,1
0,1,1
0,1,1
0,1,1
0,1,1
0,1,1
0,1,1
0,0.860967,1
0,0,0
0,0,1
0,1,1
0,1,1
0,1,1
0,0,1
0,1,1
0,0,1
0,1,1
0,0,1
0,1,1
0,0,1
0,1,1
0,1,1
0,1,1
0,1,1
0,1,1
0,1,1
0,1,1
0,1,1
0,1,1
0,1,1
0,1,1
0,0,1
0,1,1
0,1,1
0,0,1
0,1,1
0,1,1
0,0,1
0,0,1
0,1,1
0,1,1
0,1,1
0,1,1
0,0,1
0,0,1
0,0,1
0,0,1
0,1,1
0,1,1
0,1,1
0,1,1
0,1,1
0,0.7215883,1
0,1,1
0,1,1
0,1,1
0,0.8593688,1
0,1,1
0,0,1
0,0,1
0,0,1
0,1,1
0,1,1
0,1,1
0,1,1
0,1,1
0,1,1
0,1,1
0,0.8664137,1
0,1,1
0,1,1
0,0,0
0,1,1
0,0,0
0,1,1
0,1,1
0,1,1
0,1,1
0,1,1
0,1,1
0,0,0
0,1,1
0,1,1
0,0.7771788,1
0,1,1
0,1,1
0,1,1
0,0,0
0,0,0
0,1,1
0,1,1
0,1,1
0,1,1
0,1,1
0,1,1
0,1,1
0,1,1
0,1,1
0,1,1
0,1,1
0,1,1
0,1,1
0,1,1
0,1,1
0,0,0
0,1,1
0,0,1
0,1,1
0,1,1
0,0,0
0,0,1
0,1,1
0,1,1
0,1,1
0,1,1
0,1,1
0,0,0
0,1,1
0,0,1
0,1,1
0,0,1
0,0,0
0,1,1
0,1,1
0,0,1
0,1,1
0,1,1
0,1,1
0,1,1
0,1,1
0,0,1
0,1,1
0,1,1
0,0,1
0,1,1
0,1,1
0,1,1
0,1,1
0,1,1
0,1,1
0,0,1
0,1,1
0,0,1
0,1,1
0,1,1
0,1,1
0,1,1
0,0,1
0,1,1
0,1,1
0,1,1
0,1,1
0,1,1
0,0,1
0,0,1
0,1,1
0,0,1
0,1,1
0,0,0
0,0,1
0,1,1
0,1,1
0,0,1
0,0,1
0,0,1
0,0.8705198,1
0,0,1
0,1,1
0,1,1
0,1,1
0,1,1
0,0,1
0,0,0
0,0,0
0,1,1
0,0,1
0,1,1
0,0,0
0,0,1
0,1,1
0,0,1
0,1,1
0,1,1
0,1,1
0,0,1
0,1,1
0,0,1
0,0,1
0,1,1
0,0,1
0,0,0
0,1,1
0,0,1
0,1,1
0,1,1
0,1,1
0,1,1
0,1,1
0,0,1
0,1,1
0,1,1
0,0,1
0,1,1
0,1,1
0,0,1
0,0,1
0,0,1
0,1,1
0,1,1
0,0,1
0,1,1
0,0,0
0,1,1
0,1,1
0,1,1
0,1,1
0,1,1
0,1,1
0,1,1
0,1,1
0,1,1
0,1,1
0,1,1
0,1,1
0,1,1
0,0,1
0,1,1
0,1,1
0,1,1
0,1,1
0,1,1
0,1,1
0,1,1
0,0,1
0,1,1
0,1,1
0,1,1
0,1,1
0,0.8656112,1
0,1,1
0,1,1
0,0,1
0,1,1
0,1,1
0,0,1
0,1,1
0,1,1
0,1,1
0,1,1
0,1,1
0,1,1
0,0,0
0,0,1
0,1,1
0,1,1
0,1,1
0,1,1
0,1,1
0,1,1
0,1,1
0,1,1
0,0,1
0,1,1
0,1,1
0,0,1
0,1,1
0,1,1
0,1,1
0,1,1
0,1,1
0,1,1
0,1,1
0,1,1
0,0,1
0,0,1
0,1,1
0,1,1
0,1,1
0,1,1
0,1,1
0,1,1
0,1,1
0,1,1
0,0,1
0,1,1
0,1,1
0,1,1
0,1,1
0,1,1
0,1,1
0,1,1
0,1,1
0,0,1
0,1,1
0,0,1
0,1,1
0,1,1
0,1,1
0,1,1
0,1,1
0,1,1
0,1,1
0,1,1
0,1,1
0,0,1
0,1,1
0,0,1
0,1,1
0,0.8359946,1
0,1,1
0,1,1
0,1,1
0,1,1
0,1,1
0,0,1
0,1,1
0,0,1
0,0,0
0,1,1
0,1,1
0,1,1
0,1,1
0,1,1
0,1,1
0,1,1
0,1,1
0,1,1
0,1,1
0,0,1
0,0,1
0,1,1
0,1,1
0,1,1
0,1,1
0,1,1
0,0,1
0,1,1
0,1,1
0,1,1
0,1,1
0,0,1
0,1,1
0,1,1
0,0.8609898,1
0,1,1
0,0,0
0,1,1
0,1,1
0,1,1
0,1,1
0,1,1
0,1,1
0,1,1
0,1,1
0,1,1
0,1,1
0,1,1
0,1,1
0,1,1
0,1,1
0,1,1
0,1,1
0,1,1
0,1,1
0,0,1
0,1,1
0,0,0
0,1,1
0,1,1
0,1,1
0,0,1
0,1,1
0,1,1
0,1,1
0,1,1
0,1,1
0,1,1
0,0,1
0,1,1
0,0,1
0,0,1
0,0,1
0,1,1
0,1,1
0,1,1
0,1,1
0,0,0
0,1,1
0,1,1
0,0,0
0,1,1
0,1,1
0,1,1
0,1,1
0,0,1
0,0,1
0,1,1
0,1,1
0,0,1
0,1,1
0,1,1
0,0,1
0,0,1
0,0,1
0,1,1
0,0,1
0,1,1
0,0,1
0,1,1
0,1,1
0,1,1
0,1,1
0,1,1
0,0,1
0,1,1
0,1,1
0,1,1
0,0,1
0,1,1
0,1,1
0,1,1
0,0,0
0,1,1
0,1,1
0,1,1
0,1,1
0,1,1
0,1,1
0,1,1
0,0,0
0,0,1
0,1,1
0,1,1
0,1,1
0,0,1
0,1,1
0,1,1
0,1,1
0,1,1
0,0,1
0,0,1
0,1,1
0,1,1
0,1,1
0,1,1
0,1,1
0,1,1
0,1,1
0,1,1
0,0,1
0,1,1
0,1,1
0,0,1
0,1,1
0,1,1
0,1,1
0,1,1
0,1,1
0,1,1
0,1,1
0,0,1
0,1,1
0,1,1
0,0,1
0,1,1
0,1,1
0,1,1
0,1,1
0,1,1
0,1,1
0,1,1
0,1,1
0,1,1
0,0.8609339,1
0,1,1
0,0,1
0,1,1
0,1,1
0,0,0
0,1,1
0,1,1
0,1,1
0,1,1
0,1,1
0,1,1
0,1,1
0,1,1
0,1,1
0,1,1
0,1,1
0,1,1
0,1,1
0,1,1
0,1,1
0,1,1
0,1,1
0,1,1
0,0,1
0,1,1
0,0,1
0,1,1
0,0,0
0,0,1
0,0.7737628,1
0,1,1
0,1,1
0,1,1
0,0,1
0,0,1
0,1,1
0,0,1
0,1,1
0,0,1
0,1,1
0,0,1
0,1,1
0,1,1
0,0,0
0,0,0
0,1,1
0,1,1
0,1,1
0,1,1
0,1,1
0,1,1
0,1,1
0,1,1
0,0.8654882,1
0,0,1
0,1,1
0,1,1
0,1,1
0,0,1
0,1,1
0,1,1
0,1,1
0,1,1
0,0,0
0,1,1
0,0,0
0,1,1
0,0,1
0,1,1
0,1,1
0,0,0
0,0,1
0,0,1
0,0.863222,1
0,1,1
0,1,1
0,1,1
0,1,1
0,0,0
0,0,1
0,1,1
0,1,1
0,1,1
0,1,1
0,1,1
0,1,1
0,1,1
0,1,1
0,0,1
0,1,1
0,1,1
0,1,1
0,1,1
0,1,1
0,1,1
0,1,1
0,1,1
0,1,1
0,1,1
0,1,1
0,1,1
0,0,0
0,0,0
0,0,1
0,0.8584617,1
0,0,1
0,0,0
0,1,1
0,1,1
0,1,1
0,0,0
0,1,1
0,1,1
0,1,1
0,0.876951,1
0,1,1
0,1,1
0,0,1
0,0,1
0,1,1
0,0.8662628,1
0,1,1
0,1,1
0,1,1
0,0,0
0,1,1
0,0,1
0,1,1
0,1,1
0,1,1
0,1,1
0,0,1
0,1,1
0,1,1
0,1,1
0,1,1
0,1,1
0,0,0
0,1,1
0,1,1
0,1,1
0,1,1
0,1,1
0,1,1
0,1,1
0,1,1
0,0,1
0,1,1
0,1,1
0,1,1
0,1,1
0,1,1
0,1,1
0,1,1
0,0,1
0,1,1
0,0,1
0,1,1
0,1,1
0,0.7214249,1
0,1,1
0,0,1
0,1,1
0,0.8619417,1
0,1,1
0,1,1
0,1,1
0,1,1
0,1,1
0,0,1
0,1,1
0,1,1
0,1,1
0,1,1
0,1,1
0,1,1
0,1,1
0,0,1
0,1,1
0,1,1
0,1,1
0,1,1
0,1,1
0,0,0
0,1,1
0,0.7042888,1
0,0,1
0,1,1
0,1,1
0,1,1
0,1,1
0,1,1
0,1,1
0,0,0
0,1,1
0,1,1
0,1,1
0,0,0
0,0,1
0,1,1
0,1,1
0,1,1
0,1,1
0,0,1
0,1,1
0,1,1
0,1,1
0,0,1
0,1,1
0,1,1
0,0,0
0,0,1
0,1,1
0,1,1
0,1,1
0,1,1
0,1,1
0,0,0
0,1,1
0,1,1
0,0,1
0,1,1
0,0.865424,1
0,1,1
0,1,1
0,1,1
0,0,1
0,1,1
0,0.7292362,1
0,1,1
0,1,1
0,0,1
0,1,1
0,1,1
0,1,1
0,1,1
0,1,1
0,1,1
0,0,1
0,1,1
0,1,1
0,1,1
0,1,1
0,1,1
0,1,1
0,0,1
0,0,0
0,0,1
0,1,1
0,1,1
0,1,1
0,1,1
0,0,1
0,1,1
0,1,1
0,0.88034,1
0,0,1
0,1,1
0,1,1
0,0,1
0,0,1
0,0,0
0,1,1
0,1,1
0,1,1
0,1,1
0,0,1
0,1,1
0,1,1
0,1,1
0,1,1
0,1,1
0,1,1
0,1,1
0,0,0
0,0,0
0,1,1
0,1,1
0,1,1
0,1,1
0,0,0
0,0,1
0,1,1
0,1,1
0,1,1
0,1,1
0,0,1
0,1,1
0,1,1
0,1,1
0,1,1
0,1,1
0,1,1
0,1,1
0,1,1
0,0,0
0,1,1
0,1,1
0,1,1
0,1,1
0,1,1
0,0,1
0,0,1
0,0,0
0,1,1
0,1,1
0,1,1
0,1,1
0,0,1
0,1,1
0,1,1
0,1,1
0,1,1
0,0,1
0,1,1
0,1,1
0,1,1
0,1,1
0,0,1
0,1,1
0,1,1
0,1,1
0,1,1
0,1,1
0,0,1
0,1,1
0,0,0
0,1,1
0,1,1
0,1,1
0,0,0
0,1,1
0,1,1
0,0,0
0,0.8684245,1
0,0,1
0,1,1
0,0,1
0,1,1
0,1,1
0,1,1
0,1,1
0,0,0
0,0,1
0,0.860737,1
0,1,1
0,1,1
0,1,1
0,1,1
0,1,1
0,0,1
0,1,1
0,1,1
0,1,1
0,0,1
0,1,1
0,0,1
0,1,1
0,1,1
0,1,1
0,1,1
0,1,1
0,0,1
0,1,1
0,0,1
0,1,1
0,1,1
0,1,1
0,1,1
0,1,1
0,1,1
0,1,1
0,0,1
0,1,1
0,0,1
0,1,1
0,1,1
0,0,1
0,0,1
0,1,1
0,1,1
0,0,1
0,1,1
0,1,1
0,0,1
0,1,1
0,1,1
0,1,1
0,0,1
0,1,1
0,1,1
0,0,0
0,1,1
0,1,1
0,0,1
0,1,1
0,1,1
0,1,1
0,1,1
0,1,1
0,1,1
0,0,1
0,1,1
0,1,1
0,1,1
0,1,1
0,1,1
0,1,1
0,1,1
0,1,1
0,1,1
0,0,1
0,0,0
0,0,1
0,1,1
0,1,1
0,0,0
0,1,1
0,1,1
0,1,1
0,1,1
0,1,1
0,0,0
0,0.8766865,1
0,1,1
0,0,1
0,1,1
0,1,1
0,0,1
0,1,1
0,1,1
0,0,0
0,1,1
0,1,1
0,1,1
0,0.8650354,1
0,1,1
0,1,1
0,1,1
0,1,1
0,0,1
0,1,1
0,1,1
0,1,1
0,1,1
0,1,1
0,1,1
0,1,1
0,0,1
0,1,1
0,1,1
0,0,1
0,1,1
0,1,1
0,1,1
0,1,1
0,1,1
0,1,1
0,1,1
0,1,1
0,1,1
0,1,1
0,1,1
0,0.8614994,1
0,1,1
0,0,1
0,1,1
0,1,1
0,1,1
0,1,1
0,1,1
0,1,1
0,1,1
0,1,1
0,0,0
0,1,1
0,1,1
0,0,1
0,1,1
0,1,1
0,1,1
0,1,1
0,0,1
0,0,1
0,0,0
0,1,1
0,1,1
0,0,1
0,1,1
0,1,1
0,1,1
0,0,0
0,1,1
0,1,1
0,1,1
0,1,1
0,1,1
0,1,1
0,1,1
0,0,0
0,1,1
0,1,1
0,1,1
0,1,1
0,1,1
0,1,1
0,1,1
0,1,1
0,1,1
0,0,1
0,0,1
0,1,1
0,1,1
0,1,1
0,1,1
0,1,1
0,0,1
0,1,1
0,1,1
0,0,0
0,1,1
0,1,1
0,1,1
0,1,1
0,1,1
0,1,1
0,0,1
0,1,1
0,1,1
0,0,1
0,1,1
0,0.7328453,1
0,1,1
0,1,1
0,1,1
0,1,1
0,1,1
0,1,1
0,1,1
0,0.8650584,1
0,1,1
0,1,1
0,0,0
0,0,1
0,1,1
0,1,1
0,1,1
0,1,1
0,0,1
0,1,1
0,1,1
0,1,1
0,1,1
0,1,1
0,0.7014486,1
0,1,1
0,1,1
0,1,1
0,0,1
0,1,1
0,1,1
0,1,1
0,1,1
0,1,1
0,1,1
0,0,1
0,1,1
0,1,1
0,0,0
0,0,0
0,1,1
0,0,0
0,1,1
0,1,1
0,1,1
0,1,1
0,1,1
0,1,1
0,1,1
0,1,1
0,0,1
0,1,1
0,0,1
0,1,1
0,1,1
0,1,1
0,0.8585591,1
0,0,1
0,1,1
0,1,1
0,1,1
0,1,1
0,1,1
0,0,0
0,1,1
0,1,1
0,1,1
0,1,1
0,1,1
0,1,1
0,1,1
0,0.8665594,1
0,1,1
0,1,1
0,1,1
0,1,1
0,0,1
0,1,1
0,1,1
0,0,1
0,1,1
0,1,1
0,1,1
0,1,1
0,1,1
0,0,0
0,1,1
0,1,1
0,0,1
0,1,1
0,1,1
0,1,1
0,1,1
0,0,1
0,1,1
0,0,1
0,1,1
0,0,1
0,1,1
0,0,1
0,0,1
0,1,1
0,0,0
0,0,0
0,0,1
0,1,1
0,1,1
0,1,1
0,1,1
0,0,1
0,0,1
0,0,1
0,1,1
0,1,1
0,0,1
0,1,1
0,1,1
0,1,1
0,1,1
0,1,1
0,1,1
0,0,1
0,1,1
0,1,1
0,1,1
0,1,1
0,1,1
0,1,1
0,1,1
0,1,1
0,1,1
0,1,1
0,0,1
0,1,1
0,1,1
0,1,1
0,1,1
0,0,1
0,1,1
0,1,1
0,1,1
0,1,1
0,1,1
0,1,1
0,1,1
0,0,1
0,1,1
0,1,1
0,1,1
0,1,1
0,1,1
0,1,1
0,1,1
0,1,1
0,0,1
0,0.8651246,1
0,1,1
0,1,1
0,1,1
0,1,1
0,0,1
0,0,1
0,1,1
0,1,1
0,0,1
0,1,1
0,0,0
0,1,1
0,1,1
0,1,1
0,1,1
0,1,1
0,1,1
0,1,1
0,1,1
0,1,1
0,0,0
0,0,1
0,0,1
0,1,1
0,1,1
0,1,1
0,1,1
0,1,1
0,1,1
0,1,1
0,1,1
0,1,1
0,1,1
0,1,1
0,0,1
0,0,1
0,1,1
0,1,1
0,1,1
0,1,1
0,0,1
0,0,1
0,1,1
0,0,1
0,1,1
0,1,1
0,1,1
0,1,1
0,1,1
0,0,1
0,0,1
0,1,1
0,1,1
0,1,1
0,1,1
0,1,1
0,1,1
0,0.8585774,1
0,0,1
0,0.7026278,1
0,1,1
0,1,1
0,1,1
0,0,1
0,1,1
0,0,0
0,0,1
0,1,1
0,1,1
0,1,1
0,0,1
0,0,0
0,1,1
0,1,1
0,1,1
0,1,1
0,0,1
0,1,1
0,1,1
0,1,1
0,0,1
0,1,1
0,1,1
0,1,1
0,1,1
0,1,1
0,1,1
0,0,1
0,1,1
0,1,1
0,1,1
0,0,1
0,1,1
0,1,1
0,1,1
0,1,1
0,1,1
0,1,1
0,1,1
0,1,1
0,1,1
0,1,1
0,1,1
0,1,1
0,0,1
0,1,1
0,0,1
0,0,1
0,0,1
0,1,1
0,0,1
0,1,1
0,1,1
0,1,1
0,1,1
0,1,1
0,1,1
0,1,1
0,0,1
0,1,1
0,0,1
0,1,1
0,0,1
0,1,1
0,1,1
0,0,1
0,0,0
0,1,1
0,1,1
0,1,1
0,1,1
0,1,1
0,1,1
0,0,0
0,1,1
0,1,1
0,0,1
0,0,1
0,0,1
0,1,1
0,1,1
0,1,1
0,1,1
0,1,1
0,0,0
0,0,1
0,1,1
0,1,1
0,1,1
0,1,1
0,1,1
0,0,0
0,0,0
0,1,1
0,0,0
0,1,1
0,1,1
0,1,1
0,1,1
0,0,1
0,1,1
0,1,1
0,1,1
0,1,1
0,1,1
0,0,1
0,1,1
0,1,1
0,0,0
0,1,1
0,0,1
0,1,1
0,1,1
0,1,1
0,1,1
0,0,1
0,1,1
0,1,1
0,0,0
0,0,1
0,0,1
0,1,1
0,0,1
0,1,1
0,0,1
0,1,1
0,0,1
0,1,1
0,1,1
0,0,1
0,1,1
0,1,1
0,0,1
0,1,1
0,1,1
0,1,1
0,1,1
0,1,1
0,1,1
0,1,1
0,1,1
0,1,1
0,1,1
0,1,1
0,1,1
0,1,1
0,1,1
0,1,1
0,0,1
0,1,1
0,1,1
0,0,0
0,0,1
0,0,1
0,1,1
0,1,1
0,1,1
0,0,1
0,1,1
0,1,1
0,0,0
0,1,1
0,1,1
0,1,1
0,0,1
0,1,1
0,1,1
0,0.8578595,1
0,1,1
0,1,1
0,0,1
0,1,1
0,1,1
0,1,1
0,1,1
0,1,1
0,0,1
0,1,1
0,0,1
0,0,1
0,1,1
0,1,1
0,1,1
0,1,1
0,1,1
0,1,1
0,1,1
0,1,1
0,1,1
0,1,1
0,1,1
0,1,1
0,1,1
0,1,1
0,1,1
0,0,1
0,1,1
0,0,0
0,0,1
0,1,1
0,1,1
0,1,1
0,1,1
0,1,1
0,1,1
0,1,1
0,0,1
0,1,1
0,0,0
0,1,1
0,1,1
0,0,0
0,1,1
0,1,1
0,1,1
0,1,1
0,1,1
0,1,1
0,0,0
0,1,1
0,1,1
0,1,1
0,1,1
0,1,1
0,0,1
0,1,1
0,1,1
0,1,1
0,1,1
0,0,0
0,1,1
0,1,1
0,1,1
0,0,0
0,1,1
0,1,1
0,0,1
0,1,1
0,1,1
0,1,1
0,1,1
0,0,1
0,1,1
0,1,1
0,0.8642672,1
0,1,1
0,1,1
0,1,1
0,1,1
0,0,1
0,1,1
0,0,1
0,1,1
0,1,1
0,0,1
0,0.8648251,1
0,1,1
0,1,1
0,1,1
0,0,0
0,1,1
0,0,1
0,1,1
0,1,1
0,1,1
0,1,1
0,1,1
0,1,1
0,1,1
0,1,1
0,1,1
0,1,1
0,1,1
0,0,1
0,1,1
0,0,1
0,1,1
0,1,1
0,1,1
0,0,1
0,1,1
0,0,0
0,1,1
0,1,1
0,1,1
0,1,1
0,0,1
0,1,1
0,1,1
0,1,1
0,1,1
0,1,1
0,1,1
0,1,1
0,1,1
0,1,1
0,1,1
0,1,1
0,1,1
0,1,1
0,0,1
0,1,1
0,0,0
0,1,1
0,1,1
0,0,1
0,1,1
0,1,1
0,0,1
0,0,1
0,0,1
0,0,1
0,1,1
0,1,1
0,1,1
0,1,1
0,0,1
0,0,0
0,1,1
0,1,1
0,1,1
0,0,1
0,0,1
0,1,1
0,1,1
0,1,1
0,1,1
0,0,0
0,1,1
0,1,1
0,1,1
0,1,1
0,1,1
0,1,1
0,1,1
0,0,1
0,0,1
0,1,1
0,1,1
0,0,1
0,1,1
0,1,1
0,0,1
0,0,0
0,1,1
0,1,1
0,1,1
0,1,1
0,1,1
0,1,1
0,1,1
0,1,1
0,1,1
0,1,1
0,1,1
0,0,0
0,0,1
0,1,1
0,1,1
0,1,1
0,1,1
0,1,1
0,0,0
0,1,1
0,1,1
0,1,1
0,1,1
0,0,1
0,0,0
0,1,1
0,1,1
0,1,1
0,1,1
0,1,1
0,0,1
0,1,1
0,1,1
0,0,1
0,1,1
0,0,1
0,0,0
0,0,1
0,1,1
0,1,1
0,1,1
0,0.8639944,1
0,1,1
0,1,1
0,1,1
0,1,1
0,1,1
0,1,1
0,1,1
0,1,1
0,1,1
0,0,1
0,1,1
0,1,1
0,1,1
0,1,1
0,1,1
0,1,1
0,1,1
0,0,1
0,0,1
0,0,0
0,1,1
0,1,1
0,1,1
0,1,1
0,1,1
0,1,1
0,1,1
0,1,1
0,1,1
0,1,1
0,1,1
0,1,1
0,1,1
0,0,1
0,1,1
0,0,0
0,1,1
0,1,1
0,1,1
0,1,1
0,1,1
0,1,1
0,0,1
0,1,1
0,1,1
0,0.7443196,1
0,1,1
0,1,1
0,1,1
0,1,1
0,1,1
0,1,1
0,1,1
0,0,1
0,1,1
0,0,0
0,0.8629056,1
0,0,1
0,1,1
0,1,1
0,1,1
0,0,1
0,0,0
0,1,1
0,1,1
0,1,1
0,1,1
0,1,1
0,1,1
0,1,1
0,0,1
0,0,1
0,1,1
0,1,1
0,1,1
0,0,1
0,1,1
0,1,1
0,0,1
0,0,0
0,1,1
0,1,1
0,1,1
0,1,1
0,1,1
0,1,1
0,1,1
0,1,1
0,1,1
0,1,1
0,1,1
0,1,1
0,1,1
0,1,1
0,1,1
0,1,1
0,1,1
0,1,1
0,1,1
0,1,1
0,1,1
0,0,1
0,1,1
0,0,1
0,1,1
0,1,1
0,1,1
0,1,1
0,1,1
0,0.8666636,1
0,1,1
0,0.8680192,1
0,1,1
0,1,1
0,1,1
0,1,1
0,1,1
0,1,1
0,1,1
0,1,1
0,1,1
0,0,0
0,1,1
0,1,1
0,1,1
0,1,1
0,1,1
0,0,1
0,1,1
0,1,1
0,1,1
0,1,1
0,1,1
0,1,1
0,1,1
0,0,1
0,1,1
0,0,1
0,0,0
0,1,1
0,0,0
0,0,1
0,0,0
0,1,1
0,1,1
0,1,1
0,0,1
0,1,1
0,1,1
0,1,1
0,0.8652928,1
0,1,1
0,1,1
0,1,1
0,1,1
0,1,1
0,1,1
0,1,1
0,0,0
0,1,1
0,1,1
0,1,1
0,1,1
0,1,1
0,1,1
0,1,1
0,0,0
0,1,1
0,1,1
0,1,1
0,0,1
0,0,0
0,0,1
0,1,1
0,1,1
0,1,1
0,0,1
0,0,1
0,1,1
0,1,1
0,0,0
0,1,1
0,1,1
0,0,0
0,1,1
0,1,1
0,0,1
0,1,1
0,1,1
0,1,1
0,0,1
0,1,1
0,1,1
0,1,1
0,1,1
0,0,1
0,1,1
0,1,1
0,0,0
0,0,1
0,1,1
0,1,1
0,1,1
0,1,1
0,1,1
0,1,1
0,1,1
0,1,1
0,1,1
0,1,1
0,0,0
0,1,1
0,1,1
0,1,1
0,1,1
0,1,1
0,1,1
0,1,1
0,0,1
0,0,1
0,1,1
0,0,1
0,0,1
0,0,0
0,1,1
0,0,0
0,0,1
0,1,1
0,1,1
0,1,1
0,1,1
0,0,0
0,0,1
0,1,1
0,1,1
0,1,1
0,0,0
0,1,1
0,1,1
0,1,1
0,1,1
0,1,1
0,0,1
0,1,1
0,1,1
0,1,1
0,1,1
0,1,1
0,0,1
0,1,1
0,0.8632385,1
0,1,1
0,1,1
0,0,1
0,1,1
0,1,1
0,0,1
0,1,1
0,1,1
0,1,1
0,0,0
0,1,1
0,0,1
0,0,1
0,1,1
0,1,1
0,0,0
0,1,1
0,1,1
0,1,1
0,1,1
0,1,1
0,1,1
0,1,1
0,1,1
0,1,1
0,1,1
0,0,1
0,0,0
0,1,1
0,1,1
0,1,1
0,1,1
0,1,1
0,1,1
0,1,1
0,1,1
0,0,1
0,1,1
0,1,1
0,0,1
0,1,1
0,0,1
0,1,1
0,1,1
0,1,1
0,0,0
0,1,1
0,1,1
0,1,1
0,1,1
0,0,1
0,1,1
0,1,1
0,1,1
0,1,1
0,1,1
0,1,1
0,0,1
0,1,1
0,1,1
0,1,1
0,1,1
0,1,1
0,1,1
0,1,1
0,0.8688987,1
0,0,0
0,1,1
0,1,1
0,0,0
0,1,1
0,1,1
0,1,1
0,1,1
0,1,1
0,0,1
0,1,1
0,1,1
0,0.8600482,1
0,1,1
0,1,1
0,1,1
0,1,1
0,0,1
0,1,1
0,0,1
0,1,1
0,1,1
0,1,1
0,1,1
0,1,1
0,1,1
0,1,1
0,1,1
0,1,1
0,0,1
0,1,1
0,0,0
0,1,1
0,0,1
0,1,1
0,1,1
0,1,1
0,0,1
0,1,1
0,0,0
0,1,1
0,1,1
0,1,1
0,0,1
0,1,1
0,1,1
0,0,1
0,1,1
0,1,1
0,1,1
0,0,0
0,0,1
0,1,1
0,1,1
0,1,1
0,0,1
0,1,1
0,0.8687729,1
0,0,1
0,1,1
0,1,1
0,1,1
0,1,1
0,1,1
0,1,1
0,1,1
0,1,1
0,1,1
0,1,1
0,1,1
0,1,1
0,1,1
0,0,1
0,0,1
0,1,1
0,1,1
0,0,1
0,1,1
0,1,1
0,1,1
0,1,1
0,1,1
0,1,1
0,0,1
0,1,1
0,1,1
0,1,1
0,1,1
0,1,1
0,1,1
0,1,1
0,1,1
0,1,1
0,1,1
0,1,1
0,0,1
0,0,0
0,1,1
0,1,1
0,1,1
0,1,1
0,0,1
0,0,1
0,1,1
0,1,1
0,1,1
0,1,1
0,1,1
0,0,1
0,1,1
0,1,1
0,1,1
0,1,1
0,1,1
0,1,1
0,1,1
0,1,1
0,1,1
0,1,1
0,1,1
0,1,1
0,1,1
0,0,1
0,1,1
0,1,1
0,1,1
0,1,1
0,0.8529589,1
0,1,1
0,1,1
0,1,1
0,1,1
0,0,0
0,1,1
0,0,0
0,1,1
0,1,1
0,1,1
0,1,1
0,0,1
0,1,1
0,1,1
0,1,1
0,1,1
0,1,1
0,1,1
0,1,1
0,0,0
0,1,1
0,1,1
0,1,1
0,1,1
0,1,1
0,1,1
0,1,1
0,0,1
0,1,1
0,0,0
0,1,1
0,1,1
0,0,1
0,1,1
0,1,1
0,0,1
0,0,1
0,1,1
0,0,0
0,1,1
0,0,0
0,1,1
0,1,1
0,0,0
0,1,1
0,0,1
0,1,1
0,1,1
0,1,1
0,1,1
0,1,1
0,1,1
0,1,1
0,0,1
0,1,1
0,1,1
0,1,1
0,1,1
0,1,1
0,1,1
0,1,1
0,0,1
0,1,1
0,1,1
0,0,1
0,1,1
0,1,1
0,1,1
0,1,1
0,1,1
0,1,1
0,1,1
0,1,1
0,1,1
0,1,1
0,1,1
0,1,1
0,1,1
0,1,1
0,0,1
0,0,1
0,0,1
0,1,1
0,1,1
0,1,1
0,0,1
0,1,1
0,1,1
0,1,1
0,1,1
0,1,1
0,1,1
0,1,1
0,1,1
0,0,1
0,1,1
0,1,1
0,1,1
0,1,1
0,1,1
0,1,1
0,1,1
0,0,1
0,1,1
0,1,1
0,0,1
0,1,1
0,1,1
0,1,1
0,0,1
0,1,1
0,0,1
0,1,1
0,1,1
0,1,1
0,1,1
0,1,1
0,1,1
0,1,1
0,0,1
0,1,1
0,1,1
0,1,1
0,1,1
0,1,1
0,1,1
0,0,0
0,1,1
0,0,1
0,0,1
0,1,1
0,1,1
0,1,1
0,0,1
0,0,1
0,1,1
0,0,1
0,1,1
0,1,1
0,1,1
0,1,1
0,1,1
0,1,1
0,1,1
0,1,1
0,1,1
0,0,0
0,0,1
0,1,1
0,1,1
0,1,1
0,0,0
0,1,1
0,0,1
0,1,1
0,1,1
0,1,1
0,0,1
0,1,1
0,1,1
0,0,1
0,0,0
0,1,1
0,1,1
0,1,1
0,0,0
0,1,1
0,1,1
0,1,1
0,1,1
0,1,1
0,1,1
0,1,1
0,1,1
0,1,1
0,1,1
0,1,1
0,1,1
0,0,0
0,1,1
0,1,1
0,1,1
0,1,1
0,1,1
0,1,1
0,1,1
0,1,1
0,1,1
0,1,1
0,0,1
0,0,1
0,0,1
0,0,1
0,1,1
0,1,1
0,1,1
0,0,0
0,1,1
0,1,1
0,1,1
0,1,1
0,1,1
0,1,1
0,0,0
0,0,1
0,1,1
0,1,1
0,1,1
0,1,1
0,0,0
0,1,1
0,1,1
0,0,1
0,1,1
0,1,1
0,1,1
0,0,0
0,1,1
0,1,1
0,0,0
0,1,1
0,1,1
0,1,1
0,0.8663279,1
0,1,1
0,0.8611068,1
0,1,1
0,1,1
0,1,1
0,0,0
0,1,1
0,1,1
0,1,1
0,1,1
0,1,1
0,1,1
0,1,1
0,1,1
0,1,1
0,0,1
0,1,1
0,1,1
0,1,1
0,1,1
0,0,0
0,0,0
0,1,1
0,1,1
0,0,1
0,1,1
0,0,0
0,1,1
0,0,1
0,1,1
0,1,1
0,1,1
0,1,1
0,0,1
0,1,1
0,1,1
0,0,0
0,0,0
0,1,1
0,1,1
0,1,1
0,0,0
0,1,1
0,1,1
0,1,1
0,1,1
0,1,1
0,0,1
0,0.812757,1
0,1,1
0,0,0
0,1,1
0,1,1
0,1,1
0,0,1
0,1,1
0,1,1
0,0,0
0,0,1
0,1,1
0,1,1
0,0,1
0,1,1
0,1,1
0,0,1
0,0,1
0,1,1
0,0,1
0,1,1
0,1,1
0,1,1
0,1,1
0,1,1
0,1,1
0,0,1
0,1,1
0,1,1
0,0,1
0,1,1
0,1,1
0,1,1
0,0,1
0,1,1
0,1,1
0,1,1
0,1,1
0,1,1
0,1,1
0,1,1
0,1,1
0,1,1
0,1,1
0,1,1
0,1,1
0,0,0
0,1,1
0,1,1
0,1,1
0,1,1
0,1,1
0,1,1
0,1,1
0,1,1
0,1,1
0,1,1
0,1,1
0,1,1
0,0.8573302,1
0,1,1
0,0.7059693,1
0,1,1
0,1,1
0,1,1
0,0,1
0,0,1
0,1,1
0,1,1
0,1,1
0,1,1
0,1,1
0,1,1
0,1,1
0,1,1
0,1,1
0,1,1
0,1,1
0,1,1
0,0,1
0,1,1
0,1,1
0,1,1
0,1,1
0,1,1
0,1,1
0,1,1
0,1,1
0,1,1
0,1,1
0,0.86471,1
0,1,1
0,1,1
0,0,1
0,1,1
0,0,1
0,0,1
0,0.8608094,1
0,1,1
0,1,1
0,1,1
0,1,1
0,1,1
0,0,1
0,1,1
0,1,1
0,0,1
0,1,1
0,0,1
0,1,1
0,1,1
0,1,1
0,1,1
0,1,1
0,0,0
0,1,1
0,1,1
0,1,1
0,1,1
0,1,1
0,1,1
0,0,1
0,0,1
0,1,1
0,1,1
0,1,1
0,1,1
0,1,1
0,1,1
0,1,1
0,1,1
0,1,1
0,0,1
0,1,1
0,1,1
0,1,1
0,1,1
0,1,1
0,1,1
0,1,1
0,1,1
0,1,1
0,1,1
0,1,1
0,1,1
0,1,1
0,0,1
0,1,1
0,0,0
0,0,0
0,1,1
0,1,1
0,1,1
0,1,1
0,1,1
0,1,1
0,1,1
0,1,1
0,1,1
0,1,1
0,1,1
0,1,1
0,1,1
0,1,1
0,1,1
0,1,1
0,1,1
0,0,1
0,1,1
0,1,1
0,1,1
0,1,1
0,1,1
0,1,1
0,1,1
0,1,1
0,1,1
0,1,1
0,1,1
0,1,1
0,0,1
0,1,1
0,1,1
0,1,1
0,1,1
0,1,1
0,1,1
0,1,1
0,1,1
0,0,0
0,1,1
0,0,1
0,0,0
0,0,1
0,1,1
0,1,1
0,1,1
0,1,1
0,0,1
0,1,1
0,1,1
0,1,1
0,1,1
0,1,1
0,1,1
0,1,1
0,1,1
0,1,1
0,1,1
0,1,1
0,1,1
0,0,0
0,1,1
0,1,1
0,1,1
0,1,1
0,1,1
0,1,1
0,1,1
0,1,1
0,1,1
0,1,1
0,1,1
0,1,1
0,1,1
0,1,1
0,1,1
0,1,1
0,0,1
0,0.7646407,1
0,1,1
0,1,1
0,1,1
0,0,1
0,1,1
0,1,1
0,1,1
0,0,1
0,1,1
0,1,1
0,0,0
0,0,1
0,1,1
0,1,1
0,1,1
0,1,1
0,1,1
0,1,1
0,1,1
0,1,1
0,1,1
0,0,1
0,1,1
0,1,1
0,1,1
0,1,1
0,1,1
0,1,1
0,1,1
0,1,1
0,1,1
0,0,1
0,1,1
0,0,1
0,0,1
0,1,1
0,1,1
0,1,1
0,0,0
0,0,0
0,1,1
0,1,1
0,0,1
0,1,1
0,1,1
0,0,1
0,1,1
0,1,1
0,1,1
0,1,1
0,0,0
0,1,1
0,1,1
0,1,1
0,1,1
0,0,1
0,1,1
0,0,0
0,1,1
0,0,1
0,1,1
0,1,1
0,1,1
0,1,1
0,1,1
0,1,1
0,1,1
0,1,1
0,1,1
0,1,1
0,1,1
0,1,1
0,0,0
0,0,1
0,1,1
0,1,1
0,0,0
0,0,1
0,1,1
0,0,1
0,0,1
0,0,0
0,1,1
0,0,0
0,1,1
0,1,1
0,1,1
0,1,1
0,1,1
0,0,1
0,1,1
0,1,1
0,0,1
0,1,1
0,1,1
0,1,1
0,0,1
0,1,1
0,1,1
0,1,1
0,0,1
0,1,1
0,1,1
0,0,0
0,1,1
0,1,1
0,1,1
0,1,1
0,1,1
0,0,0
0,1,1
0,1,1
0,0,1
0,1,1
0,1,1
0,0,1
0,1,1
0,1,1
0,0,1
0,1,1
0,1,1
0,1,1
0,0,1
0,1,1
0,0,1
0,1,1
0,1,1
0,1,1
0,1,1
0,0,0
0,1,1
0,0,1
0,0,0
0,1,1
0,1,1
0,1,1
0,1,1
0,1,1
0,1,1
0,1,1
0,1,1
0,1,1
0,0,1
0,1,1
0,1,1
0,1,1
0,0,0
0,1,1
0,1,1
0,1,1
0,0,1
0,1,1
0,1,1
0,0,0
0,0,0
0,1,1
0,1,1
0,0.865183,1
0,1,1
0,1,1
0,1,1
0,0,0
0,0,1
0,1,1
0,1,1
0,1,1
0,1,1
0,0,1
0,1,1
0,1,1
0,1,1
0,1,1
0,1,1
0,1,1
0,1,1
0,0,1
0,1,1
0,0,1
0,1,1
0,0,1
0,0,1
0,0,1
0,0,1
0,1,1
0,1,1
0,1,1
0,1,1
0,1,1
0,1,1
0,1,1
0,1,1
0,1,1
0,1,1
0,0.8585299,1
0,0,1
0,1,1
0,1,1
0,1,1
0,1,1
0,1,1
0,1,1
0,1,1
0,1,1
0,1,1
0,0,1
0,1,1
0,1,1
0,1,1
0,1,1
0,1,1
0,1,1
0,0,1
0,1,1
0,0,0
0,1,1
0,1,1
0,0,0
0,1,1
0,1,1
0,1,1
0,0,1
0,1,1
0,1,1
0,1,1
0,1,1
0,1,1
0,1,1
0,1,1
0,1,1
0,1,1
0,1,1
0,1,1
0,1,1
0,1,1
0,1,1
0,1,1
0,1,1
0,0.8658251,1
0,0,1
0,1,1
0,1,1
0,1,1
0,0,1
0,0,0
0,1,1
0,1,1
0,0,0
0,1,1
0,1,1
0,1,1
0,1,1
0,1,1
0,1,1
0,1,1
0,0,1
0,1,1
0,1,1
0,1,1
0,0,1
0,1,1
0,1,1
0,1,1
0,1,1
0,1,1
0,0,1
0,0,0
0,1,1
0,1,1
0,1,1
0,1,1
0,1,1
0,1,1
0,1,1
0,1,1
0,1,1
0,1,1
0,1,1
0,0,0
0,1,1
0,1,1
0,0,0
0,0,0
0,1,1
0,1,1
0,1,1
0,1,1
0,1,1
0,1,1
0,1,1
0,1,1
0,1,1
0,1,1
0,0,0
0,0,1
0,1,1
0,0,1
0,1,1
0,1,1
0,1,1
0,1,1
0,1,1
0,1,1
0,1,1
0,1,1
0,1,1
0,1,1
0,1,1
0,1,1
0,1,1
0,1,1
0,1,1
0,1,1
0,1,1
0,1,1
0,1,1
0,1,1
0,1,1
0,1,1
0,1,1
0,1,1
0,1,1
0,1,1
0,1,1
0,1,1
0,1,1
0,1,1
0,0,1
0,1,1
0,1,1
0,1,1
0,1,1
0,1,1
0,1,1
0,0.8724058,1
0,0,1
0,0,1
0,1,1
0,1,1
0,1,1
0,1,1
0,1,1
0,0,0
0,1,1
0,0,1
0,0,1
0,1,1
0,1,1
0,1,1
0,1,1
0,1,1
0,1,1
0,1,1
0,1,1
0,1,1
0,1,1
0,0,1
0,1,1
0,1,1
0,1,1
0,1,1
0,1,1
0,1,1
0,1,1
0,1,1
0,1,1
0,0,1
0,0.7201799,1
0,0,1
0,1,1
0,1,1
0,1,1
0,1,1
0,1,1
0,1,1
0,0,1
0,0,1
0,0,1
0,1,1
0,0,1
0,1,1
0,1,1
0,0,0
0,1,1
0,1,1
0,1,1
0,0,0
0,1,1
0,1,1
0,1,1
0,1,1
0,1,1
0,1,1
0,0,1
0,1,1
0,0,1
0,1,1
0,1,1
0,1,1
0,1,1
0,1,1
0,1,1
0,0,1
0,1,1
0,1,1
0,1,1
0,1,1
0,1,1
0,1,1
0,1,1
0,1,1
0,1,1
0,0,1
0,1,1
0,1,1
0,1,1
0,0,1
0,1,1
0,1,1
0,1,1
0,1,1
0,1,1
0,0,1
0,1,1
0,1,1
0,1,1
0,1,1
0,1,1
0,1,1
0,1,1
0,1,1
0,1,1
0,1,1
0,1,1
0,1,1
0,1,1
0,0,1
0,1,1
0,1,1
0,1,1
0,1,1
0,1,1
0,1,1
0,1,1
0,1,1
0,1,1
0,1,1
0,1,1
0,0,1
0,0,1
0,1,1
0,1,1
0,1,1
0,1,1
0,1,1
0,1,1
0,1,1
0,1,1
0,1,1
0,0,0
0,0,1
0,0,0
0,0,1
0,0,1
0,1,1
0,0,0
0,1,1
0,1,1
0,0,1
0,1,1
0,1,1
0,1,1
0,0,1
0,0,1
0,1,1
0,0,1
0,1,1
0,0,1
0,0,1
0,1,1
0,0,1
0,0,1
0,0,1
0,1,1
0,1,1
0,1,1
0,1,1
0,0,1
0,1,1
0,1,1
0,0,1
0,1,1
0,1,1
0,0,1
0,1,1
0,1,1
0,1,1
0,0,0
0,1,1
0,0,1
0,1,1
0,1,1
0,0,1
0,1,1
0,1,1
0,0,1
0,1,1
0,1,1
0,1,1
0,1,1
0,1,1
0,1,1
0,1,1
0,1,1
0,0,0
0,1,1
0,1,1
0,1,1
0,1,1
0,0.8605326,1
0,1,1
0,1,1
0,1,1
0,0,1
0,1,1
0,1,1
0,1,1
0,1,1
0,1,1
0,0,0
0,1,1
0,1,1
0,1,1
0,1,1
0,1,1
0,0,1
0,1,1
0,1,1
0,1,1
0,1,1
0,0,1
0,1,1
0,0,1
0,1,1
0,0,1
0,1,1
0,1,1
0,0,1
0,0,0
0,1,1
0,1,1
0,1,1
0,1,1
0,1,1
0,0,0
0,1,1
0,1,1
0,1,1
0,1,1
0,1,1
0,0,0
0,1,1
0,1,1
0,1,1
0,1,1
0,1,1
0,1,1
0,0.8532813,1
0,1,1
0,0,1
0,1,1
0,1,1
0,1,1
0,1,1
0,1,1
0,1,1
0,1,1
0,1,1
0,0,1
0,0,0
0,1,1
0,1,1
0,1,1
0,1,1
0,1,1
0,1,1
0,1,1
0,1,1
0,1,1
0,1,1
0,1,1
0,1,1
0,1,1
0,1,1
0,0,1
0,0,1
0,1,1
0,1,1
0,1,1
0,1,1
0,1,1
0,1,1
0,0,0
0,0,1
0,1,1
0,1,1
0,1,1
0,1,1
0,0,1
0,1,1
0,1,1
0,1,1
0,0,1
0,0,1
0,0,1
0,0,1
0,0,1
0,1,1
0,1,1
0,1,1
0,1,1
0,0,1
0,1,1
0,1,1
0,1,1
0,1,1
0,0,1
0,1,1
0,1,1
0,0,1
0,1,1
0,1,1
0,0,1
0,1,1
0,0,0
0,1,1
0,1,1
0,0,1
0,1,1
0,1,1
0,0,1
0,1,1
0,1,1
0,1,1
0,1,1
0,1,1
0,1,1
0,0,0
0,1,1
0,1,1
0,1,1
0,1,1
0,1,1
0,0,1
0,1,1
0,1,1
0,1,1
0,1,1
0,1,1
0,1,1
0,1,1
0,1,1
0,0,1
0,1,1
0,1,1
0,0,1
0,0,1
0,1,1
0,0,0
0,1,1
0,1,1
0,1,1
0,1,1
0,0,1
0,1,1
0,1,1
0,1,1
0,1,1
0,0,1
0,1,1
0,1,1
0,1,1
0,1,1
0,1,1
0,1,1
0,0.7269343,1
0,1,1
0,1,1
0,1,1
0,0,1
0,1,1
0,1,1
0,1,1
0,1,1
0,0,1
0,1,1
0,1,1
0,1,1
0,1,1
0,0,0
0,1,1
0,1,1
0,1,1
0,0,0
0,1,1
0,0,0
0,1,1
0,1,1
0,1,1
0,1,1
0,1,1
0,1,1
0,1,1
0,1,1
0,0,1
0,1,1
0,0,0
0,1,1
0,1,1
0,0,1
0,1,1
0,1,1
0,1,1
0,0,0
0,0.859548,1
0,1,1
0,1,1
0,1,1
0,1,1
0,0,1
0,1,1
0,1,1
0,0,1
0,1,1
0,1,1
0,1,1
0,1,1
0,1,1
0,0,1
0,0,1
0,1,1
0,1,1
0,1,1
0,1,1
0,1,1
0,0,1
0,1,1
0,1,1
0,0,1
0,1,1
0,1,1
0,1,1
0,1,1
0,0,1
0,0,1
0,1,1
0,1,1
0,1,1
0,1,1
0,1,1
0,1,1
0,1,1
0,1,1
0,1,1
0,1,1
0,1,1
0,1,1
0,1,1
0,1,1
0,1,1
0,1,1
0,1,1
0,1,1
0,1,1
0,1,1
0,1,1
0,1,1
0,1,1
0,1,1
0,1,1
0,0,0
0,1,1
0,1,1
0,1,1
0,0,1
0,1,1
0,1,1
0,0,0
0,1,1
0,0,1
0,1,1
0,0,1
0,1,1
0,1,1
0,1,1
0,1,1
0,1,1
0,1,1
0,0,1
0,1,1
0,1,1
0,0,1
0,0,1
0,0,1
0,1,1
0,0,1
0,0,1
0,1,1
0,1,1
0,1,1
0,1,1
0,0,1
0,1,1
0,0,0
0,0,0
0,1,1
0,1,1
0,1,1
0,1,1
0,1,1
0,1,1
0,1,1
0,1,1
0,1,1
0,1,1
0,1,1
0,0,0
0,1,1
0,1,1
0,1,1
0,1,1
0,0,1
0,0,1
0,1,1
0,1,1
0,1,1
0,1,1
0,0,1
0,0,0
0,1,1
0,0,1
0,0,0
0,0,0
0,1,1
0,1,1
0,0,0
0,1,1
0,1,1
0,1,1
0,1,1
0,1,1
0,0,0
0,1,1
0,1,1
0,1,1
0,1,1
0,1,1
0,1,1
0,1,1
0,1,1
0,0,1
0,1,1
0,0,0
0,1,1
0,1,1
0,0,1
0,1,1
0,1,1
0,1,1
0,0,1
0,1,1
0,0,1
0,1,1
0,1,1
0,0.8602118,1
0,1,1
0,1,1
0,1,1
0,1,1
0,0,1
0,1,1
0,1,1
0,1,1
0,1,1
0,1,1
0,1,1
0,1,1
0,0,0
0,1,1
0,1,1
0,1,1
0,1,1
0,1,1
0,1,1
0,0,1
0,1,1
0,1,1
0,1,1
0,1,1
0,1,1
0,0,1
0,1,1
0,1,1
0,0,1
0,0,1
0,0,0
0,1,1
0,1,1
0,1,1
0,1,1
0,1,1
0,1,1
0,1,1
0,0,1
0,1,1
0,1,1
0,0,1
0,1,1
0,1,1
0,0,1
0,1,1
0,1,1
0,0,0
0,1,1
0,1,1
0,1,1
0,1,1
0,1,1
0,1,1
0,1,1
0,1,1
0,0,0
0,1,1
0,0,1
0,1,1
0,0,0
0,1,1
0,1,1
0,1,1
0,1,1
0,1,1
0,1,1
0,1,1
0,1,1
0,0,1
0,1,1
0,1,1
0,1,1
0,0,1
0,1,1
0,1,1
0,1,1
0,1,1
0,1,1
0,1,1
0,1,1
0,1,1
0,1,1
0,1,1
0,1,1
0,1,1
0,0,1
0,1,1
0,0,1
0,1,1
0,1,1
0,1,1
0,1,1
0,0,1
0,1,1
0,1,1
0,1,1
0,0,1
0,1,1
0,1,1
0,0,0
0,1,1
0,0,1
0,1,1
0,1,1
0,1,1
0,1,1
0,1,1
0,1,1
0,1,1
0,1,1
0,1,1
0,0,1
0,1,1
0,1,1
0,1,1
0,0,1
0,0,0
0,1,1
0,1,1
0,0,0
0,1,1
0,1,1
0,1,1
0,1,1
0,1,1
0,1,1
0,1,1
0,1,1
0,1,1
0,1,1
0,1,1
0,1,1
0,1,1
0,1,1
0,1,1
0,0,1
0,1,1
0,0,0
0,0,1
0,1,1
0,1,1
0,1,1
0,1,1
0,1,1
0,1,1
0,0,0
0,1,1
0,1,1
0,1,1
0,1,1
0,1,1
0,1,1
0,1,1
0,1,1
0,0,0
0,1,1
0,1,1
0,0,1
0,1,1
0,1,1
0,1,1
0,1,1
0,1,1
0,1,1
0,1,1
0,1,1
0,1,1
0,0,1
0,1,1
0,1,1
0,1,1
0,1,1
0,0,1
0,1,1
0,0,1
0,1,1
0,0,1
0,1,1
0,1,1
0,0,0
0,1,1
0,1,1
0,1,1
0,1,1
0,0,1
0,1,1
0,1,1
0,1,1
0,1,1
0,1,1
0,1,1
0,1,1
0,0,1
0,1,1
0,0,1
0,1,1
0,0,1
0,1,1
0,1,1
0,0,1
0,1,1
0,0,1
0,0,1
0,1,1
0,0.8646379,1
0,0,1
0,0,1
0,1,1
0,1,1
0,1,1
0,1,1
0,1,1
0,1,1
0,1,1
0,1,1
0,1,1
0,1,1
0,0,1
0,1,1
0,1,1
0,1,1
0,1,1
0,1,1
0,1,1
0,0.7219098,1
0,1,1
0,0,1
0,0,1
0,1,1
0,1,1
0,1,1
0,1,1
0,1,1
0,1,1
0,1,1
0,1,1
0,1,1
0,1,1
0,0,0
0,1,1
0,1,1
0,1,1
0,1,1
0,0,1
0,1,1
0,1,1
0,1,1
0,1,1
0,0,0
0,1,1
0,1,1
0,1,1
0,1,1
0,0,1
0,1,1
0,1,1
0,0,0
0,1,1
0,0,0
0,1,1
0,0,1
0,1,1
0,0,1
0,1,1
0,1,1
0,1,1
0,1,1
0,1,1
0,1,1
0,1,1
0,1,1
0,1,1
0,1,1
0,1,1
0,1,1
0,1,1
0,0,1
0,1,1
0,1,1
0,1,1
0,1,1
0,1,1
0,0,1
0,0,1
0,1,1
0,1,1
0,1,1
0,1,1
0,0,0
0,0.8624517,1
0,1,1
0,1,1
0,1,1
0,0,0
0,1,1
0,1,1
0,1,1
0,1,1
0,0,0
0,1,1
0,1,1
0,0,1
0,0,1
0,1,1
0,1,1
0,1,1
0,1,1
0,1,1
0,1,1
0,1,1
0,1,1
0,0,0
0,1,1
0,0,0
0,1,1
0,0,1
0,0,0
0,0,1
0,1,1
0,1,1
0,1,1
0,1,1
0,1,1
0,1,1
0,0,0
0,1,1
0,1,1
0,1,1
0,1,1
0,1,1
0,0,1
0,1,1
0,0,1
0,1,1
0,0,1
0,0,1
0,1,1
0,1,1
0,1,1
0,1,1
0,1,1
0,1,1
0,1,1
0,1,1
0,1,1
0,1,1
0,1,1
0,0,0
0,1,1
0,1,1
0,1,1
0,1,1
0,1,1
0,1,1
0,1,1
0,0,0
0,1,1
0,0,1
0,1,1
0,0,0
0,0,1
0,1,1
0,0,1
0,0,1
0,1,1
0,1,1
0,1,1
0,1,1
0,0,1
0,0,1
0,0,1
0,1,1
0,1,1
0,0,1
0,1,1
0,0,1
0,1,1
0,1,1
0,0,0
0,1,1
0,1,1
0,1,1
0,1,1
0,1,1
0,0,0
0,1,1
0,0,0
0,1,1
0,1,1
0,0,0
0,0,0
0,0,0
0,0,0
0,0,0
0,0,0
0,0,0
0,0,0
0,0,0
0,0,0
0,0.007040381,1
0,0,0
0,0,0
0,0,0
0,1,1
0,0.01433349,1
0,1,1
0,0,1
0,1,1
0,0,1
0,1,1
0,0,0
0,1,1
0,1,1
0,1,1
0,0,0
0,1,1
0,1,1
0,0,0
0,1,1
0,1,1
0,0,0
0,1,1
0,0,1
0,1,1
0,1,1
0,1,1
0,0,1
0,1,1
0,0,0
0,1,1
0,0,0
0,0,0
0,0,0
0,0,1
0,0,0
0,0,0
0,0,0
0,0,0
0,0,1
0,0,0
0,0,0
0,0,0
0,0,0
0,0.8784295,1
0,0,0
0,1,1
0,0,1
0,0,1
0,0,1
0,0,0
0,0,1
0,0,0
0,0,0
0,1,1
0,1,1
0,0,1
0,1,1
0,1,1
0,0,0
0,0,0
0,1,1
0,1,1
0,0,1
0,0,1
0,1,1
0,0,0
0,0,0
0,1,1
0,0,0
0,0,1
0,1,1
0,0,0
0,1,1
0,1,1
0,1,1
0,0,0
0,1,1
0,1,1
0,1,1
0,1,1
0,1,1
0,0,1
0,0,0
0,0,1
0,1,1
0,1,1
0,1,1
0,1,1
0,0,1
0,1,1
0,0,0
0,0,0
0,1,1
0,0,0
0,1,1
0,1,1
0,1,1
0,1,1
0,1,1
0,1,1
0,1,1
0,1,1
0,1,1
0,1,1
0,0,1
0,1,1
0,1,1
0,0,1
0,1,1
0,0,0
0,1,1
0,1,1
0,0,0
0,1,1
0,1,1
0,1,1
0,1,1
0,1,1
0,0,0
0,1,1
0,1,1
0,0,1
0,0.8732938,1
0,1,1
0,1,1
0,1,1
0,0,0
0,0,1
0,1,1
0,0,1
0,0,0
0,1,1
0,1,1
0,0,1
0,0,1
0,1,1
0,1,1
0,1,1
0,1,1
0,1,1
0,1,1
0,0,1
0,1,1
0,0,1
0,1,1
0,1,1
0,1,1
0,0,1
0,1,1
0,1,1
0,1,1
0,0,1
0,1,1
0,1,1
0,0,0
0,1,1
0,0,1
0,1,1
0,0,1
0,1,1
0,1,1
0,1,1
0,1,1
0,1,1
0,1,1
0,1,1
0,0,0
0,1,1
0,1,1
0,1,1
0,1,1
0,1,1
0,0.8600587,1
0,1,1
0,1,1
0,1,1
0,1,1
0,0,0
0,1,1
0,1,1
0,1,1
0,0,0
0,0,0
0,1,1
0,0,0
0,0,0
0,1,1
0,0,0
0,0.7100266,1
0,0,0
0,0,0
0,0,1
0,1,1
0,0.8690144,1
0,0,1
0,0,0
0,1,1
0,1,1
0,0,0
0,1,1
0,0,0
0,0,0
0,0,0
0,0,0
0,0,1
0,1,1
0,1,1
0,1,1
0,0,0
0,1,1
0,0.8165365,1
0,0,1
0,0,0
0,0,0
0,0,0
0,0,0
0,0,1
0,0,0
0,1,1
0,0,0
0,1,1
0,0,0
0,0,0
0,1,1
0,0,0
0,0,0
0,1,1
0,0,1
0,0,0
0,1,1
0,0,0
0,1,1
0,1,1
0,0,0
0,1,1
0,1,1
0,1,1
0,1,1
0,0,1
0,1,1
0,1,1
0,0,1
0,0,0
0,1,1
0,1,1
0,0,1
0,0,0
0,1,1
0,1,1
0,0,1
0,0,0
0,0,0
0,1,1
0,1,1
0,1,1
0,0,0
0,1,1
0,1,1
0,0,0
0,0,1
0,1,1
0,1,1
0,1,1
0,0,1
0,0,0
0,1,1
0,0,1
0,1,1
0,0,1
0,1,1
0,0,1
0,1,1
0,1,1
0,1,1
0,1,1
0,1,1
0,1,1
0,1,1
0,1,1
0,1,1
0,1,1
0,0,1
0,1,1
0,1,1
0,0,1
0,1,1
0,0,1
0,1,1
0,0,0
0,1,1
0,1,1
0,1,1
0,1,1
0,1,1
0,0,1
0,0,1
0,1,1
0,1,1
0,1,1
0,1,1
0,0,1
0,1,1
0,1,1
0,1,1
0,1,1
0,1,1
0,1,1
0,1,1
0,1,1
0,1,1
0,0,1
0,1,1
0,1,1
0,1,1
0,1,1
0,1,1
0,1,1
0,1,1
0,1,1
0,0,0
0,1,1
0,1,1
0,1,1
0,1,1
0,1,1
0,1,1
0,1,1
0,0,0
0,1,1
0,0,0
0,1,1
0,0,1
0,0,0
0,0,0
0,1,1
0,0,0
0,1,1
0,0,1
0,0,0
0,0,0
0,1,1
0,1,1
0,0,0
0,0,1
0,1,1
0,0,1
0,0,0
0,1,1
0,1,1
0,0,0
0,0,0
0,0,0
0,0,0
0,0,0
0,0,0
0,0,1
0,0,0
0,0,1
0,1,1
0,0,0
0,0,1
0,0,1
0,1,1
0,0,0
0,1,1
0,0,1
0,0,0
0,1,1
0,1,1
0,0,0
0,0,0
0,1,1
0,1,1
0,0,1
0,0,0
0,1,1
0,0,0
0,1,1
0,0,1
0,0,0
0,1,1
0,1,1
0,1,1
0,1,1
0,1,1
0,1,1
0,1,1
0,0,0
0,1,1
0,0,0
0,0,1
0,1,1
0,0,0
0,1,1
0,0,1
0,1,1
0,0,1
0,1,1
0,0,0
0,0,0
0,1,1
0,0,0
0,0,0
0,0,0
0,0,1
0,0,1
0,1,1
0,1,1
0,1,1
0,0,0
0,1,1
0,1,1
0,1,1
0,0,0
0,1,1
0,1,1
0,0,1
0,1,1
0,1,1
0,0,0
0,0,0
0,1,1
0,0,0
0,1,1
0,0,0
0,1,1
0,1,1
0,1,1
0,1,1
0,1,1
0,1,1
0,1,1
0,1,1
0,1,1
0,0,0
0,0,1
0,1,1
0,1,1
0,0,1
0,0,1
0,0,1
0,1,1
0,1,1
0,1,1
0,1,1
0,0,0
0,1,1
0,1,1
0,1,1
0,1,1
0,1,1
0,1,1
0,1,1
0,0,1
0,1,1
0,1,1
0,1,1
0,1,1
0,0,0
0,1,1
0,0,0
0,1,1
0,1,1
0,1,1
0,1,1
0,1,1
0,1,1
0,0,1
0,0,0
0,0,0
0,1,1
0,1,1
0,1,1
0,0,0
0,1,1
0,1,1
0,1,1
0,0,0
0,1,1
0,1,1
0,1,1
0,1,1
0,1,1
0,0,0
0,0,0
0,0,0
0,1,1
0,0,0
0,0,0
0,1,1
0,0,1
0,1,1
0,1,1
0,0,0
0,0,0
0,0,0
0,0,0
0,0,0
0,0,0
0,0,0
0,1,1
0,1,1
0,1,1
0,0,0
0,0.8624107,1
0,0,0
0,0,0
0,0,0
0,0,0
0,0,0
0,0,1
0,0,0
0,1,1
0,0,0
0,1,1
0,0,0
0,1,1
0,1,1
0,1,1
0,0,0
0,0,1
0,1,1
0,0,1
0,0,0
0,1,1
0,0,0
0,0,1
0,0,0
0,1,1
0,0,0
0,1,1
0,1,1
0,0,0
0,1,1
0,0,0
0,1,1
0,1,1
0,0,0
0,1,1
0,1,1
0,1,1
0,1,1
0,1,1
0,1,1
0,0,0
0,1,1
0,1,1
0,0,0
0,0,1
0,1,1
0,1,1
0,0,1
0,1,1
0,1,1
0,1,1
0,1,1
0,1,1
0,0,1
0,0,1
0,1,1
0,1,1
0,0,1
0,1,1
0,0,0
0,0,1
0,1,1
0,0,1
0,0,1
0,0,0
0,0,1
0,1,1
0,1,1
0,0.8598465,1
0,1,1
0,0,1
0,0,1
0,1,1
0,1,1
0,0,0
0,1,1
0,0,1
0,1,1
0,1,1
0,1,1
0,1,1
0,1,1
0,0,1
0,1,1
0,1,1
0,0,1
0,1,1
0,1,1
0,0.8770262,1
0,1,1
0,1,1
0,0.7030579,1
0,1,1
0,0,1
0,1,1
0,1,1
0,0,1
0,0,0
0,1,1
0,1,1
0,1,1
0,1,1
0,0.8089336,1
0,1,1
0,1,1
0,0,1
0,1,1
0,1,1
0,1,1
0,1,1
0,1,1
0,1,1
0,0.8632754,1
0,0,0
0,1,1
0,0,0
0,0,0
0,0,1
0,1,1
0,0,1
0,1,1
0,0,0
0,1,1
0,1,1
0,0,0
0,1,1
0,0,0
0,1,1
0,1,1
0,0,0
0,1,1
0,0,0
0,1,1
0,0,0
0,1,1
0,0,1
0,0,0
0,0,1
0,0,0
0,0,1
0,1,1
0,0,0
0,1,1
0,1,1
0,0,0
0,0,0
0,0,0
0,0,0
0,1,1
0,0,0
0,1,1
0,0,0
0,1,1
0,0,1
0,0,0
0,0,1
0,1,1
0,0,1
0,1,1
0,0,0
0,0,0
0,0.8356832,1
0,1,1
0,0,0
0,0,1
0,1,1
0,0,0
0,1,1
0,0,1
0,0.859816,1
0,1,1
0,0,0
0,0,1
0,1,1
0,0,0
0,1,1
0,0,1
0,0,1
0,0,0
0,0.7572879,1
0,1,1
0,1,1
0,1,1
0,1,1
0,0,0
0,1,1
0,1,1
0,1,1
0,0,0
0,0,0
0,0,0
0,1,1
0,1,1
0,1,1
0,1,1
0,1,1
0,1,1
0,1,1
0,1,1
0,1,1
0,1,1
0,0,1
0,0,0
0,1,1
0,1,1
0,0,0
0,1,1
0,0,1
0,1,1
0,1,1
0,0,1
0,0,0
0,1,1
0,1,1
0,0,1
0,1,1
0,0,1
0,0,0
0,1,1
0,1,1
0,1,1
0,1,1
0,1,1
0,0,0
0,1,1
0,0,0
0,1,1
0,0,1
0,1,1
0,1,1
0,1,1
0,1,1
0,0,1
0,0,1
0,1,1
0,0,1
0,0,0
0,1,1
0,1,1
0,1,1
0,0,1
0,1,1
0,0,0
0,1,1
0,0,1
0,0,1
0,1,1
0,0,0
0,1,1
0,1,1
0,1,1
0,1,1
0,1,1
0,1,1
0,1,1
0,1,1
0,1,1
0,0,0
0,1,1
0,1,1
0,1,1
0,1,1
0,1,1
0,1,1
0,1,1
0,0,0
0,0,1
0,0,1
0,0.8585333,1
0,0,1
0,1,1
0,1,1
0,1,1
0,0,0
0,1,1
0,0,0
0,1,1
0,1,1
0,1,1
0,1,1
0,1,1
0,0,0
0,0,0
0,0,0
0,0,1
0,1,1
0,0,0
0,0,1
0,0,0
0,1,1
0,0,0
0,1,1
0,0,0
0,1,1
0,1,1
0,0,0
0,0,0
0,0,1
0,1,1
0,1,1
0,0,0
0,1,1
0,1,1
0,1,1
0,1,1
0,0.7166995,1
0,1,1
0,0,0
0,0.857987,1
0,1,1
0,1,1
0,1,1
0,0,0
0,0,0
0,0,0
0,1,1
0,0,0
0,0,0
0,0,1
0,0,0
0,0,1
0,0,1
0,1,1
0,1,1
0,1,1
0,0,1
0,1,1
0,1,1
0,0,0
0,1,1
0,0,0
0,0,0
0,1,1
0,0,0
0,0,1
0,1,1
0,1,1
0,1,1
0,0,1
0,1,1
0,0,1
0,1,1
0,1,1
0,0,0
0,0,0
0,1,1
0,1,1
0,1,1
0,1,1
0,1,1
0,1,1
0,1,1
0,0,1
0,0,0
0,1,1
0,1,1
0,0,1
0,1,1
0,1,1
0,0,1
0,1,1
0,1,1
0,0,1
0,0.7215792,1
0,1,1
0,1,1
0,1,1
0,0,0
0,0,0
0,1,1
0,1,1
0,1,1
0,1,1
0,1,1
0,0,1
0,1,1
0,1,1
0,1,1
0,1,1
0,1,1
0,0,0
0,0.797613,1
0,1,1
0,1,1
0,1,1
0,1,1
0,0,1
0,1,1
0,1,1
0,1,1
0,1,1
0,1,1
0,1,1
0,0,0
0,1,1
0,1,1
0,1,1
0,1,1
0,0,1
0,1,1
0,1,1
0,0,0
0,0,1
0,1,1
0,0,1
0,1,1
0,1,1
0,1,1
0,1,1
0,1,1
0,1,1
0,1,1
0,1,1
0,1,1
0,1,1
0,1,1
0,0,1
0,1,1
0,1,1
0,1,1
0,0,0
0,0,1
0,0,0
0,1,1
0,1,1
0,0,0
0,1,1
0,0,0
0,0,1
0,1,1
0,1,1
0,0,0
0,1,1
0,0,0
0,1,1
0,1,1
0,0,0
0,0,0
0,1,1
0,0,1
0,1,1
0,0,0
0,0,0
0,0,1
0,1,1
0,0,0
0,0,0
0,0,1
0,1,1
0,1,1
0,0,0
0,0,0
0,0,0
0,0,0
0,0,1
0,1,1
0,0,0
0,0,0
0,1,1
0,0,1
0,1,1
0,0,0
0,1,1
0,0,0
0,0,0
0,1,1
0,0,0
0,0,0
0,0,0
0,0,0
0,0,0
0,1,1
0,1,1
0,0,0
0,0.8666933,1
0,1,1
0,1,1
0,0,1
0,1,1
0,0,1
0,1,1
0,0,0
0,0,1
0,0,0
0,1,1
0,1,1
0,0,0
0,0,0
0,1,1
0,1,1
0,1,1
0,0,1
0,1,1
0,1,1
0,0,0
0,0,0
0,1,1
0,1,1
0,0,0
0,1,1
0,0,0
0,1,1
0,0,1
0,0,0
0,1,1
0,0,1
0,1,1
0,1,1
0,1,1
0,1,1
0,1,1
0,0,1
0,0,1
0,0,1
0,1,1
0,0,0
0,1,1
0,1,1
0,1,1
0,0,0
0,1,1
0,1,1
0,1,1
0,1,1
0,1,1
0,1,1
0,1,1
0,1,1
0,0,1
0,1,1
0,1,1
0,0,1
0,0,0
0,1,1
0,1,1
0,1,1
0,1,1
0,1,1
0,0,0
0,1,1
0,0,1
0,1,1
0,1,1
0,1,1
0,0,1
0,1,1
0,1,1
0,1,1
0,1,1
0,1,1
0,1,1
0,1,1
0,0,1
0,0,0
0,1,1
0,0,1
0,1,1
0,1,1
0,0,0
0,0,1
0,1,1
0,1,1
0,1,1
0,1,1
0,0,0
0,1,1
0,1,1
0,1,1
0,0,0
0,1,1
0,0,0
0,1,1
0,1,1
0,0,0
0,0,0
0,0,1
0,0,0
0,1,1
0,0,0
0,1,1
0,1,1
0,1,1
0,1,1
0,1,1
0,1,1
0,0,0
0,0,0
0,0,0
0,0.8493625,1
0,0,1
0,0,0
0,1,1
0,0,0
0,0,1
0,0,0
0,0,0
0,0,0
0,0,0
0,0,0
0,0,0
0,0,0
0,0,1
0,1,1
0,0,0
0,1,1
0,0,1
0,0,0
0,0.8065127,1
0,1,1
0,0,0
0,0,1
0,0.8620867,1
0,0,1
0,0,0
0,1,1
0,0,0
0,0,1
0,0,0
0,1,1
0,0,0
0,0,1
0,1,1
0,1,1
0,1,1
0,0.8873495,1
0,0,0
0,0,0
0,0,1
0,1,1
0,1,1
0,1,1
0,0,0
0,0,0
0,0,0
0,0.7626684,1
0,1,1
0,0,0
0,0,0
0,0,0
0,0,0
0,0,0
0,0,0
0,1,1
0,1,1
0,1,1
0,0,1
0,1,1
0,1,1
0,0,1
0,0,1
0,1,1
0,0,0
0,0,0
0,0,1
0,1,1
0,1,1
0,0,1
0,1,1
0,1,1
0,0,0
0,1,1
0,0,0
0,1,1
0,0,1
0,0,0
0,1,1
0,1,1
0,0,1
0,1,1
0,0,0
0,0,1
0,1,1
0,1,1
0,0,0
0,1,1
0,1,1
0,1,1
0,1,1
0,1,1
0,0,1
0,1,1
0,0,0
0,1,1
0,0,1
0,1,1
0,1,1
0,0,0
0,0,0
0,0,1
0,1,1
0,0,0
0,1,1
0,0,1
0,1,1
0,0,0
0,0,1
0,0,0
0,1,1
0,1,1
0,1,1
0,0,1
0,1,1
0,1,1
0,1,1
0,1,1
0,1,1
0,1,1
0,0,1
0,1,1
0,0,1
0,1,1
0,1,1
0,0,0
0,0,0
0,1,1
0,0,0
0,1,1
0,0,0
0,1,1
0,0,0
0,0,0
0,1,1
0,0,0
0,1,1
0,0,0
0,1,1
0,1,1
0,1,1
0,0.8755573,1
0,1,1
0,1,1
0,1,1
0,1,1
0,0,0
0,0,0
0,0,0
0,0,1
0,1,1
0,0,0
0,0,1
0,1,1
0,1,1
0,0,0
0,1,1
0,0,0
0,0,0
0,0,0
0,1,1
0,1,1
0,1,1
0,0,0
0,1,1
0,0.8685708,1
0,0,0
0,0,0
0,1,1
0,1,1
0,1,1
0,0,0
0,0,0
0,0,0
0,0,0
0,0,1
0,0,0
0,0,0
0,0,1
0,1,1
0,1,1
0,0,0
0,1,1
0,0,0
0,1,1
0,1,1
0,0,0
0,1,1
0,0,0
0,0,0
0,0,0
0,0,1
0,0,0
0,0,0
0,0,1
0,1,1
0,1,1
0,0,0
0,1,1
0,0,0
0,0,1
0,1,1
0,0,0
0,0.8636166,1
0,1,1
0,0,0
0,1,1
0,0,1
0,0,0
0,1,1
0,1,1
0,0,1
0,0,1
0,1,1
0,1,1
0,0,0
0,1,1
0,1,1
0,1,1
0,1,1
0,1,1
0,1,1
0,0,1
0,0,0
0,1,1
0,0,1
0,0,0
0,1,1
0,1,1
0,1,1
0,1,1
0,1,1
0,0,0
0,0,1
0,1,1
0,0,0
0,0,1
0,0,1
0,0,0
0,1,1
0,0,0
0,0.8711423,1
0,1,1
0,1,1
0,1,1
0,1,1
0,1,1
0,1,1
0,0,1
0,1,1
0,0,1
0,1,1
0,0,1
0,1,1
0,1,1
0,0,1
0,0,0
0,1,1
0,1,1
0,1,1
0,1,1
0,1,1
0,0,0
0,1,1
0,0,1
0,0,0
0,0,0
0,1,1
0,0,0
0,0,0
0,0,1
0,1,1
0,0,0
0,1,1
0,1,1
0,1,1
0,1,1
0,1,1
0,1,1
0,0,0
0,0,0
0,0,1
0,0,0
0,1,1
0,1,1
0,1,1
0,0,0
0,0,0
0,1,1
0,0,0
0,0,0
0,0,0
0,1,1
0,0,0
0,1,1
0,0,0
0,1,1
0,0,0
0,1,1
0,1,1
0,0,1
0,0,1
0,0,0
0,1,1
0,1,1
0,1,1
0,0,0
0,1,1
0,0,0
0,0,0
0,0,1
0,0,0
0,1,1
0,1,1
0,1,1
0,0,0
0,1,1
0,1,1
0,1,1
0,1,1
0,1,1
0,0,1
0,0,0
0,0,0
0,0,0
0,1,1
0,0,0
0,0,0
0,0,0
0,1,1
0,0,0
0,0,1
0,0,1
0,0,1
0,0,1
0,1,1
0,0,1
0,1,1
0,1,1
0,0,1
0,0,1
0,0,0
0,1,1
0,0,0
0,0,1
0,1,1
0,0,0
0,1,1
0,0,0
0,0,1
0,1,1
0,0,1
0,1,1
0,0,0
0,0,0
0,0,0
0,1,1
0,1,1
0,1,1
0,1,1
0,1,1
0,1,1
0,0,0
0,0,1
0,1,1
0,0,1
0,0,0
0,0,0
0,0,1
0,1,1
0,1,1
0,0,1
0,0,0
0,0,1
0,0,0
0,0,0
0,1,1
0,1,1
0,1,1
0,0,1
0,0,0
0,1,1
0,0,0
0,0,1
0,1,1
0,1,1
0,1,1
0,1,1
0,1,1
0,1,1
0,0,0
0,1,1
0,0,1
0,1,1
0,1,1
0,1,1
0,1,1
0,0,1
0,1,1
0,0,1
0,1,1
0,0,1
0,1,1
0,0,1
0,0,1
0,1,1
0,0,1
0,1,1
0,1,1
0,0,0
0,1,1
0,0,1
0,0,1
0,0,1
0,1,1
0,0,0
0,1,1
0,0,0
0,0,0
0,1,1
0,0,0
0,1,1
0,1,1
0,1,1
0,1,1
0,0,0
0,0,1
0,1,1
0,1,1
0,0,0
0,0,0
0,0,0
0,0,0
0,0,0
0,0,0
0,0,0
0,1,1
0,1,1
0,0,0
0,0,0
0,0,0
0,1,1
0,1,1
0,0,1
0,1,1
0,1,1
0,0,0
0,0,0
0,1,1
0,0,1
0,1,1
0,0,0
0,0,0
0,0,1
0,0,1
0,1,1
0,1,1
0,1,1
0,0,1
0,0.7173778,1
0,0,0
0,0,0
0,0,0
0,0,0
0,0,1
0,0,0
0,1,1
0,1,1
0,0,0
0,1,1
0,1,1
0,0,0
0,0,1
0,0,0
0,0,1
0,0,1
0,1,1
0,1,1
0,1,1
0,0,0
0,1,1
0,1,1
0,1,1
0,1,1
0,1,1
0,1,1
0,1,1
0,1,1
0,0,0
0,0,0
0,1,1
0,1,1
0,0,0
0,1,1
0,0,1
0,1,1
0,0,0
0,0,0
0,0,1
0,1,1
0,0,1
0,1,1
0,0,1
0,0,0
0,0,0
0,1,1
0,1,1
0,1,1
0,0,0
0,0,1
0,1,1
0,1,1
0,0,0
0,1,1
0,1,1
0,0,0
0,0,0
0,1,1
0,1,1
0,1,1
0,0,0
0,0,0
0,0,1
0,1,1
0,1,1
0,1,1
0,1,1
0,0,1
0,1,1
0,1,1
0,1,1
0,0,0
0,1,1
0,0.7047154,1
0,0,0
0,1,1
0,1,1
0,1,1
0,1,1
0,0,1
0,1,1
0,0,1
0,0,0
0,1,1
0,1,1
0,1,1
0,1,1
0,0,1
0,1,1
0,0,0
0,1,1
0,1,1
0,0,1
0,1,1
0,1,1
0,0,1
0,1,1
0,0,1
0,0,0
0,1,1
0,1,1
0,1,1
0,0,1
0,1,1
0,1,1
0,0,0
0,1,1
0,0,0
0,1,1
0,1,1
0,0.8700305,1
0,1,1
0,1,1
0,0,0
0,0,0
0,1,1
0,0,0
0,1,1
0,1,1
0,0,0
0,1,1
0,1,1
0,0,0
0,1,1
0,0.7742304,1
0,1,1
0,0,0
0,0,0
0,1,1
0,1,1
0,1,1
0,0,0
0,0,0
0,0,0
0,1,1
0,1,1
0,0,0
0,0,0
0,0,0
0,0,1
0,1,1
0,0,0
0,0,0
0,0,0
0,0,0
0,0,0
0,1,1
0,0,0
0,0,1
0,0,0
0,1,1
0,1,1
0,0,0
0,0,0
0,0,1
0,0,0
0,1,1
0,0,0
0,0,0
0,1,1
0,0,0
0,0,1
0,1,1
0,0,0
0,1,1
0,1,1
0,0,0
0,0,0
0,1,1
0,0,1
0,0,0
0,0,1
0,0,0
0,0,0
0,0,0
0,0,0
0,0,1
0,0,1
0,1,1
0,0,0
0,0,1
0,0,1
0,1,1
0,0,0
0,0,1
0,1,1
0,1,1
0,0,1
0,0.8586098,1
0,1,1
0,0,0
0,0,1
0,0,0
0,0,1
0,1,1
0,1,1
0,0,0
0,0,0
0,0,1
0,0,1
0,1,1
0,0,1
0,0,0
0,1,1
0,0,0
0,1,1
0,0,1
0,0,1
0,1,1
0,0,1
0,0,0
0,0,1
0,1,1
0,1,1
0,0,0
0,1,1
0,1,1
0,1,1
0,0,0
0,1,1
0,0,1
0,1,1
0,1,1
0,0,1
0,1,1
0,1,1
0,0,0
0,0,0
0,1,1
0,1,1
0,1,1
0,0,0
0,1,1
0,1,1
0,1,1
0,1,1
0,1,1
0,0,0
0,1,1
0,0,1
0,0,0
0,1,1
0,1,1
0,1,1
0,1,1
0,1,1
0,0,1
0,0,0
0,0,1
0,1,1
0,1,1
0,0,0
0,1,1
0,1,1
0,1,1
0,1,1
0,0.883563,1
0,1,1
0,0,0
0,1,1
0,1,1
0,0,0
0,1,1
0,0,1
0,0,0
0,1,1
0,0,1
0,0,1
0,0,0
0,0,0
0,0,1
0,0.776728,1
0,1,1
0,0,0
0,0,0
0,0,1
0,0,1
0,0,0
0,1,1
0,0,0
0,1,1
0,1,1
0,0,0
0,0,1
0,1,1
0,0,0
0,1,1
0,1,1
0,0,0
0,0,0
0,0,0
0,1,1
0,1,1
0,1,1
0,1,1
0,1,1
0,0,1
0,0,0
0,0,0
0,1,1
0,0,0
0,0,0
0,0,0
0,1,1
0,1,1
0,1,1
0,1,1
0,0,0
0,1,1
0,1,1
0,0,1
0,0,0
0,0,0
0,0,1
0,0,1
0,0,0
0,1,1
0,1,1
0,1,1
0,1,1
0,0,0
0,0,0
0,1,1
0,1,1
0,1,1
0,0,1
0,0,0
0,0,0
0,1,1
0,1,1
0,0,0
0,0,1
0,1,1
0,0,1
0,1,1
0,0,1
0,1,1
0,1,1
0,1,1
0,0,0
0,0,1
0,0,1
0,0,1
0,0,1
0,0,0
0,0,0
0,0,1
0,0,1
0,0,1
0,0,0
0,1,1
0,0,0
0,0.8588055,1
0,0,0
0,0,0
0,1,1
0,1,1
0,1,1
0,1,1
0,0,0
0,0,1
0,0,0
0,0,0
0,0,0
0,1,1
0,1,1
0,1,1
0,1,1
0,1,1
0,0,1
0,1,1
0,1,1
0,0,1
0,1,1
0,0,0
0,0,1
0,0,1
0,1,1
0,0,1
0,1,1
0,1,1
0,1,1
0,0,0
0,0,1
0,1,1
0,1,1
0,1,1
0,0,0
0,0,0
0,1,1
0,0,1
0,1,1
0,1,1
0,0,1
0,1,1
0,1,1
0,1,1
0,0,1
0,0.8645939,1
0,1,1
0,1,1
0,0,1
0,1,1
0,0,0
0,0,0
0,1,1
0,0,1
0,1,1
0,1,1
0,0,0
0,1,1
0,0,0
0,1,1
0,0,0
0,0,0
0,1,1
0,0.7106514,1
0,1,1
0,0,0
0,1,1
0,0.8587683,1
0,0,1
0,1,1
0,1,1
0,1,1
0,1,1
0,0,0
0,1,1
0,1,1
0,0,0
0,0,1
0,1,1
0,1,1
0,0,0
0,1,1
0,0.806792,1
0,1,1
0,1,1
0,0,1
0,1,1
0,0,0
0,0,0
0,1,1
0,0,0
0,1,1
0,1,1
0,1,1
0,1,1
0,1,1
0,1,1
0,1,1
0,0,0
0,0,1
0,1,1
0,1,1
0,0,0
0,1,1
0,0,0
0,1,1
0,0,1
0,0,0
0,0,0
0,1,1
0,0,0
0,0,0
0,1,1
0,0,0
0,0,0
0,0,1
0,1,1
0,0,0
0,1,1
0,0,0
0,1,1
0,1,1
0,1,1
0,0,0
0,1,1
0,0,0
0,0,0
0,0,0
0,1,1
0,0,0
0,0,0
0,0,1
0,0,1
0,1,1
0,1,1
0,0,0
0,1,1
0,1,1
0,0.7069234,1
0,0,0
0,1,1
0,0,1
0,0,1
0,1,1
0,1,1
0,1,1
0,0,0
0,1,1
0,1,1
0,0,0
0,1,1
0,0,0
0,0,1
0,1,1
0,1,1
0,0,0
0,1,1
0,1,1
0,0,0
0,1,1
0,0,1
0,0,0
0,1,1
0,1,1
0,1,1
0,1,1
0,0,0
0,1,1
0,0,0
0,1,1
0,1,1
0,0,0
0,1,1
0,1,1
0,0,0
0,0,0
0,0,1
0,0,1
0,0,1
0,1,1
0,0,0
0,1,1
0,1,1
0,1,1
0,1,1
0,0,0
0,1,1
0,0,0
0,1,1
0,1,1
0,1,1
0,1,1
0,0,1
0,0,1
0,1,1
0,1,1
0,1,1
0,0,0
0,1,1
0,1,1
0,1,1
0,1,1
0,1,1
0,0,1
0,1,1
0,1,1
0,1,1
0,0,1
0,0,1
0,0,1
0,1,1
0,0,1
0,1,1
0,0,1
0,0,0
0,0,0
0,1,1
0,1,1
0,1,1
0,1,1
0,0,0
0,1,1
0,1,1
0,0,0
0,0,0
0,1,1
0,1,1
0,0,0
0,0,0
0,1,1
0,0,1
0,0,0
0,1,1
0,1,1
0,0,1
0,1,1
0,1,1
0,0,0
0,0,1
0,1,1
0,0,1
0,1,1
0,1,1
0,1,1
0,0,0
0,1,1
0,1,1
0,0,0
0,1,1
0,0,1
0,1,1
0,0,0
0,1,1
0,0,0
0,0,0
0,0,0
0,1,1
0,0,1
0,0,0
0,0.7138295,1
0,0,0
0,0,1
0,0,0
0,0.8565935,1
0,0,0
0,0,0
0,0,0
0,0,1
0,1,1
0,1,1
0,0,1
0,1,1
0,0,0
0,0,1
0,1,1
0,1,1
0,1,1
0,0,0
0,0.7280436,1
0,1,1
0,1,1
0,0,1
0,1,1
0,1,1
0,0,1
0,1,1
0,1,1
0,1,1
0,0,0
0,1,1
0,0,1
0,1,1
0,0,0
0,0,0
0,0.8569024,1
0,1,1
0,0.865981,1
0,1,1
0,1,1
0,1,1
0,1,1
0,0,1
0,0,0
0,0,0
0,0,0
0,1,1
0,1,1
0,1,1
0,0,1
0,1,1
0,1,1
0,1,1
0,1,1
0,1,1
0,0,0
0,1,1
0,0,1
0,0,0
0,1,1
0,0,1
0,1,1
0,1,1
0,1,1
0,0.8583819,1
0,1,1
0,1,1
0,1,1
0,1,1
0,1,1
0,1,1
0,0,1
0,0,1
0,0,0
0,1,1
0,1,1
0,0,0
0,1,1
0,1,1
0,1,1
0,0,1
0,0,0
0,1,1
0,0,1
0,1,1
0,0,0
0,1,1
0,1,1
0,1,1
0,1,1
0,1,1
0,1,1
0,1,1
0,0,0
0,1,1
0,0,1
0,1,1
0,0,0
0,0,0
0,0,1
0,0,0
0,0,0
0,1,1
0,1,1
0,0,0
0,0,1
0,0,0
0,0,1
0,1,1
0,1,1
0,1,1
0,0,1
0,0,0
0,0,1
0,0,0
0,0,1
0,1,1
0,0,0
0,0,0
0,0,0
0,1,1
0,0,0
0,0,0
0,1,1
0,0,0
0,1,1
0,0,0
0,0.8634132,1
0,0,0
0,1,1
0,1,1
0,0,0
0,1,1
0,1,1
0,0.8576182,1
0,1,1
0,1,1
0,0,0
0,0,0
0,0,0
0,0,0
0,1,1
0,0,0
0,1,1
0,0,0
0,1,1
0,0,0
0,0,1
0,0,0
0,1,1
0,0,0
0,0,0
0,0,0
0,0,0
0,0,1
0,0,0
0,0,0
0,0.8549201,1
0,1,1
0,1,1
0,1,1
0,1,1
0,0.8600444,1
0,0,0
0,0,0
0,0,0
0,0,1
0,1,1
0,0,1
0,1,1
0,0,1
0,0,0
0,1,1
0,1,1
0,0,0
0,1,1
0,0,0
0,0,0
0,1,1
0,1,1
0,0,1
0,0,0
0,0,0
0,1,1
0,1,1
0,1,1
0,0.7121371,1
0,0,1
0,1,1
0,0,1
0,0,1
0,1,1
0,1,1
0,1,1
0,0.8599229,1
0,0,0
0,1,1
0,1,1
0,0,0
0,1,1
0,1,1
0,1,1
0,0,0
0,1,1
0,0,0
0,1,1
0,1,1
0,0,1
0,1,1
0,1,1
0,1,1
0,0,0
0,1,1
0,0,0
0,1,1
0,1,1
0,1,1
0,1,1
0,1,1
0,1,1
0,1,1
0,1,1
0,1,1
0,1,1
0,0.8271604,1
0,0,1
0,1,1
0,1,1
0,0,0
0,1,1
0,1,1
0,0,1
0,1,1
0,0,1
0,1,1
0,1,1
0,0,1
0,0,1
0,0,1
0,1,1
0,0,1
0,1,1
0,1,1
0,0,0
0,0,1
0,1,1
0,0,0
0,1,1
0,0,0
0,1,1
0,0,0
0,0,1
0,1,1
0,1,1
0,1,1
0,0,1
0,0.7278475,1
0,0,1
0,0,0
0,1,1
0,0.8764955,1
0,1,1
0,0,0
0,0,0
0,1,1
0,0,0
0,1,1
0,0,0
0,1,1
0,1,1
0,1,1
0,0,0
0,0,0
0,0,0
0,0,0
0,0,0
0,1,1
0,0,1
0,0,1
0,0,0
0,0,0
0,1,1
0,0,0
0,0,0
0,1,1
0,0,1
0,1,1
0,1,1
0,1,1
0,1,1
0,1,1
0,0,0
0,1,1
0,0,1
0,0,0
0,0,0
0,0,1
0,0,0
0,0,0
0,0,0
0,1,1
0,0,1
0,0,0
0,1,1
0,1,1
0,0,0
0,0,0
0,0,0
0,1,1
0,0,0
0,1,1
0,1,1
0,0,0
0,0,1
0,0,1
0,1,1
0,1,1
0,0,1
0,0,1
0,0,0
0,1,1
0,1,1
0,1,1
0,0,1
0,0,1
0,0,0
0,1,1
0,1,1
0,1,1
0,0,1
0,1,1
0,0,0
0,0.8986102,1
0,0.8150187,1
0,1,1
0,1,1
0,1,1
0,0,0
0,1,1
0,0,0
0,0.8624297,1
0,1,1
0,1,1
0,0,0
0,0,0
0,0,0
0,0,1
0,0,1
0,0,1
0,0,0
0,0,0
0,0,0
0,1,1
0,0,1
0,1,1
0,1,1
0,1,1
0,1,1
0,0,1
0,1,1
0,0,1
0,0,0
0,1,1
0,0,0
0,1,1
0,0,1
0,0,0
0,1,1
0,1,1
0,0.8618172,1
0,0,1
0,1,1
0,1,1
0,1,1
0,1,1
0,1,1
0,1,1
0,1,1
0,1,1
0,0,1
0,1,1
0,1,1
0,1,1
0,0,0
0,1,1
0,1,1
0,0,0
0,1,1
0,1,1
0,0,1
0,1,1
0,0,0
0,0,0
0,1,1
0,0,1
0,0,1
0,1,1
0,1,1
0,0,0
0,0,0
0,0,0
0,1,1
0,1,1
0,0,0
0,0,1
0,1,1
0,0,0
0,0,0
0,1,1
0,1,1
0,0,0
0,1,1
0,1,1
0,1,1
0,1,1
0,1,1
0,0,1
0,1,1
0,1,1
0,0,0
0,0,0
0,0,0
0,0,0
0,1,1
0,0,0
0,0,0
0,0,0
0,1,1
0,1,1
0,0.8524688,1
0,0,0
0,0,0
0,0,0
0,1,1
0,0,0
0,1,1
0,0,0
0,1,1
0,0,0
0,0,1
0,0,0
0,1,1
0,1,1
0,1,1
0,0,1
0,0,0
0,0,0
0,1,1
0,0,0
0,0,1
0,1,1
0,1,1
0,1,1
0,1,1
0,0,0
0,1,1
0,0,1
0,0,0
0,1,1
0,0,0
0,0,0
0,0,0
0,0,0
0,1,1
0,1,1
0,0,1
0,0,1
0,0,1
0,0,0
0,0,1
0,1,1
0,1,1
0,0,1
0,0,0
0,0,1
0,0,1
0,0,0
0,0,1
0,1,1
0,0,0
0,1,1
0,0,1
0,0,0
0,0,1
0,1,1
0,0,1
0,0,1
0,1,1
0,0,1
0,0,0
0,1,1
0,0,1
0,1,1
0,1,1
0,0,1
0,1,1
0,0,1
0,1,1
0,1,1
0,0,1
0,0,1
0,1,1
0,1,1
0,1,1
0,1,1
0,1,1
0,0,0
0,1,1
0,0,1
0,0,1
0,0,1
0,1,1
0,1,1
0,1,1
0,0,1
0,1,1
0,1,1
0,1,1
0,0,1
0,1,1
0,1,1
0,0,1
0,1,1
0,0,1
0,1,1
0,1,1
0,0,1
0,0,1
0,1,1
0,1,1
0,0,0
0,0,1
0,1,1
0,0,0
0,1,1
0,0,1
0,1,1
0,1,1
0,1,1
0,0,0
0,1,1
0,0,0
0,1,1
0,0,0
0,0,1
0,0,0
0,0,0
0,1,1
0,1,1
0,1,1
0,1,1
0,0,1
0,1,1
0,0,0
0,0,0
0,0,0
0,1,1
0,1,1
0,0,0
0,1,1
0,0,1
0,1,1
0,0,0
0,0,1
0,1,1
0,1,1
0,0,1
0,1,1
0,1,1
0,0,1
0,0,0
0,0,0
0,0,0
0,1,1
0,0,1
0,1,1
0,1,1
0,1,1
0,1,1
0,0,0
0,1,1
0,0,1
0,0,0
0,1,1
0,0,0
0,0,0
0,0,1
0,1,1
0,0,0
0,0,0
0,1,1
0,0.8596288,1
0,0,0
0,0,0
0,1,1
0,0,1
0,0,0
0,0,0
0,1,1
0,0.7717024,1
0,1,1
0,1,1
0,1,1
0,0,1
0,0,0
0,1,1
0,0,0
0,1,1
0,1,1
0,1,1
0,0,0
0,0,1
0,0,1
0,1,1
0,0,0
0,0,1
0,1,1
0,0,0
0,0.7636422,1
0,0,0
0,1,1
0,0,0
0,1,1
0,1,1
0,1,1
0,1,1
0,0,0
0,1,1
0,1,1
0,1,1
0,1,1
0,1,1
0,1,1
0,0,0
0,0,1
0,1,1
0,0,1
0,1,1
0,0,0
0,1,1
0,0,0
0,0,0
0,1,1
0,1,1
0,1,1
0,1,1
0,1,1
0,1,1
0,0,0
0,1,1
0,1,1
0,0,1
0,1,1
0,1,1
0,1,1
0,0,0
0,0,1
0,1,1
0,1,1
0,0,1
0,1,1
0,0.8680798,1
0,1,1
0,0,0
0,1,1
0,0,1
0,1,1
0,1,1
0,1,1
0,0,0
0,1,1
0,0,1
0,1,1
0,1,1
0,1,1
0,1,1
0,1,1
0,1,1
0,1,1
0,1,1
0,0,1
0,1,1
0,1,1
0,1,1
0,0,1
0,1,1
0,0,0
0,1,1
0,1,1
0,1,1
0,1,1
0,1,1
0,1,1
0,1,1
0,0,1
0,0,0
0,1,1
0,1,1
0,1,1
0,0,1
0,1,1
0,1,1
0,0,0
0,1,1
0,1,1
0,0,1
0,1,1
0,1,1
0,0,0
0,1,1
0,1,1
0,0.7068838,1
0,1,1
0,1,1
0,1,1
0,1,1
0,0,0
0,1,1
0,1,1
0,1,1
0,0,0
0,1,1
0,0,1
0,1,1
0,1,1
0,1,1
0,0,0
0,0,1
0,0,0
0,1,1
0,0,0
0,0,0
0,1,1
0,1,1
0,0,1
0,0,0
0,0,0
0,1,1
0,0,0
0,0,0
0,0,0
0,1,1
0,0,0
0,0,0
0,1,1
0,0,0
0,1,1
0,0,0
0,0.8630432,1
0,0,0
0,0,0
0,1,1
0,0,0
0,1,1
0,1,1
0,1,1
0,0,0
0,1,1
0,0,1
0,1,1
0,0,1
0,1,1
0,0.7972928,1
0,0,0
0,0,1
0,1,1
0,0,1
0,1,1
0,1,1
0,1,1
0,0,0
0,0,1
0,0,0
0,1,1
0,1,1
0,1,1
0,0,0
0,0,1
0,1,1
0,0,1
0,0,0
0,1,1
0,1,1
0,0,1
0,1,1
0,1,1
0,1,1
0,0,1
0,0,0
0,0,1
0,1,1
0,1,1
0,0,0
0,1,1
0,1,1
0,1,1
0,1,1
0,0,1
0,0,1
0,1,1
0,0,1
0,1,1
0,1,1
0,0,1
0,1,1
0,1,1
0,0,1
0,1,1
0,1,1
0,0,0
0,1,1
0,1,1
0,1,1
0,1,1
0,0,1
0,1,1
0,1,1
0,0,1
0,0,1
0,1,1
0,1,1
0,1,1
0,0,1
0,1,1
0,1,1
0,1,1
0,1,1
0,1,1
0,1,1
0,1,1
0,0,0
0,1,1
0,1,1
0,1,1
0,0,1
0,1,1
0,1,1
0,0,0
0,1,1
0,0,0
0,1,1
0,1,1
0,1,1
0,0,0
0,0,0
0,0,1
0,1,1
0,1,1
0,0,0
0,1,1
0,0,0
0,1,1
0,0,0
0,0,0
0,0,0
0,1,1
0,1,1
0,1,1
0,1,1
0,0,0
0,1,1
0,0,0
0,1,1
0,0,0
0,0,0
0,0,0
0,1,1
0,0,0
0,1,1
0,1,1
0,0,0
0,0,0
0,1,1
0,1,1
0,0,0
0,0,0
0,1,1
0,1,1
0,0,0
0,0,1
0,1,1
0,0,1
0,0,0
0,0,0
0,0,0
0,0,0
0,1,1
0,1,1
0,0,1
0,1,1
0,0,0
0,1,1
0,0,0
0,1,1
0,0,0
0,1,1
0,0,0
0,1,1
0,0,0
0,1,1
0,0,1
0,0,0
0,1,1
0,1,1
0,1,1
0,1,1
0,1,1
0,1,1
0,0,0
0,0,1
0,0.859666,1
0,1,1
0,0,0
0,1,1
0,0.860345,1
0,0,0
0,1,1
0,0,0
0,0.8582876,1
0,1,1
0,1,1
0,0.8590568,1
0,0,0
0,0,0
0,0,1
0,0,1
0,1,1
0,0,0
0,1,1
0,1,1
0,0.8700032,1
0,0,0
0,1,1
0,0,1
0,1,1
0,1,1
0,0,1
0,0,0
0,1,1
0,0.7512629,1
0,0,1
0,0,0
0,0,1
0,1,1
0,1,1
0,0,1
0,0,1
0,1,1
0,1,1
0,0,1
0,0,0
0,1,1
0,1,1
0,0,0
0,1,1
0,0,1
0,1,1
0,1,1
0,0,0
0,1,1
0,1,1
0,0,1
0,1,1
0,0,1
0,1,1
0,1,1
0,0,1
0,0,1
0,0,1
0,0,1
0,1,1
0,1,1
0,0,0
0,0,1
0,1,1
0,0,0
0,1,1
0,1,1
0,0,1
0,1,1
0,1,1
0,1,1
0,1,1
0,0,0
0,1,1
0,1,1
0,1,1
0,1,1
0,1,1
0,1,1
0,1,1
0,0,0
0,1,1
0,1,1
0,0,0
0,0,1
0,1,1
0,0,0
0,1,1
0,1,1
0,0,0
0,1,1
0,1,1
0,0.8686399,1
0,1,1
0,1,1
0,1,1
0,1,1
0,1,1
0,1,1
0,0,0
0,0,1
0,1,1
0,1,1
0,1,1
0,0,0
0,0,0
0,1,1
0,0,0
0,1,1
0,0,0
0,1,1
0,0,0
0,0,1
0,1,1
0,0,0
0,0,1
0,1,1
0,0,0
0,0,0
0,1,1
0,0,0
0,1,1
0,0,0
0,0,0
0,1,1
0,1,1
0,0,0
0,1,1
0,0,1
0,0,0
0,0,1
0,0,0
0,0,0
0,0,0
0,0,0
0,0,0
0,0,0
0,1,1
0,0,1
0,1,1
0,0,0
0,0,1
0,0,0
0,1,1
0,1,1
0,1,1
0,0,1
0,0,1
0,1,1
0,1,1
0,1,1
0,1,1
0,0,1
0,0,0
0,1,1
0,0,0
0,0,0
0,0,0
0,1,1
0,1,1
0,1,1
0,0,0
0,1,1
0,0,0
0,0,0
0,0,1
0,1,1
0,0,1
0,0,1
0,0,1
0,0,0
0,1,1
0,1,1
0,0,1
0,0,1
0,1,1
0,1,1
0,1,1
0,0,0
0,1,1
0,0,0
0,1,1
0,1,1
0,0,0
0,1,1
0,0,0
0,1,1
0,0.834613,1
0,0,0
0,0,0
0,1,1
0,0,1
0,1,1
0,1,1
0,1,1
0,0,1
0,1,1
0,1,1
0,0,1
0,1,1
0,1,1
0,1,1
0,1,1
0,1,1
0,0,1
0,1,1
0,1,1
0,1,1
0,0,1
0,0,0
0,1,1
0,1,1
0,1,1
0,0,1
0,0,1
0,1,1
0,1,1
0,0,0
0,1,1
0,1,1
0,0,0
0,1,1
0,0,0
0,1,1
0,1,1
0,0,1
0,1,1
0,1,1
0,1,1
0,0,1
0,0,0
0,0,0
0,1,1
0,1,1
0,1,1
0,0,0
0,1,1
0,1,1
0,1,1
0,0,0
0,1,1
0,1,1
0,1,1
0,0,0
0,0,1
0,1,1
0,1,1
0,1,1
0,1,1
0,0,0
0,1,1
0,1,1
0,1,1
0,0,1
0,1,1
0,1,1
0,0,1
0,1,1
0,1,1
0,1,1
0,0,1
0,0,1
0,0,0
0,0,0
0,0,0
0,1,1
0,0,0
0,1,1
0,1,1
0,1,1
0,1,1
0,0,0
0,0,0
0,0,0
0,1,1
0,0.8788599,1
0,0,0
0,0,1
0,1,1
0,0,0
0,1,1
0,1,1
0,0,1
0,0,0
0,0,0
0,1,1
0,0,1
0,1,1
0,0,0
0,0,0
0,0,1
0,0,1
0,0,0
0,1,1
0,0,1
0,0,0
0,0,0
0,0,0
0,0.8265239,1
0,1,1
0,0,0
0,0,0
0,0,1
0,0,0
0,0,0
0,0,1
0,0,1
0,0,0
0,1,1
0,1,1
0,0,1
0,1,1
0,0,1
0,1,1
0,1,1
0,0,0
0,0,1
0,1,1
0,0,0
0,1,1
0,0,0
0,0,1
0,1,1
0,1,1
0,0,1
0,0,1
0,0,0
0,1,1
0,1,1
0,1,1
0,1,1
0,1,1
0,0,0
0,0,1
0,0,0
0,1,1
0,1,1
0,1,1
0,1,1
0,1,1
0,1,1
0,0,0
0,0,1
0,1,1
0,0,1
0,1,1
0,1,1
0,0,1
0,1,1
0,0,0
0,0,0
0,0.8537542,1
0,0,1
0,1,1
0,1,1
0,1,1
0,0,0
0,1,1
0,1,1
0,0,0
0,1,1
0,0,1
0,1,1
0,1,1
0,0,1
0,0,1
0,0,1
0,1,1
0,0,1
0,1,1
0,1,1
0,1,1
0,1,1
0,0,0
0,0,0
0,0,1
0,1,1
0,1,1
0,0,0
0,0,0
0,1,1
0,1,1
0,1,1
0,1,1
0,0,1
0,0,1
0,1,1
0,0,0
0,1,1
0,1,1
0,0,0
0,1,1
0,0,1
0,1,1
0,1,1
0,0,1
0,1,1
0,0,1
0,0,0
0,1,1
0,0,1
0,0,0
0,0,0
0,0,0
0,0,0
0,0,0
0,0,0
0,0,0
0,1,1
0,1,1
0,1,1
0,0,1
0,1,1
0,1,1
0,1,1
0,0,1
0,0,0
0,0,0
0,1,1
0,1,1
0,1,1
0,0,0
0,0,1
0,0,0
0,1,1
0,0,0
0,1,1
0,0,0
0,0,0
0,0,1
0,1,1
0,0,1
0,1,1
0,1,1
0,1,1
0,0,1
0,0.8643869,1
0,0,1
0,1,1
0,1,1
0,1,1
0,1,1
0,0,0
0,0,1
0,0,0
0,0,0
0,0,1
0,0,0
0,0,0
0,1,1
0,1,1
0,0.8585113,1
0,0,0
0,1,1
0,1,1
0,0.7070059,1
0,0,1
0,1,1
0,0,1
0,1,1
0,1,1
0,1,1
0,1,1
0,1,1
0,1,1
0,0,1
0,1,1
0,1,1
0,0,0
0,1,1
0,0,1
0,1,1
0,1,1
0,0,1
0,1,1
0,1,1
0,0,1
0,1,1
0,1,1
0,0,0
0,1,1
0,0,1
0,1,1
0,1,1
0,0,1
0,0,0
0,1,1
0,1,1
0,0,0
0,0,0
0,0.8625854,1
0,1,1
0,1,1
0,0,1
0,1,1
0,1,1
0,1,1
0,1,1
0,1,1
0,1,1
0,0,0
0,1,1
0,1,1
0,1,1
0,1,1
0,1,1
0,1,1
0,0,1
0,1,1
0,0,1
0,1,1
0,1,1
0,1,1
0,1,1
0,1,1
0,0,0
0,0,1
0,1,1
0,0,0
0,0,1
0,1,1
0,0,0
0,0,0
0,1,1
0,0,0
0,0,0
0,1,1
0,1,1
0,0,1
0,0,1
0,1,1
0,1,1
0,1,1
0,0,1
0,1,1
0,0,0
0,0,0
0,1,1
0,0,0
0,1,1
0,0,1
0,1,1
0,0,1
0,0,1
0,0,1
0,0,1
0,0,1
0,1,1
0,0,0
0,0,1
0,0,0
0,0,0
0,1,1
0,0,1
0,0,0
0,0,1
0,1,1
0,1,1
0,1,1
0,0.8590831,1
0,0,1
0,1,1
0,0,0
0,0,1
0,0,1
0,0,1
0,0,0
0,1,1
0,1,1
0,0,0
0,0,0
0,1,1
0,1,1
0,0,1
0,1,1
0,0.8613343,1
0,1,1
0,0,0
0,1,1
0,1,1
0,1,1
0,0,0
0,1,1
0,0.8639427,1
0,0,0
0,0,0
0,1,1
0,0,0
0,1,1
0,1,1
0,1,1
0,0,0
0,0,0
0,0,0
0,1,1
0,0,0
0,1,1
0,1,1
0,1,1
0,0,1
0,0,1
0,0.8028004,1
0,1,1
0,0,0
0,0,0
0,0,1
0,0,1
0,1,1
0,1,1
0,0,0
0,0,0
0,1,1
0,1,1
0,0,1
0,1,1
0,0,0
0,1,1
0,1,1
0,1,1
0,0.8643719,1
0,1,1
0,1,1
0,1,1
0,0,1
0,1,1
0,1,1
0,0,0
0,1,1
0,0,1
0,0,1
0,0,1
0,1,1
0,0,0
0,1,1
0,1,1
0,0,0
0,1,1
0,1,1
0,1,1
0,0,1
0,0,1
0,1,1
0,1,1
0,0,0
0,1,1
0,0,1
0,1,1
0,1,1
0,1,1
0,1,1
0,0,0
0,0.7204159,1
0,1,1
0,0,1
0,0.8706604,1
0,1,1
0,1,1
0,1,1
0,1,1
0,0,1
0,1,1
0,1,1
0,1,1
0,0,1
0,0,1
0,1,1
0,0.7454575,1
0,1,1
0,1,1
0,1,1
0,1,1
0,1,1
0,1,1
0,0,0
0,1,1
0,1,1
0,1,1
0,0,0
0,0,0
0,1,1
0,0,1
0,1,1
0,0.8674785,1
0,1,1
0,1,1
0,1,1
0,1,1
0,1,1
0,0,0
0,0,1
0,0,1
0,1,1
0,1,1
0,0,1
0,0,1
0,1,1
0,1,1
0,1,1
0,0,0
0,0,0
0,0,1
0,1,1
0,1,1
0,0,0
0,1,1
0,1,1
0,1,1
0,0,0
0,0,0
0,0,1
0,0,0
0,1,1
0,0.8607566,1
0,0,0
0,0,0
0,0,0
0,1,1
0,1,1
0,0.8612887,1
0,0.8175372,1
0,1,1
0,1,1
0,1,1
0,0,0
0,0,0
0,0,0
0,1,1
0,0,1
0,0,0
0,0,0
0,0,0
0,0,0
0,0,1
0,0,1
0,0.8662232,1
0,1,1
0,1,1
0,0,0
0,0.8602592,1
0,0,0
0,1,1
0,0,0
0,1,1
0,0,1
0,0,0
0,1,1
0,0,0
0,0,0
0,1,1
0,0,0
0,1,1
0,0,0
0,0,1
0,1,1
0,0,0
0,1,1
0,1,1
0,0,0
0,1,1
0,1,1
0,0,1
0,1,1
0,0,0
0,0,0
0,1,1
0,1,1
0,0,0
0,1,1
0,1,1
0,1,1
0,0,0
0,0,0
0,0,1
0,1,1
0,1,1
0,1,1
0,1,1
0,1,1
0,0,1
0,1,1
0,1,1
0,1,1
0,1,1
0,1,1
0,0,0
0,1,1
0,0,1
0,1,1
0,0,0
0,1,1
0,1,1
0,0,0
0,0,1
0,0,1
0,1,1
0,1,1
0,0,1
0,1,1
0,1,1
0,0,1
0,1,1
0,1,1
0,1,1
0,0,0
0,1,1
0,1,1
0,1,1
0,0,1
0,0,1
0,1,1
0,1,1
0,1,1
0,1,1
0,0,1
0,0,1
0,1,1
0,1,1
0,1,1
0,0,0
0,0,0
0,0,1
0,0,0
0,1,1
0,1,1
0,1,1
0,1,1
0,0,0
0,1,1
0,1,1
0,1,1
0,0,0
0,0,1
0,0,1
0,0,0
0,0,0
0,0,0
0,1,1
0,0,0
0,1,1
0,0,0
0,1,1
0,1,1
0,1,1
0,0,0
0,0,0
0,1,1
0,0,0
0,0,1
0,1,1
0,0,0
0,1,1
0,0,0
0,0,1
0,0,1
0,1,1
0,1,1
0,0,0
0,1,1
0,0,0
0,0,1
0,0,0
0,0,1
0,1,1
0,1,1
0,0,0
0,0,0
0,1,1
0,1,1
0,1,1
0,1,1
0,0,1
0,0,0
0,0,1
0,0,1
0,1,1
0,1,1
0,0,1
0,1,1
0,1,1
0,0,0
0,0,1
0,0,0
0,0,0
0,1,1
0,1,1
0,0,0
0,1,1
0,0.8668687,1
0,0,0
0,0,0
0,0,1
0,0,1
0,0,0
0,1,1
0,0,0
0,0,1
0,1,1
0,0,0
0,1,1
0,0,1
0,0,1
0,1,1
0,1,1
0,0,0
0,1,1
0,0,0
0,0,0
0,0,1
0,0,1
0,0,1
0,0,1
0,1,1
0,1,1
0,1,1
0,1,1
0,1,1
0,1,1
0,1,1
0,0,1
0,1,1
0,1,1
0,0,1
0,0,1
0,1,1
0,0,0
0,1,1
0,0,1
0,1,1
0,1,1
0,0,1
0,1,1
0,1,1
0,1,1
0,0,0
0,0.8468008,1
0,0,0
0,1,1
0,0,0
0,1,1
0,1,1
0,0,1
0,1,1
0,1,1
0,1,1
0,0,1
0,0,0
0,1,1
0,1,1
0,1,1
0,1,1
0,1,1
0,0,1
0,1,1
0,1,1
0,1,1
0,1,1
0,1,1
0,1,1
0,1,1
0,1,1
0,1,1
0,1,1
0,0,0
0,1,1
0,0,0
0,1,1
0,1,1
0,1,1
0,0,0
0,1,1
0,1,1
0,1,1
0,1,1
0,1,1
0,1,1
0,0,0
0,1,1
0,0.8523265,1
0,1,1
0,0,0
0,0,0
0,1,1
0,1,1
0,0,0
0,0,0
0,1,1
0,0,0
0,0,1
0,1,1
0,1,1
0,1,1
0,0,0
0,0,0
0,1,1
0,0,0
0,0,0
0,0,1
0,1,1
0,1,1
0,1,1
0,0,1
0,0,0
0,1,1
0,1,1
0,0,1
0,0,0
0,0,0
0,0,1
0,1,1
0,1,1
0,0,0
0,1,1
0,1,1
0,0,0
0,0,0
0,1,1
0,0,0
0,1,1
0,1,1
0,0,0
0,1,1
0,1,1
0,1,1
0,0,1
0,1,1
0,1,1
0,1,1
0,1,1
0,1,1
0,1,1
0,1,1
0,1,1
0,0,0
0,0.9182012,1
0,0,0
0,1,1
0,1,1
0,1,1
0,1,1
0,1,1
0,1,1
0,0,1
0,0,1
0,1,1
0,0,0
0,1,1
0,0,0
0,0,1
0,0,0
0,1,1
0,1,1
0,0,0
0,1,1
0,0,1
0,0,0
0,0,0
0,0,0
0,1,1
0,1,1
0,1,1
0,1,1
0,1,1
0,0,0
0,0,0
0,1,1
0,0,0
0,0,0
0,0,0
0,0,1
0,0,0
0,0,1
0,1,1
0,0,1
0,0,0
0,0,0
0,0,1
0,1,1
0,1,1
0,1,1
0,0,1
0,1,1
0,0,0
0,0,0
0,1,1
0,1,1
0,0,1
0,0,1
0,1,1
0,0,0
0,0,1
0,1,1
0,1,1
0,0,0
0,1,1
0,0,1
0,0,1
0,0,0
0,1,1
0,0,1
0,1,1
0,0,1
0,1,1
0,1,1
0,1,1
0,1,1
0,1,1
0,1,1
0,1,1
0,0,0
0,1,1
0,1,1
0,1,1
0,1,1
0,1,1
0,1,1
0,1,1
0,0,1
0,1,1
0,1,1
0,0,1
0,1,1
0,1,1
0,1,1
0,1,1
0,0,0
0,1,1
0,0,0
0,1,1
0,0,0
0,1,1
0,1,1
0,1,1
0,0,0
0,1,1
0,0.8633248,1
0,0,0
0,0,0
0,1,1
0,1,1
0,0,0
0,0,1
0,0.9127067,1
0,0,0
0,0,0
0,1,1
0,0,0
0,1,1
0,0,1
0,0,0
0,0,1
0,1,1
0,1,1
0,1,1
0,0.7095302,1
0,0,0
0,1,1
0,1,1
0,0,0
0,0,0
0,0,0
0,1,1
0,1,1
0,0,0
0,1,1
0,1,1
0,0,0
0,0,1
0,0,0
0,1,1
0,0,1
0,1,1
0,0,1
0,1,1
0,1,1
0,1,1
0,0,0
0,1,1
0,1,1
0,1,1
0,0,1
0,0,1
0,1,1
0,1,1
0,1,1
0,0,0
0,0,0
0,0,1
0,0,0
0,0,0
0,0,1
0,0,0
0,0,0
0,1,1
0,0,1
0,1,1
0,0,1
0,0,1
0,1,1
0,0,1
0,0,1
0,1,1
0,1,1
0,0,1
0,0,1
0,1,1
0,1,1
0,0,0
0,0,0
0,0,0
0,0,0
0,0,1
0,1,1
0,1,1
0,0,1
0,1,1
0,0.8568059,1
0,1,1
0,0,1
0,1,1
0,0,0
0,1,1
0,1,1
0,1,1
0,0,1
0,1,1
0,0.752916,1
0,0,0
0,1,1
0,0,0
0,1,1
0,0.8418258,1
0,0.7212645,1
0,1,1
0,0,1
0,1,1
0,1,1
0,0.8708791,1
0,1,1
0,0,1
0,1,1
0,1,1
0,1,1
0,0,0
0,1,1
0,1,1
0,0.8612508,1
0,0,1
0,1,1
0,1,1
0,0,1
0,1,1
0,1,1
0,1,1
0,1,1
0,1,1
0,1,1
0,1,1
0,1,1
0,0,1
0,0,0
0,1,1
0,1,1
0,1,1
0,1,1
0,1,1
0,1,1
0,1,1
0,1,1
0,1,1
0,1,1
0,1,1
0,0,1
0,1,1
0,0,1
0,1,1
0,0.8668457,1
0,1,1
0,1,1
0,0,0
0,0,0
0,0,0
0,0,0
0,0,0
0,0,0
0,0,0
0,1,1
0,1,1
0,0,0
0,1,1
0,1,1
0,1,1
0,1,1
0,1,1
0,1,1
0,0,0
0,0,0
0,0,1
0,0,1
0,0,0
0,0,0
0,1,1
0,0,0
0,1,1
0,1,1
0,0,0
0,1,1
0,0,0
0,1,1
0,1,1
0,0,1
0,1,1
0,1,1
0,0,0
0,0,0
0,1,1
0,1,1
0,1,1
0,0,0
0,0,0
0,0,1
0,1,1
0,1,1
0,0,1
0,1,1
0,0,0
0,1,1
0,1,1
0,0,1
0,1,1
0,0,0
0,1,1
0,1,1
0,0,1
0,0,1
0,1,1
0,0,1
0,1,1
0,1,1
0,0,1
0,1,1
0,1,1
0,0,0
0,0,1
0,1,1
0,1,1
0,1,1
0,0,1
0,1,1
0,0,1
0,1,1
0,1,1
0,0,0
0,0,1
0,0,0
0,0,0
0,0,0
0,1,1
0,0,1
0,1,1
0,0,1
0,1,1
0,1,1
0,0,0
0,0,1
0,1,1
0,1,1
0,1,1
0,0,1
0,0,1
0,1,1
0,1,1
0,1,1
0,0,1
0,0,0
0,0,0
0,1,1
0,1,1
0,1,1
0,0,1
0,1,1
0,1,1
0,0,0
0,1,1
0,1,1
0,1,1
0,0,1
0,1,1
0,1,1
0,0,1
0,0,1
0,1,1
0,0,0
0,1,1
0,1,1
0,1,1
0,1,1
0,0.7346983,1
0,1,1
0,1,1
0,1,1
0,1,1
0,1,1
0,0,1
0,1,1
0,0,0
0,1,1
0,0,1
0,0,1
0,1,1
0,1,1
0,0,1
0,1,1
0,1,1
0,1,1
0,1,1
0,0,0
0,1,1
0,1,1
0,0,1
0,0,0
0,1,1
0,0,1
0,1,1
0,0.8070865,1
0,0,0
0,0,1
0,1,1
0,0,0
0,1,1
0,1,1
0,0,1
0,0,0
0,0,0
0,0,0
0,0,1
0,1,1
0,0,0
0,1,1
0,1,1
0,0,1
0,0,0
0,0,0
0,1,1
0,0,0
0,1,1
0,0,1
0,1,1
0,0,0
0,0,0
0,1,1
0,0,0
0,1,1
0,1,1
0,0,0
0,1,1
0,1,1
0,0,1
0,0,0
0,0,0
0,0,1
0,1,1
0,0,1
0,1,1
0,0,0
0,0,1
0,1,1
0,0,0
0,0,0
0,0,0
0,1,1
0,0,1
0,0,0
0,1,1
0,1,1
0,0,0
0,1,1
0,0,1
0,0,1
0,0,1
0,1,1
0,1,1
0,1,1
0,0.873624,1
0,0,1
0,1,1
0,0,0
0,0,0
0,0,0
0,0,0
0,1,1
0,1,1
0,0,0
0,1,1
0,1,1
0,0,0
0,0,1
0,0,0
0,1,1
0,0,0
0,0,0
0,0,1
0,1,1
0,1,1
0,0,0
0,0,0
0,1,1
0,1,1
0,1,1
0,0,1
0,1,1
0,1,1
0,0,1
0,1,1
0,1,1
0,0,1
0,0,0
0,1,1
0,1,1
0,0,0
0,0,0
0,0,0
0,1,1
0,0.7762691,1
0,0,1
0,1,1
0,1,1
0,0,0
0,1,1
0,1,1
0,0,1
0,1,1
0,0,0
0,1,1
0,0,1
0,1,1
0,1,1
0,1,1
0,0,1
0,1,1
0,1,1
0,1,1
0,1,1
0,1,1
0,0,1
0,1,1
0,1,1
0,1,1
0,0.7233766,1
0,1,1
0,0,0
0,0,1
0,0,1
0,1,1
0,1,1
0,0,0
0,1,1
0,1,1
0,1,1
0,1,1
0,1,1
0,0,1
0,1,1
0,0,0
0,1,1
0,1,1
0,1,1
0,1,1
0,1,1
0,1,1
0,1,1
0,0,1
0,0,1
0,0,1
0,1,1
0,1,1
0,1,1
0,1,1
0,0,0
0,1,1
0,0,1
0,1,1
0,0,0
0,0,0
0,1,1
0,1,1
0,0,0
0,0,1
0,0,0
0,1,1
0,0,0
0,1,1
0,0,0
0,0,1
0,1,1
0,0,0
0,1,1
0,0,1
0,0,0
0,0,1
0,0,0
0,1,1
0,1,1
0,1,1
0,0,1
0,1,1
0,1,1
0,0,0
0,1,1
0,0,0
0,0,0
0,1,1
0,1,1
0,0,0
0,1,1
0,1,1
0,0,1
0,1,1
0,1,1
0,1,1
0,1,1
0,0,0
0,0,0
0,0,0
0,0,0
0,0,0
0,0,0
0,0,0
0,0.8790851,1
0,0,1
0,1,1
0,1,1
0,0,0
0,0,0
0,1,1
0,1,1
0,1,1
0,0,0
0,1,1
0,0,1
0,1,1
0,0,0
0,0,0
0,1,1
0,1,1
0,1,1
0,1,1
0,0,0
0,0,0
0,0,0
0,0,1
0,1,1
0,0,0
0,0,0
0,1,1
0,1,1
0,0,0
0,1,1
0,1,1
0,0,0
0,0,1
0,1,1
0,0,0
0,0,1
0,0,1
0,0,1
0,1,1
0,1,1
0,1,1
0,0,1
0,0,0
0,1,1
0,1,1
0,1,1
0,0,0
0,1,1
0,1,1
0,1,1
0,1,1
0,1,1
0,1,1
0,1,1
0,0,0
0,1,1
0,1,1
0,1,1
0,1,1
0,0.8663698,1
0,0,0
0,1,1
0,1,1
0,1,1
0,0,0
0,0.8578947,1
0,1,1
0,0,1
0,1,1
0,1,1
0,1,1
0,0,1
0,1,1
0,0.7470726,1
0,1,1
0,1,1
0,1,1
0,0,1
0,1,1
0,1,1
0,0,1
0,0,1
0,0,1
0,1,1
0,1,1
0,1,1
0,1,1
0,1,1
0,1,1
0,0,0
0,1,1
0,0,1
0,1,1
0,1,1
0,1,1
0,1,1
0,1,1
0,0,0
0,1,1
0,1,1
0,1,1
0,0,1
0,0,0
0,0,1
0,0,0
0,1,1
0,0,0
0,0.7677966,1
0,1,1
0,0.7221674,1
0,0,0
0,1,1
0,1,1
0,0,0
0,0,0
0,0,1
0,1,1
0,1,1
0,1,1
0,1,1
0,0,0
0,1,1
0,0,0
0,0,1
0,0,1
0,1,1
0,0,0
0,0,0
0,0,0
0,1,1
0,1,1
0,0,0
0,0,0
0,1,1
0,0,0
0,1,1
0,0,0
0,1,1
0,0,0
0,1,1
0,0,1
0,0,0
0,1,1
0,0,0
0,0,0
0,0,0
0,1,1
0,0,0
0,0,0
0,0,1
0,0,0
0,1,1
0,1,1
0,0,0
0,1,1
0,0.8537375,1
0,0,1
0,0,0
0,1,1
0,1,1
0,0,0
0,0,0
0,0,1
0,1,1
0,1,1
0,1,1
0,0,1
0,0,0
0,0,0
0,1,1
0,1,1
0,1,1
0,1,1
0,1,1
0,1,1
0,1,1
0,1,1
0,0,0
0,1,1
0,1,1
0,0,1
0,1,1
0,0,0
0,1,1
0,1,1
0,1,1
0,1,1
0,1,1
0,0,1
0,0.8062273,1
0,1,1
0,1,1
0,1,1
0,0,0
0,1,1
0,0,0
0,0,1
0,0,1
0,0,1
0,1,1
0,0,0
0,0,0
0,0,1
0,0,0
0,1,1
0,0,1
0,0,0
0,0,1
0,0,1
0,1,1
0,1,1
0,0.8577944,1
0,1,1
0,0,1
0,1,1
0,1,1
0,1,1
0,1,1
0,0,1
0,1,1
0,0,1
0,0,1
0,1,1
0,1,1
0,1,1
0,1,1
0,0,1
0,0,1
0,1,1
0,1,1
0,1,1
0,1,1
0,0,1
0,1,1
0,0,1
0,1,1
0,0,0
0,1,1
0,1,1
0,0,0
0,1,1
0,1,1
0,0.7196785,1
0,0,1
0,1,1
0,1,1
0,1,1
0,1,1
0,0,0
0,0,1
0,1,1
0,1,1
0,1,1
0,1,1
0,1,1
0,0,0
0,1,1
0,0,1
0,0,1
0,0,0
0,0,1
0,0,1
0,1,1
0,1,1
0,1,1
0,1,1
0,1,1
0,1,1
0,0,0
0,0,1
0,1,1
0,1,1
0,1,1
0,0,0
0,0,0
0,1,1
0,0,1
0,1,1
0,0,1
0,1,1
0,0,0
0,0,0
0,0,0
0,0,0
0,1,1
0,1,1
0,0,0
0,1,1
0,1,1
0,0,1
0,1,1
0,1,1
0,0,0
0,0,1
0,0,1
0,1,1
0,0,0
0,1,1
0,0,1
0,0,0
0,0,0
0,0,1
0,1,1
0,0,1
0,0.8582534,1
0,1,1
0,0,0
0,1,1
0,0,0
0,1,1
0,1,1
0,1,1
0,1,1
0,0,0
0,1,1
0,1,1
0,0,1
0,0,0
0,0,1
0,0,1
0,1,1
0,1,1
0,0,1
0,0,1
0,1,1
0,0,0
0,0,0
0,0,1
0,0,1
0,0,1
0,1,1
0,1,1
0,0,0
0,1,1
0,0,0
0,1,1
0,1,1
0,0,1
0,1,1
0,1,1
0,0,1
0,0,1
0,1,1
0,1,1
0,0,1
0,1,1
0,1,1
0,0,1
0,1,1
0,1,1
0,0,0
0,1,1
0,1,1
0,0,1
0,1,1
0,1,1
0,0,1
0,1,1
0,0,0
0,1,1
0,1,1
0,1,1
0,1,1
0,0,1
0,1,1
0,1,1
0,1,1
0,0.8596992,1
0,1,1
0,1,1
0,0,1
0,1,1
0,1,1
0,1,1
0,1,1
0,1,1
0,1,1
0,0,1
0,0,1
0,1,1
0,1,1
0,1,1
0,1,1
0,1,1
0,1,1
0,1,1
0,0.8572088,1
0,1,1
0,1,1
0,0,0
0,1,1
0,1,1
0,0,0
0,1,1
0,0,1
0,1,1
0,1,1
0,1,1
0,1,1
0,1,1
0,1,1
0,0,0
0,1,1
0,1,1
0,1,1
0,1,1
0,1,1
0,0,0
0,1,1
0,1,1
0,1,1
0,0,0
0,1,1
0,0,1
0,0,0
0,0,1
0,0,0
0,1,1
0,0,0
0,0,0
0,1,1
0,1,1
0,0,0
0,0,0
0,0,0
0,0,0
0,1,1
0,1,1
0,1,1
0,0,0
0,1,1
0,1,1
0,1,1
0,0,0
0,1,1
0,1,1
0,1,1
0,0,0
0,0,0
0,0,0
0,1,1
0,1,1
0,0,0
0,0,0
0,0,1
0,1,1
0,0,0
0,0.7491657,1
0,1,1
0,1,1
0,1,1
0,1,1
0,1,1
0,0.8638185,1
0,1,1
0,1,1
0,0,1
0,0,1
0,0,1
0,1,1
0,0,0
0,1,1
0,1,1
0,0,1
0,1,1
0,1,1
0,1,1
0,0,0
0,0,0
0,1,1
0,0,0
0,1,1
0,0,1
0,1,1
0,0,0
0,1,1
0,1,1
0,1,1
0,1,1
0,1,1
0,0,0
0,1,1
0,0,1
0,1,1
0,1,1
0,0,0
0,0,0
0,1,1
0,0,0
0,0,0
0,1,1
0,0,0
0,1,1
0,0,1
0,1,1
0,0,0
0,1,1
0,1,1
0,0,1
0,0,0
0,1,1
0,0,1
0,0,1
0,1,1
0,0,0
0,1,1
0,1,1
0,1,1
0,1,1
0,1,1
0,0,0
0,0,0
0,0,1
0,1,1
0,1,1
0,0,1
0,1,1
0,1,1
0,1,1
0,1,1
0,0,0
0,1,1
0,1,1
0,1,1
0,0,0
0,1,1
0,0,1
0,1,1
0,0.7789847,1
0,1,1
0,1,1
0,1,1
0,1,1
0,1,1
0,0,1
0,1,1
0,0,1
0,1,1
0,1,1
0,1,1
0,1,1
0,1,1
0,0,1
0,1,1
0,1,1
0,1,1
0,1,1
0,1,1
0,1,1
0,1,1
0,0,0
0,1,1
0,1,1
0,0,0
0,1,1
0,1,1
0,0,1
0,1,1
0,0,0
0,0,0
0,0,0
0,1,1
0,0,0
0,0,1
0,1,1
0,1,1
0,0,0
0,1,1
0,1,1
0,1,1
0,0,0
0,1,1
0,0,1
0,0,0
0,0,0
0,0,0
0,1,1
0,0,0
0,0,0
0,0,0
0,0,0
0,1,1
0,0,0
0,0,0
0,1,1
0,0,1
0,1,1
0,1,1
0,1,1
0,1,1
0,0,0
0,0,0
0,0,0
0,1,1
0,1,1
0,1,1
0,1,1
0,0,0
0,1,1
0,1,1
0,1,1
0,0.8641192,1
0,0,0
0,0.8018647,1
0,1,1
0,1,1
0,1,1
0,1,1
0,0,1
0,1,1
0,1,1
0,1,1
0,0,0
0,1,1
0,0,0
0,0.8571047,1
0,1,1
0,0,1
0,0,1
0,0,0
0,1,1
0,1,1
0,0,0
0,0,1
0,0,1
0,0,0
0,0.8597533,1
0,1,1
0,0,1
0,0,0
0,1,1
0,1,1
0,0,0
0,1,1
0,0,1
0,0,0
0,1,1
0,1,1
0,0,1
0,1,1
0,1,1
0,1,1
0,1,1
0,1,1
0,0,1
0,0,1
0,1,1
0,0,0
0,1,1
0,1,1
0,0,0
0,1,1
0,1,1
0,1,1
0,0,1
0,0,1
0,0,1
0,1,1
0,1,1
0,0,0
0,0,1
0,0.8750851,1
0,0,0
0,1,1
0,1,1
0,1,1
0,1,1
0,1,1
0,0,1
0,0,1
0,0,0
0,0,1
0,1,1
0,1,1
0,1,1
0,0,1
0,0,0
0,1,1
0,0,0
0,1,1
0,1,1
0,1,1
0,1,1
0,1,1
0,1,1
0,0,1
0,0.7478917,1
0,1,1
0,1,1
0,0.7293581,1
0,1,1
0,1,1
0,0,1
0,0,1
0,1,1
0,1,1
0,0,1
0,1,1
0,0,0
0,1,1
0,0,0
0,0,1
0,1,1
0,0,1
0,0,0
0,1,1
0,0,0
0,1,1
0,1,1
0,1,1
0,1,1
0,0,0
0,0,0
0,1,1
0,0,0
0,1,1
0,0,0
0,1,1
0,1,1
0,1,1
0,0,0
0,0,1
0,0,0
0,1,1
0,1,1
0,0,0
0,0,0
0,0,1
0,0,0
0,1,1
0,0,0
0,1,1
0,0,0
0,1,1
0,0,1
0,0,0
0,1,1
0,0,0
0,1,1
0,0,0
0,0,1
0,0,1
0,0,1
0,1,1
0,1,1
0,0,0
0,1,1
0,1,1
0,0,0
0,1,1
0,1,1
0,0,1
0,1,1
0,1,1
0,0,0
0,0,1
0,0,0
0,0,1
0,1,1
0,0,1
0,0,0
0,1,1
0,0,0
0,0,0
0,0,1
0,1,1
0,0,0
0,0,0
0,0,1
0,1,1
0,0,0
0,0.8353034,1
0,0,1
0,1,1
0,1,1
0,0.8560585,1
0,0,0
0,0,1
0,0,1
0,1,1
0,0,1
0,1,1
0,1,1
0,0,1
0,1,1
0,1,1
0,0,1
0,1,1
0,1,1
0,0,0
0,0,1
0,0,1
0,1,1
0,1,1
0,0,1
0,1,1
0,0,1
0,1,1
0,0,0
0,1,1
0,1,1
0,0,1
0,0,1
0,0,1
0,1,1
0,1,1
0,1,1
0,1,1
0,0,1
0,0,0
0,1,1
0,0,0
0,0,0
0,0,1
0,0,0
0,1,1
0,0,1
0,1,1
0,1,1
0,0,0
0,1,1
0,1,1
0,1,1
0,1,1
0,1,1
0,0,1
0,0.8615397,1
0,1,1
0,1,1
0,1,1
0,0,0
0,1,1
0,0.8589903,1
0,1,1
0,1,1
0,0,1
0,1,1
0,1,1
0,1,1
0,1,1
0,0,1
0,0,1
0,1,1
0,0,1
0,1,1
0,0,1
0,0,0
0,0,0
0,1,1
0,1,1
0,1,1
0,1,1
0,0,0
0,1,1
0,1,1
0,1,1
0,1,1
0,0,0
0,0,1
0,0,1
0,1,1
0,1,1
0,0,0
0,1,1
0,1,1
0,0,1
0,0,1
0,1,1
0,0,1
0,0,0
0,1,1
0,0,0
0,1,1
0,0.8002461,1
0,0,0
0,0,0
0,0,1
0,0,0
0,0,0
0,1,1
0,0,0
0,0,1
0,1,1
0,1,1
0,0,1
0,1,1
0,0,1
0,1,1
0,1,1
0,0,0
0,0,0
0,1,1
0,0,0
0,0,0
0,0,1
0,0,0
0,1,1
0,0.7707949,1
0,1,1
0,0,0
0,0,0
0,0,0
0,0,1
0,1,1
0,1,1
0,0,0
0,0,0
0,1,1
0,0,0
0,0,0
0,1,1
0,1,1
0,1,1
0,0,0
0,0,1
0,0,1
0,1,1
0,1,1
0,0,0
0,0,1
0,1,1
0,0,0
0,1,1
0,1,1
0,1,1
0,1,1
0,0,0
0,0,0
0,0,0
0,1,1
0,0,0
0,1,1
0,1,1
0,0,1
0,1,1
0,1,1
0,0,0
0,1,1
0,0,1
0,0,0
0,1,1
0,0,1
0,1,1
0,0,0
0,0,1
0,0,1
0,1,1
0,0,0
0,1,1
0,0,1
0,1,1
0,1,1
0,0,0
0,1,1
0,0,0
0,0,0
0,1,1
0,1,1
0,1,1
0,1,1
0,0,0
0,1,1
0,0,1
0,1,1
0,1,1
0,1,1
0,1,1
0,1,1
0,1,1
0,1,1
0,0,0
0,0,1
0,1,1
0,0,0
0,1,1
0,1,1
0,1,1
0,0.7353085,1
0,1,1
0,1,1
0,1,1
0,1,1
0,0,1
0,1,1
0,1,1
0,1,1
0,1,1
0,1,1
0,0,0
0,1,1
0,1,1
0,1,1
0,0,1
0,1,1
0,0,1
0,0,1
0,1,1
0,0,0
0,1,1
0,1,1
0,0,1
0,1,1
0,1,1
0,0,0
0,0,1
0,1,1
0,0,0
0,0,0
0,1,1
0,1,1
0,1,1
0,0,0
0,1,1
0,0,0
0,1,1
0,1,1
0,1,1
0,1,1
0,0,1
0,0.8615476,1
0,0,0
0,1,1
0,0,1
0,1,1
0,1,1
0,0,0
0,1,1
0,1,1
0,1,1
0,0,0
0,1,1
0,1,1
0,0,1
0,0,1
0,1,1
0,0,0
0,0,0
0,0.7860061,1
0,0,0
0,1,1
0,0,0
0,0,0
0,1,1
0,0,0
0,1,1
0,0,0
0,0,0
0,1,1
0,0,1
0,1,1
0,0,1
0,1,1
0,0,0
0,1,1
0,0,1
0,0,0
0,0,0
0,0,1
0,0,0
0,1,1
0,0,0
0,0,1
0,0,0
0,0,1
0,0,1
0,1,1
0,0.867818,1
0,1,1
0,0,0
0,1,1
0,1,1
0,0,0
0,1,1
0,0,1
0,0,1
0,0,1
0,1,1
0,0,0
0,0,0
0,0,1
0,1,1
0,1,1
0,1,1
0,0,1
0,0,1
0,1,1
0,1,1
0,0,1
0,0,1
0,1,1
0,0,0
0,1,1
0,0,0
0,0,0
0,1,1
0,1,1
0,1,1
0,0,1
0,1,1
0,0,1
0,1,1
0,0,0
0,0,0
0,1,1
0,1,1
0,1,1
0,0,1
0,0,0
0,0,0
0,1,1
0,1,1
0,1,1
0,0,0
0,0,1
0,1,1
0,1,1
0,0,1
0,0,1
0,1,1
0,1,1
0,1,1
0,1,1
0,0,1
0,1,1
0,1,1
0,0,1
0,0,1
0,1,1
0,1,1
0,1,1
0,1,1
0,0,1
0,1,1
0,0,1
0,1,1
0,0,1
0,1,1
0,1,1
0,0,1
0,1,1
0,0,1
0,0,1
0,1,1
0,0,0
0,1,1
0,1,1
0,0,0
0,1,1
0,1,1
0,0,1
0,0,1
0,0,1
0,1,1
0,0,0
0,1,1
0,0,0
0,1,1
0,0,0
0,1,1
0,0,0
0,0,1
0,0,0
0,1,1
0,1,1
0,1,1
0,1,1
0,0,0
0,1,1
0,1,1
0,0,0
0,0,0
0,0,0
0,1,1
0,0,0
0,1,1
0,1,1
0,1,1
0,1,1
0,1,1
0,1,1
0,1,1
0,0,0
0,1,1
0,1,1
0,1,1
0,1,1
0,1,1
0,1,1
0,1,1
0,0,0
0,0,1
0,0,0
0,0,1
0,0,1
0,0.8722209,1
0,0,0
0,1,1
0,1,1
0,0,0
0,1,1
0,1,1
0,1,1
0,1,1
0,0,1
0,0,0
0,1,1
0,0,0
0,1,1
0,0,1
0,1,1
0,0.8550274,1
0,0,0
0,0.8592608,1
0,0,1
0,0,1
0,0,0
0,1,1
0,0,1
0,0.8611587,1
0,0,0
0,0,0
0,0,1
0,0,0
0,1,1
0,0,0
0,0,1
0,1,1
0,1,1
0,0,0
0,1,1
0,1,1
0,1,1
0,0,0
0,1,1
0,1,1
0,1,1
0,0,0
0,1,1
0,1,1
0,1,1
0,0,0
0,1,1
0,1,1
0,1,1
0,0.740448,1
0,0,0
0,0,1
0,1,1
0,1,1
0,1,1
0,1,1
0,0,1
0,1,1
0,1,1
0,1,1
0,0,1
0,0,1
0,1,1
0,1,1
0,0,0
0,0,1
0,1,1
0,0,1
0,1,1
0,0,1
0,0,1
0,0,1
0,0,0
0,0,0
0,0.7048424,1
0,0,0
0,1,1
0,1,1
0,1,1
0,1,1
0,1,1
0,1,1
0,0,0
0,0,0
0,1,1
0,1,1
0,1,1
0,0,0
0,0,1
0,1,1
0,1,1
0,1,1
0,1,1
0,1,1
0,0,1
0,0,1
0,1,1
0,0,1
0,1,1
0,1,1
0,0,0
0,1,1
0,1,1
0,1,1
0,1,1
0,1,1
0,1,1
0,0,0
0,0,1
0,0,0
0,0,0
0,0,0
0,0,1
0,0,1
0,0,1
0,0,0
0,1,1
0,1,1
0,1,1
0,0,1
0,1,1
0,0,0
0,1,1
0,0,0
0,1,1
0,0,1
0,1,1
0,1,1
0,0.7778221,1
0,1,1
0,0,0
0,1,1
0,0,1
0,1,1
0,1,1
0,0,1
0,0,1
0,1,1
0,1,1
0,1,1
0,0.850162,1
0,1,1
0,1,1
0,1,1
0,0.8635067,1
0,0,0
0,0,0
0,1,1
0,0,0
0,0,1
0,0,0
0,1,1
0,0,1
0,0,0
0,1,1
0,0,0
0,0,0
0,0.8602816,1
0,0,1
0,1,1
0,0,0
0,1,1
0,0,0
0,1,1
0,1,1
0,0,0
0,0,1
0,1,1
0,0,0
0,1,1
0,0,1
0,0,0
0,0,0
0,1,1
0,0,0
0,0,1
0,0,1
0,0,0
0,1,1
0,1,1
0,0,1
0,0,0
0,1,1
0,0.8631183,1
0,1,1
0,0,0
0,1,1
0,1,1
0,0,1
0,0,0
0,1,1
0,0,0
0,0,0
0,0,0
0,0.8562682,1
0,1,1
0,1,1
0,0,1
0,1,1
0,0,1
0,1,1
0,0.8673416,1
0,0,1
0,0,1
0,1,1
0,0,0
0,1,1
0,1,1
0,1,1
0,0,1
0,0,1
0,1,1
0,1,1
0,1,1
0,1,1
0,1,1
0,1,1
0,1,1
0,1,1
0,0,1
0,0,0
0,0,0
0,1,1
0,1,1
0,1,1
0,1,1
0,1,1
0,1,1
0,1,1
0,1,1
0,0,0
0,1,1
0,0,0
0,0,0
0,0,1
0,1,1
0,0,0
0,1,1
0,0,1
0,0,0
0,1,1
0,1,1
0,0,0
0,1,1
0,1,1
0,0,0
0,0,0
0,1,1
0,1,1
0,0,0
0,1,1
0,0,1
0,0,1
0,1,1
0,1,1
0,1,1
0,0,1
0,0,0
0,1,1
0,1,1
0,1,1
0,1,1
0,1,1
0,1,1
0,0.8635045,1
0,0,1
0,0,0
0,1,1
0,0,0
0,1,1
0,1,1
0,0.8358614,1
0,0,0
0,1,1
0,1,1
0,0.9120436,1
0,1,1
0,0,0
0,1,1
0,1,1
0,1,1
0,1,1
0,1,1
0,0,1
0,0,1
0,1,1
0,0,0
0,1,1
0,1,1
0,1,1
0,0.8713588,1
0,1,1
0,1,1
0,0,0
0,0,1
0,1,1
0,0,0
0,1,1
0,1,1
0,1,1
0,1,1
0,1,1
0,0,1
0,0,1
0,1,1
0,0,0
0,0,0
0,1,1
0,0,0
0,0,1
0,1,1
0,1,1
0,0,0
0,1,1
0,1,1
0,0,1
0,1,1
0,1,1
0,1,1
0,1,1
0,0,1
0,1,1
0,1,1
0,1,1
0,1,1
0,1,1
0,0,0
0,1,1
0,0.868294,1
0,0,1
0,0,0
0,0,0
0,0,0
0,1,1
0,1,1
0,0,1
0,1,1
0,0,0
0,0,1
0,1,1
0,1,1
0,0,1
0,0,1
0,0,0
0,1,1
0,0,0
0,1,1
0,0,0
0,0,1
0,1,1
0,1,1
0,0,0
0,1,1
0,0,0
0,1,1
0,1,1
0,0.7686514,1
0,0,1
0,1,1
0,1,1
0,1,1
0,1,1
0,0,1
0,0,0
0,1,1
0,0,0
0,1,1
0,0,1
0,1,1
0,0,1
0,0,1
0,0,1
0,1,1
0,0,0
0,0.7804073,1
0,0,1
0,0,0
0,1,1
0,0,0
0,1,1
0,1,1
0,0,1
0,0,0
0,0,1
0,0,1
0,1,1
0,1,1
0,1,1
0,0,1
0,0,0
0,0,1
0,1,1
0,0,1
0,0,0
0,1,1
0,1,1
0,1,1
0,1,1
0,0,0
0,0,1
0,1,1
0,0,1
0,1,1
0,1,1
0,1,1
0,0,0
0,1,1
0,1,1
0,0,1
0,1,1
0,1,1
0,0,1
0,1,1
0,1,1
0,0,0
0,1,1
0,1,1
0,0,0
0,0,0
0,1,1
0,1,1
0,1,1
0,0,0
0,0,1
0,1,1
0,0,1
0,1,1
0,0.8662966,1
0,0,1
0,0,0
0,0,0
0,1,1
0,1,1
0,0,1
0,1,1
0,1,1
0,1,1
0,1,1
0,1,1
0,0,0
0,1,1
0,1,1
0,0,0
0,0,1
0,0,1
0,0,0
0,0,0
0,1,1
0,1,1
0,1,1
0,0,0
0,1,1
0,0,0
0,1,1
0,0,0
0,0,1
0,1,1
0,0,0
0,1,1
0,1,1
0,1,1
0,0,1
0,0,0
0,1,1
0,1,1
0,1,1
0,1,1
0,1,1
0,0,1
0,1,1
0,1,1
0,0,1
0,1,1
0,1,1
0,0,0
0,1,1
0,0,1
0,0,0
0,0,0
0,1,1
0,1,1
0,1,1
0,0,0
0,0,0
0,0,0
0,1,1
0,0,1
0,1,1
0,0,1
0,1,1
0,0,0
0,1,1
0,1,1
0,1,1
0,0,1
0,1,1
0,1,1
0,0,1
0,0,0
0,0,0
0,0,1
0,0,0
0,0,0
0,0,0
0,1,1
0,1,1
0,0,1
0,1,1
0,0,1
0,1,1
0,0,0
0,1,1
0,1,1
0,1,1
0,1,1
0,1,1
0,0,0
0,1,1
0,1,1
0,0,1
0,1,1
0,0,1
0,1,1
0,1,1
0,0,0
0,1,1
0,1,1
0,1,1
0,1,1
0,1,1
0,1,1
0,1,1
0,1,1
0,1,1
0,0,1
0,1,1
0,1,1
0,0,1
0,0,0
0,0,0
0,1,1
0,0,0
0,1,1
0,0.8561195,1
0,0,0
0,1,1
0,1,1
0,1,1
0,1,1
0,1,1
0,0,1
0,0,0
0,1,1
0,1,1
0,0,0
0,1,1
0,1,1
0,1,1
0,1,1
0,1,1
0,0,0
0,1,1
0,1,1
0,1,1
0,0,0
0,1,1
0,0,0
0,1,1
0,0,1
0,1,1
0,1,1
0,1,1
0,1,1
0,1,1
0,0,0
0,1,1
0,0,1
0,0,0
0,1,1
0,0,1
0,1,1
0,1,1
0,0,0
0,1,1
0,0,0
0,0,0
0,1,1
0,0,0
0,0,0
0,0,1
0,1,1
0,1,1
0,1,1
0,1,1
0,1,1
0,1,1
0,0,0
0,1,1
0,0,0
0,0,0
0,0,0
0,0,0
0,0,0
0,0,0
0,0,0
0,1,1
0,1,1
0,1,1
0,1,1
0,1,1
0,0,1
0,1,1
0,1,1
0,0,0
0,0,0
0,0,0
0,0,0
0,0,1
0,1,1
0,0,0
0,0,0
0,1,1
0,0,0
0,1,1
0,1,1
0,0,0
0,0.8635094,1
0,1,1
0,0,1
0,0,1
0,0,0
0,1,1
0,1,1
0,1,1
0,0,0
0,0,1
0,0,0
0,1,1
0,1,1
0,0.8768343,1
0,1,1
0,1,1
0,0.8607675,1
0,0,0
0,0,1
0,1,1
0,0.897465,1
0,0,0
0,0,1
0,0,1
0,0,1
0,1,1
0,1,1
0,1,1
0,1,1
0,0,0
0,1,1
0,0,1
0,0,0
0,0,0
0,1,1
0,1,1
0,0,0
0,1,1
0,1,1
0,0,1
0,0,1
0,1,1
0,0,0
0,1,1
0,0,1
0,0,0
0,1,1
0,1,1
0,0,0
0,1,1
0,1,1
0,0,1
0,0,1
0,0.7467982,1
0,1,1
0,1,1
0,1,1
0,1,1
0,0,0
0,1,1
0,1,1
0,1,1
0,1,1
0,0,1
0,1,1
0,0,0
0,0.8598772,1
0,0.8613065,1
0,1,1
0,0,1
0,0,0
0,0,0
0,0,1
0,1,1
0,1,1
0,1,1
0,1,1
0,1,1
0,1,1
0,1,1
0,0,1
0,1,1
0,0,0
0,1,1
0,1,1
0,0,0
0,1,1
0,1,1
0,0.8721163,1
0,0,1
0,0,0
0,1,1
0,1,1
0,1,1
0,1,1
0,1,1
0,1,1
0,1,1
0,0,0
0,1,1
0,1,1
0,1,1
0,0,0
0,1,1
0,1,1
0,1,1
0,1,1
0,1,1
0,1,1
0,1,1
0,0,0
0,1,1
0,0,1
0,0,0
0,0,1
0,0,0
0,0,0
0,0,0
0,0,0
0,1,1
0,0,0
0,1,1
0,1,1
0,0,0
0,0.7842547,1
0,1,1
0,0,1
0,0,1
0,0,0
0,0,0
0,0,0
0,1,1
0,1,1
0,0,1
0,1,1
0,0,0
0,0,0
0,1,1
0,1,1
0,1,1
0,1,1
0,0,0
0,0,0
0,1,1
0,1,1
0,1,1
0,0,0
0,1,1
0,0,0
0,1,1
0,1,1
0,0.760244,1
0,0,0
0,1,1
0,0,1
0,0,1
0,1,1
0,0,0
0,0,0
0,0,1
0,0,0
0,1,1
0,0,1
0,0.8683628,1
0,1,1
0,1,1
0,1,1
0,1,1
0,1,1
0,0,0
0,0,0
0,1,1
0,1,1
0,1,1
0,0,0
0,0,0
0,1,1
0,1,1
0,0,1
0,0,0
0,1,1
0,0,1
0,1,1
0,0,0
0,1,1
0,1,1
0,1,1
0,1,1
0,0,0
0,1,1
0,1,1
0,1,1
0,1,1
0,1,1
0,1,1
0,0,1
0,0,1
0,1,1
0,0,0
0,0.7592586,1
0,1,1
0,0.8245324,1
0,1,1
0,1,1
0,0,0
0,1,1
0,1,1
0,0,0
0,0,0
0,0,0
0,1,1
0,0.8613406,1
0,1,1
0,1,1
0,1,1
0,0,1
0,0,0
0,0,0
0,1,1
0,1,1
0,1,1
0,1,1
0,1,1
0,1,1
0,1,1
0,0,0
0,1,1
0,0,1
0,1,1
0,1,1
0,1,1
0,1,1
0,0,0
0,0,0
0,1,1
0,0,1
0,1,1
0,0.7587675,1
0,1,1
0,1,1
0,0,0
0,0,0
0,1,1
0,1,1
0,1,1
0,0.8598841,1
0,1,1
0,1,1
0,1,1
0,0,0
0,0,1
0,1,1
0,0,0
0,0,1
0,0,1
0,1,1
0,0,0
0,0,1
0,1,1
0,1,1
0,1,1
0,1,1
0,1,1
0,1,1
0,1,1
0,0,1
0,0,1
0,0,1
0,1,1
0,0,1
0,0,0
0,0,0
0,1,1
0,0,1
0,1,1
0,1,1
0,0,0
0,0,0
0,0,0
0,0,0
0,0,0
0,1,1
0,0,1
0,0,0
0,1,1
0,1,1
0,0,0
0,0,0
0,0,1
0,1,1
0,0,1
0,0,0
0,0,0
0,0,0
0,0,0
0,0,0
0,1,1
0,1,1
0,0,0
0,1,1
0,0,1
0,0,1
0,0,0
0,0,1
0,0,0
0,0,0
0,1,1
0,0,1
0,1,1
0,1,1
0,1,1
0,1,1
0,1,1
0,1,1
0,0,0
0,1,1
0,1,1
0,0,0
0,1,1
0,0,0
0,1,1
0,0,1
0,1,1
0,1,1
0,1,1
0,1,1
0,0,0
0,0,0
0,1,1
0,0,1
0,1,1
0,1,1
0,1,1
0,1,1
0,1,1
0,0.8601471,1
0,1,1
0,1,1
0,0,1
0,0,1
0,1,1
0,1,1
0,0,0
0,0,0
0,1,1
0,0,1
0,1,1
0,0,0
0,0,0
0,1,1
0,0,0
0,0,1
0,0,0
0,1,1
0,1,1
0,0.7609898,1
0,0,1
0,0,0
0,0,1
0,1,1
0,0,1
0,1,1
0,0,0
0,0,1
0,1,1
0,0,0
0,0,0
0,0,1
0,0,0
0,1,1
0,1,1
0,0,1
0,0,1
0,1,1
0,1,1
0,1,1
0,0,1
0,1,1
0,0,0
0,1,1
0,1,1
0,0,0
0,1,1
0,1,1
0,0,0
0,1,1
0,1,1
0,0,0
0,1,1
0,1,1
0,1,1
0,1,1
0,1,1
0,1,1
0,1,1
0,1,1
0,0.8593589,1
0,0,0
0,0,0
0,0,1
0,0,1
0,0,1
0,0.8655317,1
0,1,1
0,1,1
0,1,1
0,0,0
0,1,1
0,0,0
0,1,1
0,1,1
0,1,1
0,0,1
0,0,1
0,1,1
0,0.8594218,1
0,0,0
0,1,1
0,0,1
0,0.8693506,1
0,1,1
0,0,1
0,0,1
0,0,0
0,1,1
0,0,0
0,1,1
0,0,0
0,0,1
0,1,1
0,0,1
0,0,0
0,1,1
0,0,0
0,0,1
0,1,1
0,1,1
0,0,0
0,0,0
0,1,1
0,1,1
0,1,1
0,0,0
0,1,1
0,1,1
0,1,1
0,0,1
0,1,1
0,0,0
0,1,1
0,1,1
0,1,1
0,0,0
0,1,1
0,1,1
0,1,1
0,0,0
0,0,1
0,0,0
0,0,0
0,1,1
0,1,1
0,0,1
0,1,1
0,0,1
0,0,1
0,0,0
0,0,0
0,0,0
0,1,1
0,1,1
0,1,1
0,0,0
0,1,1
0,1,1
0,1,1
0,1,1
0,0,0
0,0,1
0,0,0
0,1,1
0,1,1
0,1,1
0,0,0
0,1,1
0,1,1
0,0,1
0,1,1
0,1,1
0,0,0
0,1,1
0,1,1
0,0,1
0,0,1
0,0,0
0,1,1
0,0,0
0,1,1
0,1,1
0,1,1
0,0,0
0,1,1
0,0,0
0,1,1
0,1,1
0,1,1
0,1,1
0,0,1
0,1,1
0,0,0
0,1,1
0,1,1
0,1,1
0,0,1
0,1,1
0,1,1
0,0,1
0,1,1
0,0,0
0,1,1
0,1,1
0,1,1
0,1,1
0,0,1
0,0,0
0,0,0
0,1,1
0,0,1
0,1,1
0,0,0
0,0,1
0,0,1
0,1,1
0,1,1
0,0,0
0,1,1
0,0,1
0,1,1
0,1,1
0,0,0
0,1,1
0,1,1
0,1,1
0,0,1
0,1,1
0,1,1
0,0,0
0,0,0
0,0,1
0,0,0
0,1,1
0,0,1
0,1,1
0,1,1
0,1,1
0,1,1
0,1,1
0,0,1
0,1,1
0,1,1
0,0,1
0,1,1
0,1,1
0,1,1
0,1,1
0,0,0
0,0,0
0,0,0
0,0,0
0,0,0
0,0,0
0,0,0
0,0,1
0,0,1
0,0,1
0,1,1
0,0,1
0,1,1
0,1,1
0,0,0
0,1,1
0,1,1
0,0,0
0,0,0
0,1,1
0,1,1
0,0,0
0,0,0
0,0,1
0,1,1
0,1,1
0,0,0
0,0,1
0,0,1
0,0,1
0,1,1
0,0,1
0,1,1
0,0,1
0,0,0
0,0,1
0,1,1
0,0,1
0,1,1
0,0,1
0,0,0
0,0,1
0,1,1
0,1,1
0,0,0
0,1,1
0,1,1
0,1,1
0,1,1
0,0,0
0,1,1
0,0,0
0,1,1
0,1,1
0,0,1
0,1,1
0,0,1
0,0,0
0,1,1
0,1,1
0,1,1
0,0,0
0,1,1
0,0,0
0,1,1
0,1,1
0,1,1
0,1,1
0,0,1
0,1,1
0,0,0
0,0,1
0,1,1
0,0,0
0,1,1
0,1,1
0,1,1
0,0,1
0,1,1
0,0,0
0,1,1
0,0,1
0,1,1
0,1,1
0,1,1
0,1,1
0,0,1
0,1,1
0,1,1
0,0,1
0,1,1
0,1,1
0,1,1
0,1,1
0,0,1
0,0,1
0,0,0
0,1,1
0,1,1
0,1,1
0,1,1
0,1,1
0,0,0
0,1,1
0,1,1
0,1,1
0,0,0
0,0,1
0,1,1
0,1,1
0,0,0
0,0,1
0,1,1
0,1,1
0,0,1
0,0,1
0,0.8625413,1
0,0,1
0,1,1
0,1,1
0,0,0
0,0,0
0,0,0
0,1,1
0,1,1
0,0.7200323,1
0,0,1
0,0,0
0,0,0
0,0,0
0,1,1
0,1,1
0,1,1
0,0,0
0,1,1
0,0,0
0,0.8772081,1
0,0,0
0,1,1
0,1,1
0,1,1
0,1,1
0,0.857016,1
0,1,1
0,0,1
0,1,1
0,1,1
0,0,0
0,0,0
0,1,1
0,0,0
0,1,1
0,0,0
0,1,1
0,0,1
0,0,1
0,0,0
0,1,1
0,0,1
0,0.8607794,1
0,1,1
0,1,1
0,0,0
0,0.7917421,1
0,1,1
0,1,1
0,1,1
0,1,1
0,1,1
0,1,1
0,0,1
0,0,0
0,0,0
0,0,1
0,1,1
0,0,0
0,0,0
0,1,1
0,0,1
0,0,1
0,1,1
0,0,0
0,1,1
0,0,1
0,1,1
0,0,0
0,1,1
0,1,1
0,1,1
0,0,0
0,1,1
0,1,1
0,1,1
0,0,0
0,0,1
0,0,1
0,1,1
0,1,1
0,0,0
0,1,1
0,0,0
0,1,1
0,0,1
0,1,1
0,1,1
0,1,1
0,1,1
0,1,1
0,0,0
0,0,0
0,1,1
0,0,1
0,1,1
0,0,1
0,0,0
0,1,1
0,0.8688642,1
0,1,1
0,1,1
0,0,0
0,0,1
0,1,1
0,1,1
0,1,1
0,1,1
0,1,1
0,0,0
0,0,1
0,1,1
0,1,1
0,0,1
0,0,0
0,1,1
0,1,1
0,0,1
0,0,1
0,0,1
0,1,1
0,0,0
0,1,1
0,1,1
0,1,1
0,0,0
0,0,1
0,0,1
0,1,1
0,1,1
0,0,1
0,1,1
0,0,1
0,1,1
0,0,0
0,0,0
0,1,1
0,1,1
0,1,1
0,1,1
0,1,1
0,0,0
0,0,0
0,0,0
0,1,1
0,0,1
0,1,1
0,1,1
0,1,1
0,1,1
0,0,0
0,1,1
0,0,1
0,1,1
0,0.7907497,1
0,0,0
0,0,1
0,0,0
0,0,0
0,1,1
0,0,0
0,1,1
0,0,0
0,1,1
0,0,1
0,1,1
0,1,1
0,0,1
0,0,1
0,0,0
0,1,1
0,1,1
0,1,1
0,0,0
0,1,1
0,1,1
0,1,1
0,1,1
0,0,1
0,1,1
0,1,1
0,0,1
0,0,0
0,0,1
0,0,0
0,0,0
0,1,1
0,1,1
0,0,1
0,1,1
0,1,1
0,1,1
0,0,1
0,0,0
0,0,0
0,0,0
0,1,1
0,0,0
0,1,1
0,1,1
0,0,1
0,1,1
0,1,1
0,1,1
0,0,0
0,1,1
0,1,1
0,1,1
0,1,1
0,1,1
0,1,1
0,0.8145279,1
0,1,1
0,1,1
0,0,1
0,0,0
0,0,1
0,0,0
0,0,1
0,1,1
0,0,0
0,1,1
0,1,1
0,0.7435707,1
0,1,1
0,0,1
0,0,0
0,0,0
0,1,1
0,1,1
0,1,1
0,0,1
0,0,0
0,1,1
0,1,1
0,0,0
0,0,0
0,1,1
0,0,0
0,0,0
0,1,1
0,0.8557169,1
0,1,1
0,1,1
0,1,1
0,1,1
0,1,1
0,0,0
0,1,1
0,0,0
0,1,1
0,1,1
0,1,1
0,1,1
0,1,1
0,0,0
0,0,0
0,1,1
0,1,1
0,0,0
0,1,1
0,1,1
0,1,1
0,1,1
0,1,1
0,0,0
0,0,0
0,1,1
0,0.8630437,1
0,0.8835925,1
0,0,0
0,0,1
0,1,1
0,1,1
0,1,1
0,1,1
0,1,1
0,1,1
0,0,1
0,1,1
0,0,1
0,1,1
0,1,1
0,1,1
0,0,0
0,1,1
0,0.8570843,1
0,0,0
0,0,1
0,0,1
0,0,0
0,0,1
0,1,1
0,0,1
0,0,0
0,1,1
0,1,1
0,0.848857,1
0,1,1
0,1,1
0,1,1
0,1,1
0,0,0
0,1,1
0,1,1
0,1,1
0,1,1
0,1,1
0,0,0
0,0,0
0,1,1
0,1,1
0,1,1
0,1,1
0,0,1
0,0,0
0,0,0
0,0,0
0,0,0
0,0,0
0,1,1
0,1,1
0,0,0
0,0,0
0,0,0
0,0,0
0,1,1
0,1,1
0,0,0
0,0,1
0,0,1
0,0,1
0,1,1
0,1,1
0,0,1
0,0,0
0,1,1
0,0,1
0,0,0
0,1,1
0,1,1
0,0,0
0,1,1
0,0,0
0,1,1
0,0.7103072,1
0,0,0
0,0,1
0,0,1
0,1,1
0,1,1
0,0,1
0,1,1
0,0,1
0,1,1
0,0,0
0,0,0
0,0.7188449,1
0,0,0
0,0,0
0,1,1
0,0,0
0,0,1
0,0,1
0,1,1
0,0,0
0,1,1
0,0,0
0,0.8578576,1
0,1,1
0,1,1
0,0,0
0,1,1
0,1,1
0,1,1
0,0,0
0,0,0
0,1,1
0,0,1
0,0.8561493,1
0,1,1
0,0,1
0,1,1
0,1,1
0,0,1
0,0,0
0,0,0
0,0.7456257,1
0,0,0
0,0,0
0,1,1
0,0,1
0,1,1
0,0,0
0,0,1
0,1,1
0,1,1
0,1,1
0,0,1
0,0,1
0,0,0
0,1,1
0,1,1
0,0,1
0,1,1
0,1,1
0,1,1
0,0,0
0,1,1
0,1,1
0,1,1
0,0,0
0,0,0
0,0,0
0,0,0
0,0,1
0,1,1
0,0,0
0,0,0
0,0,1
0,1,1
0,0,1
0,1,1
0,0,0
0,1,1
0,1,1
0,1,1
0,0,1
0,0,1
0,0,0
0,1,1
0,0,0
0,0,0
0,1,1
0,1,1
0,1,1
0,0,1
0,0,0
0,1,1
0,0,1
0,0,1
0,1,1
0,1,1
0,0,0
0,0,1
0,0,1
0,1,1
0,1,1
0,1,1
0,1,1
0,1,1
0,0,0
0,1,1
0,1,1
0,1,1
0,0,0
0,0,0
0,1,1
0,0,1
0,0,1
0,1,1
0,0,1
0,1,1
0,1,1
0,0,0
0,0,1
0,1,1
0,0,0
0,1,1
0,1,1
0,1,1
0,0,0
0,1,1
0,0,1
0,0,0
0,1,1
0,1,1
0,1,1
0,0,0
0,1,1
0,1,1
0,0,0
0,1,1
0,0,1
0,0,0
0,1,1
0,1,1
0,0,0
0,0.8616344,1
0,0,1
0,1,1
0,0,0
0,0,0
0,1,1
0,1,1
0,1,1
0,1,1
0,0,0
0,0,1
0,1,1
0,0,1
0,1,1
0,0,0
0,1,1
0,0,0
0,1,1
0,1,1
0,0,1
0,0,1
0,1,1
0,0,0
0,0,1
0,0,0
0,0,0
0,1,1
0,0,1
0,1,1
0,1,1
0,0,1
0,1,1
0,0,1
0,1,1
0,0,1
0,0,0
0,1,1
0,1,1
0,0,1
0,1,1
0,1,1
0,0,1
0,0,0
0,0,1
0,1,1
0,1,1
0,1,1
0,1,1
0,0,0
0,1,1
0,0,0
0,0.7265251,1
0,1,1
0,1,1
0,0.8271154,1
0,1,1
0,0,0
0,0,1
0,0.8609623,1
0,0,1
0,1,1
0,1,1
0,1,1
0,0,0
0,1,1
0,0,1
0,1,1
0,1,1
0,0,1
0,1,1
0,1,1
0,1,1
0,1,1
0,1,1
0,0,1
0,1,1
0,0,1
0,0,1
0,1,1
0,0,1
0,0,0
0,1,1
0,1,1
0,1,1
0,1,1
0,1,1
0,0,0
0,1,1
0,1,1
0,1,1
0,0,0
0,0,0
0,1,1
0,1,1
0,0,0
0,1,1
0,1,1
0,0,0
0,1,1
0,1,1
0,0,1
0,1,1
0,1,1
0,0,0
0,0,0
0,1,1
0,0,1
0,0,0
0,0,0
0,1,1
0,1,1
0,1,1
0,1,1
0,0,1
0,0,0
0,1,1
0,1,1
0,0,0
0,1,1
0,1,1
0,0,0
0,0,0
0,1,1
0,1,1
0,0,1
0,0,0
0,0,1
0,0,0
0,0,0
0,0,0
0,1,1
0,0,0
0,0,0
0,1,1
0,1,1
0,0,1
0,0,0
0,1,1
0,0,0
0,0,1
0,1,1
0,1,1
0,1,1
0,0,0
0,0,0
0,1,1
0,1,1
0,0,1
0,1,1
0,1,1
0,0,0
0,0,0
0,1,1
0,1,1
0,1,1
0,0,1
0,0,1
0,1,1
0,1,1
0,1,1
0,0,1
0,1,1
0,1,1
0,0,1
0,1,1
0,0.8609775,1
0,1,1
0,0,0
0,1,1
0,0.9543445,1
0,0,0
0,0,1
0,0,1
0,1,1
0,0,0
0,0,0
0,0,1
0,0,0
0,0,1
0,0,0
0,0,0
0,1,1
0,0,0
0,0,1
0,0,0
0,0,0
0,1,1
0,1,1
0,0,1
0,0,1
0,1,1
0,0,1
0,0,0
0,1,1
0,1,1
0,1,1
0,0,1
0,0,0
0,1,1
0,1,1
0,0,1
0,0,1
0,1,1
0,0,1
0,0,0
0,1,1
0,0,1
0,1,1
0,1,1
0,1,1
0,0,1
0,1,1
0,1,1
0,1,1
0,1,1
0,0,0
0,1,1
0,1,1
0,0.8577765,1
0,1,1
0,1,1
0,1,1
0,1,1
0,1,1
0,0,0
0,0,0
0,1,1
0,0,0
0,1,1
0,1,1
0,1,1
0,0,1
0,1,1
0,0,1
0,1,1
0,0,1
0,0,0
0,1,1
0,1,1
0,0,0
0,1,1
0,0,1
0,1,1
0,0,0
0,1,1
0,1,1
0,1,1
0,1,1
0,0,0
0,0,0
0,0,0
0,1,1
0,0,1
0,0,0
0,1,1
0,0,0
0,0,0
0,1,1
0,1,1
0,1,1
0,0,0
0,0,1
0,0,1
0,1,1
0,1,1
0,0,0
0,1,1
0,0,0
0,1,1
0,0,1
0,0,0
0,1,1
0,1,1
0,0,1
0,0.7576157,1
0,0,0
0,1,1
0,1,1
0,1,1
0,0,1
0,0,0
0,0,0
0,0,0
0,0.8608323,1
0,1,1
0,1,1
0,1,1
0,0,0
0,0.8786576,1
0,1,1
0,1,1
0,0,1
0,0,0
0,0,1
0,1,1
0,0,0
0,1,1
0,0,1
0,1,1
0,1,1
0,0,0
0,1,1
0,0,0
0,0,0
0,1,1
0,0,0
0,0,0
0,1,1
0,0,0
0,1,1
0,1,1
0,0,1
0,1,1
0,0,1
0,0,0
0,0.8563536,1
0,0,0
0,0,1
0,0,0
0,1,1
0,0,0
0,0,0
0,1,1
0,1,1
0,0,0
0,1,1
0,1,1
0,1,1
0,0,1
0,0,1
0,0,1
0,1,1
0,0,1
0,0,1
0,1,1
0,0,0
0,0,0
0,1,1
0,1,1
0,1,1
0,0,0
0,1,1
0,1,1
0,1,1
0,0,1
0,1,1
0,1,1
0,0.8172363,1
0,0,0
0,1,1
0,1,1
0,1,1
0,0.8596058,1
0,1,1
0,0,1
0,1,1
0,1,1
0,0,0
0,0,1
0,1,1
0,0.8628893,1
0,0,1
0,1,1
0,0,1
0,0.8795881,1
0,0,1
0,0,1
0,0,0
0,0.7008208,1
0,0,1
0,0,1
0,0.8610381,1
0,1,1
0,0,0
0,0,1
0,0,1
0,1,1
0,1,1
0,1,1
0,1,1
0,1,1
0,1,1
0,0,0
0,0,1
0,1,1
0,1,1
0,0,0
0,1,1
0,0,0
0,0,0
0,1,1
0,0,0
0,1,1
0,0,0
0,1,1
0,1,1
0,1,1
0,1,1
0,1,1
0,0,1
0,1,1
0,0,1
0,1,1
0,1,1
0,1,1
0,0,0
0,1,1
0,1,1
0,0,1
0,1,1
0,1,1
0,1,1
0,0,1
0,1,1
0,0,1
0,0,0
0,1,1
0,1,1
0,0,1
0,1,1
0,1,1
0,0,0
0,0,1
0,1,1
0,1,1
0,1,1
0,1,1
0,0.7255747,1
0,1,1
0,1,1
0,0,0
0,1,1
0,1,1
0,0.8699526,1
0,1,1
0,0,0
0,0,1
0,0,1
0,0,0
0,1,1
0,0,0
0,1,1
0,1,1
0,1,1
0,1,1
0,1,1
0,0,0
0,0,0
0,0,0
0,1,1
0,0,0
0,0,0
0,1,1
0,0,0
0,1,1
0,1,1
0,0,0
0,1,1
0,1,1
0,1,1
0,0,0
0,1,1
0,1,1
0,0,1
0,0,1
0,0,0
0,0,0
0,1,1
0,0,1
0,0,1
0,0,0
0,0,0
0,1,1
0,0,1
0,1,1
0,1,1
0,1,1
0,0,0
0,1,1
0,1,1
0,1,1
0,0,0
0,1,1
0,0,1
0,0,0
0,0,0
0,0,1
0,0,0
0,1,1
0,0.8635178,1
0,1,1
0,0,0
0,1,1
0,1,1
0,1,1
0,1,1
0,1,1
0,1,1
0,1,1
0,0,0
0,1,1
0,0,0
0,0,1
0,0,1
0,1,1
0,1,1
0,0,0
0,1,1
0,1,1
0,0,0
0,1,1
0,1,1
0,0,0
0,1,1
0,0,0
0,1,1
0,1,1
0,0,1
0,1,1
0,1,1
0,1,1
0,1,1
0,1,1
0,1,1
0,1,1
0,1,1
0,0,1
0,0,0
0,1,1
0,1,1
0,0.8620766,1
0,1,1
0,1,1
0,1,1
0,0,1
0,0,0
0,1,1
0,1,1
0,0,1
0,1,1
0,0,1
0,1,1
0,0,0
0,0,0
0,1,1
0,0,0
0,1,1
0,0,0
0,1,1
0,0,0
0,1,1
0,0,1
0,1,1
0,0,0
0,0,1
0,0,1
0,0,1
0,1,1
0,1,1
0,0,1
0,1,1
0,1,1
0,1,1
0,0.8916515,1
0,1,1
0,1,1
0,1,1
0,0,0
0,1,1
0,1,1
0,1,1
0,1,1
0,0,1
0,1,1
0,0,1
0,1,1
0,1,1
0,1,1
0,1,1
0,1,1
0,0,0
0,0,1
0,0,0
0,0,1
0,0,0
0,1,1
0,1,1
0,0,1
0,1,1
0,0,1
0,1,1
0,0,1
0,0.8649267,1
0,0,0
0,1,1
0,0,1
0,0,0
0,0,0
0,1,1
0,0,0
0,0,0
0,1,1
0,0,1
0,0,0
0,1,1
0,0,1
0,1,1
0,1,1
0,0,0
0,1,1
0,1,1
0,0,1
0,0,0
0,0,0
0,1,1
0,1,1
0,0,1
0,1,1
0,1,1
0,0,1
0,1,1
0,1,1
0,1,1
0,1,1
0,0,0
0,0,0
0,1,1
0,1,1
0,1,1
0,0,0
0,1,1
0,1,1
0,0,0
0,1,1
0,0,0
0,0,1
0,1,1
0,0,0
0,1,1
0,1,1
0,0.8667421,1
0,1,1
0,1,1
0,0,0
0,1,1
0,0,1
0,0,0
0,1,1
0,1,1
0,1,1
0,0,0
0,0,0
0,1,1
0,0,0
0,0,0
0,1,1
0,0,0
0,0,1
0,1,1
0,1,1
0,1,1
0,1,1
0,0,0
0,0,1
0,1,1
0,0,0
0,0,0
0,0,0
0,0,1
0,0,1
0,1,1
0,1,1
0,1,1
0,1,1
0,0,1
0,1,1
0,1,1
0,0,1
0,0,0
0,0,1
0,0,1
0,1,1
0,1,1
0,1,1
0,1,1
0,1,1
0,1,1
0,0,0
0,1,1
0,1,1
0,0,0
0,1,1
0,1,1
0,1,1
0,1,1
0,0,0
0,1,1
0,1,1
0,0,1
0,0,1
0,1,1
0,1,1
0,0,0
0,0,1
0,1,1
0,0,1
0,1,1
0,0,0
0,1,1
0,1,1
0,1,1
0,1,1
0,0,1
0,1,1
0,1,1
0,1,1
0,1,1
0,0,0
0,0,0
0,1,1
0,1,1
0,1,1
0,0,1
0,1,1
0,1,1
0,1,1
0,1,1
0,0,0
0,0,0
0,0,1
0,1,1
0,0,1
0,0,1
0,1,1
0,0,1
0,0,0
0,0,0
0,0,0
0,1,1
0,0,0
0,0,0
0,1,1
0,1,1
0,0,0
0,1,1
0,0,1
0,1,1
0,0,1
0,0,0
0,1,1
0,1,1
0,1,1
0,1,1
0,0,1
0,0,0
0,0,0
0,0,0
0,1,1
0,0,1
0,0,1
0,1,1
0,0,1
0,0,0
0,1,1
0,0,0
0,1,1
0,1,1
0,1,1
0,0,1
0,0,0
0,0,0
0,0,0
0,0,1
0,1,1
0,1,1
0,1,1
0,1,1
0,1,1
0,0,0
0,0,0
0,1,1
0,0,0
0,0.8684448,1
0,1,1
0,0,1
0,0.8590091,1
0,1,1
0,1,1
0,1,1
0,1,1
0,1,1
0,0,0
0,1,1
0,0,0
0,0,0
0,0,1
0,0,0
0,1,1
0,1,1
0,0,0
0,0,0
0,0,1
0,1,1
0,0,1
0,0,0
0,1,1
0,1,1
0,1,1
0,1,1
0,0,1
0,1,1
0,1,1
0,0,1
0,0,0
0,0,0
0,0,1
0,1,1
0,0,0
0,1,1
0,0,0
0,0,0
0,1,1
0,1,1
0,0,1
0,1,1
0,1,1
0,0,0
0,0,1
0,1,1
0,1,1
0,0,0
0,0,1
0,1,1
0,1,1
0,1,1
0,0,0
0,0,1
0,0,1
0,0,0
0,1,1
0,1,1
0,0,0
0,0,1
0,0,1
0,1,1
0,1,1
0,1,1
0,1,1
0,0,1
0,1,1
0,1,1
0,1,1
0,0,0
0,0,0
0,0,0
0,1,1
0,1,1
0,0,0
0,1,1
0,1,1
0,1,1
0,1,1
0,1,1
0,1,1
0,1,1
0,0,0
0,0,1
0,0,1
0,1,1
0,0,0
0,0,1
0,0.897601,1
0,1,1
0,1,1
0,1,1
0,1,1
0,1,1
0,1,1
0,1,1
0,1,1
0,0,1
0,0,0
0,0,1
0,1,1
0,0.8621207,1
0,1,1
0,1,1
0,0,0
0,0,1
0,0,0
0,1,1
0,1,1
0,1,1
0,0,0
0,0,1
0,1,1
0,0,0
0,1,1
0,1,1
0,1,1
0,0,1
0,0,1
0,0.7543463,1
0,1,1
0,1,1
0,0,0
0,1,1
0,0,0
0,0,0
0,1,1
0,1,1
0,1,1
0,1,1
0,0,1
0,0,1
0,0,1
0,0,1
0,1,1
0,1,1
0,1,1
0,0,0
0,1,1
0,0,1
0,0,1
0,1,1
0,0,1
0,1,1
0,0,0
0,0,0
0,1,1
0,0,1
0,1,1
0,1,1
0,1,1
0,1,1
0,1,1
0,0,0
0,1,1
0,0,1
0,1,1
0,0.7051142,1
0,0,1
0,1,1
0,0,0
0,1,1
0,0,1
0,0,0
0,0,0
0,1,1
0,1,1
0,1,1
0,0,0
0,0,0
0,1,1
0,1,1
0,0,0
0,1,1
0,1,1
0,0,0
0,1,1
0,1,1
0,0,0
0,1,1
0,1,1
0,0,1
0,0,1
0,0,0
0,1,1
0,0,1
0,1,1
0,0,0
0,0,1
0,0.8567091,1
0,0,1
0,1,1
0,1,1
0,1,1
0,0,0
0,1,1
0,1,1
0,0,1
0,0,0
0,0,0
0,1,1
0,0,1
0,0,1
0,0,1
0,0,1
0,1,1
0,0,0
0,1,1
0,1,1
0,1,1
0,0,1
0,0,1
0,0,1
0,1,1
0,0,0
0,1,1
0,0.8103284,1
0,1,1
0,1,1
0,1,1
0,1,1
0,0,0
0,0.7206686,1
0,1,1
0,0,0
0,1,1
0,1,1
0,0,0
0,1,1
0,1,1
0,1,1
0,1,1
0,0,1
0,0,0
0,1,1
0,1,1
0,0,0
0,1,1
0,0,1
0,0,0
0,1,1
0,0,0
0,1,1
0,1,1
0,0,0
0,0,1
0,1,1
0,1,1
0,0,0
0,0,0
0,0,1
0,1,1
0,1,1
0,0,0
0,1,1
0,0,0
0,1,1
0,1,1
0,0,1
0,1,1
0,0,1
0,0,1
0,1,1
0,1,1
0,0,0
0,0,1
0,0,0
0,0,1
0,1,1
0,1,1
0,0,1
0,1,1
0,1,1
0,0,0
0,1,1
0,0,0
0,0.8582984,1
0,0,0
0,1,1
0,1,1
0,0,1
0,0,0
0,1,1
0,1,1
0,0,1
0,0,0
0,0,0
0,1,1
0,0,1
0,0.8376251,1
0,0,0
0,0,0
0,1,1
0,1,1
0,0,1
0,1,1
0,0.8589053,1
0,1,1
0,1,1
0,1,1
0,1,1
0,0,1
0,0,0
0,0,0
0,1,1
0,1,1
0,1,1
0,0,1
0,1,1
0,0,1
0,0,0
0,1,1
0,1,1
0,1,1
0,0,0
0,1,1
0,1,1
0,1,1
0,1,1
0,1,1
0,1,1
0,1,1
0,1,1
0,0,0
0,0,1
0,1,1
0,0,0
0,0,1
0,1,1
0,0,0
0,1,1
0,0,0
0,1,1
0,0,0
0,1,1
0,0,1
0,1,1
0,1,1
0,1,1
0,1,1
0,1,1
0,0,1
0,0.8614343,1
0,0,0
0,1,1
0,1,1
0,1,1
0,1,1
0,1,1
0,0,0
0,1,1
0,0,0
0,0,0
0,1,1
0,1,1
0,0,0
0,0,0
0,0,0
0,0,0
0,1,1
0,0,1
0,1,1
0,0,1
0,0,1
0,1,1
0,0,1
0,0,1
0,1,1
0,1,1
0,1,1
0,1,1
0,1,1
0,1,1
0,0,0
0,1,1
0,1,1
0,1,1
0,0,1
0,1,1
0,0,1
0,0.8490111,1
0,1,1
0,1,1
0,1,1
0,0,0
0,0,1
0,1,1
0,0.8566934,1
0,1,1
0,1,1
0,0,0
0,0,0
0,1,1
0,1,1
0,1,1
0,0,1
0,0,1
0,0,1
0,0,1
0,1,1
0,1,1
0,0,0
0,0,1
0,1,1
0,1,1
0,1,1
0,1,1
0,1,1
0,0,1
0,0,0
0,0,1
0,1,1
0,1,1
0,1,1
0,1,1
0,0,1
0,0,0
0,0.8559662,1
0,1,1
0,1,1
0,1,1
0,0,0
0,1,1
0,0,1
0,0,1
0,1,1
0,0,0
0,0,0
0,1,1
0,0,0
0,1,1
0,1,1
0,1,1
0,0,1
0,0,1
0,0,1
0,1,1
0,1,1
0,0,0
0,1,1
0,0,1
0,1,1
0,1,1
0,0,1
0,0,1
0,0,0
0,0,0
0,0,0
0,0.8593689,1
0,1,1
0,1,1
0,0,1
0,1,1
0,1,1
0,1,1
0,0,1
0,1,1
0,0,1
0,1,1
0,1,1
0,1,1
0,1,1
0,0,0
0,1,1
0,0,0
0,0,1
0,1,1
0,0,0
0,0,1
0,1,1
0,0,0
0,1,1
0,0,1
0,0,1
0,0,1
0,1,1
0,1,1
0,0,1
0,1,1
0,0,0
0,1,1
0,0,0
0,0,0
0,1,1
0,1,1
0,0,1
0,0,0
0,1,1
0,1,1
0,1,1
0,1,1
0,1,1
0,1,1
0,1,1
0,0,0
0,1,1
0,1,1
0,0,1
0,0,1
0,0,1
0,1,1
0,0,1
0,0,0
0,1,1
0,1,1
0,1,1
0,0,1
0,1,1
0,1,1
0,1,1
0,1,1
0,1,1
0,0,0
0,1,1
0,0,1
0,0,1
0,1,1
0,0,1
0,0,1
0,0,0
0,0,1
0,1,1
0,1,1
0,0,1
0,0,1
0,1,1
0,0,0
0,0,1
0,0,0
0,0,1
0,1,1
0,0,1
0,1,1
0,1,1
0,0,0
0,0,1
0,0,0
0,1,1
0,1,1
0,0,1
0,1,1
0,0,0
0,0,0
0,1,1
0,1,1
0,1,1
0,1,1
0,1,1
0,0,0
0,0,0
0,0,1
0,1,1
0,0,1
0,1,1
0,1,1
0,0,0
0,1,1
0,0.858888,1
0,1,1
0,1,1
0,0,1
0,0,1
0,0.8602719,1
0,1,1
0,1,1
0,0,0
0,1,1
0,1,1
0,1,1
0,0.8558884,1
0,1,1
0,1,1
0,0,0
0,1,1
0,1,1
0,0,0
0,0,1
0,0,1
0,1,1
0,1,1
0,1,1
0,0,1
0,0,0
0,1,1
0,1,1
0,1,1
0,1,1
0,1,1
0,0,0
0,0,0
0,0,1
0,0,0
0,1,1
0,1,1
0,0,1
0,1,1
0,0,1
0,0,0
0,0,0
0,1,1
0,1,1
0,1,1
0,1,1
0,1,1
0,1,1
0,1,1
0,0,0
0,0,0
0,1,1
0,1,1
0,0,0
0,0,0
0,0,0
0,1,1
0,1,1
0,0,1
0,0,0
0,1,1
0,1,1
0,1,1
0,1,1
0,0,0
0,0,0
0,1,1
0,1,1
0,0,1
0,0,0
0,1,1
0,1,1
0,1,1
0,0,0
0,1,1
0,1,1
0,0,0
0,1,1
0,0.9227707,1
0,1,1
0,1,1
0,1,1
0,1,1
0,1,1
0,0,0
0,1,1
0,1,1
0,1,1
0,1,1
0,1,1
0,1,1
0,0,0
0,1,1
0,1,1
0,0,0
0,0,0
0,1,1
0,0,1
0,1,1
0,1,1
0,1,1
0,1,1
0,1,1
0,0,1
0,0,0
0,1,1
0,1,1
0,1,1
0,1,1
0,0,1
0,0,0
0,1,1
0,1,1
0,1,1
0,0.8678559,1
0,0,0
0,0,1
0,0,0
0,1,1
0,1,1
0,0,0
0,1,1
0,1,1
0,1,1
0,0,0
0,0,1
0,1,1
0,1,1
0,1,1
0,0,1
0,1,1
0,1,1
0,1,1
0,1,1
0,1,1
0,0,1
0,1,1
0,0,0
0,1,1
0,0,1
0,1,1
0,1,1
0,1,1
0,0,1
0,1,1
0,1,1
0,0,0
0,0,0
0,1,1
0,0,1
0,0,0
0,0,1
0,0,0
0,1,1
0,1,1
0,0,1
0,1,1
0,0,1
0,0,1
0,1,1
0,0,1
0,1,1
0,1,1
0,1,1
0,1,1
0,0,0
0,1,1
0,0,0
0,0,1
0,1,1
0,0,1
0,0.8593847,1
0,1,1
0,1,1
0,1,1
0,1,1
0,1,1
0,1,1
0,0,0
0,1,1
0,1,1
0,1,1
0,1,1
0,1,1
0,0,0
0,1,1
0,1,1
0,0,0
0,1,1
0,1,1
0,0,0
0,0,1
0,1,1
0,0.7925276,1
0,0,0
0,1,1
0,1,1
0,1,1
0,1,1
0,0,0
0,1,1
0,0,0
0,1,1
0,0,1
0,0,0
0,0,1
0,0.7015101,1
0,1,1
0,0.7480024,1
0,0,0
0,0,0
0,1,1
0,0,1
0,0,0
0,0,0
0,0,0
0,0.8687466,1
0,1,1
0,1,1
0,0,0
0,0,0
0,0,1
0,0,1
0,1,1
0,1,1
0,0,1
0,1,1
0,1,1
0,1,1
0,1,1
0,1,1
0,0,0
0,1,1
0,0,0
0,1,1
0,1,1
0,0,0
0,0,0
0,0,0
0,1,1
0,1,1
0,0,0
0,1,1
0,1,1
0,1,1
0,1,1
0,1,1
0,0,0
0,0,1
0,0,1
0,1,1
0,0.7388283,1
0,0,0
0,1,1
0,1,1
0,0,1
0,1,1
0,1,1
0,1,1
0,1,1
0,0.878371,1
0,1,1
0,1,1
0,1,1
0,1,1
0,0,1
0,1,1
0,0,1
0,0,1
0,0,1
0,0,0
0,0,0
0,0,0
0,1,1
0,0.7533907,1
0,1,1
0,0,1
0,1,1
0,0,1
0,0,1
0,0,0
0,0,0
0,0,0
0,0,0
0,0,0
0,1,1
0,1,1
0,1,1
0,0,0
0,0,0
0,1,1
0,1,1
0,0,1
0,1,1
0,1,1
0,1,1
0,1,1
0,0,0
0,1,1
0,1,1
0,1,1
0,0,0
0,1,1
0,0,0
0,0,0
0,0.8556002,1
0,1,1
0,1,1
0,1,1
0,0,1
0,1,1
0,0,1
0,1,1
0,0,0
0,1,1
0,1,1
0,0.8628141,1
0,0,1
0,1,1
0,1,1
0,0,0
0,1,1
0,0,0
0,1,1
0,1,1
0,1,1
0,0,0
0,1,1
0,0,0
0,1,1
0,0.9232472,1
0,1,1
0,1,1
0,0,0
0,0,0
0,0,1
0,0,1
0,1,1
0,0,0
0,0,0
0,1,1
0,1,1
0,1,1
0,0,1
0,0,1
0,0,0
0,1,1
0,0,0
0,1,1
0,0,0
0,0,0
0,0,0
0,1,1
0,1,1
0,0,0
0,1,1
0,0,0
0,0,0
0,1,1
0,1,1
0,1,1
0,0,0
0,0,1
0,0,1
0,1,1
0,0,1
0,1,1
0,0,0
0,1,1
0,0,0
0,1,1
0,1,1
0,0,0
0,0,1
0,1,1
0,1,1
0,1,1
0,1,1
0,0,0
0,1,1
0,0,1
0,1,1
0,0,1
0,0,0
0,1,1
0,0,0
0,0,0
0,0,0
0,0,1
0,1,1
0,0,0
0,0,1
0,1,1
0,1,1
0,1,1
0,1,1
0,1,1
0,0,1
0,0,1
0,1,1
0,1,1
0,1,1
0,1,1
0,0,1
0,1,1
0,1,1
0,1,1
0,0,1
0,0,0
0,1,1
0,1,1
0,0,0
0,1,1
0,1,1
0,1,1
0,1,1
0,0,1
0,1,1
0,0,0
0,0,0
0,0,1
0,1,1
0,0.8673431,1
0,0,1
0,0,0
0,1,1
0,0,1
0,1,1
0,0,1
0,1,1
0,0,0
0,1,1
0,0,0
0,1,1
0,0,0
0,0,1
0,1,1
0,0,1
0,1,1
0,0,0
0,0,1
0,0,0
0,1,1
0,1,1
0,1,1
0,1,1
0,1,1
0,0,0
0,1,1
0,0,0
0,1,1
0,1,1
0,1,1
0,1,1
0,1,1
0,1,1
0,1,1
0,1,1
0,1,1
0,1,1
0,0,0
0,0,0
0,1,1
0,1,1
0,1,1
0,0,0
0,1,1
0,1,1
0,0,1
0,0,0
0,1,1
0,0,0
0,1,1
0,0.7744933,1
0,0.8609413,1
0,1,1
0,0,0
0,0,0
0,0,0
0,0,0
0,0,1
0,1,1
0,1,1
0,0,0
0,0,1
0,1,1
0,0,0
0,1,1
0,0,0
0,0,0
0,0,1
0,1,1
0,1,1
0,1,1
0,0.8596989,1
0,1,1
0,1,1
0,1,1
0,1,1
0,0,0
0,1,1
0,1,1
0,1,1
0,1,1
0,1,1
0,0,1
0,1,1
0,1,1
0,1,1
0,0,1
0,1,1
0,0,0
0,1,1
0,1,1
0,0,1
0,1,1
0,0,0
0,0,0
0,1,1
0,1,1
0,0.8629259,1
0,1,1
0,1,1
0,0,0
0,1,1
0,0,0
0,0,0
0,1,1
0,0,0
0,1,1
0,0,1
0,0,0
0,1,1
0,1,1
0,1,1
0,1,1
0,1,1
0,1,1
0,1,1
0,0,1
0,0,1
0,0.8354495,1
0,1,1
0,0,0
0,1,1
0,1,1
0,0,0
0,0,1
0,1,1
0,1,1
0,1,1
0,1,1
0,0,1
0,0,0
0,1,1
0,0,1
0,1,1
0,1,1
0,1,1
0,1,1
0,1,1
0,0,1
0,0,0
0,1,1
0,1,1
0,1,1
0,1,1
0,0,1
0,1,1
0,0.8148605,1
0,0,1
0,0,1
0,1,1
0,1,1
0,1,1
0,0,0
0,0,0
0,1,1
0,0,0
0,1,1
0,1,1
0,0,1
0,1,1
0,0,1
0,1,1
0,0,1
0,0,1
0,1,1
0,1,1
0,1,1
0,0,1
0,0,0
0,1,1
0,1,1
0,0,0
0,1,1
0,1,1
0,1,1
0,1,1
0,0,0
0,0,0
0,0,0
0,1,1
0,1,1
0,1,1
0,0,1
0,1,1
0,1,1
0,1,1
0,0.8715223,1
0,1,1
0,0,0
0,0,0
0,0,0
0,0,0
0,1,1
0,0,0
0,0,1
0,0,1
0,1,1
0,0,1
0,0,0
0,1,1
0,0,0
0,0,0
0,1,1
0,0,0
0,0,0
0,0.8641623,1
0,0,0
0,0,0
0,0.8622888,1
0,0.8609946,1
0,1,1
0,0,0
0,1,1
0,1,1
0,0,0
0,1,1
0,0,0
0,1,1
0,1,1
0,0,1
0,0,0
0,1,1
0,1,1
0,0,0
0,0,0
0,0,1
0,0,0
0,0,0
0,0,1
0,1,1
0,1,1
0,1,1
0,1,1
0,0,0
0,1,1
0,0,1
0,1,1
0,1,1
0,0,0
0,0,0
0,0,0
0,1,1
0,0,0
0,1,1
0,1,1
0,0,1
0,1,1
0,0,0
0,1,1
0,0,0
0,1,1
0,1,1
0,1,1
0,1,1
0,0,1
0,0,0
0,1,1
0,1,1
0,1,1
0,0,1
0,1,1
0,1,1
0,0,0
0,1,1
0,0,1
0,1,1
0,1,1
0,1,1
0,0,0
0,0,0
0,1,1
0,1,1
0,1,1
0,1,1
0,1,1
0,0.8591025,1
0,0,1
0,0,1
0,0,0
0,1,1
0,0,1
0,1,1
0,1,1
0,1,1
0,1,1
0,1,1
0,1,1
0,0,0
0,1,1
0,1,1
0,1,1
0,0,0
0,1,1
0,1,1
0,0,1
0,1,1
0,0,0
0,1,1
0,0,1
0,1,1
0,0,1
0,0,0
0,0,1
0,0,0
0,0,0
0,1,1
0,0,0
0,0,0
0,1,1
0,1,1
0,0,1
0,1,1
0,0,0
0,1,1
0,1,1
0,1,1
0,0,1
0,1,1
0,1,1
0,0,1
0,0,0
0,1,1
0,0,0
0,0,0
0,1,1
0,1,1
0,0,0
0,0,1
0,0,0
0,1,1
0,1,1
0,1,1
0,1,1
0,0,1
0,1,1
0,0,1
0,0,0
0,0,1
0,0,1
0,0,0
0,1,1
0,0,0
0,1,1
0,1,1
0,0,0
0,0,1
0,0,1
0,0,0
0,1,1
0,1,1
0,0.7742392,1
0,0.8604196,1
0,1,1
0,0.8677348,1
0,0,0
0,0,0
0,1,1
0,0,0
0,1,1
0,1,1
0,0,1
0,1,1
0,1,1
0,0,0
0,0,0
0,1,1
0,1,1
0,1,1
0,1,1
0,0,0
0,0,1
0,1,1
0,0,0
0,0,0
0,1,1
0,1,1
0,1,1
0,0,1
0,0,0
0,1,1
0,1,1
0,0,1
0,1,1
0,1,1
0,1,1
0,0,0
0,0,0
0,0,0
0,0,0
0,0,0
0,1,1
0,0,0
0,1,1
0,0,1
0,1,1
0,1,1
0,1,1
0,0,0
0,1,1
0,0,1
0,0,0
0,1,1
0,1,1
0,0,1
0,0,0
0,0,0
0,1,1
0,1,1
0,1,1
0,1,1
0,0.7693163,1
0,0,0
0,1,1
0,0,0
0,0,0
0,0,0
0,0,1
0,0,1
0,0,0
0,1,1
0,1,1
0,1,1
0,0,1
0,0,0
0,0,0
0,0,1
0,1,1
0,1,1
0,1,1
0,0,0
0,1,1
0,0,0
0,0,1
0,1,1
0,1,1
0,1,1
0,1,1
0,0,1
0,0,1
0,1,1
0,0,0
0,0,1
0,1,1
0,1,1
0,0.8626927,1
0,1,1
0,1,1
0,1,1
0,1,1
0,0,1
0,0,1
0,0,0
0,1,1
0,1,1
0,0,0
0,1,1
0,1,1
0,1,1
0,1,1
0,0,1
0,0,0
0,1,1
0,1,1
0,0,0
0,0,1
0,1,1
0,1,1
0,1,1
0,0,0
0,1,1
0,1,1
0,0,0
0,0,1
0,0,0
0,1,1
0,0,1
0,0,1
0,1,1
0,1,1
0,0,0
0,0,1
0,0,0
0,0,0
0,1,1
0,1,1
0,1,1
0,0,1
0,1,1
0,0.8616904,1
0,1,1
0,0,0
0,1,1
0,0,0
0,1,1
0,0,0
0,0.8576914,1
0,0,0
0,1,1
0,1,1
0,1,1
0,1,1
0,1,1
0,0,0
0,1,1
0,0,0
0,1,1
0,1,1
0,0,0
0,1,1
0,1,1
0,0,1
0,1,1
0,1,1
0,0,0
0,0,0
0,1,1
0,1,1
0,0,0
0,0,1
0,0,1
0,1,1
0,1,1
0,1,1
0,0.8605186,1
0,1,1
0,0,1
0,1,1
0,1,1
0,0,0
0,0.8592703,1
0,0,0
0,1,1
0,1,1
0,0,0
0,1,1
0,0.8634945,1
0,0,1
0,0,0
0,1,1
0,1,1
0,0,0
0,0,1
0,1,1
0,0,0
0,0,1
0,1,1
0,0,0
0,0,0
0,0,0
0,1,1
0,1,1
0,1,1
0,1,1
0,1,1
0,1,1
0,0,0
0,0,0
0,1,1
0,1,1
0,1,1
0,0,0
0,0,0
0,0,0
0,1,1
0,1,1
0,1,1
0,1,1
0,0,1
0,1,1
0,1,1
0,0,1
0,0,0
0,1,1
0,1,1
0,1,1
0,1,1
0,0,0
0,0,1
0,0,0
0,0,0
0,1,1
0,0,1
0,1,1
0,1,1
0,1,1
0,1,1
0,0,0
0,1,1
0,0,0
0,1,1
0,0,1
0,1,1
0,1,1
0,0,0
0,1,1
0,1,1
0,1,1
0,1,1
0,0.8631507,1
0,1,1
0,1,1
0,1,1
0,1,1
0,1,1
0,0,1
0,0,0
0,1,1
0,0,1
0,0,1
0,0,1
0,1,1
0,1,1
0,1,1
0,0,0
0,0,0
0,0,0
0,1,1
0,1,1
0,0,1
0,0,1
0,0,0
0,1,1
0,0.7924918,1
0,1,1
0,1,1
0,1,1
0,1,1
0,1,1
0,0,1
0,0,1
0,0,1
0,0,1
0,1,1
0,0,0
0,0,1
0,1,1
0,1,1
0,0.8642961,1
0,1,1
0,1,1
0,0,0
0,1,1
0,0.8531674,1
0,1,1
0,1,1
0,1,1
0,1,1
0,1,1
0,1,1
0,1,1
0,0,0
0,0,1
0,1,1
0,1,1
0,0,1
0,1,1
0,0,1
0,1,1
0,1,1
0,1,1
0,1,1
0,0,0
0,0,0
0,1,1
0,1,1
0,1,1
0,1,1
0,0,1
0,0,1
0,0,0
0,1,1
0,1,1
0,1,1
0,1,1
0,0.8589244,1
0,0,1
0,0,1
0,0,0
0,0,1
0,0,0
0,0,0
0,1,1
0,1,1
0,1,1
0,1,1
0,0,1
0,0,1
0,1,1
0,0,0
0,0,1
0,1,1
0,1,1
0,1,1
0,0,0
0,1,1
0,1,1
0,0,0
0,1,1
0,1,1
0,1,1
0,0,0
0,0,1
0,0,0
0,0,1
0,1,1
0,0,0
0,1,1
0,1,1
0,0,0
0,0,0
0,1,1
0,0,0
0,1,1
0,1,1
0,0,0
0,0,1
0,0,1
0,1,1
0,0,0
0,0,1
0,0.8596653,1
0,1,1
0,1,1
0,1,1
0,1,1
0,1,1
0,0,1
0,0,1
0,0,1
0,1,1
0,1,1
0,0,1
0,0,0
0,1,1
0,1,1
0,1,1
0,1,1
0,0,1
0,1,1
0,1,1
0,1,1
0,1,1
0,1,1
0,1,1
0,1,1
0,1,1
0,0,1
0,1,1
0,1,1
0,1,1
0,1,1
0,0,0
0,0,1
0,1,1
0,1,1
0,1,1
0,1,1
0,0,1
0,0,1
0,1,1
0,0,0
0,0,0
0,1,1
0,1,1
0,0,1
0,0,0
0,0,0
0,0,1
0,0,1
0,1,1
0,0,1
0,0,0
0,1,1
0,1,1
0,1,1
0,0,0
0,0,1
0,0,0
0,0,1
0,1,1
0,0,0
0,0,0
0,1,1
0,0,0
0,0,0
0,0,1
0,1,1
0,0,0
0,0,1
0,1,1
0,1,1
0,0,0
0,1,1
0,1,1
0,0,1
0,0,1
0,1,1
0,1,1
0,0,0
0,0,0
0,1,1
0,1,1
0,1,1
0,0,0
0,1,1
0,1,1
0,0,1
0,1,1
0,1,1
0,1,1
0,0,1
0,1,1
0,0.8602327,1
0,1,1
0,1,1
0,0,1
0,0,1
0,1,1
0,1,1
0,0,1
0,1,1
0,0,0
0,0,0
0,0,0
0,0,1
0,1,1
0,1,1
0,1,1
0,1,1
0,0,0
0,1,1
0,1,1
0,0,1
0,1,1
0,1,1
0,0.8606149,1
0,1,1
0,0,0
0,1,1
0,0,0
0,1,1
0,1,1
0,1,1
0,0,1
0,0,0
0,1,1
0,0,0
0,1,1
0,0,0
0,1,1
0,0,1
0,1,1
0,0,1
0,1,1
0,1,1
0,1,1
0,0,0
0,1,1
0,1,1
0,1,1
0,1,1
0,1,1
0,1,1
0,1,1
0,1,1
0,0,0
0,0,1
0,1,1
0,1,1
0,0,1
0,0,0
0,1,1
0,1,1
0,1,1
0,1,1
0,1,1
0,1,1
0,1,1
0,1,1
0,0,0
0,1,1
0,1,1
0,1,1
0,1,1
0,0.8575121,1
0,0,1
0,0,0
0,0,1
0,1,1
0,1,1
0,0,0
0,1,1
0,0,0
0,1,1
0,1,1
0,1,1
0,0,1
0,0,0
0,0,0
0,1,1
0,1,1
0,0,1
0,1,1
0,0,0
0,1,1
0,1,1
0,0,1
0,1,1
0,1,1
0,1,1
0,0,0
0,1,1
0,1,1
0,0,1
0,1,1
0,0,0
0,0,1
0,0,1
0,0,1
0,1,1
0,1,1
0,1,1
0,0,0
0,1,1
0,1,1
0,1,1
0,0,0
0,1,1
0,0,0
0,1,1
0,1,1
0,0,0
0,0,1
0,0,0
0,1,1
0,1,1
0,0,0
0,1,1
0,0,0
0,0,0
0,1,1
0,1,1
0,1,1
0,1,1
0,1,1
0,1,1
0,0,0
0,0,0
0,1,1
0,0.861986,1
0,1,1
0,1,1
0,0,1
0,1,1
0,0,1
0,1,1
0,0,0
0,1,1
0,0.7275102,1
0,0,0
0,1,1
0,0,0
0,0,0
0,1,1
0,1,1
0,1,1
0,1,1
0,1,1
0,0,0
0,1,1
0,0,1
0,0,1
0,1,1
0,1,1
0,1,1
0,1,1
0,1,1
0,0,0
0,0,0
0,1,1
0,1,1
0,0,1
0,1,1
0,0,1
0,0,1
0,0,0
0,0,1
0,1,1
0,1,1
0,0,1
0,0,1
0,0,0
0,1,1
0,1,1
0,1,1
0,1,1
0,0,0
0,0,0
0,0.7294139,1
0,1,1
0,1,1
0,1,1
0,1,1
0,1,1
0,1,1
0,1,1
0,0,0
0,0,0
0,1,1
0,1,1
0,0,1
0,1,1
0,0,0
0,0,0
0,0,1
0,0,0
0,0,0
0,0,1
0,0,0
0,0,0
0,0,1
0,1,1
0,0,0
0,0,0
0,1,1
0,0,1
0,1,1
0,1,1
0,0,0
0,1,1
0,1,1
0,0,0
0,1,1
0,1,1
0,1,1
0,0,1
0,1,1
0,1,1
0,1,1
0,0.7932856,1
0,1,1
0,1,1
0,1,1
0,1,1
0,1,1
0,1,1
0,1,1
0,1,1
0,0,0
0,0,1
0,0,1
0,1,1
0,0,1
0,1,1
0,1,1
0,1,1
0,1,1
0,1,1
0,1,1
0,1,1
0,0,0
0,1,1
0,0,0
0,0,1
0,1,1
0,0,0
0,0,1
0,1,1
0,0,0
0,1,1
0,0,0
0,0,0
0,0,0
0,0,1
0,1,1
0,1,1
0,1,1
0,1,1
0,1,1
0,0,0
0,1,1
0,0,1
0,1,1
0,1,1
0,1,1
0,0,0
0,0,0
0,0,1
0,1,1
0,0,1
0,0,0
0,0,0
0,0,1
0,1,1
0,1,1
0,0,0
0,1,1
0,0,0
0,1,1
0,1,1
0,0,0
0,0,0
0,0,1
0,0,1
0,1,1
0,1,1
0,1,1
0,0,0
0,0,0
0,1,1
0,1,1
0,1,1
0,1,1
0,1,1
0,0.8574718,1
0,1,1
0,1,1
0,0,0
0,1,1
0,1,1
0,1,1
0,1,1
0,1,1
0,1,1
0,1,1
0,0,0
0,1,1
0,1,1
0,1,1
0,0,1
0,1,1
0,1,1
0,1,1
0,1,1
0,1,1
0,1,1
0,0,1
0,1,1
0,0,0
0,1,1
0,1,1
0,0,0
0,0,1
0,0,1
0,0,1
0,1,1
0,0,1
0,1,1
0,1,1
0,1,1
0,0,1
0,0,1
0,0,1
0,0,1
0,0,1
0,0,0
0,1,1
0,1,1
0,0,1
0,1,1
0,1,1
0,1,1
0,1,1
0,1,1
0,1,1
0,0,1
0,1,1
0,1,1
0,1,1
0,0,1
0,0,0
0,1,1
0,1,1
0,0,1
0,0,0
0,0,0
0,1,1
0,1,1
0,1,1
0,1,1
0,0,0
0,1,1
0,1,1
0,0.9175577,1
0,1,1
0,0,0
0,1,1
0,1,1
0,1,1
0,1,1
0,0,1
0,0,1
0,0,1
0,1,1
0,0,0
0,0,1
0,1,1
0,0,1
0,1,1
0,0,1
0,0,1
0,1,1
0,1,1
0,1,1
0,1,1
0,0,1
0,1,1
0,1,1
0,0,0
0,1,1
0,1,1
0,1,1
0,1,1
0,1,1
0,1,1
0,0,0
0,1,1
0,0,1
0,0.836131,1
0,0,0
0,0,0
0,0,0
0,1,1
0,1,1
0,1,1
0,0,0
0,0,0
0,1,1
0,0,1
0,0,0
0,1,1
0,0.7095637,1
0,0,0
0,1,1
0,0,1
0,0,1
0,1,1
0,0,0
0,1,1
0,1,1
0,1,1
0,1,1
0,0,0
0,0,0
0,0,1
0,1,1
0,0,0
0,1,1
0,0,0
0,0,1
0,0,0
0,1,1
0,0,1
0,1,1
0,1,1
0,0,1
0,1,1
0,0,0
0,1,1
0,0,0
0,1,1
0,0,0
0,1,1
0,1,1
0,1,1
0,0,1
0,1,1
0,1,1
0,1,1
0,0,0
0,1,1
0,1,1
0,0,0
0,0,0
0,0,0
0,1,1
0,1,1
0,0,0
0,1,1
0,0,1
0,1,1
0,1,1
0,0.7790633,1
0,1,1
0,1,1
0,0,0
0,1,1
0,1,1
0,1,1
0,0,0
0,0,0
0,1,1
0,1,1
0,0,0
0,1,1
0,0,0
0,1,1
0,0,0
0,1,1
0,0,1
0,0,1
0,0,1
0,1,1
0,1,1
0,1,1
0,1,1
0,1,1
0,0,0
0,0,0
0,1,1
0,0,0
0,0,1
0,0,0
0,1,1
0,1,1
0,0,1
0,1,1
0,1,1
0,1,1
0,1,1
0,1,1
0,1,1
0,0,0
0,1,1
0,0,1
0,1,1
0,1,1
0,1,1
0,1,1
0,1,1
0,1,1
0,1,1
0,0,1
0,1,1
0,1,1
0,0,1
0,1,1
0,0,0
0,1,1
0,1,1
0,0,1
0,1,1
0,1,1
0,1,1
0,0,0
0,0,0
0,1,1
0,1,1
0,1,1
0,1,1
0,0,0
0,1,1
0,1,1
0,1,1
0,0,1
0,1,1
0,1,1
0,0,0
0,1,1
0,1,1
0,0,1
0,1,1
0,0.8948015,1
0,1,1
0,1,1
0,1,1
0,0,1
0,1,1
0,0,0
0,0.8623689,1
0,0,0
0,1,1
0,1,1
0,1,1
0,0,0
0,1,1
0,1,1
0,1,1
0,1,1
0,0,1
0,0,0
0,1,1
0,1,1
0,0,0
0,1,1
0,1,1
0,1,1
0,1,1
0,0,0
0,1,1
0,1,1
0,1,1
0,0,1
0,0,0
0,0,0
0,1,1
0,0.871968,1
0,1,1
0,0.8670069,1
0,0,0
0,0,1
0,1,1
0,1,1
0,0,1
0,1,1
0,0,0
0,0,0
0,0,0
0,0,0
0,0,0
0,1,1
0,1,1
0,1,1
0,0,1
0,1,1
0,1,1
0,0.8985459,1
0,1,1
0,0,0
0,0,1
0,0,0
0,0,0
0,0.7914997,1
0,1,1
0,0,1
0,1,1
0,1,1
0,0,0
0,0,0
0,1,1
0,1,1
0,1,1
0,1,1
0,1,1
0,0.7394389,1
0,1,1
0,0,1
0,0,1
0,1,1
0,0,1
0,0.8822473,1
0,0,0
0,1,1
0,1,1
0,1,1
0,0,0
0,1,1
0,1,1
0,1,1
0,0,1
0,1,1
0,1,1
0,0,0
0,1,1
0,1,1
0,1,1
0,0,0
0,0,0
0,1,1
0,1,1
0,1,1
0,1,1
0,1,1
0,1,1
0,1,1
0,0,0
0,0,0
0,1,1
0,0,1
0,1,1
0,1,1
0,1,1
0,1,1
0,1,1
0,1,1
0,1,1
0,0,0
0,0,1
0,1,1
0,1,1
0,0,1
0,1,1
0,1,1
0,0,0
0,1,1
0,1,1
0,1,1
0,1,1
0,0,1
0,1,1
0,1,1
0,0,0
0,0,1
0,0,0
0,0,0
0,0,0
0,1,1
0,0,0
0,1,1
0,0,0
0,1,1
0,1,1
0,0,1
0,0,1
0,1,1
0,1,1
0,0,0
0,0,1
0,1,1
0,1,1
0,1,1
0,0.8698401,1
0,0,1
0,1,1
0,0,0
0,1,1
0,1,1
0,1,1
0,0,1
0,1,1
0,0,0
0,1,1
0,1,1
0,1,1
0,0,0
0,1,1
0,0.8593618,1
0,0,1
0,1,1
0,1,1
0,1,1
0,1,1
0,1,1
0,1,1
0,1,1
0,1,1
0,0,0
0,1,1
0,1,1
0,0,1
0,0,1
0,1,1
0,0,1
0,1,1
0,0,0
0,0,1
0,0,0
0,0,1
0,1,1
0,1,1
0,0,0
0,1,1
0,1,1
0,1,1
0,1,1
0,0,0
0,1,1
0,0,0
0,1,1
0,1,1
0,1,1
0,1,1
0,0,0
0,1,1
0,1,1
0,1,1
0,1,1
0,1,1
0,1,1
0,0,0
0,1,1
0,1,1
0,1,1
0,1,1
0,1,1
0,1,1
0,0,0
0,0,0
0,1,1
0,0,1
0,1,1
0,1,1
0,0,0
0,1,1
0,0,0
0,1,1
0,1,1
0,1,1
0,0,1
0,0,1
0,0,0
0,0,1
0,0,0
0,0,0
0,0,1
0,0,0
0,1,1
0,1,1
0,1,1
0,0,0
0,1,1
0,0,1
0,1,1
0,0,0
0,0,1
0,1,1
0,0,0
0,0,1
0,1,1
0,0.857788,1
0,1,1
0,1,1
0,1,1
0,1,1
0,1,1
0,1,1
0,0,0
0,0.8671943,1
0,1,1
0,0,1
0,1,1
0,1,1
0,1,1
0,0,0
0,1,1
0,1,1
0,1,1
0,0,0
0,1,1
0,1,1
0,1,1
0,0,0
0,1,1
0,1,1
0,1,1
0,1,1
0,1,1
0,0,1
0,0,1
0,1,1
0,0,0
0,0,1
0,0,0
0,1,1
0,1,1
0,1,1
0,1,1
0,1,1
0,0,0
0,1,1
0,1,1
0,0,0
0,1,1
0,1,1
0,1,1
0,1,1
0,1,1
0,1,1
0,1,1
0,0,0
0,0,1
0,0,1
0,0,0
0,1,1
0,0,0
0,0,0
0,1,1
0,1,1
0,1,1
0,0,1
0,1,1
0,1,1
0,0,0
0,1,1
0,0,0
0,1,1
0,0,0
0,1,1
0,1,1
0,1,1
0,0,0
0,0,0
0,1,1
0,1,1
0,0,0
0,1,1
0,1,1
0,0,0
0,0.8728975,1
0,0,1
0,1,1
0,1,1
0,0,1
0,1,1
0,1,1
0,1,1
0,0,0
0,1,1
0,0,0
0,1,1
0,1,1
0,1,1
0,0,0
0,1,1
0,0,0
0,0.8792032,1
0,0.8588566,1
0,1,1
0,1,1
0,1,1
0,1,1
0,1,1
0,0,0
0,0,1
0,0.7624999,1
0,1,1
0,0,1
0,0,1
0,0,1
0,1,1
0,1,1
0,1,1
0,1,1
0,0,0
0,0,1
0,1,1
0,0,1
0,1,1
0,1,1
0,0,1
0,1,1
0,0,0
0,1,1
0,1,1
0,1,1
0,1,1
0,1,1
0,1,1
0,0,0
0,1,1
0,1,1
0,0.861225,1
0,0,0
0,0.8592864,1
0,0,1
0,1,1
0,0.7562875,1
0,0,0
0,0,1
0,0,0
0,1,1
0,0,1
0,1,1
0,0,0
0,0,1
0,0,1
0,0,1
0,1,1
0,1,1
0,1,1
0,0,0
0,1,1
0,1,1
0,1,1
0,0,0
0,1,1
0,1,1
0,0,0
0,0,1
0,0,0
0,0,0
0,0,0
0,1,1
0,1,1
0,1,1
0,0,0
0,1,1
0,1,1
0,1,1
0,0,1
0,1,1
0,1,1
0,0,0
0,1,1
0,0,1
0,1,1
0,1,1
0,1,1
0,0,1
0,1,1
0,1,1
0,1,1
0,1,1
0,0,1
0,1,1
0,1,1
0,1,1
0,0.8789109,1
0,0,0
0,1,1
0,1,1
0,0,0
0,0,1
0,0,1
0,1,1
0,0,0
0,1,1
0,1,1
0,0,1
0,1,1
0,1,1
0,0,1
0,0,0
0,0,1
0,1,1
0,1,1
0,0,0
0,1,1
0,1,1
0,0,0
0,1,1
0,1,1
0,0,0
0,0,0
0,1,1
0,1,1
0,0,1
0,1,1
0,1,1
0,0,0
0,1,1
0,1,1
0,0,1
0,1,1
0,1,1
0,1,1
0,0,0
0,0,0
0,0,1
0,0,1
0,1,1
0,0,1
0,1,1
0,1,1
0,1,1
0,1,1
0,0,0
0,0,0
0,0,0
0,0,0
0,1,1
0,1,1
0,1,1
0,0,1
0,0,0
0,0,0
0,1,1
0,1,1
0,1,1
0,1,1
0,0,0
0,1,1
0,0,0
0,0,0
0,1,1
0,0,0
0,1,1
0,0,0
0,1,1
0,1,1
0,0,0
0,0,0
0,1,1
0,1,1
0,1,1
0,1,1
0,0,1
0,0,0
0,1,1
0,1,1
0,1,1
0,0,0
0,0,0
0,1,1
0,0.8615438,1
0,1,1
0,1,1
0,1,1
0,0,0
0,0,0
0,0,0
0,1,1
0,0,0
0,0,1
0,0.8600762,1
0,1,1
0,0,1
0,1,1
0,0,0
0,1,1
0,1,1
0,1,1
0,0,0
0,1,1
0,0,0
0,0,0
0,1,1
0,1,1
0,0.8666526,1
0,1,1
0,1,1
0,1,1
0,1,1
0,0.854118,1
0,0.8773066,1
0,1,1
0,1,1
0,1,1
0,0,0
0,0,0
0,0,0
0,1,1
0,1,1
0,0,0
0,1,1
0,0,0
0,0,0
0,1,1
0,1,1
0,0,1
0,1,1
0,1,1
0,1,1
0,1,1
0,1,1
0,1,1
0,1,1
0,1,1
0,0,1
0,0,0
0,0,1
0,1,1
0,1,1
0,0,0
0,0,0
0,1,1
0,0,1
0,1,1
0,1,1
0,0,0
0,1,1
0,1,1
0,1,1
0,1,1
0,0,1
0,1,1
0,1,1
0,1,1
0,0,1
0,1,1
0,1,1
0,1,1
0,0,0
0,0,0
0,0,1
0,0.8493055,1
0,0,1
0,0,1
0,0,0
0,1,1
0,0,1
0,0,0
0,1,1
0,1,1
0,0,0
0,0,1
0,0,1
0,1,1
0,0,0
0,0,0
0,1,1
0,0,1
0,0,1
0,1,1
0,1,1
0,0,1
0,0,1
0,1,1
0,1,1
0,1,1
0,0,1
0,1,1
0,0,0
0,1,1
0,1,1
0,1,1
0,1,1
0,1,1
0,0,0
0,1,1
0,1,1
0,0,0
0,1,1
0,1,1
0,0,1
0,0,1
0,0,0
0,0,0
0,1,1
0,1,1
0,0,1
0,1,1
0,1,1
0,1,1
0,0,0
0,1,1
0,1,1
0,0,1
0,0,0
0,0,1
0,1,1
0,1,1
0,0,0
0,1,1
0,1,1
0,1,1
0,1,1
0,0,0
0,0,0
0,1,1
0,1,1
0,0.8594185,1
0,0,1
0,1,1
0,0,0
0,0,0
0,1,1
0,1,1
0,1,1
0,0,0
0,1,1
0,0,0
0,1,1
0,1,1
0,0,1
0,0,0
0,1,1
0,1,1
0,1,1
0,0,0
0,0,0
0,0,1
0,0,1
0,0,0
0,1,1
0,1,1
0,0,0
0,0,0
0,0,1
0,1,1
0,1,1
0,0,0
0,1,1
0,1,1
0,0,1
0,0.8587352,1
0,0,0
0,1,1
0,0,1
0,1,1
0,0,1
0,1,1
0,1,1
0,1,1
0,1,1
0,1,1
0,0,1
0,0,1
0,0,1
0,1,1
0,0,1
0,1,1
0,0.8566626,1
0,0,1
0,1,1
0,1,1
0,1,1
0,1,1
0,1,1
0,0,1
0,1,1
0,1,1
0,0,0
0,1,1
0,1,1
0,0,1
0,1,1
0,0,1
0,1,1
0,1,1
0,0,0
0,1,1
0,0,1
0,1,1
0,0,0
0,1,1
0,0,0
0,1,1
0,1,1
0,0,1
0,1,1
0,0,1
0,1,1
0,1,1
0,1,1
0,1,1
0,0,0
0,0,1
0,0.7385532,1
0,0,0
0,1,1
0,0,1
0,0,0
0,1,1
0,1,1
0,1,1
0,0,0
0,0,0
0,1,1
0,0,0
0,1,1
0,0,0
0,0,1
0,1,1
0,1,1
0,1,1
0,1,1
0,1,1
0,1,1
0,0,0
0,1,1
0,0,0
0,0,0
0,0,1
0,0,0
0,1,1
0,0,0
0,0,0
0,1,1
0,1,1
0,1,1
0,1,1
0,1,1
0,1,1
0,0,1
0,1,1
0,0,0
0,1,1
0,1,1
0,1,1
0,1,1
0,0,1
0,1,1
0,0,0
0,0,1
0,0,1
0,0,1
0,0,1
0,1,1
0,1,1
0,1,1
0,0,1
0,1,1
0,0,0
0,1,1
0,1,1
0,1,1
0,1,1
0,0,1
0,1,1
0,1,1
0,1,1
0,0,0
0,0,0
0,1,1
0,0,0
0,0,1
0,0,0
0,1,1
0,0,0
0,1,1
0,1,1
0,1,1
0,1,1
0,1,1
0,1,1
0,0,0
0,1,1
0,1,1
0,0,0
0,1,1
0,1,1
0,1,1
0,0,1
0,1,1
0,1,1
0,1,1
0,0,0
0,0,1
0,1,1
0,1,1
0,0,0
0,0,1
0,1,1
0,1,1
0,1,1
0,0,1
0,1,1
0,0,0
0,1,1
0,1,1
0,0,1
0,1,1
0,1,1
0,0,0
0,1,1
0,1,1
0,0,1
0,1,1
0,1,1
0,1,1
0,1,1
0,1,1
0,1,1
0,1,1
0,1,1
0,1,1
0,0,0
0,1,1
0,1,1
0,1,1
0,0,0
0,0,1
0,0,0
0,0,0
0,1,1
0,1,1
0,1,1
0,1,1
0,1,1
0,0,1
0,0,1
0,1,1
0,1,1
0,0.8109769,1
0,0,0
0,0,0
0,1,1
0,0,0
0,1,1
0,1,1
0,1,1
0,0,0
0,1,1
0,0,1
0,0,0
0,1,1
0,1,1
0,1,1
0,1,1
0,0,0
0,0,1
0,0,1
0,1,1
0,0,0
0,1,1
0,0,0
0,1,1
0,0,1
0,0,0
0,0,1
0,0,0
0,0,1
0,1,1
0,1,1
0,1,1
0,1,1
0,0,0
0,0.8662316,1
0,0,1
0,1,1
0,0,1
0,0.8655324,1
0,1,1
0,1,1
0,0,0
0,0,0
0,1,1
0,1,1
0,1,1
0,1,1
0,1,1
0,1,1
0,1,1
0,1,1
0,1,1
0,0,0
0,1,1
0,0,1
0,1,1
0,0,1
0,0,0
0,1,1
0,0,1
0,0,0
0,1,1
0,1,1
0,1,1
0,1,1
0,0,0
0,0,1
0,1,1
0,1,1
0,1,1
0,1,1
0,1,1
0,1,1
0,1,1
0,1,1
0,1,1
0,0,1
0,0,0
0,0,1
0,1,1
0,0,1
0,1,1
0,0,0
0,0,0
0,1,1
0,0,1
0,1,1
0,1,1
0,0,0
0,1,1
0,1,1
0,0,0
0,1,1
0,1,1
0,1,1
0,1,1
0,1,1
0,1,1
0,1,1
0,0,1
0,0,0
0,1,1
0,1,1
0,1,1
0,0,0
0,0,1
0,0,0
0,1,1
0,1,1
0,1,1
0,1,1
0,1,1
0,1,1
0,1,1
0,0,0
0,1,1
0,1,1
0,0,1
0,1,1
0,1,1
0,0,0
0,1,1
0,0,1
0,1,1
0,1,1
0,1,1
0,0,0
0,1,1
0,1,1
0,1,1
0,0,0
0,1,1
0,1,1
0,1,1
0,0,1
0,1,1
0,0,0
0,1,1
0,1,1
0,0,1
0,1,1
0,1,1
0,0.8221756,1
0,1,1
0,1,1
0,1,1
0,1,1
0,0,1
0,1,1
0,0,0
0,0,1
0,0,0
0,0,0
0,0,0
0,0,0
0,1,1
0,0,0
0,1,1
0,1,1
0,1,1
0,1,1
0,0,0
0,0,1
0,0,0
0,0,0
0,0,1
0,1,1
0,1,1
0,1,1
0,1,1
0,1,1
0,1,1
0,1,1
0,1,1
0,0,1
0,1,1
0,1,1
0,0,0
0,0,0
0,1,1
0,0,0
0,1,1
0,1,1
0,0,0
0,0.8407243,1
0,0,1
0,1,1
0,1,1
0,0,0
0,1,1
0,0,0
0,0,1
0,0,0
0,0,0
0,1,1
0,0,1
0,1,1
0,0,0
0,1,1
0,1,1
0,0,1
0,0,1
0,1,1
0,0,1
0,0,0
0,0,0
0,0,1
0,1,1
0,0,0
0,1,1
0,0,0
0,1,1
0,0,0
0,0,0
0,1,1
0,0,0
0,1,1
0,0,0
0,1,1
0,1,1
0,1,1
0,1,1
0,1,1
0,1,1
0,0,1
0,0,1
0,1,1
0,0,0
0,0,1
0,1,1
0,1,1
0,0,0
0,1,1
0,0,0
0,0,0
0,1,1
0,0,0
0,0,0
0,1,1
0,1,1
0,1,1
0,1,1
0,0,0
0,1,1
0,1,1
0,0,0
0,1,1
0,0,0
0,1,1
0,1,1
0,1,1
0,0.8683594,1
0,0,1
0,0,0
0,0,1
0,0,1
0,0,1
0,0,0
0,1,1
0,0,1
0,1,1
0,0,0
0,1,1
0,1,1
0,1,1
0,1,1
0,0,1
0,1,1
0,1,1
0,0,0
0,0,1
0,1,1
0,1,1
0,1,1
0,1,1
0,0,1
0,1,1
0,0,0
0,1,1
0,1,1
0,1,1
0,1,1
0,0,0
0,1,1
0,0,1
0,1,1
0,1,1
0,0,1
0,1,1
0,0,1
0,1,1
0,1,1
0,0,0
0,0.7892982,1
0,0.8675286,1
0,0,1
0,1,1
0,1,1
0,0,0
0,1,1
0,0,1
0,0.8765947,1
0,0,1
0,0,1
0,0,0
0,0,0
0,0,0
0,1,1
0,0,0
0,0,1
0,0,0
0,1,1
0,1,1
0,1,1
0,1,1
0,1,1
0,0,0
0,1,1
0,1,1
0,0,0
0,1,1
0,0,1
0,1,1
0,1,1
0,0,0
0,0,1
0,1,1
0,0,1
0,1,1
0,0,1
0,0,0
0,1,1
0,1,1
0,1,1
0,0,1
0,0,0
0,1,1
0,0,0
0,0,0
0,1,1
0,1,1
0,0,0
0,0,1
0,1,1
0,0,1
0,1,1
0,0,0
0,1,1
0,0,0
0,0,0
0,1,1
0,0,0
0,0,1
0,0,1
0,1,1
0,0,0
0,1,1
0,1,1
0,1,1
0,0,0
0,1,1
0,0,1
0,0,0
0,1,1
0,0.8537942,1
0,0,0
0,1,1
0,0,0
0,1,1
0,0,0
0,0,1
0,0,0
0,0,0
0,1,1
0,1,1
0,1,1
0,1,1
0,1,1
0,0,0
0,1,1
0,1,1
0,1,1
0,0,0
0,1,1
0,0,0
0,1,1
0,0,0
0,0,0
0,0,0
0,0,1
0,1,1
0,1,1
0,1,1
0,1,1
0,0,0
0,0,0
0,0,1
0,0,0
0,1,1
0,1,1
0,0,1
0,1,1
0,0.7565438,1
0,1,1
0,1,1
0,0,0
0,1,1
0,1,1
0,0,1
0,1,1
0,1,1
0,1,1
0,1,1
0,0,0
0,1,1
0,1,1
0,0.8665446,1
0,0,1
0,1,1
0,0,0
0,1,1
0,1,1
0,1,1
0,0,0
0,0,1
0,0,0
0,1,1
0,1,1
0,1,1
0,1,1
0,0,0
0,0,1
0,1,1
0,1,1
0,1,1
0,1,1
0,1,1
0,1,1
0,0,0
0,1,1
0,1,1
0,0,0
0,0,1
0,0,1
0,1,1
0,0.8654777,1
0,1,1
0,1,1
0,1,1
0,0,0
0,1,1
0,1,1
0,0,1
0,1,1
0,0,1
0,1,1
0,0,0
0,1,1
0,0,1
0,1,1
0,1,1
0,0,0
0,1,1
0,1,1
0,1,1
0,1,1
0,1,1
0,1,1
0,1,1
0,0,0
0,0,0
0,1,1
0,0,0
0,0,0
0,1,1
0,1,1
0,1,1
0,1,1
0,1,1
0,1,1
0,0,1
0,1,1
0,0,0
0,1,1
0,0,1
0,1,1
0,0,1
0,1,1
0,0,1
0,1,1
0,0,0
0,1,1
0,0,0
0,0,0
0,1,1
0,0,0
0,1,1
0,0,0
0,1,1
0,1,1
0,1,1
0,1,1
0,1,1
0,1,1
0,1,1
0,1,1
0,0,1
0,0,0
0,1,1
0,0,0
0,0,0
0,0,1
0,0,1
0,0,1
0,0,1
0,1,1
0,1,1
0,0,1
0,1,1
0,0,1
0,1,1
0,1,1
0,1,1
0,0,0
0,1,1
0,1,1
0,1,1
0,0,0
0,0,0
0,1,1
0,1,1
0,0,1
0,1,1
0,0,0
0,1,1
0,1,1
0,1,1
0,1,1
0,1,1
0,1,1
0,0,0
0,0,0
0,1,1
0,0,0
0,0,1
0,1,1
0,0,0
0,0,1
0,1,1
0,1,1
0,1,1
0,1,1
0,0,0
0,1,1
0,0,1
0,0,0
0,1,1
0,0,1
0,1,1
0,1,1
0,1,1
0,1,1
0,1,1
0,0,1
0,0,0
0,0,1
0,1,1
0,1,1
0,1,1
0,0,0
0,1,1
0,1,1
0,1,1
0,0,1
0,1,1
0,0.8672205,1
0,0,1
0,0,1
0,1,1
0,1,1
0,1,1
0,1,1
0,0,0
0,1,1
0,1,1
0,0,0
0,1,1
0,0,1
0,1,1
0,1,1
0,1,1
0,0,0
0,0.8585279,1
0,1,1
0,1,1
0,0,0
0,0.866555,1
0,1,1
0,0.8648032,1
0,1,1
0,1,1
0,1,1
0,1,1
0,0,1
0,0.734026,1
0,0,1
0,1,1
0,0,1
0,1,1
0,0,0
0,0,1
0,0,0
0,1,1
0,0.8760062,1
0,1,1
0,1,1
0,1,1
0,1,1
0,1,1
0,1,1
0,1,1
0,1,1
0,1,1
0,1,1
0,1,1
0,0.8805252,1
0,0.8582784,1
0,1,1
0,1,1
0,1,1
0,0,0
0,1,1
0,1,1
0,1,1
0,1,1
0,1,1
0,0,0
0,1,1
0,0,1
0,0,1
0,1,1
0,1,1
0,1,1
0,0,1
0,1,1
0,0,1
0,1,1
0,0,0
0,0.8550597,1
0,0,0
0,1,1
0,1,1
0,1,1
0,0,0
0,0,1
0,0,0
0,0,1
0,0,0
0,1,1
0,0,1
0,0,1
0,1,1
0,1,1
0,1,1
0,0,0
0,0.7969059,1
0,0,0
0,1,1
0,0,0
0,0,0
0,1,1
0,1,1
0,1,1
0,0,0
0,0,1
0,1,1
0,1,1
0,1,1
0,1,1
0,0,1
0,1,1
0,1,1
0,0,1
0,0,0
0,1,1
0,1,1
0,1,1
0,1,1
0,0,1
0,1,1
0,1,1
0,1,1
0,1,1
0,1,1
0,1,1
0,1,1
0,1,1
0,1,1
0,0,1
0,0,1
0,0,1
0,1,1
0,1,1
0,0,0
0,1,1
0,1,1
0,0,1
0,1,1
0,1,1
0,1,1
0,1,1
0,1,1
0,1,1
0,1,1
0,1,1
0,0,0
0,1,1
0,0,1
0,0,0
0,1,1
0,1,1
0,1,1
0,0,1
0,1,1
0,1,1
0,0,0
0,1,1
0,1,1
0,1,1
0,0,1
0,0,1
0,1,1
0,1,1
0,0,0
0,0,0
0,1,1
0,0,1
0,0,1
0,1,1
0,1,1
0,1,1
0,1,1
0,1,1
0,1,1
0,0,1
0,0,0
0,0.911436,1
0,1,1
0,0,1
0,1,1
0,1,1
0,1,1
0,1,1
0,1,1
0,1,1
0,1,1
0,0,0
0,1,1
0,1,1
0,0,1
0,1,1
0,0,0
0,0,0
0,1,1
0,0,1
0,1,1
0,1,1
0,1,1
0,1,1
0,0,0
0,1,1
0,1,1
0,1,1
0,0,0
0,1,1
0,1,1
0,1,1
0,0,0
0,1,1
0,1,1
0,0,0
0,1,1
0,1,1
0,1,1
0,0,1
0,0,0
0,1,1
0,1,1
0,0,0
0,0,0
0,1,1
0,1,1
0,1,1
0,0.8552972,1
0,0,1
0,0,0
0,1,1
0,1,1
0,0,0
0,1,1
0,1,1
0,1,1
0,0,0
0,1,1
0,0,0
0,0,0
0,1,1
0,1,1
0,1,1
0,0,1
0,0,0
0,0,0
0,0.86507,1
0,1,1
0,0,1
0,1,1
0,0,0
0,1,1
0,0,0
0,1,1
0,1,1
0,0,0
0,1,1
0,1,1
0,0,1
0,1,1
0,1,1
0,0,0
0,1,1
0,1,1
0,0,0
0,0,1
0,1,1
0,0,0
0,0,0
0,0,1
0,0,0
0,1,1
0,1,1
0,1,1
0,1,1
0,0,1
0,0,1
0,0,0
0,0,0
0,1,1
0,0,0
0,0,1
0,1,1
0,1,1
0,1,1
0,1,1
0,1,1
0,0,1
0,0,1
0,0,1
0,0,0
0,1,1
0,0,0
0,0,1
0,1,1
0,0,0
0,0.8581153,1
0,0,0
0,0,0
0,0,1
0,1,1
0,0,1
0,0,1
0,0,0
0,1,1
0,1,1
0,1,1
0,1,1
0,0,1
0,1,1
0,0,0
0,1,1
0,1,1
0,1,1
0,0,0
0,0,0
0,0,0
0,0,0
0,0,1
0,0,0
0,0,0
0,1,1
0,1,1
0,0,0
0,1,1
0,1,1
0,1,1
0,1,1
0,1,1
0,1,1
0,1,1
0,1,1
0,1,1
0,1,1
0,0,0
0,1,1
0,0,1
0,1,1
0,0,0
0,1,1
0,1,1
0,1,1
0,0,0
0,0,0
0,1,1
0,1,1
0,1,1
0,0,0
0,1,1
0,1,1
0,0,0
0,0,0
0,0,1
0,1,1
0,1,1
0,0,1
0,0,0
0,0,0
0,1,1
0,0,0
0,1,1
0,1,1
0,1,1
0,1,1
0,1,1
0,1,1
0,0,0
0,0,0
0,1,1
0,1,1
0,1,1
0,1,1
0,0,0
0,1,1
0,0,1
0,0,0
0,0,1
0,1,1
0,0,1
0,0,1
0,0,0
0,1,1
0,1,1
0,1,1
0,0,1
0,0,0
0,0,1
0,1,1
0,1,1
0,1,1
0,1,1
0,0,0
0,1,1
0,0,0
0,0,0
0,0,0
0,0,1
0,1,1
0,0,1
0,1,1
0,0,0
0,0,1
0,0,1
0,1,1
0,0,1
0,1,1
0,1,1
0,1,1
0,1,1
0,0,1
0,0,1
0,1,1
0,1,1
0,1,1
0,0,0
0,1,1
0,0,0
0,0,0
0,1,1
0,1,1
0,0,1
0,0,1
0,1,1
0,1,1
0,0,1
0,1,1
0,0,0
0,1,1
0,1,1
0,0,1
0,1,1
0,1,1
0,1,1
0,1,1
0,0,0
0,1,1
0,0,1
0,0,0
0,0,1
0,0,0
0,0,0
0,1,1
0,1,1
0,1,1
0,1,1
0,1,1
0,1,1
0,0,0
0,1,1
0,0,0
0,1,1
0,1,1
0,0,1
0,1,1
0,1,1
0,1,1
0,1,1
0,0,1
0,0,1
0,1,1
0,0,1
0,1,1
0,1,1
0,0,0
0,0,0
0,0,1
0,0,1
0,1,1
0,0,0
0,1,1
0,0,1
0,0,1
0,0,0
0,1,1
0,1,1
0,1,1
0,1,1
0,0,1
0,1,1
0,0,1
0,1,1
0,1,1
0,1,1
0,0,0
0,0,1
0,0,1
0,1,1
0,0,0
0,0,0
0,0,1
0,1,1
0,0,0
0,0,0
0,1,1
0,1,1
0,0,0
0,0,1
0,0,0
0,1,1
0,1,1
0,0.8690488,1
0,0.8629116,1
0,0,1
0,1,1
0,1,1
0,1,1
0,0,0
0,0.8635558,1
0,0,1
0,1,1
0,0.7741185,1
0,0,0
0,1,1
0,0,1
0,0,0
0,0,0
0,1,1
0,1,1
0,1,1
0,0,0
0,1,1
0,1,1
0,0,1
0,1,1
0,0,0
0,1,1
0,1,1
0,0,0
0,0,0
0,1,1
0,0,0
0,0,0
0,1,1
0,0,0
0,1,1
0,0,0
0,0,0
0,0,1
0,0,0
0,0,0
0,1,1
0,0,0
0,0,0
0,1,1
0,0,1
0,1,1
0,0,0
0,0,1
0,0,0
0,1,1
0,0,0
0,1,1
0,1,1
0,1,1
0,1,1
0,0,0
0,1,1
0,0,0
0,1,1
0,1,1
0,1,1
0,1,1
0,0,0
0,1,1
0,1,1
0,0,0
0,1,1
0,1,1
0,1,1
0,1,1
0,1,1
0,1,1
0,0,1
0,1,1
0,0,0
0,0,1
0,0,0
0,1,1
0,0,1
0,0,0
0,0,0
0,0,0
0,1,1
0,1,1
0,1,1
0,1,1
0,1,1
0,0,0
0,1,1
0,1,1
0,0,0
0,1,1
0,1,1
0,0,0
0,0,0
0,1,1
0,1,1
0,1,1
0,1,1
0,1,1
0,1,1
0,1,1
0,0,1
0,0,1
0,1,1
0,1,1
0,1,1
0,1,1
0,0,0
0,1,1
0,1,1
0,1,1
0,0,0
0,0,1
0,1,1
0,0,1
0,1,1
0,1,1
0,1,1
0,0,0
0,0,1
0,1,1
0,1,1
0,0,1
0,0,1
0,1,1
0,0,0
0,0,0
0,1,1
0,0,1
0,1,1
0,1,1
0,1,1
0,1,1
0,1,1
0,1,1
0,0,0
0,1,1
0,1,1
0,0,0
0,0,1
0,1,1
0,0,1
0,1,1
0,1,1
0,1,1
0,0,1
0,0,1
0,0,0
0,1,1
0,0,1
0,0,0
0,1,1
0,1,1
0,0,0
0,1,1
0,0,0
0,1,1
0,1,1
0,1,1
0,1,1
0,0,0
0,0,1
0,0,1
0,1,1
0,0,1
0,1,1
0,1,1
0,0,1
0,1,1
0,1,1
0,0,1
0,1,1
0,0,0
0,1,1
0,1,1
0,0,1
0,0,0
0,0,1
0,0,0
0,0.8545099,1
0,0,1
0,0,0
0,1,1
0,1,1
0,0,0
0,1,1
0,0,0
0,0,0
0,0,0
0,0,1
0,1,1
0,1,1
0,1,1
0,0,0
0,1,1
0,0,0
0,0,0
0,1,1
0,1,1
0,0,1
0,1,1
0,1,1
0,0,0
0,1,1
0,1,1
0,1,1
0,1,1
0,1,1
0,1,1
0,0,0
0,0,1
0,1,1
0,1,1
0,1,1
0,0,0
0,0,0
0,0,0
0,0,0
0,1,1
0,0,0
0,1,1
0,1,1
0,1,1
0,1,1
0,1,1
0,1,1
0,0,1
0,0,0
0,1,1
0,1,1
0,1,1
0,0,1
0,1,1
0,1,1
0,0,0
0,1,1
0,1,1
0,1,1
0,1,1
0,0,0
0,0,1
0,1,1
0,1,1
0,0,0
0,1,1
0,1,1
0,0,0
0,1,1
0,0,0
0,0,1
0,0,1
0,0,1
0,0,0
0,1,1
0,0,0
0,1,1
0,1,1
0,0.8656437,1
0,1,1
0,1,1
0,0,0
0,0,1
0,1,1
0,1,1
0,1,1
0,0,0
0,0,1
0,1,1
0,0,0
0,1,1
0,1,1
0,0,0
0,0,1
0,0,0
0,1,1
0,1,1
0,0,1
0,1,1
0,1,1
0,1,1
0,1,1
0,0,1
0,1,1
0,0,0
0,0,0
0,1,1
0,0,0
0,0,1
0,0,1
0,1,1
0,0,0
0,1,1
0,1,1
0,1,1
0,0,1
0,0,1
0,1,1
0,0,1
0,1,1
0,1,1
0,0,0
0,1,1
0,1,1
0,1,1
0,1,1
0,1,1
0,0,0
0,1,1
0,0,0
0,1,1
0,0,0
0,1,1
0,1,1
0,1,1
0,1,1
0,1,1
0,0,0
0,1,1
0,0,1
0,0,0
0,1,1
0,0.875793,1
0,1,1
0,1,1
0,0,0
0,0,0
0,0,1
0,1,1
0,1,1
0,1,1
0,1,1
0,1,1
0,1,1
0,1,1
0,1,1
0,1,1
0,0,1
0,0,1
0,1,1
0,0,0
0,0,1
0,0,1
0,1,1
0,1,1
0,1,1
0,1,1
0,0,0
0,1,1
0,0,1
0,0,0
0,1,1
0,1,1
0,1,1
0,1,1
0,1,1
0,1,1
0,0,0
0,0,1
0,1,1
0,0,0
0,1,1
0,1,1
0,0,1
0,0.8645011,1
0,1,1
0,1,1
0,0,1
0,0,0
0,1,1
0,1,1
0,0,0
0,1,1
0,1,1
0,1,1
0,1,1
0,0,0
0,0,0
0,1,1
0,1,1
0,1,1
0,1,1
0,0,1
0,1,1
0,0,1
0,1,1
0,1,1
0,1,1
0,1,1
0,0,1
0,1,1
0,1,1
0,0,1
0,1,1
0,1,1
0,1,1
0,1,1
0,0,0
0,0,1
0,1,1
0,0,0
0,1,1
0,0,0
0,0.8579905,1
0,1,1
0,1,1
0,1,1
0,0,0
0,1,1
0,1,1
0,0,1
0,0,0
0,1,1
0,1,1
0,1,1
0,0,1
0,1,1
0,1,1
0,0,1
0,1,1
0,0,0
0,1,1
0,1,1
0,0,1
0,1,1
0,1,1
0,1,1
0,0,1
0,1,1
0,1,1
0,1,1
0,1,1
0,1,1
0,1,1
0,1,1
0,0,0
0,0,0
0,1,1
0,0,0
0,0,1
0,0.7487503,1
0,0,1
0,1,1
0,1,1
0,1,1
0,1,1
0,0,0
0,1,1
0,0,0
0,0,1
0,1,1
0,1,1
0,0,0
0,1,1
0,0,0
0,0,0
0,1,1
0,1,1
0,1,1
0,1,1
0,1,1
0,1,1
0,1,1
0,0,0
0,1,1
0,0,0
0,1,1
0,0,1
0,1,1
0,0,1
0,1,1
0,1,1
0,1,1
0,1,1
0,1,1
0,0,0
0,1,1
0,0,0
0,1,1
0,1,1
0,0,0
0,1,1
0,1,1
0,1,1
0,0,1
0,1,1
0,1,1
0,1,1
0,1,1
0,1,1
0,0,0
0,1,1
0,1,1
0,1,1
0,0,0
0,0,1
0,0.8723613,1
0,0,0
0,0,1
0,0,0
0,1,1
0,0,0
0,1,1
0,0,1
0,1,1
0,1,1
0,0,0
0,0.7957646,1
0,1,1
0,1,1
0,0,0
0,1,1
0,1,1
0,0.8713993,1
0,1,1
0,0,0
0,1,1
0,1,1
0,0,0
0,1,1
0,0,0
0,1,1
0,0,0
0,1,1
0,1,1
0,0,0
0,1,1
0,1,1
0,0,0
0,1,1
0,0,0
0,0,0
0,0,0
0,1,1
0,0,1
0,1,1
0,0,1
0,0,1
0,1,1
0,1,1
0,1,1
0,1,1
0,0,1
0,1,1
0,1,1
0,0.8864611,1
0,0,1
0,0,1
0,1,1
0,0,1
0,0,1
0,1,1
0,1,1
0,1,1
0,1,1
0,1,1
0,0,1
0,0,0
0,0,0
0,0,0
0,0,1
0,1,1
0,0,1
0,0,0
0,1,1
0,0,0
0,1,1
0,1,1
0,1,1
0,0,0
0,1,1
0,0,1
0,1,1
0,1,1
0,1,1
0,0,0
0,1,1
0,0,1
0,1,1
0,1,1
0,1,1
0,1,1
0,0,1
0,0.8609818,1
0,1,1
0,0,0
0,1,1
0,1,1
0,0,0
0,1,1
0,0,0
0,1,1
0,1,1
0,1,1
0,0,0
0,0,1
0,1,1
0,1,1
0,0,1
0,0,0
0,1,1
0,1,1
0,0,0
0,1,1
0,1,1
0,1,1
0,0.8588494,1
0,0,0
0,1,1
0,0,0
0,0,0
0,1,1
0,0,1
0,1,1
0,1,1
0,1,1
0,0,1
0,0,0
0,1,1
0,1,1
0,0,0
0,0,1
0,1,1
0,0,1
0,0,0
0,1,1
0,0,1
0,1,1
0,1,1
0,1,1
0,0,0
0,0,0
0,1,1
0,0,1
0,1,1
0,0,1
0,1,1
0,1,1
0,0,1
0,0,1
0,1,1
0,0,1
0,0,1
0,1,1
0,1,1
0,0,1
0,0,0
0,0,1
0,1,1
0,0,0
0,0,0
0,0,0
0,0,0
0,0,0
0,0,0
0,1,1
0,0,0
0,1,1
0,1,1
0,0,1
0,1,1
0,0,0
0,1,1
0,1,1
0,1,1
0,1,1
0,1,1
0,0,1
0,1,1
0,0,1
0,1,1
0,1,1
0,0,1
0,1,1
0,0,1
0,1,1
0,1,1
0,1,1
0,0,0
0,0,0
0,0,1
0,1,1
0,1,1
0,1,1
0,1,1
0,1,1
0,1,1
0,1,1
0,1,1
0,1,1
0,1,1
0,0,0
0,1,1
0,1,1
0,1,1
0,1,1
0,0,1
0,1,1
0,1,1
0,0,0
0,0,0
0,1,1
0,1,1
0,0,1
0,1,1
0,1,1
0,0,0
0,1,1
0,0.8607732,1
0,0,0
0,1,1
0,0.8570181,1
0,1,1
0,0,0
0,1,1
0,0,0
0,1,1
0,0,1
0,1,1
0,1,1
0,1,1
0,0,1
0,0,1
0,1,1
0,1,1
0,0,0
0,1,1
0,1,1
0,1,1
0,1,1
0,1,1
0,0,1
0,0,0
0,1,1
0,1,1
0,1,1
0,0,1
0,0,0
0,0,0
0,0,0
0,0,0
0,1,1
0,1,1
0,1,1
0,0,0
0,1,1
0,0,0
0,1,1
0,1,1
0,0,0
0,1,1
0,0,0
0,0,0
0,1,1
0,0,0
0,1,1
0,1,1
0,1,1
0,1,1
0,0,0
0,0,1
0,1,1
0,0,0
0,0,0
0,0,1
0,0,1
0,1,1
0,1,1
0,1,1
0,0,0
0,0,1
0,0,1
0,1,1
0,0,0
0,0,1
0,0,0
0,1,1
0,0,0
0,0,1
0,1,1
0,1,1
0,0,1
0,1,1
0,0,0
0,1,1
0,0,0
0,0,0
0,1,1
0,0,1
0,0,1
0,0,0
0,1,1
0,1,1
0,1,1
0,1,1
0,1,1
0,0,1
0,1,1
0,1,1
0,1,1
0,1,1
0,0,0
0,0,0
0,1,1
0,1,1
0,1,1
0,1,1
0,0,0
0,0,0
0,0,0
0,1,1
0,0,0
0,1,1
0,1,1
0,1,1
0,0,0
0,0,0
0,1,1
0,0,1
0,0,0
0,0,0
0,1,1
0,0,1
0,1,1
0,1,1
0,1,1
0,1,1
0,0,1
0,1,1
0,0,1
0,1,1
0,0,1
0,1,1
0,1,1
0,0,1
0,0,1
0,1,1
0,1,1
0,0,1
0,1,1
0,1,1
0,0,0
0,0,0
0,1,1
0,1,1
0,1,1
0,1,1
0,1,1
0,1,1
0,0,0
0,1,1
0,1,1
0,1,1
0,1,1
0,0,1
0,1,1
0,0,1
0,1,1
0,0,1
0,1,1
0,0,1
0,0,1
0,0,0
0,1,1
0,0,1
0,1,1
0,0,1
0,1,1
0,0,0
0,0,0
0,1,1
0,1,1
0,1,1
0,0,1
0,0,0
0,1,1
0,0,1
0,1,1
0,1,1
0,0,1
0,0,0
0,0,0
0,1,1
0,0,0
0,0,0
0,1,1
0,0,0
0,1,1
0,1,1
0,1,1
0,1,1
0,1,1
0,0,1
0,1,1
0,1,1
0,1,1
0,1,1
0,1,1
0,1,1
0,0,0
0,1,1
0,0,0
0,0,1
0,1,1
0,1,1
0,1,1
0,1,1
0,1,1
0,1,1
0,1,1
0,1,1
0,1,1
0,1,1
0,1,1
0,1,1
0,1,1
0,0,1
0,1,1
0,0,1
0,1,1
0,1,1
0,0,1
0,1,1
0,1,1
0,1,1
0,0,0
0,0,0
0,1,1
0,1,1
0,0,1
0,1,1
0,1,1
0,0,0
0,0,0
0,0,0
0,1,1
0,0,0
0,1,1
0,0.8259943,1
0,1,1
0,1,1
0,0,0
0,1,1
0,0,0
0,0,0
0,1,1
0,0,0
0,1,1
0,0,0
0,1,1
0,1,1
0,0,0
0,0,1
0,1,1
0,0,0
0,1,1
0,1,1
0,0,0
0,0,0
0,1,1
0,0,0
0,1,1
0,1,1
0,0,0
0,0.8581687,1
0,1,1
0,0,1
0,0.8646424,1
0,1,1
0,0,1
0,1,1
0,0.8846436,1
0,1,1
0,0,0
0,1,1
0,0,0
0,0,0
0,1,1
0,1,1
0,1,1
0,1,1
0,0,0
0,1,1
0,1,1
0,1,1
0,1,1
0,0,0
0,1,1
0,1,1
0,0,0
0,1,1
0,0,0
0,0,1
0,1,1
0,1,1
0,1,1
0,0,1
0,1,1
0,1,1
0,1,1
0,0,0
0,0,0
0,1,1
0,1,1
0,1,1
0,0,0
0,0,0
0,1,1
0,0,1
0,0,1
0,0,1
0,1,1
0,1,1
0,0,0
0,1,1
0,1,1
0,1,1
0,0,0
0,1,1
0,1,1
0,0,0
0,0,0
0,1,1
0,0,0
0,0,1
0,0,1
0,0,1
0,0,0
0,1,1
0,0,0
0,0,0
0,1,1
0,1,1
0,1,1
0,1,1
0,0,1
0,1,1
0,0,1
0,1,1
0,1,1
0,1,1
0,0,1
0,0,0
0,0,1
0,1,1
0,0,0
0,0,1
0,0,0
0,0,0
0,1,1
0,1,1
0,0,0
0,1,1
0,0,0
0,1,1
0,1,1
0,1,1
0,0,1
0,1,1
0,1,1
0,1,1
0,1,1
0,0,0
0,1,1
0,1,1
0,1,1
0,0,0
0,0,0
0,1,1
0,0,0
0,1,1
0,1,1
0,0,0
0,1,1
0,1,1
0,1,1
0,1,1
0,1,1
0,1,1
0,1,1
0,0,1
0,1,1
0,0,0
0,0.8610293,1
0,1,1
0,0,0
0,0,0
0,1,1
0,1,1
0,1,1
0,1,1
0,1,1
0,1,1
0,1,1
0,1,1
0,1,1
0,1,1
0,0,1
0,1,1
0,1,1
0,1,1
0,0,0
0,1,1
0,1,1
0,0,0
0,0,0
0,1,1
0,1,1
0,1,1
0,1,1
0,0.8581662,1
0,1,1
0,1,1
0,0,1
0,1,1
0,0,0
0,1,1
0,1,1
0,1,1
0,1,1
0,0,0
0,1,1
0,1,1
0,0,0
0,0,1
0,1,1
0,1,1
0,1,1
0,1,1
0,1,1
0,1,1
0,1,1
0,1,1
0,0.8600463,1
0,0,1
0,1,1
0,1,1
0,0,0
0,0.8585669,1
0,0,0
0,0.8601369,1
0,0,0
0,1,1
0,1,1
0,1,1
0,1,1
0,1,1
0,0,0
0,1,1
0,0,1
0,0,1
0,0,1
0,0,0
0,0,1
0,1,1
0,1,1
0,1,1
0,1,1
0,0,0
0,0,0
0,1,1
0,0,0
0,0,1
0,0,1
0,1,1
0,0,0
0,1,1
0,0,1
0,1,1
0,1,1
0,1,1
0,1,1
0,0,1
0,0,1
0,1,1
0,0,1
0,1,1
0,1,1
0,0,0
0,0,1
0,1,1
0,0,0
0,0,0
0,1,1
0,0,1
0,0,0
0,1,1
0,1,1
0,0,0
0,0,0
0,0,0
0,0,1
0,1,1
0,1,1
0,0.8532029,1
0,1,1
0,1,1
0,1,1
0,1,1
0,0,0
0,1,1
0,0.8647413,1
0,1,1
0,0,0
0,1,1
0,1,1
0,1,1
0,1,1
0,0,0
0,1,1
0,1,1
0,1,1
0,0,0
0,1,1
0,1,1
0,0,0
0,0,0
0,1,1
0,1,1
0,1,1
0,1,1
0,0,0
0,0,1
0,1,1
0,0,0
0,1,1
0,1,1
0,1,1
0,1,1
0,1,1
0,1,1
0,1,1
0,0,1
0,1,1
0,1,1
0,1,1
0,1,1
0,0,0
0,1,1
0,0,0
0,1,1
0,1,1
0,0,1
0,0,1
0,1,1
0,0,1
0,0,1
0,0,0
0,1,1
0,1,1
0,0,1
0,0,0
0,1,1
0,1,1
0,0,0
0,1,1
0,1,1
0,1,1
0,1,1
0,0,1
0,0.7236285,1
0,0,1
0,1,1
0,0,0
0,1,1
0,1,1
0,0,1
0,1,1
0,1,1
0,1,1
0,0,0
0,1,1
0,1,1
0,1,1
0,1,1
0,1,1
0,1,1
0,0,1
0,1,1
0,1,1
0,0,1
0,0,0
0,1,1
0,1,1
0,1,1
0,1,1
0,1,1
0,0,1
0,1,1
0,1,1
0,1,1
0,1,1
0,1,1
0,1,1
0,1,1
0,1,1
0,0,0
0,0,0
0,1,1
0,0,0
0,1,1
0,0,1
0,1,1
0,1,1
0,1,1
0,1,1
0,1,1
0,1,1
0,1,1
0,1,1
0,1,1
0,1,1
0,0,0
0,1,1
0,1,1
0,0,1
0,0,0
0,1,1
0,1,1
0,1,1
0,1,1
0,1,1
0,1,1
0,0,0
0,1,1
0,1,1
0,1,1
0,1,1
0,0,1
0,0,0
0,1,1
0,1,1
0,0,0
0,1,1
0,1,1
0,1,1
0,1,1
0,0,0
0,1,1
0,0,0
0,1,1
0,1,1
0,1,1
0,1,1
0,1,1
0,1,1
0,1,1
0,1,1
0,0,0
0,0,0
0,0,0
0,0,1
0,1,1
0,1,1
0,0,0
0,1,1
0,1,1
0,0,0
0,1,1
0,1,1
0,0,0
0,1,1
0,1,1
0,1,1
0,0,0
0,0.859017,1
0,1,1
0,1,1
0,1,1
0,1,1
0,0,0
0,0,0
0,1,1
0,1,1
0,1,1
0,0,0
0,1,1
0,0,0
0,1,1
0,1,1
0,0,1
0,1,1
0,1,1
0,0,0
0,1,1
0,0,1
0,1,1
0,1,1
0,1,1
0,0,0
0,1,1
0,1,1
0,0,0
0,0,1
0,1,1
0,1,1
0,0,0
0,0,0
0,1,1
0,0,0
0,1,1
0,1,1
0,1,1
0,0,1
0,1,1
0,0,1
0,0,1
0,1,1
0,0,0
0,0,1
0,1,1
0,1,1
0,1,1
0,0,1
0,0,1
0,0,1
0,0,0
0,1,1
0,1,1
0,1,1
0,1,1
0,0,0
0,0,1
0,1,1
0,1,1
0,0,0
0,0,1
0,1,1
0,1,1
0,0,1
0,0,0
0,1,1
0,0,0
0,0,1
0,1,1
0,0,1
0,0,1
0,1,1
0,1,1
0,1,1
0,0,1
0,1,1
0,0.8593946,1
0,0,1
0,1,1
0,0,0
0,1,1
0,1,1
0,1,1
0,1,1
0,0,1
0,0,0
0,1,1
0,1,1
0,1,1
0,0,0
0,1,1
0,0,1
0,1,1
0,0,1
0,0,0
0,1,1
0,0,0
0,1,1
0,1,1
0,0,1
0,1,1
0,1,1
0,0,0
0,1,1
0,1,1
0,1,1
0,1,1
0,1,1
0,1,1
0,0,0
0,0,1
0,0,0
0,0,0
0,1,1
0,1,1
0,0.8644959,1
0,1,1
0,0,0
0,1,1
0,1,1
0,1,1
0,1,1
0,1,1
0,0.8577586,1
0,1,1
0,1,1
0,1,1
0,1,1
0,1,1
0,1,1
0,1,1
0,0,0
0,0,0
0,0,1
0,1,1
0,0,0
0,0,1
0,1,1
0,1,1
0,0,0
0,1,1
0,1,1
0,1,1
0,0.8672165,1
0,1,1
0,1,1
0,1,1
0,0,0
0,0,1
0,1,1
0,0,1
0,0,0
0,0,1
0,0,1
0,1,1
0,0,1
0,1,1
0,1,1
0,1,1
0,1,1
0,1,1
0,1,1
0,1,1
0,0,0
0,1,1
0,0,0
0,1,1
0,1,1
0,1,1
0,1,1
0,0,1
0,1,1
0,1,1
0,1,1
0,1,1
0,0,0
0,0,1
0,0,0
0,0.778762,1
0,1,1
0,1,1
0,0,1
0,0,1
0,0,1
0,0,1
0,0,1
0,0,1
0,1,1
0,1,1
0,1,1
0,1,1
0,1,1
0,0,0
0,0,0
0,1,1
0,0,1
0,0,0
0,1,1
0,0,1
0,1,1
0,0,1
0,0,0
0,1,1
0,1,1
0,1,1
0,1,1
0,0,0
0,1,1
0,1,1
0,1,1
0,1,1
0,0,0
0,0,1
0,1,1
0,1,1
0,1,1
0,0,0
0,1,1
0,0,1
0,1,1
0,0,1
0,1,1
0,0,0
0,0,0
0,1,1
0,1,1
0,1,1
0,1,1
0,1,1
0,1,1
0,0,0
0,1,1
0,1,1
0,1,1
0,1,1
0,1,1
0,1,1
0,0,1
0,1,1
0,1,1
0,0,1
0,0,1
0,0,0
0,1,1
0,1,1
0,0,0
0,1,1
0,1,1
0,0,1
0,1,1
0,1,1
0,0,0
0,0,0
0,1,1
0,1,1
0,1,1
0,1,1
0,1,1
0,0,0
0,1,1
0,0,0
0,1,1
0,1,1
0,0,1
0,1,1
0,1,1
0,0,0
0,1,1
0,1,1
0,1,1
0,0,0
0,1,1
0,0,0
0,1,1
0,1,1
0,0,0
0,1,1
0,1,1
0,0,0
0,0,1
0,1,1
0,0,1
0,1,1
0,1,1
0,1,1
0,0,0
0,1,1
0,1,1
0,0,0
0,1,1
0,0,1
0,1,1
0,0,0
0,0,0
0,0,0
0,1,1
0,1,1
0,0,1
0,1,1
0,1,1
0,1,1
0,1,1
0,1,1
0,1,1
0,0,0
0,1,1
0,1,1
0,1,1
0,1,1
0,1,1
0,1,1
0,0,0
0,1,1
0,1,1
0,0,0
0,0,0
0,0,1
0,0,0
0,0,0
0,0,1
0,0,1
0,1,1
0,1,1
0,1,1
0,0,0
0,1,1
0,0,1
0,0,0
0,0,0
0,0,0
0,1,1
0,1,1
0,1,1
0,0,1
0,0,0
0,0,1
0,1,1
0,1,1
0,1,1
0,1,1
0,1,1
0,0,1
0,1,1
0,0,1
0,0,0
0,1,1
0,0,1
0,1,1
0,0,0
0,1,1
0,1,1
0,0,1
0,1,1
0,1,1
0,1,1
0,1,1
0,1,1
0,1,1
0,1,1
0,0,0
0,0,0
0,1,1
0,1,1
0,1,1
0,0,0
0,1,1
0,1,1
0,1,1
0,1,1
0,0,0
0,1,1
0,1,1
0,1,1
0,1,1
0,0,1
0,1,1
0,1,1
0,0,1
0,0,0
0,0,1
0,0,0
0,1,1
0,1,1
0,1,1
0,1,1
0,1,1
0,1,1
0,1,1
0,1,1
0,0,0
0,1,1
0,1,1
0,1,1
0,0,0
0,1,1
0,1,1
0,0,1
0,1,1
0,0,0
0,1,1
0,1,1
0,1,1
0,1,1
0,0,0
0,1,1
0,1,1
0,0,1
0,1,1
0,0,1
0,0,0
0,1,1
0,1,1
0,1,1
0,1,1
0,0,0
0,1,1
0,0,0
0,0,0
0,1,1
0,0,0
0,0,0
0,1,1
0,1,1
0,1,1
0,1,1
0,0,0
0,0,0
0,0,1
0,0,1
0,1,1
0,0,0
0,1,1
0,0,0
0,0,1
0,1,1
0,0,0
0,1,1
0,1,1
0,1,1
0,0,0
0,1,1
0,0,1
0,1,1
0,0,1
0,0,0
0,1,1
0,0,0
0,1,1
0,0,0
0,0,0
0,0,0
0,1,1
0,0,1
0,1,1
0,0,0
0,1,1
0,1,1
0,1,1
0,0,1
0,1,1
0,0,1
0,1,1
0,1,1
0,1,1
0,1,1
0,1,1
0,1,1
0,0,0
0,1,1
0,1,1
0,1,1
0,1,1
0,1,1
0,1,1
0,1,1
0,1,1
0,0,0
0,0.8214575,1
0,0,0
0,0,0
0,1,1
0,0,0
0,1,1
0,1,1
0,0,0
0,0,1
0,0,0
0,1,1
0,1,1
0,0,1
0,0,1
0,0,0
0,1,1
0,1,1
0,0,1
0,0,0
0,1,1
0,0,1
0,1,1
0,1,1
0,1,1
0,1,1
0,0,1
0,0,0
0,0,1
0,0,1
0,0,1
0,1,1
0,1,1
0,0,0
0,0,0
0,1,1
0,1,1
0,1,1
0,0,1
0,0,0
0,1,1
0,0,0
0,1,1
0,0,0
0,1,1
0,1,1
0,1,1
0,1,1
0,1,1
0,0,1
0,1,1
0,0,1
0,1,1
0,0,0
0,1,1
0,0,1
0,0,0
0,1,1
0,1,1
0,0,1
0,1,1
0,1,1
0,1,1
0,0,0
0,0,1
0,1,1
0,0,0
0,1,1
0,1,1
0,1,1
0,1,1
0,0,0
0,0,1
0,1,1
0,1,1
0,0,1
0,0,1
0,1,1
0,1,1
0,0,1
0,1,1
0,0,0
0,1,1
0,1,1
0,1,1
0,1,1
0,1,1
0,0,1
0,1,1
0,0,0
0,1,1
0,1,1
0,0,0
0,0,0
0,1,1
0,1,1
0,0,0
0,0,0
0,1,1
0,0,0
0,0,1
0,1,1
0,0,0
0,1,1
0,1,1
0,1,1
0,0,0
0,1,1
0,1,1
0,0,0
0,1,1
0,0,1
0,0,1
0,1,1
0,1,1
0,0,0
0,0,1
0,0,0
0,1,1
0,1,1
0,0,0
0,0,1
0,0,1
0,1,1
0,1,1
0,1,1
0,0,1
0,0,1
0,1,1
0,1,1
0,1,1
0,0,0
0,0,1
0,1,1
0,0,0
0,0.8623618,1
0,1,1
0,1,1
0,1,1
0,1,1
0,0,0
0,1,1
0,1,1
0,0,1
0,0,0
0,1,1
0,1,1
0,0,1
0,0,0
0,0,0
0,0,0
0,1,1
0,1,1
0,0,1
0,1,1
0,0,1
0,0,1
0,1,1
0,1,1
0,1,1
0,0,1
0,0,1
0,0,0
0,0,0
0,1,1
0,1,1
0,0,0
0,1,1
0,0,0
0,1,1
0,1,1
0,1,1
0,0,1
0,0,1
0,1,1
0,0,1
0,1,1
0,0.801165,1
0,1,1
0,1,1
0,1,1
0,0,1
0,1,1
0,1,1
0,1,1
0,1,1
0,1,1
0,1,1
0,1,1
0,0,0
0,0,1
0,1,1
0,0,0
0,1,1
0,0,0
0,0,0
0,0.8346683,1
0,0,0
0,0,0
0,1,1
0,1,1
0,1,1
0,1,1
0,1,1
0,1,1
0,0,1
0,1,1
0,0,1
0,0,0
0,1,1
0,0,0
0,1,1
0,1,1
0,0,1
0,1,1
0,0,0
0,1,1
0,1,1
0,0,1
0,0,0
0,1,1
0,0,0
0,0,1
0,0,1
0,1,1
0,1,1
0,1,1
0,1,1
0,1,1
0,0,1
0,0,1
0,1,1
0,0,1
0,1,1
0,1,1
0,1,1
0,1,1
0,0,0
0,0,0
0,1,1
0,1,1
0,0,1
0,1,1
0,1,1
0,1,1
0,0,0
0,1,1
0,1,1
0,0,1
0,1,1
0,1,1
0,1,1
0,0,1
0,0,0
0,1,1
0,1,1
0,1,1
0,0,0
0,1,1
0,0.8646871,1
0,1,1
0,1,1
0,1,1
0,1,1
0,0,1
0,1,1
0,1,1
0,0,0
0,1,1
0,1,1
0,1,1
0,0,1
0,1,1
0,1,1
0,0,0
0,0,0
0,1,1
0,1,1
0,0,0
0,0,1
0,0,1
0,1,1
0,1,1
0,1,1
0,1,1
0,0,1
0,1,1
0,0,0
0,0,0
0,1,1
0,1,1
0,1,1
0,1,1
0,1,1
0,0,0
0,1,1
0,1,1
0,1,1
0,0,1
0,1,1
0,1,1
0,1,1
0,0,0
0,1,1
0,1,1
0,1,1
0,1,1
0,1,1
0,0,0
0,1,1
0,1,1
0,1,1
0,0,1
0,0,0
0,1,1
0,1,1
0,0,0
0,0,0
0,1,1
0,0,1
0,1,1
0,0,1
0,0,0
0,1,1
0,1,1
0,0,0
0,1,1
0,1,1
0,0,0
0,1,1
0,1,1
0,0.8660433,1
0,0,1
0,1,1
0,1,1
0,0,1
0,1,1
0,0.7706624,1
0,0,0
0,1,1
0,1,1
0,0,1
0,1,1
0,1,1
0,1,1
0,0,1
0,1,1
0,0,1
0,1,1
0,1,1
0,1,1
0,1,1
0,0,0
0,0,0
0,1,1
0,1,1
0,0,0
0,1,1
0,1,1
0,1,1
0,1,1
0,1,1
0,0,1
0,0,1
0,1,1
0,0,1
0,0,0
0,1,1
0,0,0
0,0,1
0,1,1
0,1,1
0,0,1
0,1,1
0,1,1
0,1,1
0,0,0
0,0,1
0,0,0
0,1,1
0,0,1
0,1,1
0,1,1
0,0,0
0,0,0
0,1,1
0,0,0
0,1,1
0,0,0
0,1,1
0,1,1
0,1,1
0,1,1
0,1,1
0,1,1
0,0,0
0,1,1
0,0,0
0,0,0
0,0,0
0,0.8566598,1
0,1,1
0,1,1
0,0,0
0,0,1
0,1,1
0,0,1
0,0,0
0,1,1
0,1,1
0,0,0
0,1,1
0,1,1
0,0,0
0,0,1
0,0.8867981,1
0,0,1
0,0,1
0,0,1
0,0,0
0,1,1
0,0.8585494,1
0,1,1
0,0,0
0,0,0
0,1,1
0,1,1
0,1,1
0,0,0
0,1,1
0,1,1
0,1,1
0,0,1
0,0,0
0,0,1
0,1,1
0,1,1
0,1,1
0,1,1
0,1,1
0,1,1
0,0,0
0,1,1
0,1,1
0,0,0
0,1,1
0,1,1
0,1,1
0,1,1
0,1,1
0,0,1
0,0,1
0,1,1
0,1,1
0,0,1
0,1,1
0,1,1
0,0,0
0,1,1
0,1,1
0,0.8760586,1
0,0,1
0,1,1
0,1,1
0,0,0
0,0,1
0,1,1
0,1,1
0,0,1
0,1,1
0,1,1
0,0,0
0,1,1
0,0,0
0,0.8498319,1
0,0,0
0,1,1
0,0,0
0,1,1
0,1,1
0,0,0
0,1,1
0,1,1
0,1,1
0,1,1
0,1,1
0,1,1
0,1,1
0,1,1
0,1,1
0,0,0
0,0,1
0,1,1
0,0.8833854,1
0,1,1
0,0,1
0,1,1
0,0,0
0,1,1
0,1,1
0,1,1
0,0,1
0,1,1
0,1,1
0,1,1
0,1,1
0,1,1
0,1,1
0,0,0
0,0,0
0,0.8611294,1
0,1,1
0,1,1
0,1,1
0,1,1
0,1,1
0,0,1
0,0,1
0,1,1
0,1,1
0,1,1
0,1,1
0,0,0
0,1,1
0,0,0
0,0,1
0,1,1
0,0,0
0,0,0
0,1,1
0,0.8671502,1
0,1,1
0,0,1
0,0,1
0,1,1
0,0,0
0,0.7708582,1
0,1,1
0,0,1
0,0,0
0,0,0
0,1,1
0,0,0
0,0,0
0,1,1
0,0,1
0,0,0
0,1,1
0,1,1
0,0,1
0,1,1
0,1,1
0,1,1
0,0,0
0,0,1
0,0,0
0,0.9760352,1
0,1,1
0,1,1
0,0,1
0,0,1
0,1,1
0,1,1
0,1,1
0,1,1
0,1,1
0,0,0
0,1,1
0,1,1
0,0,0
0,0,0
0,0,0
0,0,0
0,0,1
0,0,1
0,1,1
0,1,1
0,1,1
0,1,1
0,1,1
0,1,1
0,1,1
0,1,1
0,1,1
0,0,1
0,1,1
0,0,0
0,1,1
0,0,1
0,0,1
0,0,0
0,0,1
0,1,1
0,0,1
0,1,1
0,1,1
0,1,1
0,0,0
0,1,1
0,1,1
0,1,1
0,0,0
0,1,1
0,0,1
0,0,0
0,1,1
0,0,0
0,0,0
0,1,1
0,1,1
0,0,1
0,1,1
0,0,1
0,0,0
0,1,1
0,1,1
0,1,1
0,1,1
0,0,0
0,0,0
0,0,1
0,1,1
0,1,1
0,1,1
0,0,1
0,1,1
0,1,1
0,1,1
0,1,1
0,1,1
0,1,1
0,0,1
0,0,1
0,0,0
0,1,1
0,0,1
0,0,1
0,1,1
0,0,1
0,1,1
0,1,1
0,1,1
0,0,0
0,0,1
0,1,1
0,0,1
0,0,0
0,0,1
0,1,1
0,1,1
0,0,0
0,1,1
0,0.8625342,1
0,1,1
0,1,1
0,1,1
0,0,0
0,0,0
0,1,1
0,1,1
0,1,1
0,1,1
0,0,1
0,0,0
0,0,0
0,0,1
0,1,1
0,0,0
0,0.8619337,1
0,1,1
0,1,1
0,0,0
0,1,1
0,1,1
0,1,1
0,1,1
0,1,1
0,0,1
0,1,1
0,1,1
0,0,0
0,1,1
0,0,1
0,0.8636941,1
0,1,1
0,1,1
0,1,1
0,1,1
0,1,1
0,1,1
0,0,0
0,1,1
0,0,1
0,1,1
0,0,1
0,0,1
0,1,1
0,0,0
0,1,1
0,1,1
0,1,1
0,1,1
0,1,1
0,0,0
0,0,1
0,0,1
0,1,1
0,1,1
0,1,1
0,1,1
0,0,1
0,1,1
0,0,0
0,1,1
0,1,1
0,0,1
0,0,0
0,0,0
0,0,0
0,1,1
0,1,1
0,0,1
0,1,1
0,1,1
0,1,1
0,1,1
0,1,1
0,1,1
0,1,1
0,1,1
0,0,1
0,0,0
0,1,1
0,0.8676401,1
0,1,1
0,0,0
0,0,0
0,0,0
0,0.8688372,1
0,0,1
0,0,1
0,1,1
0,1,1
0,1,1
0,0,0
0,1,1
0,1,1
0,1,1
0,0,1
0,0,1
0,0,1
0,1,1
0,1,1
0,1,1
0,1,1
0,0,1
0,0,0
0,0,1
0,0,1
0,0,1
0,0.8647813,1
0,0,0
0,0,0
0,0,0
0,1,1
0,1,1
0,0,0
0,1,1
0,1,1
0,0,0
0,0,1
0,1,1
0,1,1
0,1,1
0,1,1
0,1,1
0,1,1
0,1,1
0,1,1
0,1,1
0,1,1
0,0,0
0,0,0
0,1,1
0,1,1
0,1,1
0,1,1
0,1,1
0,1,1
0,1,1
0,1,1
0,0,0
0,0,0
0,1,1
0,0,0
0,0,1
0,1,1
0,0,1
0,1,1
0,1,1
0,0,0
0,1,1
0,1,1
0,0,0
0,0,1
0,0,0
0,0,1
0,1,1
0,0,0
0,1,1
0,0,1
0,1,1
0,0,1
0,0,1
0,1,1
0,0,0
0,1,1
0,1,1
0,1,1
0,0,0
0,0,0
0,0,0
0,1,1
0,0,1
0,1,1
0,0,0
0,1,1
0,1,1
0,0,0
0,0,0
0,1,1
0,1,1
0,1,1
0,0,1
0,0,1
0,0,1
0,1,1
0,1,1
0,1,1
0,1,1
0,0,0
0,0,0
0,0,0
0,1,1
0,1,1
0,0,0
0,1,1
0,0,0
0,0,1
0,0,0
0,0,0
0,0.7289633,1
0,0,1
0,1,1
0,1,1
0,0,0
0,1,1
0,0,0
0,1,1
0,0.8068036,1
0,1,1
0,1,1
0,1,1
0,0,1
0,1,1
0,0,0
0,0.7256818,1
0,0.8671223,1
0,1,1
0,1,1
0,1,1
0,1,1
0,0,1
0,0,0
0,0,0
0,0,0
0,0,0
0,1,1
0,0,0
0,1,1
0,1,1
0,1,1
0,1,1
0,1,1
0,0,0
0,0,0
0,1,1
0,0,0
0,0,1
0,1,1
0,1,1
0,0,1
0,1,1
0,1,1
0,1,1
0,0,1
0,0,0
0,1,1
0,1,1
0,1,1
0,0,1
0,1,1
0,0,0
0,1,1
0,0,0
0,1,1
0,0,0
0,0,1
0,1,1
0,1,1
0,0,0
0,0.8600864,1
0,1,1
0,1,1
0,1,1
0,1,1
0,0,0
0,1,1
0,0,1
0,1,1
0,1,1
0,1,1
0,0,1
0,0,0
0,1,1
0,0,0
0,1,1
0,0,0
0,0,0
0,1,1
0,0,0
0,0,1
0,0.7784343,1
0,0,1
0,1,1
0,1,1
0,1,1
0,1,1
0,0,1
0,0,0
0,1,1
0,1,1
0,0,1
0,1,1
0,1,1
0,0,1
0,1,1
0,0,0
0,0,1
0,0,1
0,1,1
0,1,1
0,1,1
0,0,0
0,1,1
0,0,0
0,0,0
0,1,1
0,1,1
0,1,1
0,0,0
0,0,1
0,0,1
0,0,1
0,1,1
0,1,1
0,1,1
0,1,1
0,0,0
0,1,1
0,0,0
0,1,1
0,0,0
0,1,1
0,1,1
0,1,1
0,1,1
0,1,1
0,1,1
0,0,0
0,1,1
0,1,1
0,1,1
0,0.8598948,1
0,1,1
0,0,0
0,1,1
0,1,1
0,1,1
0,0,0
0,1,1
0,1,1
0,0,0
0,1,1
0,1,1
0,0.8607882,1
0,0,0
0,1,1
0,1,1
0,0,0
0,1,1
0,1,1
0,0.8597761,1
0,1,1
0,1,1
0,1,1
0,0,0
0,0,0
0,1,1
0,0,1
0,0,1
0,0,1
0,1,1
0,1,1
0,0,1
0,1,1
0,0,1
0,1,1
0,1,1
0,1,1
0,1,1
0,1,1
0,0,0
0,0,0
0,1,1
0,1,1
0,0,1
0,1,1
0,0,0
0,1,1
0,0,0
0,1,1
0,1,1
0,1,1
0,1,1
0,0,1
0,1,1
0,1,1
0,1,1
0,0,0
0,1,1
0,0,0
0,1,1
0,0,0
0,0.8590714,1
0,1,1
0,0,1
0,0,0
0,1,1
0,1,1
0,0,1
0,0.7403852,1
0,0,1
0,1,1
0,1,1
0,0,0
0,0,0
0,0,0
0,1,1
0,0,0
0,1,1
0,1,1
0,1,1
0,1,1
0,0,1
0,0,0
0,1,1
0,0,1
0,1,1
0,1,1
0,0.7801927,1
0,0,0
0,1,1
0,1,1
0,0,0
0,1,1
0,1,1
0,1,1
0,1,1
0,0,1
0,1,1
0,1,1
0,1,1
0,1,1
0,1,1
0,0,0
0,1,1
0,0,0
0,0,1
0,0,0
0,1,1
0,1,1
0,1,1
0,1,1
0,0,0
0,0,0
0,1,1
0,0,1
0,1,1
0,1,1
0,1,1
0,1,1
0,0,1
0,0,1
0,1,1
0,1,1
0,0,1
0,1,1
0,0,1
0,1,1
0,1,1
0,0,1
0,1,1
0,0,0
0,0,0
0,1,1
0,1,1
0,1,1
0,1,1
0,1,1
0,0,1
0,1,1
0,0,0
0,1,1
0,1,1
0,0,1
0,1,1
0,0,0
0,1,1
0,1,1
0,1,1
0,1,1
0,1,1
0,1,1
0,0,0
0,0,1
0,1,1
0,0,0
0,0,1
0,1,1
0,1,1
0,0,1
0,1,1
0,1,1
0,1,1
0,0,0
0,1,1
0,1,1
0,1,1
0,0,1
0,1,1
0,1,1
0,0.8595515,1
0,1,1
0,0,1
0,1,1
0,0.8704611,1
0,1,1
0,1,1
0,1,1
0,1,1
0,1,1
0,0,1
0,1,1
0,1,1
0,0,1
0,0,1
0,1,1
0,1,1
0,0,1
0,1,1
0,1,1
0,0,1
0,1,1
0,0,1
0,0,0
0,0,1
0,1,1
0,0,0
0,1,1
0,0,0
0,1,1
0,1,1
0,1,1
0,0,0
0,1,1
0,1,1
0,1,1
0,1,1
0,1,1
0,0,1
0,0,0
0,1,1
0,1,1
0,1,1
0,0.8570515,1
0,0,0
0,0,0
0,1,1
0,1,1
0,1,1
0,0,1
0,0,1
0,1,1
0,1,1
0,1,1
0,1,1
0,0,1
0,0,1
0,0.75372,1
0,1,1
0,0,1
0,0,0
0,0,1
0,1,1
0,0,0
0,1,1
0,0,0
0,0,1
0,1,1
0,0,0
0,1,1
0,1,1
0,1,1
0,0,0
0,1,1
0,0,0
0,0,0
0,1,1
0,0,1
0,0,0
0,1,1
0,1,1
0,0,1
0,0,1
0,1,1
0,0,1
0,1,1
0,1,1
0,1,1
0,0,1
0,0,0
0,1,1
0,0,0
0,0,1
0,1,1
0,0,0
0,0,1
0,1,1
0,1,1
0,1,1
0,1,1
0,1,1
0,0,0
0,0,1
0,1,1
0,1,1
0,0.7122616,1
0,0,0
0,0,1
0,0,1
0,0,1
0,1,1
0,0,1
0,0,1
0,1,1
0,1,1
0,1,1
0,1,1
0,1,1
0,0,1
0,1,1
0,1,1
0,1,1
0,0,1
0,0,0
0,1,1
0,1,1
0,0,1
0,0,1
0,1,1
0,1,1
0,1,1
0,1,1
0,1,1
0,1,1
0,1,1
0,0.8822607,1
0,0,0
0,1,1
0,0,0
0,1,1
0,1,1
0,1,1
0,0,1
0,0,1
0,1,1
0,1,1
0,1,1
0,1,1
0,1,1
0,0,1
0,0,0
0,1,1
0,1,1
0,0,0
0,1,1
0,0,0
0,1,1
0,1,1
0,1,1
0,0.7755781,1
0,0,0
0,1,1
0,1,1
0,1,1
0,1,1
0,1,1
0,0,0
0,1,1
0,0,1
0,0,0
0,1,1
0,1,1
0,0.8769447,1
0,1,1
0,1,1
0,1,1
0,1,1
0,1,1
0,1,1
0,0,1
0,1,1
0,1,1
0,0,0
0,0,0
0,1,1
0,1,1
0,1,1
0,0,0
0,1,1
0,1,1
0,1,1
0,0,1
0,1,1
0,1,1
0,1,1
0,1,1
0,1,1
0,1,1
0,1,1
0,0,0
0,0,1
0,1,1
0,0,0
0,1,1
0,1,1
0,0,0
0,1,1
0,0,1
0,0,1
0,1,1
0,0,0
0,0,0
0,1,1
0,1,1
0,1,1
0,1,1
0,0,1
0,1,1
0,1,1
0,0,0
0,0,1
0,0,0
0,0,1
0,1,1
0,1,1
0,1,1
0,0,1
0,1,1
0,1,1
0,1,1
0,1,1
0,1,1
0,1,1
0,0,1
0,0,1
0,1,1
0,1,1
0,1,1
0,1,1
0,1,1
0,1,1
0,1,1
0,0,1
0,0,0
0,0,1
0,0,1
0,1,1
0,1,1
0,1,1
0,0,0
0,1,1
0,0,1
0,1,1
0,0,0
0,1,1
0,1,1
0,1,1
0,1,1
0,1,1
0,1,1
0,0,0
0,0,0
0,1,1
0,1,1
0,1,1
0,0,1
0,1,1
0,0,1
0,1,1
0,1,1
0,0,0
0,1,1
0,0,1
0,1,1
0,0,0
0,1,1
0,1,1
0,0,1
0,1,1
0,0,0
0,1,1
0,1,1
0,1,1
0,1,1
0,1,1
0,1,1
0,0,1
0,0,1
0,1,1
0,0,0
0,1,1
0,1,1
0,0,0
0,0,0
0,0,1
0,1,1
0,0,1
0,0,0
0,0.8593228,1
0,0,1
0,1,1
0,0,1
0,0.7884835,1
0,1,1
0,0,1
0,1,1
0,1,1
0,1,1
0,1,1
0,0.8597707,1
0,1,1
0,1,1
0,1,1
0,1,1
0,1,1
0,1,1
0,1,1
0,1,1
0,0,1
0,0,1
0,0,0
0,1,1
0,1,1
0,1,1
0,0,0
0,1,1
0,0,1
0,1,1
0,1,1
0,1,1
0,1,1
0,1,1
0,1,1
0,0,1
0,0,0
0,1,1
0,0,0
0,0,0
0,0,0
0,1,1
0,0,1
0,0,1
0,0,0
0,1,1
0,1,1
0,1,1
0,1,1
0,1,1
0,1,1
0,1,1
0,1,1
0,0,0
0,1,1
0,0,0
0,1,1
0,1,1
0,1,1
0,0,1
0,0.8286432,1
0,1,1
0,0,1
0,1,1
0,0,0
0,0,0
0,0,0
0,1,1
0,1,1
0,0,0
0,1,1
0,1,1
0,1,1
0,1,1
0,0,1
0,1,1
0,1,1
0,0,0
0,1,1
0,1,1
0,1,1
0,0,1
0,0,0
0,0,0
0,1,1
0,1,1
0,1,1
0,0,0
0,1,1
0,1,1
0,1,1
0,0,0
0,1,1
0,1,1
0,0,0
0,1,1
0,0,0
0,1,1
0,0,0
0,0,0
0,1,1
0,0,1
0,1,1
0,1,1
0,1,1
0,1,1
0,0,0
0,1,1
0,0,1
0,1,1
0,0,0
0,0,0
0,0,0
0,1,1
0,1,1
0,0,0
0,1,1
0,1,1
0,0,0
0,1,1
0,1,1
0,1,1
0,0,0
0,1,1
0,1,1
0,1,1
0,0,0
0,0.8682753,1
0,1,1
0,1,1
0,0,0
0,1,1
0,0,1
0,1,1
0,1,1
0,1,1
0,0,1
0,1,1
0,1,1
0,1,1
0,0,1
0,0,1
0,1,1
0,1,1
0,1,1
0,1,1
0,1,1
0,1,1
0,0,0
0,1,1
0,1,1
0,0,1
0,0,0
0,0,0
0,1,1
0,0,1
0,0,0
0,0,1
0,0,1
0,1,1
0,0,1
0,1,1
0,1,1
0,0,0
0,1,1
0,1,1
0,1,1
0,0,0
0,0,1
0,0,0
0,0,0
0,0,0
0,1,1
0,1,1
0,1,1
0,1,1
0,1,1
0,1,1
0,1,1
0,1,1
0,0,1
0,1,1
0,1,1
0,0,0
0,1,1
0,1,1
0,1,1
0,0,0
0,1,1
0,0,0
0,0,1
0,0,1
0,1,1
0,0,0
0,1,1
0,1,1
0,1,1
0,1,1
0,0,1
0,0.8885812,1
0,1,1
0,0,0
0,0,0
0,0,0
0,1,1
0,1,1
0,0,0
0,1,1
0,1,1
0,1,1
0,0,1
0,1,1
0,1,1
0,1,1
0,0,1
0,1,1
0,0,0
0,1,1
0,0,1
0,1,1
0,1,1
0,1,1
0,0,0
0,1,1
0,1,1
0,1,1
0,0.8808744,1
0,0,0
0,0,0
0,1,1
0,1,1
0,0,0
0,1,1
0,0,0
0,1,1
0,1,1
0,1,1
0,1,1
0,0,0
0,1,1
0,0,0
0,0,0
0,1,1
0,1,1
0,0,1
0,1,1
0,1,1
0,1,1
0,0,1
0,1,1
0,0,1
0,1,1
0,1,1
0,1,1
0,1,1
0,1,1
0,0,1
0,1,1
0,0,1
0,1,1
0,1,1
0,1,1
0,1,1
0,1,1
0,1,1
0,0,0
0,1,1
0,1,1
0,1,1
0,1,1
0,1,1
0,0,0
0,0,0
0,0.8653764,1
0,0,0
0,1,1
0,0,0
0,1,1
0,1,1
0,1,1
0,1,1
0,1,1
0,0,0
0,1,1
0,1,1
0,1,1
0,1,1
0,0,0
0,1,1
0,1,1
0,1,1
0,0,1
0,1,1
0,0,0
0,1,1
0,1,1
0,0,0
0,1,1
0,1,1
0,1,1
0,0,1
0,1,1
0,1,1
0,0,0
0,0,0
0,1,1
0,0,0
0,1,1
0,1,1
0,0,1
0,1,1
0,1,1
0,1,1
0,0,1
0,1,1
0,1,1
0,0,0
0,0,1
0,1,1
0,1,1
0,0,0
0,1,1
0,1,1
0,0,0
0,1,1
0,1,1
0,1,1
0,1,1
0,0,1
0,0,1
0,1,1
0,1,1
0,1,1
0,1,1
0,1,1
0,1,1
0,0,0
0,1,1
0,1,1
0,0,1
0,1,1
0,0,1
0,0,0
0,1,1
0,1,1
0,1,1
0,0,0
0,0,1
0,1,1
0,1,1
0,0,1
0,0,0
0,0,1
0,0,0
0,1,1
0,1,1
0,1,1
0,1,1
0,0,1
0,1,1
0,0,1
0,1,1
0,0,0
0,0,0
0,0,0
0,1,1
0,1,1
0,1,1
0,1,1
0,1,1
0,0,0
0,1,1
0,1,1
0,1,1
0,0,1
0,1,1
0,1,1
0,1,1
0,0,1
0,1,1
0,0,0
0,1,1
0,1,1
0,0,0
0,0,1
0,0,0
0,1,1
0,1,1
0,0.8325528,1
0,1,1
0,0,0
0,1,1
0,0,0
0,1,1
0,0.8566521,1
0,0,0
0,1,1
0,0,1
0,1,1
0,0,0
0,1,1
0,0,0
0,0,0
0,1,1
0,1,1
0,0,0
0,1,1
0,0,0
0,0,1
0,0,0
0,1,1
0,0,1
0,0,1
0,0,1
0,1,1
0,1,1
0,1,1
0,0,1
0,0,1
0,1,1
0,0,0
0,1,1
0,1,1
0,0,0
0,0,0
0,1,1
0,1,1
0,0.8647704,1
0,0,0
0,1,1
0,1,1
0,0.9139293,1
0,1,1
0,1,1
0,1,1
0,0,1
0,1,1
0,1,1
0,1,1
0,0,1
0,1,1
0,1,1
0,0,1
0,0,0
0,1,1
0,0,0
0,1,1
0,0,0
0,0.8579594,1
0,1,1
0,1,1
0,1,1
0,1,1
0,1,1
0,0,0
0,0,0
0,0,1
0,0,0
0,0,0
0,1,1
0,1,1
0,1,1
0,1,1
0,1,1
0,1,1
0,0,1
0,0,1
0,1,1
0,1,1
0,0,1
0,0,1
0,0,1
0,1,1
0,1,1
0,1,1
0,1,1
0,1,1
0,0,1
0,1,1
0,1,1
0,0,1
0,0,1
0,1,1
0,1,1
0,0,0
0,0,0
0,1,1
0,1,1
0,1,1
0,1,1
0,1,1
0,0,1
0,0,0
0,0,1
0,1,1
0,1,1
0,1,1
0,1,1
0,0,0
0,1,1
0,1,1
0,1,1
0,1,1
0,1,1
0,0,1
0,0,0
0,0,1
0,1,1
0,0,0
0,1,1
0,1,1
0,0,0
0,0,0
0,0,0
0,1,1
0,0,1
0,0,0
0,0,0
0,1,1
0,0,0
0,1,1
0,0,1
0,0,1
0,1,1
0,1,1
0,1,1
0,1,1
0,1,1
0,0,0
0,1,1
0,1,1
0,0,0
0,0,1
0,0,1
0,0,1
0,0,1
0,0,1
0,1,1
0,1,1
0,1,1
0,0,1
0,1,1
0,1,1
0,1,1
0,0,1
0,1,1
0,1,1
0,0,0
0,1,1
0,1,1
0,0,0
0,1,1
0,1,1
0,0,1
0,0,1
0,1,1
0,1,1
0,1,1
0,0,1
0,1,1
0,0,1
0,0,0
0,1,1
0,0,0
0,0,1
0,1,1
0,0,0
0,1,1
0,1,1
0,1,1
0,1,1
0,1,1
0,1,1
0,1,1
0,1,1
0,0,0
0,1,1
0,0,0
0,1,1
0,0,0
0,0,0
0,0,1
0,1,1
0,1,1
0,0,1
0,1,1
0,1,1
0,1,1
0,1,1
0,1,1
0,1,1
0,1,1
0,1,1
0,0,0
0,0,1
0,1,1
0,1,1
0,1,1
0,1,1
0,1,1
0,0,1
0,1,1
0,0,1
0,1,1
0,1,1
0,0,0
0,1,1
0,1,1
0,0,0
0,1,1
0,0,0
0,0,0
0,1,1
0,1,1
0,1,1
0,1,1
0,1,1
0,0,1
0,0,0
0,1,1
0,1,1
0,1,1
0,1,1
0,1,1
0,0,0
0,1,1
0,0,0
0,0.8608981,1
0,1,1
0,1,1
0,1,1
0,1,1
0,0,0
0,0,1
0,0,0
0,1,1
0,1,1
0,0,1
0,1,1
0,0,1
0,0,0
0,1,1
0,0,1
0,1,1
0,0,0
0,1,1
0,0,0
0,1,1
0,1,1
0,1,1
0,1,1
0,1,1
0,1,1
0,1,1
0,0,0
0,0,1
0,1,1
0,1,1
0,1,1
0,0,0
0,0,0
0,0,0
0,0,0
0,0,1
0,1,1
0,0,0
0,1,1
0,0,1
0,0,1
0,0,1
0,0,0
0,0,0
0,1,1
0,1,1
0,1,1
0,1,1
0,1,1
0,0,0
0,1,1
0,0,1
0,0.8544029,1
0,0,0
0,0.8753368,1
0,1,1
0,1,1
0,1,1
0,1,1
0,0.865213,1
0,1,1
0,0,0
0,1,1
0,1,1
0,1,1
0,0.856254,1
0,0,0
0,0.8577373,1
0,1,1
0,0,0
0,1,1
0,1,1
0,1,1
0,0,1
0,1,1
0,1,1
0,0,1
0,1,1
0,1,1
0,0.8782109,1
0,1,1
0,0,0
0,0,1
0,0.8649741,1
0,1,1
0,0,0
0,0,1
0,0,1
0,0,0
0,1,1
0,1,1
0,0,1
0,1,1
0,0,1
0,1,1
0,1,1
0,1,1
0,1,1
0,1,1
0,1,1
0,0,0
0,0,1
0,1,1
0,1,1
0,1,1
0,0,1
0,0,1
0,0,1
0,0,0
0,1,1
0,0,0
0,1,1
0,0,0
0,0,1
0,0,0
0,1,1
0,0,0
0,1,1
0,1,1
0,0,0
0,0,0
0,1,1
0,0,0
0,1,1
0,1,1
0,1,1
0,1,1
0,1,1
0,0,0
0,1,1
0,1,1
0,1,1
0,0,0
0,1,1
0,1,1
0,0.8552433,1
0,1,1
0,0,0
0,0,1
0,1,1
0,0,1
0,1,1
0,1,1
0,1,1
0,1,1
0,0,0
0,0,0
0,1,1
0,0,0
0,1,1
0,1,1
0,1,1
0,0,0
0,0,0
0,0,1
0,1,1
0,1,1
0,1,1
0,1,1
0,1,1
0,0,0
0,0,0
0,0,0
0,0,0
0,1,1
0,1,1
0,0,0
0,1,1
0,1,1
0,1,1
0,0,1
0,1,1
0,1,1
0,0,1
0,0,0
0,0,0
0,0,0
0,0,1
0,1,1
0,1,1
0,0,1
0,0,0
0,0,0
0,1,1
0,1,1
0,0,0
0,0,1
0,1,1
0,1,1
0,0,1
0,0,1
0,1,1
0,1,1
0,1,1
0,1,1
0,1,1
0,1,1
0,1,1
0,1,1
0,1,1
0,0.7029024,1
0,0,1
0,1,1
0,1,1
0,0,0
0,1,1
0,1,1
0,1,1
0,0,0
0,1,1
0,1,1
0,1,1
0,0,1
0,1,1
0,1,1
0,1,1
0,0,1
0,0,1
0,1,1
0,1,1
0,0,0
0,0,1
0,1,1
0,1,1
0,1,1
0,1,1
0,1,1
0,0,0
0,0,0
0,1,1
0,0,1
0,1,1
0,1,1
0,0,1
0,1,1
0,1,1
0,1,1
0,1,1
0,1,1
0,1,1
0,0,0
0,0,0
0,0,1
0,1,1
0,0,1
0,1,1
0,1,1
0,0,1
0,1,1
0,1,1
0,0,0
0,1,1
0,0.8376822,1
0,0,1
0,1,1
0,1,1
0,1,1
0,0,0
0,0,1
0,0,0
0,1,1
0,1,1
0,0,1
0,1,1
0,1,1
0,1,1
0,1,1
0,1,1
0,1,1
0,1,1
0,0,1
0,1,1
0,0,0
0,1,1
0,1,1
0,1,1
0,1,1
0,0,0
0,0,0
0,1,1
0,1,1
0,0,0
0,1,1
0,1,1
0,0,1
0,1,1
0,0,1
0,1,1
0,0.8201844,1
0,0,0
0,1,1
0,0,0
0,1,1
0,1,1
0,1,1
0,1,1
0,0,0
0,0.8595074,1
0,1,1
0,1,1
0,1,1
0,1,1
0,1,1
0,1,1
0,1,1
0,0,0
0,1,1
0,1,1
0,1,1
0,1,1
0,1,1
0,1,1
0,0,1
0,1,1
0,0,1
0,0,0
0,1,1
0,0,1
0,1,1
0,1,1
0,0,0
0,1,1
0,1,1
0,1,1
0,1,1
0,0,0
0,0,0
0,1,1
0,1,1
0,0,0
0,1,1
0,1,1
0,0,0
0,1,1
0,0,1
0,1,1
0,0,1
0,0,0
0,1,1
0,1,1
0,0,0
0,0,0
0,1,1
0,1,1
0,0,0
0,1,1
0,0,1
0,0,0
0,0,1
0,0,1
0,1,1
0,1,1
0,1,1
0,1,1
0,0,0
0,1,1
0,0,1
0,0,1
0,0,1
0,1,1
0,1,1
0,0,0
0,0,1
0,1,1
0,1,1
0,1,1
0,0,1
0,1,1
0,1,1
0,0,0
0,0,1
0,0,1
0,1,1
0,1,1
0,1,1
0,1,1
0,1,1
0,1,1
0,1,1
0,1,1
0,1,1
0,1,1
0,0,0
0,0,0
0,1,1
0,1,1
0,0,0
0,1,1
0,1,1
0,1,1
0,1,1
0,0,1
0,1,1
0,1,1
0,1,1
0,1,1
0,0,0
0,0,0
0,1,1
0,0.8679637,1
0,1,1
0,1,1
0,0,0
0,1,1
0,0,1
0,1,1
0,0,0
0,0,0
0,0,1
0,0,1
0,0,1
0,0,0
0,1,1
0,0,1
0,1,1
0,0,0
0,0,0
0,1,1
0,0,0
0,0,1
0,0,1
0,1,1
0,1,1
0,0,1
0,0,0
0,1,1
0,1,1
0,1,1
0,1,1
0,1,1
0,1,1
0,1,1
0,0,0
0,0,1
0,0,0
0,1,1
0,1,1
0,1,1
0,0,0
0,1,1
0,0,1
0,0,0
0,0,0
0,1,1
0,1,1
0,0,0
0,1,1
0,1,1
0,0,0
0,0,0
0,0,0
0,1,1
0,0,0
0,1,1
0,1,1
0,1,1
0,1,1
0,0.8609604,1
0,1,1
0,1,1
0,1,1
0,1,1
0,1,1
0,1,1
0,0,1
0,1,1
0,0,1
0,1,1
0,1,1
0,0,0
0,1,1
0,1,1
0,1,1
0,1,1
0,1,1
0,0,0
0,1,1
0,1,1
0,1,1
0,1,1
0,0,0
0,1,1
0,1,1
0,0,0
0,0,0
0,1,1
0,0.7115115,1
0,0,1
0,1,1
0,1,1
0,1,1
0,1,1
0,1,1
0,1,1
0,1,1
0,0,0
0,1,1
0,1,1
0,0,1
0,0,0
0,0,1
0,1,1
0,1,1
0,1,1
0,1,1
0,1,1
0,0,1
0,1,1
0,1,1
0,1,1
0,0,0
0,0,1
0,1,1
0,0,0
0,0,1
0,0,0
0,1,1
0,0.863367,1
0,1,1
0,1,1
0,0,1
0,1,1
0,1,1
0,0,1
0,1,1
0,0,1
0,0,0
0,0,0
0,1,1
0,1,1
0,0,0
0,1,1
0,0.8581185,1
0,1,1
0,1,1
0,1,1
0,0.8634039,1
0,0,0
0,0,1
0,0,0
0,0,1
0,0,0
0,1,1
0,0,0
0,0,0
0,1,1
0,0,0
0,1,1
0,0,1
0,1,1
0,1,1
0,0,1
0,1,1
0,0,1
0,1,1
0,1,1
0,0,1
0,1,1
0,1,1
0,0,0
0,1,1
0,1,1
0,0,1
0,1,1
0,1,1
0,0,0
0,1,1
0,0.8621978,1
0,0,0
0,1,1
0,1,1
0,1,1
0,0,0
0,1,1
0,1,1
0,1,1
0,1,1
0,0,0
0,0,0
0,1,1
0,0,1
0,1,1
0,0,0
0,0,0
0,1,1
0,0,0
0,1,1
0,1,1
0,0,0
0,0,1
0,1,1
0,0,0
0,1,1
0,1,1
0,0,1
0,1,1
0,1,1
0,1,1
0,0,0
0,0,1
0,0,0
0,1,1
0,1,1
0,1,1
0,0,1
0,0,1
0,0,1
0,0,1
0,1,1
0,0,0
0,0,0
0,1,1
0,1,1
0,1,1
0,1,1
0,1,1
0,0,0
0,0,0
0,1,1
0,1,1
0,1,1
0,1,1
0,0,1
0,0,0
0,1,1
0,1,1
0,0,1
0,1,1
0,1,1
0,0,0
0,1,1
0,1,1
0,1,1
0,1,1
0,1,1
0,0,1
0,1,1
0,1,1
0,0,0
0,1,1
0,1,1
0,1,1
0,1,1
0,1,1
0,1,1
0,1,1
0,1,1
0,0,0
0,0,1
0,1,1
0,0,0
0,0,0
0,1,1
0,0,1
0,1,1
0,1,1
0,1,1
0,1,1
0,0,1
0,1,1
0,1,1
0,1,1
0,0,1
0,0,1
0,0,0
0,1,1
0,0,0
0,1,1
0,0,1
0,1,1
0,1,1
0,0.858147,1
0,0,0
0,1,1
0,1,1
0,0,1
0,1,1
0,0,1
0,0,0
0,0,0
0,0,1
0,1,1
0,1,1
0,1,1
0,1,1
0,1,1
0,1,1
0,1,1
0,1,1
0,0.8771747,1
0,1,1
0,1,1
0,0,1
0,0,0
0,1,1
0,0,1
0,1,1
0,0,0
0,1,1
0,0,1
0,1,1
0,1,1
0,1,1
0,1,1
0,1,1
0,1,1
0,1,1
0,0,1
0,0,0
0,0,1
0,0,1
0,0,0
0,1,1
0,1,1
0,1,1
0,1,1
0,1,1
0,1,1
0,0,1
0,1,1
0,1,1
0,0,0
0,0,0
0,1,1
0,0,1
0,1,1
0,0,0
0,0,0
0,1,1
0,0,1
0,0.8591977,1
0,0,0
0,1,1
0,0,0
0,1,1
0,1,1
0,0,1
0,0.7585098,1
0,1,1
0,0,0
0,0,1
0,0.7055407,1
0,1,1
0,1,1
0,0,0
0,1,1
0,1,1
0,0,0
0,1,1
0,0,1
0,0,0
0,1,1
0,1,1
0,1,1
0,1,1
0,1,1
0,0,1
0,0,0
0,1,1
0,0,0
0,0,0
0,1,1
0,0,1
0,0,0
0,1,1
0,0,0
0,1,1
0,0,0
0,1,1
0,1,1
0,0,0
0,1,1
0,0,0
0,1,1
0,0,0
0,1,1
0,1,1
0,1,1
0,1,1
0,0,0
0,0,0
0,0,1
0,1,1
0,1,1
0,0,1
0,1,1
0,0,0
0,1,1
0,0,1
0,1,1
0,1,1
0,0,1
0,1,1
0,0,0
0,1,1
0,1,1
0,1,1
0,0,0
0,0,1
0,0,1
0,1,1
0,0,0
0,1,1
0,1,1
0,0,1
0,0,0
0,0,0
0,0,1
0,1,1
0,1,1
0,0,0
0,0,0
0,0,1
0,1,1
0,1,1
0,1,1
0,0,1
0,1,1
0,1,1
0,1,1
0,0,0
0,1,1
0,1,1
0,1,1
0,0,0
0,1,1
0,1,1
0,1,1
0,0,0
0,0,1
0,0,1
0,1,1
0,1,1
0,0,0
0,0.7954825,1
0,1,1
0,1,1
0,0.766101,1
0,0,0
0,1,1
0,1,1
0,1,1
0,1,1
0,1,1
0,1,1
0,1,1
0,1,1
0,1,1
0,0,1
0,1,1
0,1,1
0,1,1
0,1,1
0,0,0
0,0,0
0,0,1
0,1,1
0,0,0
0,1,1
0,0,0
0,0,1
0,0,0
0,1,1
0,0,1
0,1,1
0,1,1
0,1,1
0,0,1
0,1,1
0,0,1
0,1,1
0,1,1
0,0,1
0,1,1
0,1,1
0,1,1
0,0,0
0,0,0
0,1,1
0,1,1
0,0.8280798,1
0,1,1
0,1,1
0,0,1
0,0,0
0,1,1
0,1,1
0,1,1
0,0,0
0,0.7230822,1
0,1,1
0,0,0
0,1,1
0,0,0
0,1,1
0,0,0
0,0,0
0,1,1
0,1,1
0,1,1
0,1,1
0,1,1
0,0,0
0,1,1
0,0,1
0,0,1
0,0,0
0,0,0
0,1,1
0,1,1
0,1,1
0,0,0
0,0,0
0,1,1
0,1,1
0,0,0
0,0,0
0,1,1
0,0,0
0,0,0
0,1,1
0,1,1
0,1,1
0,0,0
0,1,1
0,1,1
0,1,1
0,1,1
0,1,1
0,1,1
0,0,0
0,0,1
0,0,0
0,0,0
0,0,1
0,1,1
0,1,1
0,0,0
0,1,1
0,1,1
0,0,0
0,1,1
0,0,1
0,0,0
0,0,0
0,0,0
0,0,0
0,1,1
0,1,1
0,0,1
0,0,1
0,1,1
0,1,1
0,1,1
0,1,1
0,0,0
0,1,1
0,1,1
0,0,1
0,1,1
0,1,1
0,0,0
0,1,1
0,0,0
0,0,0
0,1,1
0,1,1
0,1,1
0,1,1
0,1,1
0,1,1
0,0,1
0,0,1
0,1,1
0,1,1
0,0,1
0,1,1
0,0,0
0,1,1
0,1,1
0,0,1
0,1,1
0,0,1
0,0,0
0,0,1
0,1,1
0,1,1
0,1,1
0,1,1
0,1,1
0,0,1
0,1,1
0,1,1
0,1,1
0,1,1
0,1,1
0,1,1
0,0,1
0,0.8615597,1
0,1,1
0,0,0
0,1,1
0,1,1
0,0,1
0,0,0
0,1,1
0,1,1
0,1,1
0,1,1
0,1,1
0,1,1
0,1,1
0,1,1
0,1,1
0,1,1
0,1,1
0,0.8639759,1
0,1,1
0,1,1
0,0,1
0,1,1
0,1,1
0,1,1
0,0,1
0,1,1
0,0,0
0,1,1
0,0,1
0,1,1
0,0,0
0,0,1
0,1,1
0,1,1
0,1,1
0,1,1
0,1,1
0,1,1
0,0,1
0,1,1
0,1,1
0,1,1
0,0,0
0,1,1
0,0,0
0,1,1
0,1,1
0,1,1
0,1,1
0,1,1
0,0,0
0,1,1
0,1,1
0,1,1
0,0.8528911,1
0,1,1
0,0,1
0,0,0
0,1,1
0,0,1
0,0,1
0,1,1
0,1,1
0,1,1
0,1,1
0,1,1
0,1,1
0,0,0
0,0,0
0,1,1
0,0,0
0,0,0
0,1,1
0,0,1
0,1,1
0,1,1
0,0,0
0,1,1
0,1,1
0,0,0
0,1,1
0,1,1
0,0,1
0,0,0
0,0,0
0,1,1
0,1,1
0,0,0
0,1,1
0,1,1
0,1,1
0,1,1
0,1,1
0,0,1
0,1,1
0,1,1
0,0,0
0,0.8550044,1
0,1,1
0,1,1
0,1,1
0,1,1
0,1,1
0,1,1
0,0,0
0,0,0
0,1,1
0,1,1
0,0,1
0,1,1
0,0,0
0,0,0
0,1,1
0,1,1
0,1,1
0,1,1
0,1,1
0,1,1
0,1,1
0,0.7963601,1
0,0,0
0,0,1
0,0,1
0,0,0
0,1,1
0,1,1
0,1,1
0,1,1
0,1,1
0,0,1
0,1,1
0,1,1
0,0,1
0,0,1
0,0,0
0,0,1
0,1,1
0,0,1
0,0,0
0,0,1
0,1,1
0,1,1
0,0,1
0,1,1
0,1,1
0,0,0
0,1,1
0,1,1
0,1,1
0,0,0
0,0,0
0,1,1
0,1,1
0,1,1
0,1,1
0,1,1
0,1,1
0,1,1
0,1,1
0,1,1
0,1,1
0,0.7252902,1
0,1,1
0,0,0
0,0,0
0,0,0
0,0,1
0,1,1
0,1,1
0,1,1
0,1,1
0,1,1
0,1,1
0,0,0
0,0,1
0,1,1
0,1,1
0,1,1
0,1,1
0,1,1
0,1,1
0,0.8569833,1
0,1,1
0,1,1
0,0,1
0,1,1
0,1,1
0,0,0
0,1,1
0,0,0
0,0,0
0,1,1
0,1,1
0,1,1
0,1,1
0,1,1
0,1,1
0,1,1
0,1,1
0,1,1
0,0,1
0,1,1
0,0.8786758,1
0,1,1
0,1,1
0,1,1
0,0,0
0,1,1
0,1,1
0,0,1
0,0,0
0,1,1
0,1,1
0,1,1
0,0,1
0,1,1
0,1,1
0,0,0
0,0,0
0,1,1
0,0,1
0,0,0
0,0,1
0,0,0
0,1,1
0,1,1
0,0,0
0,0,0
0,1,1
0,0,0
0,1,1
0,1,1
0,1,1
0,0,1
0,0,0
0,1,1
0,1,1
0,1,1
0,0,0
0,0,1
0,1,1
0,1,1
0,1,1
0,0,0
0,1,1
0,0,1
0,0,0
0,0.8605634,1
0,0,0
0,0,0
0,0,1
0,1,1
0,0,1
0,0,0
0,0,1
0,0,1
0,1,1
0,1,1
0,0,1
0,1,1
0,0,0
0,1,1
0,0,0
0,1,1
0,0,1
0,1,1
0,1,1
0,0,1
0,1,1
0,1,1
0,1,1
0,0,1
0,1,1
0,1,1
0,0,0
0,0,0
0,0,0
0,0,0
0,0,1
0,0,1
0,1,1
0,1,1
0,0,1
0,0,1
0,0,0
0,1,1
0,1,1
0,0,0
0,0,0
0,1,1
0,1,1
0,1,1
0,0,1
0,1,1
0,1,1
0,0,1
0,0,0
0,1,1
0,0,0
0,1,1
0,0,0
0,1,1
0,1,1
0,1,1
0,1,1
0,0,1
0,0,0
0,1,1
0,1,1
0,1,1
0,1,1
0,0,0
0,0,1
0,1,1
0,0,0
0,0,1
0,1,1
0,1,1
0,1,1
0,0,1
0,1,1
0,1,1
0,0,1
0,1,1
0,1,1
0,0,0
0,0,0
0,1,1
0,1,1
0,1,1
0,0,0
0,1,1
0,1,1
0,1,1
0,0,1
0,1,1
0,1,1
0,0,1
0,1,1
0,1,1
0,0,0
0,1,1
0,0,1
0,0,1
0,1,1
0,0,0
0,1,1
0,1,1
0,1,1
0,0,0
0,1,1
0,1,1
0,1,1
0,0,0
0,1,1
0,1,1
0,0,1
0,0,0
0,1,1
0,0,1
0,1,1
0,0,0
0,1,1
0,1,1
0,0,0
0,1,1
0,0,0
0,0,1
0,0,0
0,0,0
0,1,1
0,0,0
0,0,1
0,1,1
0,1,1
0,0,1
0,1,1
0,0,0
0,0,0
0,1,1
0,0,1
0,1,1
0,1,1
0,0,0
0,0,1
0,0,0
0,1,1
0,1,1
0,1,1
0,0,1
0,0,1
0,0,1
0,1,1
0,1,1
0,0,0
0,1,1
0,1,1
0,1,1
0,1,1
0,0.8617798,1
0,1,1
0,0,0
0,0,1
0,1,1
0,1,1
0,1,1
0,1,1
0,1,1
0,0,0
0,1,1
0,1,1
0,0,1
0,1,1
0,0,0
0,1,1
0,1,1
0,0,0
0,1,1
0,0,0
0,1,1
0,0,1
0,0,0
0,0,1
0,1,1
0,1,1
0,1,1
0,0,0
0,1,1
0,0,0
0,1,1
0,1,1
0,1,1
0,1,1
0,0,1
0,1,1
0,0,0
0,0,0
0,1,1
0,0,1
0,1,1
0,0,1
0,0,1
0,1,1
0,0,0
0,0.855687,1
0,0.7976741,1
0,0,1
0,0,1
0,0,0
0,1,1
0,1,1
0,0,0
0,0,1
0,1,1
0,0,0
0,1,1
0,1,1
0,1,1
0,0,1
0,0,0
0,1,1
0,1,1
0,1,1
0,1,1
0,1,1
0,1,1
0,0,0
0,1,1
0,1,1
0,1,1
0,0,1
0,1,1
0,0,0
0,1,1
0,0,1
0,1,1
0,1,1
0,1,1
0,1,1
0,1,1
0,1,1
0,1,1
0,1,1
0,0,1
0,0,1
0,1,1
0,0,1
0,1,1
0,0,0
0,1,1
0,1,1
0,1,1
0,0,0
0,1,1
0,1,1
0,1,1
0,1,1
0,0,0
0,0,1
0,1,1
0,0,1
0,1,1
0,0,1
0,0,0
0,0,1
0,0,0
0,1,1
0,0,0
0,0,0
0,0,1
0,0,0
0,1,1
0,1,1
0,1,1
0,1,1
0,1,1
0,1,1
0,1,1
0,1,1
0,1,1
0,0,0
0,1,1
0,0,0
0,1,1
0,1,1
0,1,1
0,0,0
0,1,1
0,0,0
0,1,1
0,1,1
0,0,1
0,0,0
0,1,1
0,1,1
0,1,1
0,0,0
0,0,1
0,0,1
0,1,1
0,0,0
0,1,1
0,1,1
0,0,1
0,0,1
0,1,1
0,1,1
0,1,1
0,1,1
0,0,0
0,0,1
0,0,0
0,0,1
0,0,1
0,0,1
0,1,1
0,1,1
0,1,1
0,1,1
0,1,1
0,1,1
0,0,0
0,1,1
0,1,1
0,0,0
0,1,1
0,1,1
0,0,0
0,1,1
0,0,0
0,0,0
0,0,1
0,0,1
0,0,0
0,0.702491,1
0,1,1
0,1,1
0,1,1
0,1,1
0,0,0
0,0,0
0,0.797448,1
0,1,1
0,1,1
0,0,1
0,0.7498931,1
0,0,0
0,1,1
0,1,1
0,0,1
0,1,1
0,1,1
0,0,0
0,1,1
0,1,1
0,1,1
0,0,1
0,1,1
0,0,1
0,1,1
0,1,1
0,1,1
0,1,1
0,1,1
0,1,1
0,1,1
0,0.7196922,1
0,0,1
0,0,0
0,0,1
0,0.9112983,1
0,0.8648468,1
0,0,0
0,1,1
0,1,1
0,1,1
0,0,1
0,1,1
0,0,0
0,0,0
0,1,1
0,1,1
0,0,1
0,1,1
0,1,1
0,0,1
0,1,1
0,1,1
0,0,0
0,1,1
0,1,1
0,1,1
0,1,1
0,1,1
0,1,1
0,1,1
0,1,1
0,0,0
0,0,0
0,0,1
0,0,0
0,1,1
0,0,1
0,1,1
0,0,0
0,1,1
0,0,1
0,0,0
0,1,1
0,1,1
0,0,1
0,1,1
0,1,1
0,0,0
0,1,1
0,0,0
0,0,0
0,0,0
0,1,1
0,1,1
0,0,0
0,1,1
0,0,1
0,0,0
0,1,1
0,1,1
0,0,1
0,0,0
0,0,1
0,0,0
0,1,1
0,1,1
0,1,1
0,1,1
0,1,1
0,0,0
0,0,0
0,0,1
0,1,1
0,0,0
0,1,1
0,1,1
0,0,1
0,0,0
0,1,1
0,1,1
0,0,0
0,0.8639237,1
0,1,1
0,1,1
0,0,0
0,1,1
0,1,1
0,0,0
0,0,0
0,1,1
0,0,1
0,1,1
0,0,1
0,0,1
0,0,1
0,0,1
0,1,1
0,0,0
0,0,0
0,1,1
0,0,0
0,1,1
0,1,1
0,0,0
0,1,1
0,1,1
0,1,1
0,1,1
0,1,1
0,1,1
0,0,1
0,1,1
0,1,1
0,0,1
0,0,0
0,0,0
0,1,1
0,1,1
0,0,0
0,1,1
0,1,1
0,0,1
0,1,1
0,0,1
0,1,1
0,0,1
0,0,0
0,1,1
0,0,1
0,0,1
0,0,0
0,1,1
0,1,1
0,1,1
0,1,1
0,1,1
0,1,1
0,1,1
0,1,1
0,1,1
0,0,1
0,1,1
0,0,0
0,0,0
0,1,1
0,1,1
0,1,1
0,1,1
0,1,1
0,1,1
0,1,1
0,1,1
0,1,1
0,1,1
0,0,0
0,1,1
0,1,1
0,1,1
0,0,0
0,1,1
0,1,1
0,1,1
0,1,1
0,0,1
0,1,1
0,0,0
0,1,1
0,0,0
0,1,1
0,0,0
0,1,1
0,1,1
0,1,1
0,0,1
0,1,1
0,1,1
0,1,1
0,0,1
0,1,1
0,0,0
0,0,0
0,0,1
0,1,1
0,0,1
0,1,1
0,0,0
0,1,1
0,0,0
0,1,1
0,0,0
0,0,0
0,1,1
0,1,1
0,1,1
0,1,1
0,0,0
0,0,0
0,1,1
0,1,1
0,0,0
0,0,0
0,0,0
0,1,1
0,1,1
0,1,1
0,0,1
0,1,1
0,1,1
0,0,1
0,0,1
0,1,1
0,0,0
0,1,1
0,1,1
0,1,1
0,0,0
0,0,1
0,1,1
0,1,1
0,1,1
0,0,0
0,1,1
0,0,0
0,0,1
0,1,1
0,1,1
0,0,0
0,1,1
0,1,1
0,0,1
0,0,0
0,1,1
0,0,0
0,1,1
0,1,1
0,0,1
0,0,1
0,1,1
0,0,0
0,1,1
0,1,1
0,0,0
0,0,0
0,0,0
0,0,0
0,0,0
0,1,1
0,1,1
0,1,1
0,1,1
0,0,1
0,1,1
0,0,1
0,1,1
0,0,1
0,0,1
0,1,1
0,0,0
0,1,1
0,0,0
0,0,0
0,1,1
0,0,0
0,0,1
0,1,1
0,1,1
0,0,1
0,1,1
0,0,0
0,0,1
0,0,1
0,1,1
0,0,0
0,1,1
0,1,1
0,1,1
0,0,1
0,1,1
0,1,1
0,1,1
0,1,1
0,1,1
0,1,1
0,0,0
0,0,0
0,1,1
0,0,0
0,1,1
0,1,1
0,1,1
0,1,1
0,0,1
0,1,1
0,1,1
0,1,1
0,0,1
0,1,1
0,0,0
0,1,1
0,1,1
0,1,1
0,1,1
0,1,1
0,0,1
0,1,1
0,1,1
0,0,1
0,1,1
0,1,1
0,0,1
0,1,1
0,1,1
0,1,1
0,0,1
0,1,1
0,1,1
0,1,1
0,1,1
0,1,1
0,0,0
0,1,1
0,0,1
0,0,0
0,1,1
0,1,1
0,1,1
0,1,1
0,1,1
0,0,1
0,1,1
0,1,1
0,1,1
0,1,1
0,1,1
0,0,1
0,0,0
0,1,1
0,1,1
0,0,0
0,0,0
0,0,0
0,0.8724941,1
0,0,0
0,1,1
0,0,0
0,0,0
0,1,1
0,0,0
0,0,0
0,0,1
0,1,1
0,0,0
0,1,1
0,1,1
0,0,0
0,0,1
0,1,1
0,1,1
0,0,0
0,0.8609601,1
0,0,0
0,1,1
0,1,1
0,0,0
0,0.8667763,1
0,1,1
0,1,1
0,0,1
0,0,0
0,1,1
0,1,1
0,1,1
0,0,0
0,1,1
0,1,1
0,1,1
0,1,1
0,0.7797056,1
0,0,1
0,0,0
0,1,1
0,1,1
0,1,1
0,1,1
0,1,1
0,1,1
0,0,0
0,1,1
0,1,1
0,0,0
0,1,1
0,1,1
0,1,1
0,1,1
0,1,1
0,1,1
0,1,1
0,1,1
0,1,1
0,0,0
0,1,1
0,1,1
0,0,0
0,1,1
0,0,1
0,0,1
0,0,0
0,1,1
0,0,1
0,1,1
0,1,1
0,1,1
0,1,1
0,1,1
0,1,1
0,0,0
0,1,1
0,1,1
0,1,1
0,0,1
0,0,0
0,1,1
0,0,0
0,0,0
0,1,1
0,1,1
0,0,0
0,1,1
0,0,0
0,0,0
0,0,1
0,0,0
0,1,1
0,0,1
0,1,1
0,1,1
0,0,0
0,0,0
0,1,1
0,1,1
0,1,1
0,1,1
0,0,0
0,1,1
0,1,1
0,0,0
0,0,1
0,1,1
0,0.8641034,1
0,1,1
0,1,1
0,1,1
0,1,1
0,1,1
0,1,1
0,0,0
0,1,1
0,1,1
0,1,1
0,1,1
0,1,1
0,1,1
0,1,1
0,1,1
0,1,1
0,1,1
0,1,1
0,0,0
0,0,1
0,1,1
0,1,1
0,0,1
0,1,1
0,1,1
0,0,0
0,1,1
0,0,0
0,1,1
0,1,1
0,0.8626609,1
0,0,1
0,1,1
0,1,1
0,1,1
0,1,1
0,0,0
0,1,1
0,1,1
0,1,1
0,0,0
0,1,1
0,1,1
0,1,1
0,1,1
0,1,1
0,1,1
0,0,0
0,1,1
0,0,1
0,1,1
0,1,1
0,0,0
0,1,1
0,1,1
0,0,0
0,0,0
0,1,1
0,1,1
0,1,1
0,0,1
0,1,1
0,1,1
0,0,0
0,1,1
0,0,0
0,1,1
0,1,1
0,1,1
0,1,1
0,1,1
0,0,0
0,1,1
0,0,1
0,1,1
0,1,1
0,0,1
0,0,1
0,1,1
0,0,1
0,1,1
0,0,0
0,0,0
0,0,0
0,1,1
0,1,1
0,1,1
0,1,1
0,1,1
0,1,1
0,1,1
0,1,1
0,0,1
0,1,1
0,0,1
0,0,1
0,0.8651971,1
0,1,1
0,0,0
0,1,1
0,1,1
0,0,1
0,0,1
0,1,1
0,1,1
0,1,1
0,0.7168194,1
0,1,1
0,0,1
0,0,0
0,0,0
0,0.8670081,1
0,1,1
0,1,1
0,1,1
0,0,1
0,1,1
0,1,1
0,1,1
0,1,1
0,1,1
0,1,1
0,0,0
0,0,1
0,1,1
0,1,1
0,0,1
0,1,1
0,1,1
0,0,1
0,0,0
0,0,0
0,1,1
0,0,0
0,0.8571438,1
0,0,1
0,1,1
0,1,1
0,1,1
0,0.8692411,1
0,0,1
0,1,1
0,1,1
0,1,1
0,0,1
0,0,1
0,0.8573861,1
0,1,1
0,0,0
0,0,1
0,0,0
0,1,1
0,1,1
0,1,1
0,1,1
0,1,1
0,1,1
0,1,1
0,1,1
0,1,1
0,1,1
0,1,1
0,1,1
0,0,0
0,0,0
0,0,1
0,1,1
0,1,1
0,0.8588895,1
0,1,1
0,1,1
0,0,0
0,1,1
0,0,1
0,1,1
0,1,1
0,0.867788,1
0,0,0
0,0,1
0,0,0
0,1,1
0,1,1
0,1,1
0,1,1
0,0,1
0,1,1
0,1,1
0,0,0
0,1,1
0,1,1
0,1,1
0,1,1
0,0,0
0,1,1
0,1,1
0,1,1
0,0,1
0,1,1
0,1,1
0,0,0
0,0,0
0,0,0
0,1,1
0,1,1
0,1,1
0,0,1
0,0,0
0,0,1
0,0,0
0,1,1
0,1,1
0,1,1
0,0,0
0,1,1
0,0,1
0,0,0
0,1,1
0,1,1
0,1,1
0,1,1
0,0,1
0,0,0
0,1,1
0,1,1
0,1,1
0,0,0
0,0,0
0,1,1
0,0,1
0,0,1
0,1,1
0,0,0
0,0,0
0,0,0
0,1,1
0,0,1
0,1,1
0,1,1
0,1,1
0,1,1
0,0,1
0,0,0
0,1,1
0,1,1
0,0,1
0,0,0
0,1,1
0,1,1
0,1,1
0,1,1
0,0,0
0,0,0
0,1,1
0,0,1
0,1,1
0,1,1
0,0,0
0,0,0
0,1,1
0,0,1
0,0,0
0,0,0
0,1,1
0,1,1
0,1,1
0,1,1
0,0,1
0,0,1
0,1,1
0,0,0
0,0,1
0,0,0
0,0,0
0,1,1
0,0,0
0,1,1
0,1,1
0,0,1
0,1,1
0,1,1
0,1,1
0,0,1
0,1,1
0,1,1
0,0,0
0,1,1
0,1,1
0,1,1
0,0,0
0,1,1
0,1,1
0,1,1
0,1,1
0,1,1
0,0,0
0,1,1
0,1,1
0,1,1
0,0,1
0,1,1
0,1,1
0,1,1
0,0,1
0,1,1
0,0,1
0,0,0
0,1,1
0,1,1
0,1,1
0,0,1
0,1,1
0,1,1
0,1,1
0,1,1
0,1,1
0,1,1
0,0.8601648,1
0,1,1
0,0,0
0,0,0
0,1,1
0,0,0
0,1,1
0,1,1
0,0,0
0,0,0
0,1,1
0,1,1
0,1,1
0,1,1
0,0,1
0,1,1
0,0,0
0,1,1
0,0,0
0,0,0
0,1,1
0,0,1
0,1,1
0,1,1
0,0,0
0,0,0
0,0,0
0,1,1
0,0.8642503,1
0,0,1
0,0,1
0,1,1
0,0,1
0,1,1
0,1,1
0,0,1
0,0,0
0,0,0
0,0,1
0,0,0
0,1,1
0,1,1
0,1,1
0,1,1
0,1,1
0,0,1
0,1,1
0,0,1
0,1,1
0,0,0
0,1,1
0,0,1
0,0,1
0,1,1
0,1,1
0,1,1
0,0,1
0,1,1
0,1,1
0,1,1
0,1,1
0,1,1
0,0,0
0,1,1
0,1,1
0,0,0
0,1,1
0,0,0
0,1,1
0,1,1
0,1,1
0,1,1
0,0,0
0,0,0
0,0,0
0,0,0
0,1,1
0,1,1
0,1,1
0,0,0
0,1,1
0,1,1
0,1,1
0,0,1
0,0,0
0,1,1
0,1,1
0,0,0
0,1,1
0,0,1
0,0,1
0,0,0
0,1,1
0,0,1
0,1,1
0,1,1
0,1,1
0,0,0
0,0,0
0,1,1
0,0,0
0,1,1
0,0,1
0,0,1
0,0,1
0,0.7802485,1
0,0,0
0,0,1
0,1,1
0,1,1
0,1,1
0,1,1
0,0,0
0,0,0
0,1,1
0,0,0
0,1,1
0,1,1
0,1,1
0,0,1
0,1,1
0,1,1
0,1,1
0,0,0
0,1,1
0,1,1
0,1,1
0,1,1
0,0,1
0,1,1
0,1,1
0,1,1
0,1,1
0,1,1
0,0,0
0,0,1
0,1,1
0,1,1
0,1,1
0,1,1
0,0,1
0,1,1
0,1,1
0,1,1
0,1,1
0,0,0
0,0,1
0,1,1
0,1,1
0,0,1
0,1,1
0,1,1
0,1,1
0,1,1
0,1,1
0,1,1
0,0,0
0,0,0
0,1,1
0,1,1
0,0,1
0,1,1
0,0,0
0,0,0
0,1,1
0,1,1
0,0,0
0,0,0
0,0,0
0,1,1
0,0,0
0,1,1
0,0,0
0,0,0
0,0,0
0,1,1
0,0,0
0,1,1
0,1,1
0,1,1
0,0,0
0,1,1
0,1,1
0,0,0
0,0,0
0,1,1
0,0,1
0,0,0
0,0,1
0,0,0
0,0,0
0,1,1
0,0,1
0,1,1
0,0,0
0,1,1
0,0,0
0,0,1
0,1,1
0,0,0
0,0,0
0,0,1
0,1,1
0,0,0
0,0,1
0,0,0
0,0,0
0,0,1
0,1,1
0,1,1
0,1,1
0,1,1
0,1,1
0,1,1
0,0,0
0,0,0
0,0,0
0,1,1
0,0,0
0,1,1
0,0,0
0,0.8574079,1
0,1,1
0,0,0
0,1,1
0,1,1
0,1,1
0,0,0
0,1,1
0,0,1
0,0,0
0,1,1
0,0,0
0,0,0
0,0,0
0,1,1
0,0,0
0,1,1
0,1,1
0,1,1
0,1,1
0,0.9921669,1
0,0,0
0,1,1
0,1,1
0,1,1
0,0,0
0,0,0
0,1,1
0,0.7712294,1
0,0,0
0,1,1
0,0,0
0,1,1
0,1,1
0,1,1
0,1,1
0,0,0
0,1,1
0,1,1
0,1,1
0,0,1
0,0,0
0,0,0
0,0,1
0,0,1
0,1,1
0,0,1
0,1,1
0,1,1
0,1,1
0,0,0
0,0,0
0,0.862838,1
0,1,1
0,0,1
0,0,0
0,1,1
0,1,1
0,0,0
0,1,1
0,1,1
0,1,1
0,0,0
0,0,0
0,1,1
0,1,1
0,0,1
0,1,1
0,1,1
0,0,0
0,0,0
0,0,0
0,0,0
0,1,1
0,1,1
0,1,1
0,0,0
0,1,1
0,1,1
0,0,1
0,1,1
0,1,1
0,0,1
0,0,0
0,1,1
0,1,1
0,0,0
0,1,1
0,0,1
0,1,1
0,0,1
0,1,1
0,1,1
0,0,0
0,1,1
0,0,0
0,0,1
0,0,0
0,0,0
0,0,1
0,1,1
0,0,0
0,1,1
0,0,0
0,1,1
0,1,1
0,0,0
0,0,1
0,0,0
0,1,1
0,0,0
0,0.8605293,1
0,0,0
0,0,0
0,0,0
0,1,1
0,1,1
0,0,0
0,1,1
0,0,1
0,1,1
0,1,1
0,1,1
0,1,1
0,1,1
0,0,0
0,1,1
0,1,1
0,0,0
0,1,1
0,1,1
0,1,1
0,0,0
0,1,1
0,1,1
0,1,1
0,1,1
0,1,1
0,1,1
0,0,0
0,0,1
0,1,1
0,1,1
0,0,1
0,1,1
0,1,1
0,1,1
0,0,1
0,0,0
0,1,1
0,1,1
0,1,1
0,1,1
0,1,1
0,0,1
0,0,0
0,1,1
0,0,1
0,1,1
0,0,1
0,1,1
0,1,1
0,0,1
0,1,1
0,0,0
0,1,1
0,1,1
0,0,1
0,1,1
0,0,0
0,1,1
0,1,1
0,0,1
0,1,1
0,1,1
0,0,0
0,1,1
0,1,1
0,1,1
0,0,0
0,1,1
0,1,1
0,0,1
0,1,1
0,1,1
0,0,1
0,1,1
0,0,1
0,0,1
0,1,1
0,0,1
0,1,1
0,1,1
0,1,1
0,1,1
0,0,0
0,1,1
0,1,1
0,0,0
0,1,1
0,1,1
0,1,1
0,1,1
0,1,1
0,0,1
0,1,1
0,1,1
0,1,1
0,0,1
0,0,0
0,1,1
0,1,1
0,1,1
0,0,0
0,0,0
0,1,1
0,0,1
0,0,1
0,1,1
0,1,1
0,1,1
0,1,1
0,1,1
0,0,0
0,0,0
0,0,1
0,0,1
0,0,0
0,0,0
0,0,0
0,1,1
0,1,1
0,1,1
0,1,1
0,0,1
0,0,0
0,0,1
0,0,1
0,1,1
0,0,0
0,1,1
0,1,1
0,1,1
0,0,0
0,0,0
0,1,1
0,0,1
0,0,0
0,1,1
0,1,1
0,1,1
0,0,0
0,1,1
0,0,0
0,1,1
0,1,1
0,0,0
0,1,1
0,1,1
0,1,1
0,0,1
0,0,0
0,1,1
0,0,0
0,1,1
0,0,1
0,0,0
0,1,1
0,1,1
0,1,1
0,1,1
0,1,1
0,1,1
0,1,1
0,0,0
0,1,1
0,1,1
0,1,1
0,0,0
0,0,0
0,0,0
0,0,0
0,1,1
0,1,1
0,1,1
0,1,1
0,0,1
0,1,1
0,0,1
0,1,1
0,0,0
0,1,1
0,0,1
0,0,0
0,1,1
0,1,1
0,0,1
0,1,1
0,0,0
0,0,0
0,1,1
0,1,1
0,1,1
0,1,1
0,1,1
0,1,1
0,1,1
0,0,1
0,1,1
0,1,1
0,1,1
0,1,1
0,1,1
0,1,1
0,0,0
0,1,1
0,0,0
0,0,0
0,0.8617078,1
0,1,1
0,0.7336825,1
0,0,0
0,0,0
0,1,1
0,1,1
0,1,1
0,1,1
0,1,1
0,0,1
0,1,1
0,1,1
0,1,1
0,0,0
0,0,0
0,1,1
0,1,1
0,0,1
0,0,0
0,1,1
0,1,1
0,0,1
0,0,1
0,1,1
0,0,0
0,1,1
0,1,1
0,1,1
0,0,1
0,0.8606106,1
0,0,1
0,1,1
0,1,1
0,1,1
0,1,1
0,1,1
0,1,1
0,1,1
0,0,1
0,1,1
0,1,1
0,1,1
0,1,1
0,1,1
0,1,1
0,1,1
0,0,0
0,1,1
0,1,1
0,1,1
0,1,1
0,0,0
0,0,1
0,0,1
0,1,1
0,0,1
0,1,1
0,0,0
0,0,0
0,1,1
0,0,0
0,1,1
0,1,1
0,0,1
0,1,1
0,0,1
0,0,1
0,1,1
0,0,1
0,1,1
0,0,0
0,1,1
0,1,1
0,1,1
0,0,0
0,1,1
0,1,1
0,0,1
0,0,1
0,1,1
0,0,0
0,0,0
0,0,1
0,0.8585001,1
0,0.8641912,1
0,0,1
0,1,1
0,1,1
0,0,0
0,1,1
0,1,1
0,0,0
0,0,0
0,1,1
0,1,1
0,1,1
0,0,1
0,1,1
0,0,0
0,1,1
0,0,1
0,1,1
0,0,0
0,1,1
0,1,1
0,1,1
0,0,0
0,1,1
0,1,1
0,1,1
0,0.8700095,1
0,0,1
0,1,1
0,0,0
0,0.8638455,1
0,0,1
0,1,1
0,1,1
0,1,1
0,1,1
0,1,1
0,1,1
0,1,1
0,1,1
0,0,0
0,0,1
0,1,1
0,1,1
0,1,1
0,1,1
0,1,1
0,1,1
0,0,1
0,1,1
0,1,1
0,1,1
0,1,1
0,1,1
0,1,1
0,0,0
0,0,0
0,1,1
0,0,1
0,1,1
0,0,1
0,1,1
0,1,1
0,0,1
0,1,1
0,1,1
0,1,1
0,0,0
0,1,1
0,0,1
0,0,1
0,0,0
0,0,1
0,0.8654641,1
0,1,1
0,0,1
0,1,1
0,1,1
0,1,1
0,1,1
0,0,1
0,1,1
0,1,1
0,0,1
0,1,1
0,0,0
0,1,1
0,1,1
0,1,1
0,0,0
0,0,0
0,0,0
0,0,1
0,1,1
0,1,1
0,1,1
0,0,1
0,1,1
0,1,1
0,0,1
0,1,1
0,1,1
0,1,1
0,1,1
0,1,1
0,1,1
0,1,1
0,0,0
0,0,1
0,0,0
0,1,1
0,0,0
0,0,1
0,1,1
0,1,1
0,0,1
0,1,1
0,1,1
0,0,1
0,1,1
0,1,1
0,0.9017845,1
0,1,1
0,0,0
0,1,1
0,1,1
0,1,1
0,1,1
0,1,1
0,0,0
0,1,1
0,1,1
0,1,1
0,1,1
0,0,0
0,0,0
0,0,0
0,1,1
0,1,1
0,0,0
0,1,1
0,1,1
0,1,1
0,0,1
0,1,1
0,0,0
0,0,0
0,0,1
0,0,0
0,1,1
0,0,0
0,1,1
0,0,0
0,1,1
0,1,1
0,0,0
0,0,0
0,1,1
0,0.8593709,1
0,1,1
0,1,1
0,1,1
0,1,1
0,0.8673912,1
0,0,0
0,1,1
0,0,1
0,0,0
0,1,1
0,1,1
0,1,1
0,1,1
0,0,1
0,1,1
0,0,0
0,1,1
0,1,1
0,1,1
0,0.8619617,1
0,1,1
0,0,0
0,1,1
0,1,1
0,1,1
0,0,0
0,1,1
0,0,0
0,0,0
0,0,0
0,1,1
0,1,1
0,1,1
0,1,1
0,1,1
0,0,0
0,1,1
0,1,1
0,1,1
0,0,0
0,0,0
0,0,0
0,0,1
0,1,1
0,1,1
0,1,1
0,1,1
0,1,1
0,0,1
0,1,1
0,0,0
0,1,1
0,0,0
0,1,1
0,1,1
0,1,1
0,1,1
0,1,1
0,0,1
0,0,0
0,1,1
0,1,1
0,0,1
0,1,1
0,1,1
0,1,1
0,0,1
0,1,1
0,0,1
0,1,1
0,0,1
0,0,0
0,1,1
0,1,1
0,1,1
0,1,1
0,0,1
0,1,1
0,0,0
0,1,1
0,0,1
0,1,1
0,1,1
0,1,1
0,1,1
0,1,1
0,1,1
0,1,1
0,1,1
0,1,1
0,1,1
0,0.8841194,1
0,1,1
0,1,1
0,1,1
0,0,0
0,0,1
0,1,1
0,1,1
0,1,1
0,1,1
0,1,1
0,1,1
0,1,1
0,1,1
0,1,1
0,1,1
0,1,1
0,0,0
0,1,1
0,0.8684751,1
0,1,1
0,1,1
0,0,0
0,0,0
0,1,1
0,1,1
0,0,0
0,1,1
0,1,1
0,0,0
0,1,1
0,1,1
0,0,0
0,1,1
0,0,0
0,1,1
0,1,1
0,1,1
0,1,1
0,0,0
0,1,1
0,1,1
0,1,1
0,1,1
0,1,1
0,0,1
0,0,0
0,0,0
0,1,1
0,1,1
0,0,0
0,1,1
0,0,1
0,0,0
0,0,0
0,1,1
0,0,0
0,1,1
0,1,1
0,1,1
0,1,1
0,0,1
0,1,1
0,0,0
0,1,1
0,0,0
0,0,0
0,1,1
0,1,1
0,1,1
0,1,1
0,0,1
0,0,1
0,1,1
0,1,1
0,0,0
0,1,1
0,1,1
0,0,1
0,0,1
0,1,1
0,1,1
0,1,1
0,0,1
0,1,1
0,1,1
0,0,1
0,0,0
0,0,0
0,0,0
0,0.8661882,1
0,0,0
0,1,1
0,1,1
0,1,1
0,1,1
0,1,1
0,1,1
0,0,1
0,0,0
0,1,1
0,1,1
0,1,1
0,1,1
0,1,1
0,0,1
0,0,0
0,0,0
0,1,1
0,0,1
0,1,1
0,0,0
0,1,1
0,0,1
0,0,1
0,1,1
0,1,1
0,1,1
0,1,1
0,1,1
0,1,1
0,0,1
0,1,1
0,1,1
0,1,1
0,1,1
0,1,1
0,1,1
0,0,0
0,0.8631972,1
0,0,1
0,1,1
0,0,0
0,1,1
0,1,1
0,1,1
0,0,0
0,1,1
0,0,0
0,1,1
0,1,1
0,0.8595799,1
0,1,1
0,1,1
0,1,1
0,0,0
0,1,1
0,0,0
0,1,1
0,0,0
0,1,1
0,0,1
0,0.8584753,1
0,1,1
0,0,0
0,1,1
0,1,1
0,0,0
0,0,1
0,1,1
0,1,1
0,1,1
0,1,1
0,1,1
0,1,1
0,1,1
0,1,1
0,0,0
0,0,0
0,1,1
0,1,1
0,1,1
0,1,1
0,1,1
0,1,1
0,0,0
0,1,1
0,1,1
0,1,1
0,1,1
0,1,1
0,1,1
0,0,0
0,1,1
0,1,1
0,1,1
0,0,1
0,1,1
0,1,1
0,0,1
0,0,0
0,0,0
0,1,1
0,1,1
0,0,1
0,1,1
0,1,1
0,0,0
0,1,1
0,0,0
0,1,1
0,1,1
0,0,0
0,1,1
0,1,1
0,1,1
0,1,1
0,0,0
0,0,0
0,1,1
0,0,0
0,1,1
0,0,1
0,1,1
0,1,1
0,1,1
0,1,1
0,1,1
0,0,0
0,0,0
0,1,1
0,1,1
0,1,1
0,0,0
0,1,1
0,1,1
0,0,0
0,1,1
0,0,1
0,0,0
0,1,1
0,1,1
0,0,1
0,1,1
0,1,1
0,0,1
0,0,0
0,1,1
0,1,1
0,0,1
0,1,1
0,1,1
0,0,0
0,1,1
0,0,0
0,1,1
0,1,1
0,0,0
0,1,1
0,0,0
0,1,1
0,1,1
0,1,1
0,0,1
0,1,1
0,1,1
0,1,1
0,1,1
0,1,1
0,1,1
0,0,1
0,1,1
0,0,1
0,1,1
0,0,1
0,1,1
0,1,1
0,0,0
0,1,1
0,1,1
0,0,1
0,1,1
0,1,1
0,0,1
0,1,1
0,0,1
0,1,1
0,0,0
0,1,1
0,0,1
0,1,1
0,1,1
0,1,1
0,0,1
0,1,1
0,0,1
0,0,0
0,0,1
0,1,1
0,1,1
0,0,1
0,1,1
0,1,1
0,1,1
0,0,0
0,0,0
0,0,1
0,1,1
0,1,1
0,0,1
0,0,0
0,1,1
0,1,1
0,0,0
0,1,1
0,1,1
0,0,1
0,1,1
0,1,1
0,0,1
0,1,1
0,0,1
0,1,1
0,1,1
0,1,1
0,1,1
0,1,1
0,0,1
0,0,0
0,1,1
0,0,0
0,0,1
0,1,1
0,1,1
0,1,1
0,0.866868,1
0,0,0
0,1,1
0,0,1
0,1,1
0,0,1
0,1,1
0,0,0
0,1,1
0,0,0
0,1,1
0,1,1
0,1,1
0,1,1
0,1,1
0,1,1
0,1,1
0,1,1
0,0,1
0,1,1
0,0,0
0,0,1
0,0.8115162,1
0,0,0
0,0,1
0,1,1
0,1,1
0,0,0
0,1,1
0,0,0
0,0,0
0,1,1
0,1,1
0,1,1
0,1,1
0,0,1
0,0,1
0,0,0
0,0,0
0,1,1
0,1,1
0,1,1
0,1,1
0,1,1
0,1,1
0,1,1
0,0,1
0,0,0
0,1,1
0,1,1
0,1,1
0,0,0
0,1,1
0,1,1
0,0,1
0,0,0
0,0,0
0,0.9490614,1
0,1,1
0,0,0
0,1,1
0,0.7604526,1
0,0,0
0,1,1
0,0,1
0,1,1
0,1,1
0,1,1
0,0,0
0,1,1
0,0,0
0,1,1
0,0.8127322,1
0,1,1
0,0,1
0,0,0
0,0,1
0,1,1
0,1,1
0,0,0
0,1,1
0,0,1
0,1,1
0,0.8592817,1
0,0,0
0,1,1
0,0,0
0,1,1
0,1,1
0,1,1
0,1,1
0,0,0
0,0,1
0,1,1
0,1,1
0,1,1
0,0,0
0,1,1
0,0,0
0,1,1
0,1,1
0,0,0
0,1,1
0,1,1
0,1,1
0,0,1
0,1,1
0,0,1
0,1,1
0,1,1
0,1,1
0,0,1
0,1,1
0,0,1
0,1,1
0,0,0
0,1,1
0,1,1
0,1,1
0,1,1
0,1,1
0,0,0
0,1,1
0,1,1
0,1,1
0,1,1
0,1,1
0,0,0
0,1,1
0,1,1
0,1,1
0,1,1
0,1,1
0,1,1
0,1,1
0,1,1
0,0,0
0,1,1
0,0,0
0,1,1
0,1,1
0,1,1
0,0,0
0,1,1
0,1,1
0,1,1
0,0,1
0,1,1
0,1,1
0,1,1
0,1,1
0,1,1
0,1,1
0,0,0
0,1,1
0,1,1
0,1,1
0,0,0
0,0,0
0,0,0
0,0,0
0,1,1
0,1,1
0,1,1
0,1,1
0,0,1
0,1,1
0,1,1
0,0,0
0,1,1
0,1,1
0,0,1
0,1,1
0,0,0
0,1,1
0,0,0
0,1,1
0,0,0
0,1,1
0,1,1
0,1,1
0,0,0
0,0,1
0,1,1
0,0,0
0,0,0
0,0,0
0,0,0
0,0,1
0,1,1
0,0,1
0,0,0
0,1,1
0,1,1
0,0,0
0,1,1
0,0,0
0,0,1
0,1,1
0,0,0
0,0,0
0,1,1
0,0,1
0,1,1
0,1,1
0,1,1
0,0,0
0,1,1
0,1,1
0,1,1
0,0,1
0,1,1
0,1,1
0,0,1
0,0,0
0,0,0
0,1,1
0,0,0
0,0,0
0,1,1
0,1,1
0,0,0
0,0,1
0,1,1
0,0.8181784,1
0,0,1
0,1,1
0,1,1
0,1,1
0,1,1
0,0,0
0,1,1
0,1,1
0,1,1
0,1,1
0,1,1
0,0,1
0,0,1
0,1,1
0,1,1
0,0,1
0,1,1
0,1,1
0,0,1
0,1,1
0,1,1
0,1,1
0,1,1
0,1,1
0,0,1
0,1,1
0,0,0
0,1,1
0,1,1
0,0,1
0,0,1
0,0,1
0,0,0
0,1,1
0,0,1
0,1,1
0,0,1
0,0,1
0,0,1
0,1,1
0,0,1
0,1,1
0,1,1
0,1,1
0,0,0
0,0,0
0,1,1
0,0,1
0,1,1
0,1,1
0,1,1
0,1,1
0,0,1
0,0.8639998,1
0,1,1
0,1,1
0,0,1
0,1,1
0,0,0
0,1,1
0,1,1
0,0,0
0,0.7967149,1
0,1,1
0,0,1
0,1,1
0,1,1
0,1,1
0,0,1
0,1,1
0,1,1
0,0,0
0,1,1
0,0,0
0,1,1
0,0,1
0,1,1
0,1,1
0,0,1
0,1,1
0,1,1
0,0,1
0,1,1
0,1,1
0,1,1
0,1,1
0,1,1
0,1,1
0,0,0
0,0,1
0,1,1
0,1,1
0,0,0
0,1,1
0,0,0
0,1,1
0,1,1
0,0,0
0,1,1
0,1,1
0,0,0
0,0,0
0,1,1
0,0,1
0,1,1
0,1,1
0,1,1
0,0,1
0,0,0
0,0,0
0,0,0
0,0,1
0,1,1
0,0,0
0,0,0
0,0,1
0,0,1
0,0.7198914,1
0,1,1
0,0,0
0,0,0
0,0.858745,1
0,0,0
0,1,1
0,0,0
0,1,1
0,0,0
0,1,1
0,0,1
0,0,0
0,1,1
0,1,1
0,1,1
0,0.8601969,1
0,1,1
0,1,1
0,0,1
0,1,1
0,0,0
0,1,1
0,0,1
0,0,0
0,1,1
0,0,0
0,1,1
0,1,1
0,1,1
0,1,1
0,1,1
0,0,1
0,0,0
0,0,0
0,0,1
0,1,1
0,1,1
0,1,1
0,1,1
0,1,1
0,1,1
0,1,1
0,1,1
0,1,1
0,0,0
0,1,1
0,1,1
0,0,0
0,0,1
0,0,0
0,0,0
0,1,1
0,1,1
0,1,1
0,1,1
0,0,0
0,0,0
0,1,1
0,1,1
0,0,0
0,1,1
0,0.8611993,1
0,1,1
0,0,1
0,1,1
0,0,1
0,1,1
0,0,1
0,1,1
0,1,1
0,1,1
0,1,1
0,1,1
0,1,1
0,1,1
0,0.7238358,1
0,0,1
0,0,1
0,0,0
0,0,0
0,1,1
0,1,1
0,1,1
0,0,1
0,1,1
0,1,1
0,1,1
0,1,1
0,0,1
0,1,1
0,1,1
0,1,1
0,1,1
0,1,1
0,1,1
0,1,1
0,1,1
0,0,1
0,1,1
0,1,1
0,0,0
0,1,1
0,0,1
0,0,0
0,1,1
0,0,1
0,1,1
0,1,1
0,1,1
0,1,1
0,1,1
0,1,1
0,0,0
0,0,1
0,1,1
0,0,1
0,0,0
0,0,1
0,0,0
0,0,1
0,1,1
0,1,1
0,0,0
0,1,1
0,0,0
0,1,1
0,0,0
0,0,1
0,0,0
0,0,0
0,0,0
0,1,1
0,1,1
0,0,1
0,1,1
0,0,0
0,1,1
0,0,0
0,0,0
0,1,1
0,1,1
0,0.8626183,1
0,1,1
0,0,0
0,1,1
0,1,1
0,1,1
0,1,1
0,1,1
0,0,1
0,1,1
0,1,1
0,1,1
0,1,1
0,0,1
0,1,1
0,0,1
0,0,0
0,1,1
0,0.8822503,1
0,0,0
0,1,1
0,0,1
0,1,1
0,1,1
0,1,1
0,1,1
0,0,1
0,1,1
0,0,0
0,0,1
0,0,0
0,1,1
0,1,1
0,0,1
0,0,0
0,0,1
0,0,0
0,1,1
0,1,1
0,1,1
0,0,0
0,1,1
0,1,1
0,1,1
0,1,1
0,1,1
0,1,1
0,1,1
0,1,1
0,0.7132285,1
0,0,1
0,0,0
0,0,1
0,0,0
0,1,1
0,0,1
0,0,1
0,0,0
0,0,0
0,1,1
0,1,1
0,0,1
0,0,0
0,0,0
0,1,1
0,0,1
0,0,0
0,1,1
0,0,0
0,1,1
0,1,1
0,1,1
0,0,1
0,1,1
0,1,1
0,0,0
0,0,1
0,1,1
0,1,1
0,1,1
0,1,1
0,0,1
0,1,1
0,1,1
0,1,1
0,0,1
0,1,1
0,1,1
0,1,1
0,1,1
0,1,1
0,0,0
0,1,1
0,0,1
0,1,1
0,1,1
0,1,1
0,1,1
0,0,1
0,1,1
0,0,1
0,0,0
0,1,1
0,1,1
0,1,1
0,1,1
0,1,1
0,0,0
0,1,1
0,1,1
0,1,1
0,0,1
0,0,0
0,0,0
0,1,1
0,0,1
0,1,1
0,1,1
0,1,1
0,1,1
0,1,1
0,1,1
0,0,1
0,0.869576,1
0,0.7092189,1
0,1,1
0,1,1
0,1,1
0,1,1
0,1,1
0,0,0
0,1,1
0,0,1
0,1,1
0,1,1
0,0,0
0,0,1
0,1,1
0,1,1
0,1,1
0,1,1
0,1,1
0,0,1
0,1,1
0,1,1
0,1,1
0,0,0
0,0,0
0,1,1
0,1,1
0,1,1
0,1,1
0,0,1
0,1,1
0,1,1
0,1,1
0,0,0
0,0,1
0,0,1
0,1,1
0,1,1
0,0,1
0,0,0
0,1,1
0,1,1
0,0,1
0,1,1
0,0,0
0,0,0
0,1,1
0,0,1
0,1,1
0,1,1
0,1,1
0,0,0
0,0,0
0,0,1
0,0,0
0,1,1
0,0,1
0,1,1
0,1,1
0,0.8711694,1
0,1,1
0,0,0
0,1,1
0,1,1
0,0,0
0,1,1
0,1,1
0,0,0
0,0.8612554,1
0,1,1
0,1,1
0,0,0
0,0,0
0,1,1
0,0,0
0,1,1
0,1,1
0,0,0
0,1,1
0,1,1
0,1,1
0,1,1
0,0,0
0,1,1
0,1,1
0,1,1
0,1,1
0,0,1
0,1,1
0,1,1
0,0,0
0,0,0
0,1,1
0,0,0
0,1,1
0,1,1
0,1,1
0,1,1
0,1,1
0,0,1
0,1,1
0,1,1
0,1,1
0,1,1
0,1,1
0,0,0
0,1,1
0,0.8584913,1
0,1,1
0,1,1
0,1,1
0,1,1
0,1,1
0,0.7027079,1
0,1,1
0,1,1
0,1,1
0,1,1
0,1,1
0,0,1
0,0,1
0,1,1
0,1,1
0,0,0
0,1,1
0,0,1
0,1,1
0,1,1
0,1,1
0,0,1
0,1,1
0,0,0
0,0,0
0,0.8793849,1
0,0,0
0,1,1
0,1,1
0,0,0
0,0,1
0,0,1
0,1,1
0,0,0
0,0,0
0,1,1
0,1,1
0,1,1
0,0,1
0,1,1
0,1,1
0,0,1
0,1,1
0,1,1
0,1,1
0,0,1
0,1,1
0,1,1
0,0,1
0,0,0
0,1,1
0,0,0
0,0,0
0,1,1
0,1,1
0,0,1
0,1,1
0,0,1
0,0,1
0,0,1
0,1,1
0,0,0
0,0.8633856,1
0,1,1
0,1,1
0,0,1
0,0,1
0,1,1
0,0,0
0,0,0
0,1,1
0,1,1
0,1,1
0,1,1
0,1,1
0,1,1
0,0,1
0,1,1
0,0,1
0,1,1
0,0,1
0,1,1
0,0.872728,1
0,0,0
0,1,1
0,1,1
0,0,0
0,1,1
0,0,0
0,1,1
0,1,1
0,0,0
0,0,0
0,1,1
0,1,1
0,1,1
0,0,0
0,0.7641011,1
0,0,0
0,1,1
0,1,1
0,0,1
0,0,1
0,0,0
0,0,0
0,1,1
0,0,0
0,0,0
0,1,1
0,0,0
0,0,0
0,0.8602258,1
0,0,1
0,1,1
0,1,1
0,0,0
0,0,0
0,0,0
0,0,0
0,0,1
0,0,1
0,0,0
0,0,0
0,0,0
0,1,1
0,0,1
0,1,1
0,0,0
0,0,1
0,0,1
0,1,1
0,1,1
0,1,1
0,1,1
0,0,1
0,1,1
0,1,1
0,0,0
0,0,0
0,1,1
0,1,1
0,0,1
0,1,1
0,0,0
0,1,1
0,0,0
0,1,1
0,0,0
0,1,1
0,1,1
0,0,1
0,0,0
0,1,1
0,1,1
0,1,1
0,0,1
0,1,1
0,0,1
0,1,1
0,1,1
0,1,1
0,0,1
0,1,1
0,1,1
0,1,1
0,1,1
0,1,1
0,1,1
0,1,1
0,1,1
0,0,1
0,1,1
0,1,1
0,1,1
0,0,0
0,1,1
0,1,1
0,1,1
0,0,1
0,0,1
0,1,1
0,1,1
0,1,1
0,0,1
0,1,1
0,1,1
0,1,1
0,1,1
0,1,1
0,0,0
0,1,1
0,1,1
0,0,0
0,1,1
0,0,0
0,1,1
0,1,1
0,1,1
0,0,1
0,0,0
0,0,1
0,0,0
0,0,0
0,0,1
0,1,1
0,0,0
0,1,1
0,1,1
0,0,0
0,1,1
0,1,1
0,1,1
0,0,0
0,1,1
0,0,0
0,1,1
0,1,1
0,0,1
0,1,1
0,0,0
0,0,0
0,0,0
0,0,0
0,0,1
0,1,1
0,0,0
0,1,1
0,1,1
0,1,1
0,1,1
0,1,1
0,0,0
0,1,1
0,1,1
0,1,1
0,0,0
0,0,0
0,1,1
0,0.8050367,1
0,0.7015923,1
0,1,1
0,0,1
0,1,1
0,0,0
0,0,1
0,1,1
0,0,0
0,0.8626519,1
0,1,1
0,0,1
0,1,1
0,0,1
0,1,1
0,1,1
0,1,1
0,0,1
0,0,0
0,1,1
0,0,1
0,1,1
0,1,1
0,1,1
0,1,1
0,0.8663841,1
0,0,1
0,0,1
0,1,1
0,1,1
0,0,0
0,1,1
0,1,1
0,1,1
0,0,0
0,1,1
0,1,1
0,1,1
0,0,1
0,0,0
0,0,1
0,1,1
0,1,1
0,1,1
0,1,1
0,1,1
0,1,1
0,1,1
0,0,1
0,0,0
0,0,1
0,0,0
0,1,1
0,0,0
0,1,1
0,1,1
0,0,0
0,0,1
0,1,1
0,0,1
0,1,1
0,1,1
0,0,1
0,1,1
0,1,1
0,0,0
0,1,1
0,1,1
0,0,0
0,0,0
0,1,1
0,1,1
0,0,0
0,1,1
0,1,1
0,1,1
0,1,1
0,0,1
0,0,0
0,1,1
0,1,1
0,1,1
0,1,1
0,0,0
0,1,1
0,1,1
0,0,0
0,1,1
0,1,1
0,1,1
0,1,1
0,0,0
0,1,1
0,1,1
0,1,1
0,1,1
0,0,0
0,1,1
0,1,1
0,1,1
0,1,1
0,0,1
0,0,0
0,0,0
0,0,1
0,1,1
0,1,1
0,0.8770589,1
0,1,1
0,1,1
0,1,1
0,1,1
0,0,0
0,1,1
0,0,0
0,1,1
0,0,1
0,1,1
0,1,1
0,1,1
0,1,1
0,0,0
0,0,1
0,1,1
0,0,1
0,0,0
0,1,1
0,0,1
0,1,1
0,1,1
0,0.7493953,1
0,1,1
0,1,1
0,0,1
0,1,1
0,1,1
0,1,1
0,1,1
0,1,1
0,1,1
0,1,1
0,0,0
0,1,1
0,1,1
0,1,1
0,0,1
0,0,0
0,0,0
0,0,1
0,1,1
0,1,1
0,1,1
0,1,1
0,1,1
0,1,1
0,0,0
0,1,1
0,0,0
0,0,1
0,1,1
0,0,0
0,1,1
0,0,0
0,1,1
0,1,1
0,0,0
0,1,1
0,1,1
0,1,1
0,0,1
0,0,0
0,0,1
0,0,0
0,0,0
0,1,1
0,0,0
0,0,0
0,0,0
0,1,1
0,1,1
0,1,1
0,1,1
0,0,1
0,0,0
0,0,1
0,0,0
0,1,1
0,0,0
0,0,0
0,1,1
0,1,1
0,1,1
0,0,1
0,1,1
0,1,1
0,1,1
0,1,1
0,1,1
0,0,0
0,1,1
0,1,1
0,1,1
0,0,1
0,1,1
0,1,1
0,0,1
0,1,1
0,1,1
0,0,1
0,1,1
0,1,1
0,1,1
0,1,1
0,0,0
0,0,0
0,1,1
0,0,1
0,0,0
0,1,1
0,1,1
0,0,0
0,1,1
0,1,1
0,1,1
0,0,0
0,1,1
0,0,0
0,0,0
0,1,1
0,0,0
0,0,0
0,0,1
0,0,0
0,1,1
0,1,1
0,1,1
0,1,1
0,0,0
0,1,1
0,0.8792579,1
0,1,1
0,1,1
0,1,1
0,1,1
0,0,1
0,0,1
0,1,1
0,0,0
0,0,1
0,0,1
0,0,1
0,1,1
0,1,1
0,1,1
0,0,0
0,0,0
0,1,1
0,1,1
0,0,0
0,1,1
0,1,1
0,0,0
0,0,0
0,1,1
0,0,0
0,1,1
0,1,1
0,1,1
0,0,0
0,0,1
0,0,0
0,1,1
0,0,0
0,1,1
0,1,1
0,1,1
0,0,0
0,0,1
0,0,0
0,1,1
0,1,1
0,1,1
0,1,1
0,0,1
0,1,1
0,0,0
0,1,1
0,0,0
0,1,1
0,0,0
0,0,1
0,0,1
0,0,0
0,0,0
0,1,1
0,0,0
0,1,1
0,1,1
0,1,1
0,0,1
0,1,1
0,0,0
0,1,1
0,0,0
0,1,1
0,1,1
0,1,1
0,0.8641752,1
0,0,0
0,1,1
0,0,1
0,0,0
0,1,1
0,1,1
0,1,1
0,1,1
0,1,1
0,1,1
0,0,0
0,0,1
0,1,1
0,0,0
0,0,0
0,1,1
0,0,1
0,0,1
0,1,1
0,1,1
0,1,1
0,1,1
0,0,1
0,0,0
0,1,1
0,1,1
0,1,1
0,0.8524984,1
0,0,1
0,1,1
0,1,1
0,0,0
0,1,1
0,1,1
0,0,1
0,0.7366164,1
0,0,0
0,0,0
0,0,1
0,1,1
0,0,0
0,0,1
0,0,1
0,1,1
0,1,1
0,1,1
0,1,1
0,0,1
0,1,1
0,1,1
0,1,1
0,0.8158132,1
0,1,1
0,0,0
0,0,1
0,1,1
0,1,1
0,0,0
0,0,0
0,1,1
0,1,1
0,1,1
0,0,1
0,1,1
0,0,0
0,0,1
0,0,0
0,1,1
0,1,1
0,1,1
0,1,1
0,1,1
0,0,1
0,1,1
0,0,0
0,0,0
0,0,0
0,1,1
0,1,1
0,1,1
0,1,1
0,0,0
0,1,1
0,1,1
0,1,1
0,1,1
0,1,1
0,1,1
0,1,1
0,1,1
0,0,0
0,0,1
0,0,0
0,0,1
0,1,1
0,1,1
0,1,1
0,1,1
0,1,1
0,1,1
0,0,0
0,1,1
0,0,0
0,1,1
0,0,0
0,0,0
0,1,1
0,1,1
0,0,1
0,1,1
0,1,1
0,1,1
0,0,1
0,1,1
0,1,1
0,1,1
0,1,1
0,0,0
0,0,1
0,0,0
0,0,0
0,0,0
0,0,1
0,1,1
0,1,1
0,0,1
0,1,1
0,1,1
0,1,1
0,1,1
0,0,1
0,1,1
0,0,0
0,0,0
0,0,1
0,0,1
0,1,1
0,1,1
0,0,0
0,1,1
0,0,1
0,0,0
0,1,1
0,1,1
0,0,1
0,1,1
0,1,1
0,0,0
0,0,0
0,0,0
0,1,1
0,0,0
0,0,1
0,1,1
0,1,1
0,1,1
0,1,1
0,0,0
0,1,1
0,1,1
0,1,1
0,1,1
0,0,0
0,1,1
0,0,0
0,0,0
0,1,1
0,0,0
0,1,1
0,0,1
0,1,1
0,1,1
0,0,1
0,1,1
0,0,0
0,1,1
0,1,1
0,1,1
0,1,1
0,1,1
0,0,0
0,1,1
0,1,1
0,0,1
0,1,1
0,1,1
0,1,1
0,0,1
0,1,1
0,1,1
0,1,1
0,1,1
0,1,1
0,1,1
0,1,1
0,1,1
0,0,0
0,1,1
0,0,0
0,1,1
0,1,1
0,0.8595775,1
0,1,1
0,1,1
0,1,1
0,0,0
0,0,1
0,0,0
0,1,1
0,1,1
0,1,1
0,0,1
0,1,1
0,1,1
0,0,0
0,1,1
0,1,1
0,1,1
0,1,1
0,1,1
0,1,1
0,1,1
0,1,1
0,1,1
0,1,1
0,0,0
0,1,1
0,1,1
0,0,1
0,1,1
0,1,1
0,1,1
0,1,1
0,1,1
0,1,1
0,1,1
0,1,1
0,1,1
0,0,0
0,0,0
0,0,0
0,0.9061977,1
0,0.7993679,1
0,1,1
0,1,1
0,1,1
0,1,1
0,0,1
0,0,1
0,1,1
0,0.8716499,1
0,1,1
0,0.8696736,1
0,0,0
0,0,0
0,1,1
0,0,1
0,1,1
0,1,1
0,1,1
0,1,1
0,0,0
0,1,1
0,0,0
0,1,1
0,1,1
0,1,1
0,0,0
0,1,1
0,0,1
0,0,0
0,1,1
0,0,0
0,1,1
0,0,1
0,0,0
0,0,0
0,1,1
0,1,1
0,1,1
0,1,1
0,1,1
0,1,1
0,1,1
0,0,0
0,1,1
0,1,1
0,1,1
0,0,0
0,0,0
0,0,0
0,0,0
0,0,1
0,0,1
0,0,0
0,0,0
0,1,1
0,1,1
0,1,1
0,1,1
0,0,1
0,1,1
0,1,1
0,0,1
0,0,0
0,1,1
0,1,1
0,1,1
0,0,1
0,1,1
0,0,1
0,0,0
0,1,1
0,0,0
0,0,0
0,1,1
0,1,1
0,0,1
0,1,1
0,0,0
0,1,1
0,0,0
0,1,1
0,1,1
0,0,1
0,1,1
0,1,1
0,1,1
0,1,1
0,0,0
0,1,1
0,0,0
0,1,1
0,1,1
0,1,1
0,0,0
0,1,1
0,1,1
0,0,1
0,0,0
0,1,1
0,0,0
0,1,1
0,0,1
0,1,1
0,1,1
0,1,1
0,0,1
0,0,0
0,1,1
0,0,1
0,0,1
0,0,0
0,1,1
0,1,1
0,0,1
0,1,1
0,0,0
0,0,1
0,0,0
0,1,1
0,1,1
0,0,0
0,1,1
0,1,1
0,1,1
0,0,0
0,0,1
0,1,1
0,1,1
0,0,0
0,1,1
0,0.8573874,1
0,1,1
0,1,1
0,1,1
0,0,0
0,1,1
0,0,0
0,1,1
0,1,1
0,0,1
0,1,1
0,0,0
0,1,1
0,1,1
0,1,1
0,0,0
0,1,1
0,1,1
0,1,1
0,0,1
0,1,1
0,0,1
0,1,1
0,0,1
0,1,1
0,0,0
0,1,1
0,0,0
0,1,1
0,0,0
0,1,1
0,1,1
0,1,1
0,0,1
0,1,1
0,0,0
0,0,0
0,0,0
0,0,0
0,0,1
0,1,1
0,1,1
0,1,1
0,0,1
0,1,1
0,1,1
0,1,1
0,0,0
0,0,1
0,1,1
0,0.863241,1
0,1,1
0,1,1
0,0,0
0,1,1
0,0,0
0,1,1
0,1,1
0,0,0
0,1,1
0,1,1
0,0,0
0,0,1
0,0,0
0,0,0
0,0,0
0,1,1
0,1,1
0,0.8643757,1
0,0,0
0,0,0
0,0,1
0,0,0
0,0,0
0,0,1
0,1,1
0,1,1
0,1,1
0,0,1
0,1,1
0,1,1
0,1,1
0,1,1
0,1,1
0,1,1
0,1,1
0,0,1
0,1,1
0,0,0
0,0,0
0,0,1
0,1,1
0,1,1
0,1,1
0,1,1
0,1,1
0,0,0
0,0,0
0,0,0
0,0,0
0,1,1
0,1,1
0,0,0
0,1,1
0,1,1
0,1,1
0,1,1
0,0,0
0,0,1
0,1,1
0,1,1
0,0,1
0,0,1
0,1,1
0,0,0
0,1,1
0,0,1
0,0,1
0,0,0
0,1,1
0,1,1
0,0,1
0,0,1
0,0,0
0,1,1
0,1,1
0,1,1
0,0,0
0,0,0
0,0,0
0,1,1
0,0,0
0,1,1
0,1,1
0,1,1
0,0,1
0,1,1
0,1,1
0,0,1
0,1,1
0,1,1
0,1,1
0,1,1
0,0.7113453,1
0,1,1
0,1,1
0,1,1
0,0,1
0,0,0
0,1,1
0,1,1
0,1,1
0,1,1
0,0,0
0,1,1
0,1,1
0,0,0
0,1,1
0,1,1
0,1,1
0,0,1
0,1,1
0,1,1
0,1,1
0,0,0
0,1,1
0,1,1
0,0.8556727,1
0,0,0
0,0,0
0,0,0
0,1,1
0,1,1
0,1,1
0,0,1
0,1,1
0,1,1
0,1,1
0,0,0
0,1,1
0,1,1
0,0,0
0,1,1
0,1,1
0,1,1
0,1,1
0,1,1
0,1,1
0,1,1
0,1,1
0,0,0
0,0,0
0,1,1
0,1,1
0,0,0
0,0,1
0,1,1
0,0,0
0,1,1
0,0,0
0,1,1
0,1,1
0,0,1
0,0,0
0,1,1
0,1,1
0,1,1
0,0,1
0,0.7487425,1
0,1,1
0,1,1
0,1,1
0,0.7569159,1
0,0,0
0,1,1
0,1,1
0,0,1
0,0,0
0,0,1
0,0,1
0,0,0
0,1,1
0,0,1
0,1,1
0,0,0
0,0,1
0,0,0
0,1,1
0,1,1
0,1,1
0,0,0
0,0,0
0,0,0
0,1,1
0,0,1
0,0,0
0,0,0
0,1,1
0,1,1
0,1,1
0,1,1
0,0,0
0,1,1
0,1,1
0,1,1
0,1,1
0,1,1
0,1,1
0,1,1
0,1,1
0,0,1
0,1,1
0,0,1
0,0,0
0,1,1
0,0,0
0,1,1
0,0,0
0,1,1
0,1,1
0,1,1
0,0,1
0,1,1
0,1,1
0,1,1
0,1,1
0,1,1
0,0,0
0,1,1
0,1,1
0,1,1
0,1,1
0,1,1
0,1,1
0,1,1
0,1,1
0,1,1
0,1,1
0,1,1
0,1,1
0,1,1
0,1,1
0,1,1
0,0,0
0,1,1
0,0,1
0,0,0
0,1,1
0,0,0
0,0,1
0,1,1
0,1,1
0,0,0
0,0,1
0,1,1
0,1,1
0,0,1
0,1,1
0,0,1
0,1,1
0,1,1
0,0,0
0,0,1
0,1,1
0,0,1
0,1,1
0,1,1
0,0,1
0,1,1
0,1,1
0,1,1
0,1,1
0,0.8606963,1
0,0,1
0,1,1
0,1,1
0,1,1
0,1,1
0,1,1
0,0,0
0,1,1
0,0,1
0,0,1
0,0,0
0,0,1
0,0,1
0,1,1
0,0,0
0,1,1
0,0,0
0,1,1
0,1,1
0,1,1
0,1,1
0,0,0
0,1,1
0,1,1
0,1,1
0,1,1
0,0,0
0,0,0
0,0,0
0,1,1
0,1,1
0,1,1
0,1,1
0,1,1
0,1,1
0,1,1
0,1,1
0,1,1
0,0,1
0,1,1
0,0,1
0,0.858781,1
0,0,0
0,1,1
0,1,1
0,1,1
0,1,1
0,0,0
0,0,0
0,0,1
0,0,0
0,1,1
0,0,1
0,1,1
0,1,1
0,0,0
0,1,1
0,1,1
0,0,1
0,1,1
0,1,1
0,1,1
0,1,1
0,1,1
0,1,1
0,1,1
0,0,0
0,0,0
0,1,1
0,1,1
0,1,1
0,1,1
0,0,1
0,0,0
0,1,1
0,0,0
0,1,1
0,0,1
0,1,1
0,0,1
0,1,1
0,1,1
0,1,1
0,0,0
0,0.8618053,1
0,1,1
0,1,1
0,1,1
0,0,0
0,0,1
0,1,1
0,1,1
0,1,1
0,1,1
0,1,1
0,0,0
0,0.778538,1
0,0,0
0,1,1
0,1,1
0,0,1
0,1,1
0,1,1
0,1,1
0,1,1
0,0,0
0,1,1
0,1,1
0,1,1
0,0,0
0,1,1
0,0.7116936,1
0,1,1
0,1,1
0,1,1
0,0,1
0,1,1
0,1,1
0,0,0
0,1,1
0,1,1
0,0,0
0,0,1
0,1,1
0,1,1
0,1,1
0,1,1
0,1,1
0,1,1
0,0,0
0,0,1
0,1,1
0,0,0
0,1,1
0,1,1
0,0,1
0,1,1
0,1,1
0,0,1
0,0,0
0,1,1
0,0,0
0,0,0
0,0,0
0,0.770833,1
0,1,1
0,0.7660723,1
0,1,1
0,0,0
0,1,1
0,0,0
0,1,1
0,0,0
0,0,0
0,0,1
0,1,1
0,1,1
0,0,0
0,0,1
0,1,1
0,1,1
0,1,1
0,0,1
0,1,1
0,1,1
0,0.8604382,1
0,0,0
0,0,0
0,0.856765,1
0,1,1
0,1,1
0,1,1
0,1,1
0,0,0
0,0,0
0,1,1
0,0.8601521,1
0,1,1
0,1,1
0,1,1
0,1,1
0,0,1
0,1,1
0,0,0
0,1,1
0,1,1
0,1,1
0,1,1
0,1,1
0,1,1
0,0,1
0,0,0
0,1,1
0,1,1
0,0,0
0,0,0
0,0,0
0,0,1
0,0,0
0,0,0
0,0,0
0,0,1
0,1,1
0,1,1
0,1,1
0,0,0
0,1,1
0,1,1
0,0,0
0,1,1
0,0,1
0,0,1
0,1,1
0,0,0
0,0,1
0,0,0
0,1,1
0,1,1
0,0.8592781,1
0,1,1
0,1,1
0,1,1
0,0,1
0,0,0
0,1,1
0,0,1
0,0,0
0,1,1
0,1,1
0,0,0
0,1,1
0,1,1
0,1,1
0,1,1
0,0,0
0,1,1
0,0,1
0,0,0
0,0,0
0,1,1
0,1,1
0,1,1
0,1,1
0,0,0
0,1,1
0,0,1
0,1,1
0,1,1
0,1,1
0,1,1
0,0,1
0,0,1
0,1,1
0,1,1
0,0,0
0,1,1
0,0,0
0,0,0
0,0,0
0,1,1
0,1,1
0,0,1
0,1,1
0,1,1
0,0,1
0,0,0
0,1,1
0,0,1
0,0,1
0,1,1
0,1,1
0,1,1
0,1,1
0,0,0
0,0,0
0,1,1
0,0.8619467,1
0,0,0
0,0,1
0,0,0
0,1,1
0,0,1
0,1,1
0,1,1
0,1,1
0,0,0
0,1,1
0,0,1
0,0,1
0,0,0
0,1,1
0,0,0
0,1,1
0,0,0
0,1,1
0,1,1
0,0,0
0,1,1
0,0,1
0,1,1
0,0,1
0,1,1
0,1,1
0,1,1
0,1,1
0,1,1
0,1,1
0,1,1
0,1,1
0,1,1
0,0.8593526,1
0,0,0
0,0,1
0,1,1
0,0,0
0,1,1
0,0,0
0,1,1
0,0,0
0,1,1
0,1,1
0,0,0
0,0,0
0,1,1
0,0,0
0,1,1
0,1,1
0,0,1
0,1,1
0,1,1
0,0,0
0,1,1
0,1,1
0,1,1
0,1,1
0,0,0
0,1,1
0,1,1
0,1,1
0,0,0
0,1,1
0,0,0
0,0,0
0,1,1
0,0,0
0,1,1
0,0,0
0,0,1
0,1,1
0,1,1
0,1,1
0,1,1
0,0,1
0,1,1
0,0,0
0,0,0
0,0,0
0,1,1
0,1,1
0,1,1
0,1,1
0,0,1
0,1,1
0,1,1
0,0,0
0,1,1
0,1,1
0,1,1
0,0.8722274,1
0,1,1
0,1,1
0,0,0
0,1,1
0,1,1
0,1,1
0,1,1
0,0,1
0,1,1
0,1,1
0,1,1
0,0,0
0,1,1
0,1,1
0,0,0
0,0,0
0,1,1
0,1,1
0,1,1
0,1,1
0,1,1
0,0,0
0,1,1
0,1,1
0,0,1
0,1,1
0,0,0
0,1,1
0,1,1
0,1,1
0,1,1
0,1,1
0,1,1
0,1,1
0,0,0
0,1,1
0,0,0
0,1,1
0,0,1
0,1,1
0,0,0
0,0,0
0,0,0
0,0,0
0,0,1
0,0,0
0,1,1
0,0,1
0,0,1
0,0.8643092,1
0,0,1
0,1,1
0,0,0
0,1,1
0,1,1
0,1,1
0,0,0
0,1,1
0,1,1
0,0,1
0,1,1
0,1,1
0,0,0
0,1,1
0,1,1
0,1,1
0,0.8647869,1
0,0,1
0,1,1
0,0,0
0,0,0
0,1,1
0,1,1
0,0,1
0,1,1
0,0,1
0,1,1
0,1,1
0,1,1
0,0,1
0,1,1
0,1,1
0,0,1
0,0,0
0,1,1
0,0,0
0,0,1
0,0,1
0,0,1
0,1,1
0,1,1
0,1,1
0,1,1
0,1,1
0,1,1
0,0,1
0,1,1
0,0.7240435,1
0,0,0
0,1,1
0,0,0
0,0,0
0,1,1
0,1,1
0,0,1
0,1,1
0,1,1
0,1,1
0,1,1
0,0,1
0,0,1
0,1,1
0,1,1
0,1,1
0,1,1
0,1,1
0,1,1
0,1,1
0,1,1
0,1,1
0,0,0
0,1,1
0,1,1
0,0,0
0,1,1
0,1,1
0,1,1
0,1,1
0,1,1
0,1,1
0,1,1
0,1,1
0,1,1
0,0,0
0,0,0
0,0,0
0,1,1
0,1,1
0,1,1
0,1,1
0,0,0
0,0,1
0,1,1
0,1,1
0,1,1
0,1,1
0,1,1
0,0,0
0,1,1
0,0,1
0,0.8651758,1
0,1,1
0,1,1
0,1,1
0,1,1
0,1,1
0,0,0
0,1,1
0,1,1
0,0,0
0,1,1
0,1,1
0,1,1
0,0,0
0,1,1
0,1,1
0,1,1
0,1,1
0,0,1
0,1,1
0,1,1
0,1,1
0,1,1
0,1,1
0,1,1
0,1,1
0,0,1
0,0,1
0,0,1
0,0,0
0,1,1
0,0,1
0,1,1
0,0,0
0,0,1
0,1,1
0,1,1
0,0,0
0,0,0
0,1,1
0,1,1
0,0.8646315,1
0,1,1
0,0.8516817,1
0,1,1
0,0,0
0,0,1
0,1,1
0,1,1
0,1,1
0,1,1
0,1,1
0,0,1
0,0,0
0,0,0
0,1,1
0,1,1
0,1,1
0,0,1
0,1,1
0,1,1
0,1,1
0,1,1
0,1,1
0,1,1
0,1,1
0,0,1
0,1,1
0,0,1
0,0,1
0,1,1
0,0,0
0,1,1
0,1,1
0,0,1
0,1,1
0,1,1
0,1,1
0,1,1
0,1,1
0,1,1
0,0,1
0,0.7684952,1
0,1,1
0,0.8694201,1
0,1,1
0,0,0
0,0,0
0,1,1
0,1,1
0,0,0
0,0,1
0,1,1
0,0,0
0,1,1
0,0,0
0,0,0
0,0,0
0,1,1
0,1,1
0,1,1
0,1,1
0,0,0
0,0,1
0,1,1
0,1,1
0,1,1
0,1,1
0,1,1
0,0,1
0,1,1
0,0,1
0,1,1
0,0,0
0,0,0
0,0,0
0,1,1
0,0,0
0,1,1
0,0,0
0,1,1
0,1,1
0,0,1
0,1,1
0,0,0
0,0,1
0,1,1
0,1,1
0,0,0
0,1,1
0,0,0
0,1,1
0,0,0
0,0,1
0,0,1
0,1,1
0,0,0
0,0,0
0,1,1
0,1,1
0,0,0
0,1,1
0,0,0
0,1,1
0,1,1
0,0.8301705,1
0,1,1
0,1,1
0,0,1
0,1,1
0,1,1
0,1,1
0,0,0
0,1,1
0,0.8578087,1
0,1,1
0,1,1
0,1,1
0,1,1
0,0,0
0,0,0
0,0,1
0,1,1
0,0,0
0,0,0
0,1,1
0,1,1
0,0,1
0,1,1
0,1,1
0,1,1
0,1,1
0,1,1
0,1,1
0,1,1
0,0,1
0,1,1
0,1,1
0,1,1
0,1,1
0,1,1
0,1,1
0,1,1
0,0.8078309,1
0,1,1
0,1,1
0,1,1
0,1,1
0,0,1
0,0,0
0,1,1
0,0,1
0,0,0
0,0,0
0,1,1
0,1,1
0,0,0
0,1,1
0,1,1
0,0,1
0,1,1
0,1,1
0,1,1
0,1,1
0,0,1
0,1,1
0,1,1
0,1,1
0,0,0
0,1,1
0,1,1
0,1,1
0,0,1
0,1,1
0,1,1
0,0,0
0,1,1
0,0,0
0,1,1
0,1,1
0,0,1
0,0,1
0,1,1
0,0,1
0,1,1
0,1,1
0,1,1
0,1,1
0,1,1
0,1,1
0,0,0
0,1,1
0,0,0
0,1,1
0,1,1
0,1,1
0,1,1
0,0,1
0,0,1
0,0,0
0,1,1
0,1,1
0,1,1
0,0,1
0,0,0
0,0,0
0,1,1
0,0,0
0,1,1
0,1,1
0,1,1
0,0,0
0,1,1
0,0,1
0,1,1
0,1,1
0,0,0
0,1,1
0,1,1
0,0,1
0,1,1
0,0,0
0,1,1
0,0,1
0,1,1
0,0,1
0,0,0
0,1,1
0,1,1
0,1,1
0,0,0
0,1,1
0,1,1
0,0,0
0,1,1
0,1,1
0,0,1
0,0.8285596,1
0,0,1
0,1,1
0,1,1
0,1,1
0,1,1
0,1,1
0,0,1
0,1,1
0,0,0
0,0,0
0,0,1
0,1,1
0,1,1
0,0.869362,1
0,0,0
0,1,1
0,1,1
0,1,1
0,0,1
0,1,1
0,0,0
0,0,1
0,0,0
0,0,1
0,0,1
0,1,1
0,0,0
0,0,0
0,1,1
0,1,1
0,1,1
0,1,1
0,0,1
0,0,0
0,1,1
0,0,0
0,0,0
0,1,1
0,1,1
0,1,1
0,0,1
0,1,1
0,0,0
0,1,1
0,1,1
0,1,1
0,1,1
0,1,1
0,1,1
0,1,1
0,1,1
0,1,1
0,1,1
0,1,1
0,1,1
0,1,1
0,0,1
0,0,1
0,0.8627867,1
0,1,1
0,1,1
0,1,1
0,0,0
0,1,1
0,1,1
0,0,0
0,1,1
0,1,1
0,1,1
0,1,1
0,1,1
0,0,1
0,1,1
0,1,1
0,0,1
0,0,0
0,1,1
0,1,1
0,0,1
0,1,1
0,0,1
0,0,0
0,1,1
0,0,0
0,0,0
0,1,1
0,1,1
0,1,1
0,1,1
0,1,1
0,1,1
0,1,1
0,0,1
0,0,0
0,0.8636783,1
0,1,1
0,1,1
0,1,1
0,1,1
0,0,0
0,0.8617338,1
0,1,1
0,1,1
0,1,1
0,1,1
0,1,1
0,1,1
0,1,1
0,0,0
0,0,1
0,0,0
0,0,0
0,0,1
0,0,0
0,1,1
0,1,1
0,0,0
0,1,1
0,0,0
0,1,1
0,0,0
0,0,0
0,0.8850305,1
0,1,1
0,1,1
0,1,1
0,0,0
0,1,1
0,0,1
0,0,0
0,1,1
0,1,1
0,0,0
0,0,0
0,1,1
0,1,1
0,1,1
0,1,1
0,0,0
0,1,1
0,1,1
0,1,1
0,0,0
0,1,1
0,0,0
0,0,0
0,0,0
0,0,1
0,1,1
0,0,1
0,1,1
0,1,1
0,1,1
0,1,1
0,1,1
0,0,1
0,1,1
0,1,1
0,1,1
0,0,0
0,0,0
0,0,0
0,1,1
0,0,0
0,0,1
0,0,0
0,0.8643063,1
0,1,1
0,0.8572835,1
0,1,1
0,0,0
0,0,1
0,1,1
0,0,0
0,1,1
0,1,1
0,0,0
0,1,1
0,0,1
0,0,1
0,1,1
0,1,1
0,1,1
0,1,1
0,1,1
0,0,1
0,1,1
0,0.9459387,1
0,0,0
0,1,1
0,1,1
0,0,0
0,1,1
0,1,1
0,1,1
0,1,1
0,1,1
0,1,1
0,0,1
0,1,1
0,1,1
0,1,1
0,0,0
0,1,1
0,1,1
0,1,1
0,1,1
0,1,1
0,0,1
0,1,1
0,1,1
0,0,1
0,1,1
0,0,0
0,0,1
0,1,1
0,1,1
0,0,0
0,1,1
0,1,1
0,1,1
0,1,1
0,0,0
0,0,0
0,0,0
0,1,1
0,0,1
0,0,1
0,1,1
0,1,1
0,1,1
0,0,1
0,1,1
0,0,1
0,1,1
0,0,1
0,1,1
0,1,1
0,1,1
0,1,1
0,0,1
0,1,1
0,1,1
0,1,1
0,1,1
0,1,1
0,1,1
0,0,0
0,0,0
0,0,1
0,0,0
0,0.8664758,1
0,1,1
0,0,0
0,1,1
0,1,1
0,1,1
0,1,1
0,1,1
0,1,1
0,1,1
0,0,0
0,1,1
0,1,1
0,1,1
0,1,1
0,1,1
0,1,1
0,1,1
0,0,0
0,1,1
0,1,1
0,1,1
0,0,1
0,1,1
0,0,0
0,0,0
0,1,1
0,1,1
0,0,0
0,1,1
0,0,1
0,1,1
0,1,1
0,0,0
0,1,1
0,1,1
0,1,1
0,1,1
0,1,1
0,1,1
0,0,0
0,0,0
0,1,1
0,1,1
0,1,1
0,1,1
0,1,1
0,0,1
0,1,1
0,0,1
0,0,0
0,0,0
0,1,1
0,1,1
0,0.721927,1
0,1,1
0,1,1
0,0,0
0,0,1
0,0,0
0,1,1
0,1,1
0,1,1
0,1,1
0,1,1
0,1,1
0,0,0
0,0,0
0,0,0
0,1,1
0,1,1
0,1,1
0,0,1
0,0,0
0,0,0
0,1,1
0,1,1
0,0,0
0,1,1
0,1,1
0,0,1
0,1,1
0,1,1
0,0,1
0,1,1
0,0,1
0,1,1
0,1,1
0,1,1
0,1,1
0,0,1
0,1,1
0,1,1
0,0,0
0,1,1
0,0,0
0,0,0
0,1,1
0,1,1
0,0,0
0,1,1
0,1,1
0,1,1
0,0,0
0,1,1
0,1,1
0,0,0
0,1,1
0,1,1
0,1,1
0,0,0
0,0,0
0,1,1
0,1,1
0,1,1
0,0,0
0,1,1
0,1,1
0,1,1
0,1,1
0,1,1
0,1,1
0,1,1
0,0,0
0,0,1
0,0,0
0,1,1
0,1,1
0,1,1
0,1,1
0,1,1
0,0,0
0,0,0
0,1,1
0,1,1
0,1,1
0,0,1
0,1,1
0,0.8556939,1
0,1,1
0,1,1
0,0,0
0,1,1
0,0,1
0,0,0
0,0,0
0,1,1
0,1,1
0,1,1
0,0,0
0,1,1
0,1,1
0,0.8642172,1
0,0,0
0,1,1
0,1,1
0,1,1
0,0,1
0,1,1
0,0,1
0,1,1
0,0,1
0,0,0
0,1,1
0,0,0
0,1,1
0,0,0
0,1,1
0,1,1
0,1,1
0,0,0
0,0.8579632,1
0,1,1
0,1,1
0,0,1
0,0,1
0,0,1
0,1,1
0,1,1
0,1,1
0,1,1
0,0,0
0,1,1
0,0,1
0,0.7158877,1
0,1,1
0,1,1
0,1,1
0,1,1
0,0,0
0,0,0
0,0,1
0,1,1
0,0,1
0,1,1
0,1,1
0,1,1
0,0,1
0,0,0
0,1,1
0,0,0
0,0,1
0,1,1
0,0,0
0,1,1
0,0,1
0,1,1
0,0.7191142,1
0,1,1
0,0,1
0,1,1
0,1,1
0,1,1
0,1,1
0,1,1
0,1,1
0,1,1
0,1,1
0,1,1
0,1,1
0,0,0
0,1,1
0,1,1
0,0,0
0,1,1
0,1,1
0,0,1
0,0,0
0,1,1
0,0,1
0,0,1
0,0,0
0,0,1
0,1,1
0,1,1
0,0,0
0,0,0
0,0,0
0,0,1
0,1,1
0,1,1
0,1,1
0,0,1
0,1,1
0,1,1
0,1,1
0,1,1
0,1,1
0,0,0
0,1,1
0,0,0
0,1,1
0,1,1
0,0,0
0,1,1
0,1,1
0,0,1
0,1,1
0,1,1
0,1,1
0,1,1
0,1,1
0,0,0
0,1,1
0,1,1
0,1,1
0,0,0
0,1,1
0,1,1
0,0,0
0,1,1
0,1,1
0,1,1
0,1,1
0,1,1
0,0,0
0,1,1
0,1,1
0,0,0
0,1,1
0,1,1
0,0,0
0,1,1
0,1,1
0,1,1
0,1,1
0,1,1
0,0,0
0,1,1
0,0,1
0,0,0
0,1,1
0,1,1
0,0,0
0,1,1
0,0,1
0,0,0
0,0,0
0,1,1
0,1,1
0,1,1
0,1,1
0,1,1
0,1,1
0,1,1
0,1,1
0,1,1
0,0,0
0,1,1
0,1,1
0,1,1
0,1,1
0,1,1
0,1,1
0,1,1
0,1,1
0,1,1
0,1,1
0,0,1
0,0,0
0,1,1
0,0,1
0,0,0
0,1,1
0,1,1
0,0,1
0,0,0
0,1,1
0,1,1
0,1,1
0,0,1
0,1,1
0,1,1
0,1,1
0,0.8610597,1
0,1,1
0,1,1
0,0,1
0,1,1
0,0,0
0,0,0
0,1,1
0,0,0
0,1,1
0,1,1
0,0,0
0,0,1
0,1,1
0,0,0
0,1,1
0,0,1
0,0,0
0,0,1
0,0,1
0,1,1
0,1,1
0,1,1
0,1,1
0,1,1
0,1,1
0,1,1
0,0,0
0,0,1
0,1,1
0,1,1
0,0,0
0,0,0
0,1,1
0,0,1
0,1,1
0,1,1
0,1,1
0,0,0
0,1,1
0,1,1
0,0,1
0,1,1
0,1,1
0,0,1
0,1,1
0,1,1
0,1,1
0,1,1
0,0,0
0,1,1
0,1,1
0,0,0
0,1,1
0,1,1
0,1,1
0,1,1
0,1,1
0,1,1
0,1,1
0,1,1
0,1,1
0,0,0
0,1,1
0,0,0
0,1,1
0,0,1
0,1,1
0,0,1
0,0,0
0,0,0
0,1,1
0,1,1
0,1,1
0,1,1
0,0,1
0,1,1
0,1,1
0,1,1
0,0,0
0,0.8637067,1
0,1,1
0,0,0
0,1,1
0,1,1
0,1,1
0,1,1
0,1,1
0,1,1
0,1,1
0,0,1
0,1,1
0,1,1
0,1,1
0,1,1
0,1,1
0,1,1
0,0,0
0,1,1
0,0,0
0,1,1
0,1,1
0,1,1
0,1,1
0,0,0
0,1,1
0,0,0
0,1,1
0,0,1
0,1,1
0,0,0
0,1,1
0,1,1
0,0,0
0,0,0
0,1,1
0,1,1
0,1,1
0,0,0
0,0,1
0,1,1
0,1,1
0,1,1
0,1,1
0,1,1
0,1,1
0,1,1
0,1,1
0,1,1
0,0,0
0,0,1
0,0.8581933,1
0,0,0
0,1,1
0,0,1
0,1,1
0,0,0
0,1,1
0,1,1
0,1,1
0,0,0
0,1,1
0,0,0
0,1,1
0,0,1
0,1,1
0,0,1
0,0,1
0,1,1
0,0,0
0,1,1
0,1,1
0,0,0
0,1,1
0,1,1
0,0,0
0,0,1
0,0,1
0,1,1
0,0,0
0,1,1
0,1,1
0,1,1
0,1,1
0,0,0
0,0,1
0,0,1
0,0.8602334,1
0,0,0
0,0,0
0,1,1
0,0.7731626,1
0,1,1
0,0,1
0,1,1
0,1,1
0,0,0
0,1,1
0,1,1
0,1,1
0,1,1
0,1,1
0,1,1
0,0,0
0,1,1
0,1,1
0,1,1
0,0,0
0,1,1
0,0,0
0,1,1
0,1,1
0,1,1
0,1,1
0,1,1
0,1,1
0,1,1
0,1,1
0,1,1
0,0,1
0,1,1
0,1,1
0,1,1
0,1,1
0,0,0
0,1,1
0,1,1
0,0,1
0,1,1
0,1,1
0,1,1
0,1,1
0,1,1
0,0,1
0,0,0
0,1,1
0,1,1
0,1,1
0,0,0
0,1,1
0,0,0
0,1,1
0,0,0
0,0,1
0,0,0
0,1,1
0,1,1
0,0,1
0,1,1
0,1,1
0,1,1
0,0,0
0,0,0
0,0,0
0,1,1
0,1,1
0,1,1
0,0,1
0,1,1
0,1,1
0,1,1
0,0.7056094,1
0,1,1
0,1,1
0,1,1
0,0,0
0,1,1
0,1,1
0,0,1
0,0,0
0,1,1
0,1,1
0,1,1
0,0,1
0,1,1
0,1,1
0,1,1
0,1,1
0,0,0
0,1,1
0,0,0
0,0,0
0,1,1
0,1,1
0,1,1
0,0,0
0,0,1
0,1,1
0,1,1
0,0,0
0,0,0
0,1,1
0,1,1
0,1,1
0,0.8640419,1
0,0,0
0,0,0
0,1,1
0,1,1
0,1,1
0,0,1
0,1,1
0,1,1
0,0,0
0,0,0
0,1,1
0,1,1
0,0,1
0,0,0
0,0,0
0,0,0
0,1,1
0,1,1
0,1,1
0,1,1
0,1,1
0,1,1
0,1,1
0,0,1
0,1,1
0,0.7255048,1
0,1,1
0,1,1
0,1,1
0,1,1
0,1,1
0,1,1
0,0,1
0,1,1
0,1,1
0,0.8535509,1
0,0,1
0,1,1
0,1,1
0,0,0
0,1,1
0,1,1
0,0,1
0,0,0
0,0,1
0,0,1
0,1,1
0,1,1
0,1,1
0,1,1
0,1,1
0,0,1
0,0,0
0,0,1
0,1,1
0,0,1
0,1,1
0,0,0
0,0,0
0,1,1
0,0,0
0,0,0
0,0,0
0,1,1
0,0,1
0,0,0
0,0,0
0,1,1
0,1,1
0,1,1
0,0,0
0,1,1
0,1,1
0,0,1
0,0,0
0,1,1
0,1,1
0,1,1
0,0,0
0,0,0
0,1,1
0,1,1
0,0,0
0,1,1
0,1,1
0,1,1
0,1,1
0,1,1
0,1,1
0,1,1
0,1,1
0,0,1
0,1,1
0,1,1
0,0,0
0,1,1
0,1,1
0,1,1
0,1,1
0,0,0
0,1,1
0,1,1
0,1,1
0,1,1
0,1,1
0,0,0
0,1,1
0,0,1
0,1,1
0,1,1
0,1,1
0,1,1
0,0,0
0,0,1
0,1,1
0,1,1
0,1,1
0,1,1
0,1,1
0,1,1
0,1,1
0,1,1
0,1,1
0,1,1
0,1,1
0,0,1
0,1,1
0,0,0
0,1,1
0,1,1
0,1,1
0,0,0
0,1,1
0,0,0
0,0,0
0,0,0
0,1,1
0,0,0
0,0,0
0,1,1
0,0,1
0,0,0
0,1,1
0,0,1
0,1,1
0,1,1
0,1,1
0,0,0
0,1,1
0,1,1
0,0,0
0,0,1
0,1,1
0,1,1
0,1,1
0,0,0
0,0,0
0,1,1
0,0,0
0,1,1
0,0,0
0,1,1
0,0,0
0,0,0
0,1,1
0,0,1
0,0,0
0,1,1
0,1,1
0,1,1
0,1,1
0,1,1
0,1,1
0,0,1
0,0,1
0,0,1
0,1,1
0,1,1
0,1,1
0,0,1
0,0,0
0,1,1
0,0,1
0,0,0
0,1,1
0,0,0
0,0.8618795,1
0,1,1
0,0,1
0,0,1
0,0,0
0,0,0
0,1,1
0,1,1
0,1,1
0,0,0
0,1,1
0,1,1
0,1,1
0,1,1
0,0,0
0,0,0
0,1,1
0,0,0
0,1,1
0,1,1
0,0,0
0,1,1
0,1,1
0,1,1
0,0,1
0,1,1
0,0,0
0,1,1
0,1,1
0,1,1
0,1,1
0,0,1
0,0,1
0,0,0
0,1,1
0,1,1
0,1,1
0,1,1
0,0,0
0,0,0
0,1,1
0,0,0
0,1,1
0,1,1
0,1,1
0,0,0
0,1,1
0,0,0
0,0.7125906,1
0,1,1
0,1,1
0,0,0
0,0,0
0,1,1
0,1,1
0,1,1
0,0,1
0,1,1
0,0,1
0,0.8573619,1
0,1,1
0,0,0
0,0,0
0,0,0
0,1,1
0,1,1
0,1,1
0,1,1
0,1,1
0,1,1
0,1,1
0,1,1
0,0,1
0,1,1
0,0,1
0,1,1
0,0.7622157,1
0,1,1
0,0,0
0,1,1
0,1,1
0,1,1
0,1,1
0,1,1
0,1,1
0,1,1
0,1,1
0,0,0
0,1,1
0,1,1
0,1,1
0,0,0
0,1,1
0,1,1
0,0,1
0,1,1
0,0.8601815,1
0,1,1
0,0,0
0,1,1
0,1,1
0,0,0
0,1,1
0,0,0
0,0,0
0,1,1
0,0,1
0,1,1
0,1,1
0,0,0
0,1,1
0,1,1
0,1,1
0,0,1
0,0,0
0,1,1
0,1,1
0,0,1
0,0,0
0,0,0
0,0,0
0,0,0
0,0,0
0,1,1
0,1,1
0,1,1
0,1,1
0,1,1
0,1,1
0,1,1
0,0,0
0,1,1
0,1,1
0,1,1
0,0,0
0,1,1
0,1,1
0,1,1
0,1,1
0,1,1
0,0,0
0,1,1
0,1,1
0,1,1
0,1,1
0,0,1
0,0,1
0,0,1
0,1,1
0,0,0
0,0,0
0,1,1
0,0,0
0,0,1
0,1,1
0,1,1
0,1,1
0,1,1
0,0,0
0,0,0
0,1,1
0,0,1
0,0,1
0,1,1
0,1,1
0,1,1
0,0,1
0,1,1
0,1,1
0,0,0
0,0,0
0,1,1
0,0,1
0,0.8769573,1
0,0,1
0,0,0
0,1,1
0,0,0
0,0,0
0,1,1
0,1,1
0,0,0
0,1,1
0,1,1
0,0,0
0,1,1
0,1,1
0,1,1
0,0,1
0,1,1
0,0,0
0,1,1
0,0,1
0,0,0
0,0,1
0,1,1
0,1,1
0,0,1
0,0,0
0,1,1
0,1,1
0,1,1
0,1,1
0,1,1
0,1,1
0,1,1
0,0,1
0,0,0
0,0,1
0,1,1
0,1,1
0,1,1
0,1,1
0,1,1
0,1,1
0,1,1
0,0,0
0,1,1
0,1,1
0,1,1
0,1,1
0,1,1
0,1,1
0,0,0
0,1,1
0,0,0
0,1,1
0,1,1
0,1,1
0,0.8448416,1
0,0,0
0,0,0
0,1,1
0,1,1
0,0,0
0,1,1
0,0,0
0,1,1
0,1,1
0,1,1
0,1,1
0,0,1
0,1,1
0,0,1
0,1,1
0,1,1
0,1,1
0,1,1
0,0,1
0,1,1
0,0,0
0,1,1
0,1,1
0,0,0
0,1,1
0,1,1
0,0,0
0,1,1
0,0,1
0,0,1
0,1,1
0,0,1
0,1,1
0,1,1
0,0,0
0,0,1
0,0,0
0,1,1
0,0,0
0,1,1
0,0,1
0,1,1
0,0,1
0,1,1
0,0,0
0,0,1
0,1,1
0,1,1
0,0,0
0,0,0
0,0,0
0,0,0
0,1,1
0,0,1
0,0,0
0,1,1
0,1,1
0,0,1
0,1,1
0,1,1
0,1,1
0,0,0
0,1,1
0,1,1
0,0,0
0,0,0
0,1,1
0,1,1
0,1,1
0,0,0
0,1,1
0,0,0
0,0,1
0,1,1
0,0.8664893,1
0,0,1
0,0,1
0,1,1
0,0,0
0,1,1
0,1,1
0,0,0
0,1,1
0,1,1
0,1,1
0,1,1
0,0,1
0,0,1
0,1,1
0,1,1
0,0,1
0,1,1
0,0,0
0,1,1
0,1,1
0,0,1
0,0,1
0,1,1
0,0,0
0,0,1
0,1,1
0,0,1
0,0,0
0,1,1
0,1,1
0,1,1
0,0.8596672,1
0,0,0
0,1,1
0,1,1
0,0,1
0,1,1
0,1,1
0,1,1
0,1,1
0,1,1
0,1,1
0,1,1
0,1,1
0,0.8604609,1
0,0,0
0,1,1
0,1,1
0,0,0
0,0,1
0,0,1
0,1,1
0,1,1
0,0,0
0,0,1
0,1,1
0,1,1
0,1,1
0,0,0
0,1,1
0,1,1
0,0,1
0,0,0
0,0,0
0,1,1
0,0,1
0,1,1
0,1,1
0,1,1
0,0,1
0,1,1
0,1,1
0,0,0
0,1,1
0,0,1
0,1,1
0,1,1
0,1,1
0,0,0
0,0,0
0,0,1
0,1,1
0,1,1
0,0,0
0,1,1
0,0,1
0,1,1
0,1,1
0,0,1
0,1,1
0,0,0
0,1,1
0,1,1
0,1,1
0,1,1
0,1,1
0,1,1
0,0,1
0,1,1
0,0,1
0,1,1
0,1,1
0,0,1
0,0,1
0,0,0
0,0,0
0,1,1
0,1,1
0,1,1
0,1,1
0,1,1
0,1,1
0,0,0
0,1,1
0,0,0
0,0.7389206,1
0,1,1
0,0,0
0,1,1
0,1,1
0,1,1
0,0.7016102,1
0,1,1
0,0,0
0,1,1
0,1,1
0,1,1
0,0,0
0,1,1
0,0,1
0,0,1
0,0,0
0,0,1
0,0,0
0,1,1
0,1,1
0,1,1
0,1,1
0,0.8650976,1
0,1,1
0,1,1
0,0,0
0,1,1
0,1,1
0,1,1
0,1,1
0,0,1
0,0,0
0,0,1
0,1,1
0,0,0
0,0,1
0,1,1
0,1,1
0,1,1
0,1,1
0,0,0
0,0,1
0,1,1
0,1,1
0,1,1
0,0,1
0,0,0
0,1,1
0,1,1
0,1,1
0,1,1
0,0,1
0,1,1
0,1,1
0,0.8725014,1
0,1,1
0,0,0
0,1,1
0,0,0
0,1,1
0,0,1
0,1,1
0,0,0
0,0,0
0,1,1
0,0,0
0,1,1
0,1,1
0,1,1
0,1,1
0,0.8240908,1
0,1,1
0,0,0
0,0,0
0,1,1
0,0.7922455,1
0,1,1
0,1,1
0,0.882063,1
0,1,1
0,1,1
0,1,1
0,0,1
0,1,1
0,0,0
0,1,1
0,1,1
0,0,1
0,0,1
0,1,1
0,1,1
0,0,0
0,1,1
0,0,1
0,1,1
0,1,1
0,1,1
0,1,1
0,1,1
0,1,1
0,1,1
0,1,1
0,1,1
0,1,1
0,1,1
0,1,1
0,1,1
0,0,1
0,0,0
0,1,1
0,1,1
0,1,1
0,1,1
0,1,1
0,1,1
0,0,1
0,1,1
0,1,1
0,0,0
0,1,1
0,1,1
0,1,1
0,0,0
0,1,1
0,0,0
0,0,1
0,1,1
0,1,1
0,1,1
0,1,1
0,1,1
0,1,1
0,0,0
0,0,0
0,1,1
0,1,1
0,1,1
0,0,0
0,1,1
0,0,1
0,1,1
0,0,1
0,0,0
0,1,1
0,1,1
0,0,0
0,1,1
0,1,1
0,0,1
0,1,1
0,0,1
0,1,1
0,0,1
0,1,1
0,0,0
0,0,0
0,1,1
0,0,0
0,0,0
0,1,1
0,1,1
0,0,0
0,0,0
0,1,1
0,1,1
0,1,1
0,1,1
0,1,1
0,0,0
0,1,1
0,1,1
0,1,1
0,1,1
0,0,0
0,1,1
0,0,0
0,0,0
0,1,1
0,1,1
0,1,1
0,0,1
0,0,1
0,0,0
0,1,1
0,0,0
0,0,1
0,1,1
0,0,0
0,1,1
0,1,1
0,0,0
0,0,1
0,0,1
0,1,1
0,0,0
0,0,0
0,0,1
0,0,1
0,0,0
0,1,1
0,0,1
0,1,1
0,1,1
0,1,1
0,0,0
0,1,1
0,1,1
0,1,1
0,0,1
0,0,0
0,0,0
0,0,0
0,1,1
0,1,1
0,0,1
0,0,0
0,1,1
0,0,1
0,0,1
0,1,1
0,0,0
0,1,1
0,0.8624556,1
0,0,0
0,0,1
0,0,0
0,1,1
0,0,0
0,0,1
0,0,0
0,0,0
0,0,1
0,0,1
0,1,1
0,1,1
0,1,1
0,1,1
0,0,0
0,0.8795267,1
0,1,1
0,0.863295,1
0,1,1
0,1,1
0,0.8598686,1
0,0,0
0,1,1
0,1,1
0,0,1
0,1,1
0,0,0
0,1,1
0,0,0
0,1,1
0,0.7088839,1
0,1,1
0,1,1
0,1,1
0,1,1
0,1,1
0,1,1
0,1,1
0,1,1
0,0,0
0,1,1
0,0,1
0,1,1
0,1,1
0,1,1
0,0,0
0,0,0
0,1,1
0,1,1
0,0,0
0,1,1
0,1,1
0,0,1
0,0.8643528,1
0,1,1
0,1,1
0,1,1
0,0,1
0,1,1
0,1,1
0,1,1
0,1,1
0,0,1
0,0,0
0,0,0
0,1,1
0,0.853035,1
0,1,1
0,0,0
0,1,1
0,1,1
0,0,0
0,1,1
0,1,1
0,1,1
0,0,0
0,0,0
0,0,0
0,0,1
0,1,1
0,0,1
0,0,1
0,1,1
0,0,1
0,1,1
0,1,1
0,0,0
0,0,1
0,1,1
0,0.8614911,1
0,1,1
0,0,1
0,0,0
0,0,0
0,0,1
0,1,1
0,1,1
0,0,1
0,1,1
0,1,1
0,0,1
0,1,1
0,1,1
0,0,0
0,1,1
0,0,1
0,0,0
0,1,1
0,0,0
0,0,0
0,0,0
0,1,1
0,0,0
0,1,1
0,0,0
0,1,1
0,1,1
0,0,0
0,1,1
0,0,1
0,1,1
0,1,1
0,1,1
0,1,1
0,1,1
0,0,1
0,0,0
0,0,0
0,1,1
0,1,1
0,0,1
0,1,1
0,1,1
0,0,0
0,0,0
0,0,1
0,1,1
0,1,1
0,1,1
0,1,1
0,1,1
0,0,0
0,0,1
0,1,1
0,0,1
0,1,1
0,1,1
0,1,1
0,0,1
0,1,1
0,0,1
0,0,0
0,1,1
0,0,1
0,1,1
0,0,0
0,0,0
0,0,0
0,1,1
0,1,1
0,1,1
0,1,1
0,0,1
0,1,1
0,1,1
0,1,1
0,1,1
0,0,1
0,0,0
0,0,1
0,0,0
0,0,1
0,1,1
0,1,1
0,0,0
0,1,1
0,1,1
0,1,1
0,1,1
0,1,1
0,0,1
0,1,1
0,1,1
0,1,1
0,1,1
0,0,1
0,0,0
0,0,0
0,0,0
0,1,1
0,0,1
0,1,1
0,1,1
0,1,1
0,1,1
0,1,1
0,0,1
0,0,1
0,0.8595724,1
0,1,1
0,1,1
0,1,1
0,0,1
0,0,0
0,1,1
0,1,1
0,0,0
0,1,1
0,0,0
0,1,1
0,0,1
0,0,0
0,1,1
0,1,1
0,0,0
0,1,1
0,1,1
0,1,1
0,1,1
0,0,1
0,1,1
0,0,0
0,0,0
0,1,1
0,1,1
0,1,1
0,1,1
0,1,1
0,1,1
0,0,1
0,0,0
0,0,0
0,0,0
0,1,1
0,0,0
0,1,1
0,0,0
0,0,0
0,1,1
0,0,0
0,1,1
0,1,1
0,1,1
0,1,1
0,0,0
0,1,1
0,1,1
0,1,1
0,0,0
0,0,0
0,1,1
0,1,1
0,1,1
0,0,0
0,1,1
0,1,1
0,1,1
0,1,1
0,1,1
0,1,1
0,1,1
0,1,1
0,1,1
0,1,1
0,1,1
0,0,0
0,1,1
0,1,1
0,1,1
0,1,1
0,1,1
0,0,1
0,1,1
0,1,1
0,1,1
0,1,1
0,1,1
0,0,1
0,1,1
0,0,0
0,1,1
0,0,0
0,0,1
0,1,1
0,1,1
0,0.8594543,1
0,0,0
0,1,1
0,1,1
0,0.8603781,1
0,1,1
0,1,1
0,0,1
0,1,1
0,1,1
0,0,0
0,1,1
0,1,1
0,1,1
0,0,1
0,1,1
0,0,0
0,0,0
0,0,1
0,0,1
0,0,0
0,0,1
0,0,1
0,1,1
0,1,1
0,1,1
0,1,1
0,0,1
0,1,1
0,0,1
0,1,1
0,1,1
0,0.8645285,1
0,0,0
0,0,0
0,0,0
0,0,0
0,0,0
0,0,1
0,1,1
0,1,1
0,1,1
0,1,1
0,1,1
0,1,1
0,1,1
0,1,1
0,1,1
0,0,1
0,1,1
0,1,1
0,0,1
0,1,1
0,0.8144844,1
0,1,1
0,1,1
0,1,1
0,0,0
0,0,1
0,0,1
0,1,1
0,1,1
0,0,0
0,1,1
0,0,1
0,1,1
0,1,1
0,0,0
0,1,1
0,0.9161261,1
0,1,1
0,0,0
0,0,1
0,1,1
0,0,0
0,1,1
0,0.8591222,1
0,1,1
0,0,1
0,0,0
0,1,1
0,1,1
0,1,1
0,0,0
0,1,1
0,0,0
0,0,0
0,1,1
0,0,1
0,1,1
0,0,1
0,0,0
0,1,1
0,1,1
0,0,0
0,0,0
0,0,0
0,1,1
0,0,1
0,1,1
0,0,0
0,1,1
0,0,1
0,1,1
0,1,1
0,1,1
0,0,1
0,1,1
0,1,1
0,1,1
0,1,1
0,0,0
0,0,0
0,0,0
0,0,1
0,1,1
0,1,1
0,0,0
0,0,1
0,1,1
0,0,1
0,1,1
0,1,1
0,0,0
0,1,1
0,0,1
0,1,1
0,0,1
0,1,1
0,0,1
0,0,0
0,1,1
0,0,0
0,1,1
0,0,1
0,1,1
0,0,0
0,0,1
0,1,1
0,1,1
0,1,1
0,0,0
0,1,1
0,1,1
0,1,1
0,1,1
0,0,1
0,0,0
0,0,0
0,1,1
0,0,0
0,1,1
0,0,0
0,0,0
0,1,1
0,1,1
0,1,1
0,0,0
0,1,1
0,1,1
0,1,1
0,0,1
0,0,0
0,0,1
0,0,0
0,0,1
0,0,0
0,0.8570768,1
0,1,1
0,1,1
0,1,1
0,1,1
0,1,1
0,1,1
0,0,1
0,1,1
0,1,1
0,0.8580486,1
0,1,1
0,1,1
0,1,1
0,1,1
0,0,1
0,1,1
0,1,1
0,1,1
0,0,0
0,1,1
0,0,1
0,1,1
0,1,1
0,1,1
0,1,1
0,1,1
0,1,1
0,0,0
0,1,1
0,1,1
0,1,1
0,0,1
0,0,0
0,0,0
0,0,0
0,1,1
0,1,1
0,1,1
0,1,1
0,1,1
0,1,1
0,1,1
0,0,0
0,1,1
0,1,1
0,1,1
0,1,1
0,1,1
0,1,1
0,1,1
0,1,1
0,1,1
0,0,0
0,1,1
0,1,1
0,1,1
0,0,0
0,0,0
0,1,1
0,0,1
0,1,1
0,1,1
0,1,1
0,1,1
0,1,1
0,0.7110144,1
0,1,1
0,0,0
0,0,0
0,1,1
0,1,1
0,1,1
0,1,1
0,0,1
0,1,1
0,0,1
0,1,1
0,0,0
0,1,1
0,0.8629287,1
0,1,1
0,1,1
0,1,1
0,0,0
0,1,1
0,1,1
0,1,1
0,1,1
0,0,0
0,0,0
0,0,0
0,0,1
0,1,1
0,1,1
0,0,0
0,1,1
0,0,0
0,0,1
0,1,1
0,0,1
0,1,1
0,1,1
0,1,1
0,0,0
0,1,1
0,0,0
0,0,0
0,1,1
0,0,0
0,1,1
0,1,1
0,1,1
0,1,1
0,1,1
0,0,0
0,1,1
0,1,1
0,1,1
0,1,1
0,1,1
0,1,1
0,0,1
0,0,0
0,1,1
0,1,1
0,0,0
0,1,1
0,1,1
0,1,1
0,0,1
0,1,1
0,0,0
0,0,0
0,1,1
0,0,1
0,0,0
0,1,1
0,1,1
0,1,1
0,1,1
0,0,1
0,1,1
0,1,1
0,1,1
0,0,1
0,1,1
0,1,1
0,0,1
0,1,1
0,1,1
0,0,1
0,0,0
0,1,1
0,1,1
0,1,1
0,1,1
0,1,1
0,1,1
0,1,1
0,0,0
0,0,1
0,1,1
0,1,1
0,1,1
0,1,1
0,1,1
0,1,1
0,1,1
0,1,1
0,1,1
0,1,1
0,1,1
0,1,1
0,1,1
0,0.8342105,1
0,0,0
0,1,1
0,1,1
0,0,1
0,0,0
0,1,1
0,1,1
0,1,1
0,1,1
0,1,1
0,0,1
0,1,1
0,0,1
0,1,1
0,1,1
0,1,1
0,1,1
0,1,1
0,0.7825997,1
0,0,0
0,1,1
0,0,1
0,0,0
0,1,1
0,1,1
0,0,1
0,1,1
0,1,1
0,0,0
0,1,1
0,1,1
0,1,1
0,0,1
0,1,1
0,1,1
0,0,1
0,1,1
0,0,1
0,1,1
0,1,1
0,1,1
0,1,1
0,1,1
0,0,1
0,0,0
0,0,1
0,1,1
0,1,1
0,0,1
0,1,1
0,0,0
0,0,0
0,0,0
0,0,0
0,1,1
0,1,1
0,1,1
0,1,1
0,1,1
0,0.8650048,1
0,1,1
0,0,0
0,0,1
0,1,1
0,1,1
0,1,1
0,0,0
0,1,1
0,1,1
0,1,1
0,0,0
0,1,1
0,0,0
0,1,1
0,1,1
0,1,1
0,1,1
0,1,1
0,1,1
0,1,1
0,1,1
0,1,1
0,0,0
0,0,1
0,0,0
0,1,1
0,0,1
0,1,1
0,0,0
0,1,1
0,1,1
0,1,1
0,1,1
0,1,1
0,1,1
0,1,1
0,0,0
0,0,0
0,0,0
0,1,1
0,1,1
0,1,1
0,0.8613018,1
0,1,1
0,0,0
0,1,1
0,1,1
0,1,1
0,1,1
0,0,0
0,0,1
0,1,1
0,1,1
0,1,1
0,0,0
0,0,0
0,1,1
0,1,1
0,0,0
0,0,0
0,1,1
0,1,1
0,0,0
0,1,1
0,1,1
0,0,1
0,1,1
0,0,0
0,1,1
0,1,1
0,1,1
0,0,1
0,0,1
0,1,1
0,0,1
0,1,1
0,0,1
0,1,1
0,1,1
0,1,1
0,1,1
0,1,1
0,1,1
0,1,1
0,0,1
0,1,1
0,1,1
0,1,1
0,1,1
0,1,1
0,1,1
0,1,1
0,1,1
0,1,1
0,1,1
0,0,1
0,1,1
0,1,1
0,1,1
0,1,1
0,1,1
0,1,1
0,1,1
0,1,1
0,1,1
0,1,1
0,1,1
0,1,1
0,0,0
0,0,0
0,1,1
0,1,1
0,0,1
0,0,0
0,1,1
0,1,1
0,0,0
0,0,0
0,0,0
0,1,1
0,1,1
0,1,1
0,0.8008651,1
0,0,0
0,0,0
0,1,1
0,1,1
0,1,1
0,1,1
0,1,1
0,1,1
0,1,1
0,1,1
0,0,0
0,0,0
0,0,0
0,1,1
0,0,0
0,0,0
0,0,1
0,1,1
0,0,0
0,0,1
0,1,1
0,0.8804191,1
0,1,1
0,1,1
0,0,0
0,1,1
0,1,1
0,1,1
0,0,1
0,1,1
0,0.8684202,1
0,0,0
0,1,1
0,0,0
0,1,1
0,0,1
0,1,1
0,1,1
0,1,1
0,1,1
0,1,1
0,1,1
0,1,1
0,0,1
0,0,0
0,1,1
0,1,1
0,0,0
0,1,1
0,0,0
0,0.8673767,1
0,1,1
0,0,1
0,0,0
0,1,1
0,0,1
0,1,1
0,1,1
0,0,0
0,1,1
0,1,1
0,0,1
0,1,1
0,1,1
0,1,1
0,0,0
0,1,1
0,0,0
0,0,0
0,0,1
0,1,1
0,1,1
0,1,1
0,1,1
0,0,0
0,0.7188607,1
0,1,1
0,0,0
0,1,1
0,1,1
0,1,1
0,0,1
0,1,1
0,1,1
0,1,1
0,1,1
0,1,1
0,1,1
0,0.8628267,1
0,0,0
0,0,0
0,0.8598167,1
0,1,1
0,1,1
0,1,1
0,1,1
0,1,1
0,1,1
0,0,0
0,0.8603798,1
0,0,1
0,0,0
0,1,1
0,0,1
0,1,1
0,1,1
0,1,1
0,0,1
0,1,1
0,0,0
0,0,0
0,0,0
0,0.8617247,1
0,1,1
0,1,1
0,1,1
0,1,1
0,1,1
0,1,1
0,1,1
0,1,1
0,1,1
0,0,1
0,1,1
0,0,0
0,1,1
0,0,0
0,1,1
0,1,1
0,1,1
0,1,1
0,1,1
0,0,1
0,1,1
0,1,1
0,0,1
0,1,1
0,0,0
0,1,1
0,1,1
0,0,0
0,0,1
0,0.868117,1
0,0,0
0,0,1
0,1,1
0,1,1
0,0,1
0,1,1
0,1,1
0,0,0
0,0,1
0,1,1
0,0,1
0,1,1
0,0,0
0,0,0
0,0,0
0,0,0
0,0,1
0,1,1
0,0,1
0,1,1
0,0,0
0,1,1
0,1,1
0,0,1
0,1,1
0,0,0
0,0,1
0,1,1
0,0,1
0,0,0
0,1,1
0,0,1
0,0,0
0,0,1
0,1,1
0,0,1
0,1,1
0,0,0
0,1,1
0,1,1
0,1,1
0,1,1
0,1,1
0,0,0
0,1,1
0,0,1
0,1,1
0,1,1
0,1,1
0,1,1
0,1,1
0,0.7621257,1
0,0,0
0,1,1
0,1,1
0,1,1
0,1,1
0,0,0
0,1,1
0,0,1
0,0,1
0,0,1
0,1,1
0,0,0
0,1,1
0,1,1
0,1,1
0,0,1
0,1,1
0,1,1
0,1,1
0,0,0
0,0,0
0,1,1
0,0,0
0,1,1
0,1,1
0,1,1
0,1,1
0,0,0
0,1,1
0,1,1
0,0,0
0,0,1
0,0,0
0,0,1
0,0,0
0,0,0
0,0,1
0,0,0
0,0,1
0,1,1
0,1,1
0,0,0
0,0.8685774,1
0,0,0
0,0,1
0,1,1
0,0,1
0,1,1
0,0.8677882,1
0,0,1
0,1,1
0,0,1
0,0,1
0,0,0
0,1,1
0,1,1
0,1,1
0,1,1
0,1,1
0,0,1
0,0,0
0,0,1
0,0,0
0,1,1
0,1,1
0,1,1
0,1,1
0,1,1
0,1,1
0,0,0
0,0,1
0,0,0
0,1,1
0,1,1
0,1,1
0,0,0
0,1,1
0,0,0
0,1,1
0,1,1
0,1,1
0,1,1
0,0,1
0,0,1
0,1,1
0,1,1
0,0,1
0,0,1
0,0,0
0,0,1
0,1,1
0,0,1
0,1,1
0,0,0
0,1,1
0,0,0
0,1,1
0,1,1
0,1,1
0,1,1
0,1,1
0,1,1
0,1,1
0,0,0
0,1,1
0,0,1
0,0,0
0,1,1
0,1,1
0,1,1
0,0,0
0,1,1
0,1,1
0,1,1
0,0,0
0,1,1
0,1,1
0,1,1
0,1,1
0,1,1
0,1,1
0,1,1
0,0,0
0,1,1
0,1,1
0,0,1
0,1,1
0,1,1
0,1,1
0,0,1
0,0,0
0,1,1
0,1,1
0,0,0
0,1,1
0,1,1
0,0,0
0,1,1
0,0,0
0,1,1
0,1,1
0,1,1
0,1,1
0,1,1
0,0,0
0,0,0
0,1,1
0,0,0
0,1,1
0,1,1
0,1,1
0,1,1
0,1,1
0,0,1
0,0,0
0,1,1
0,1,1
0,0,0
0,1,1
0,1,1
0,0,0
0,1,1
0,1,1
0,1,1
0,1,1
0,1,1
0,0,0
0,0,0
0,1,1
0,0,0
0,0,0
0,0,1
0,1,1
0,0,1
0,1,1
0,1,1
0,1,1
0,0,0
0,0,0
0,0,0
0,0,0
0,1,1
0,0,1
0,0,0
0,1,1
0,1,1
0,0,0
0,1,1
0,1,1
0,0,0
0,1,1
0,0,1
0,1,1
0,0,0
0,1,1
0,1,1
0,1,1
0,0,0
0,0,1
0,1,1
0,0,0
0,1,1
0,0,0
0,1,1
0,1,1
0,1,1
0,1,1
0,1,1
0,0,1
0,0,0
0,0,0
0,0,0
0,1,1
0,1,1
0,1,1
0,1,1
0,1,1
0,1,1
0,1,1
0,1,1
0,0,0
0,0,0
0,1,1
0,0,1
0,1,1
0,1,1
0,1,1
0,1,1
0,1,1
0,0,1
0,1,1
0,1,1
0,1,1
0,1,1
0,0,0
0,0,0
0,1,1
0,0.8651416,1
0,1,1
0,1,1
0,0,1
0,0,0
0,1,1
0,1,1
0,1,1
0,0,1
0,1,1
0,1,1
0,0,1
0,1,1
0,0,1
0,0,0
0,0.8717641,1
0,1,1
0,1,1
0,1,1
0,0,1
0,0,0
0,1,1
0,0,0
0,1,1
0,0.8652688,1
0,1,1
0,1,1
0,1,1
0,0,1
0,0,0
0,0,1
0,1,1
0,1,1
0,0,0
0,1,1
0,1,1
0,1,1
0,0,0
0,0,1
0,0,0
0,1,1
0,0,1
0,0,1
0,0,0
0,0,0
0,0,0
0,0,0
0,1,1
0,0,0
0,0,1
0,1,1
0,1,1
0,1,1
0,1,1
0,1,1
0,1,1
0,0,1
0,0,0
0,0,1
0,0.7501119,1
0,1,1
0,0,0
0,1,1
0,1,1
0,1,1
0,1,1
0,1,1
0,1,1
0,1,1
0,1,1
0,1,1
0,0,0
0,1,1
0,1,1
0,1,1
0,1,1
0,0,1
0,1,1
0,0,0
0,0,1
0,1,1
0,1,1
0,1,1
0,1,1
0,1,1
0,1,1
0,1,1
0,1,1
0,0,0
0,0,0
0,0,0
0,1,1
0,1,1
0,0,1
0,1,1
0,1,1
0,0,0
0,0,1
0,0,0
0,1,1
0,0.8786174,1
0,0,0
0,0,1
0,1,1
0,1,1
0,0,0
0,0,0
0,1,1
0,0,0
0,1,1
0,1,1
0,0,0
0,0,1
0,1,1
0,0,0
0,0,1
0,0,1
0,1,1
0,1,1
0,0,0
0,0,0
0,1,1
0,0,0
0,1,1
0,1,1
0,0,1
0,0,1
0,1,1
0,0,0
0,0,0
0,0,1
0,1,1
0,1,1
0,1,1
0,1,1
0,0,0
0,1,1
0,0,0
0,1,1
0,0,0
0,1,1
0,0,1
0,1,1
0,0,0
0,1,1
0,1,1
0,0,0
0,0,0
0,1,1
0,1,1
0,1,1
0,0,1
0,0,1
0,1,1
0,0,0
0,0,1
0,0,0
0,1,1
0,0,0
0,0,0
0,1,1
0,1,1
0,1,1
0,1,1
0,1,1
0,0.79839,1
0,1,1
0,1,1
0,0,1
0,0,1
0,1,1
0,1,1
0,1,1
0,1,1
0,1,1
0,0,1
0,0,1
0,1,1
0,0,0
0,0,0
0,1,1
0,1,1
0,1,1
0,0,0
0,1,1
0,1,1
0,1,1
0,1,1
0,0,0
0,1,1
0,0,1
0,0,0
0,1,1
0,0,0
0,0,1
0,0,0
0,0,0
0,0,1
0,0,1
0,0.8734733,1
0,0,0
0,0.8794632,1
0,1,1
0,1,1
0,0,0
0,0,1
0,1,1
0,1,1
0,0,0
0,0,1
0,1,1
0,1,1
0,1,1
0,0,0
0,1,1
0,1,1
0,0,0
0,0,0
0,1,1
0,1,1
0,1,1
0,0,1
0,1,1
0,1,1
0,0,1
0,0,1
0,0,1
0,0,1
0,1,1
0,1,1
0,0,0
0,1,1
0,1,1
0,0,1
0,1,1
0,1,1
0,1,1
0,1,1
0,0,1
0,1,1
0,0,1
0,0,1
0,1,1
0,1,1
0,0,1
0,1,1
0,1,1
0,0,0
0,1,1
0,1,1
0,0,0
0,1,1
0,0,0
0,1,1
0,0,1
0,0,0
0,1,1
0,1,1
0,1,1
0,1,1
0,0,1
0,0,1
0,1,1
0,1,1
0,1,1
0,1,1
0,0,0
0,1,1
0,1,1
0,0,0
0,1,1
0,1,1
0,0,0
0,1,1
0,0.7408255,1
0,0,0
0,0,1
0,1,1
0,1,1
0,1,1
0,1,1
0,0.8639339,1
0,1,1
0,1,1
0,0,0
0,0,1
0,0,1
0,1,1
0,1,1
0,1,1
0,1,1
0,1,1
0,1,1
0,0,1
0,0,1
0,0,1
0,0,0
0,0,1
0,1,1
0,0,0
0,0,0
0,1,1
0,1,1
0,0,1
0,1,1
0,1,1
0,0,1
0,1,1
0,0,0
0,0,1
0,1,1
0,1,1
0,0.8583537,1
0,0,1
0,1,1
0,0,0
0,1,1
0,1,1
0,1,1
0,1,1
0,1,1
0,0,1
0,0,0
0,0,0
0,0,1
0,0,0
0,0,0
0,0,0
0,0,0
0,1,1
0,1,1
0,1,1
0,1,1
0,0,1
0,1,1
0,0,1
0,0,1
0,1,1
0,0,1
0,1,1
0,1,1
0,0,1
0,1,1
0,1,1
0,0,0
0,1,1
0,1,1
0,1,1
0,1,1
0,1,1
0,1,1
0,0,1
0,1,1
0,1,1
0,0,0
0,0,0
0,1,1
0,1,1
0,1,1
0,0,0
0,1,1
0,1,1
0,0,1
0,0.7407284,1
0,0.853279,1
0,1,1
0,0,0
0,1,1
0,1,1
0,1,1
0,0,0
0,0,1
0,1,1
0,1,1
0,0,0
0,0,1
0,1,1
0,0,0
0,1,1
0,1,1
0,1,1
0,1,1
0,1,1
0,1,1
0,1,1
0,0,0
0,1,1
0,0,0
0,0,0
0,1,1
0,1,1
0,0,1
0,1,1
0,0,0
0,0,1
0,1,1
0,1,1
0,0.8572577,1
0,0,0
0,1,1
0,1,1
0,1,1
0,1,1
0,0,0
0,0,1
0,1,1
0,1,1
0,1,1
0,0,0
0,1,1
0,0,1
0,1,1
0,0,0
0,1,1
0,0.8586365,1
0,0,1
0,1,1
0,1,1
0,0,0
0,1,1
0,1,1
0,1,1
0,1,1
0,1,1
0,1,1
0,0,0
0,0,0
0,1,1
0,1,1
0,1,1
0,1,1
0,0,0
0,1,1
0,0,1
0,1,1
0,0,1
0,1,1
0,0,0
0,1,1
0,0,0
0,1,1
0,0,0
0,1,1
0,0,1
0,1,1
0,0,1
0,0,0
0,1,1
0,0,0
0,1,1
0,1,1
0,0,1
0,0,0
0,0,0
0,0.8577783,1
0,0,1
0,1,1
0,0,0
0,1,1
0,0,0
0,1,1
0,1,1
0,1,1
0,0,1
0,1,1
0,1,1
0,1,1
0,0,0
0,1,1
0,1,1
0,0,0
0,0,0
0,1,1
0,0,1
0,0,1
0,1,1
0,0,1
0,0,1
0,1,1
0,1,1
0,1,1
0,1,1
0,0,1
0,0,0
0,1,1
0,0,0
0,1,1
0,1,1
0,1,1
0,1,1
0,1,1
0,1,1
0,1,1
0,0,1
0,0,0
0,1,1
0,0,0
0,0,0
0,1,1
0,1,1
0,0.8777646,1
0,0.8655821,1
0,1,1
0,0,1
0,1,1
0,1,1
0,1,1
0,1,1
0,1,1
0,1,1
0,0.8583938,1
0,0,0
0,1,1
0,1,1
0,1,1
0,0,0
0,1,1
0,1,1
0,1,1
0,1,1
0,1,1
0,0,1
0,1,1
0,1,1
0,0,0
0,1,1
0,0,0
0,0,0
0,1,1
0,0,0
0,1,1
0,1,1
0,1,1
0,0,1
0,1,1
0,0,0
0,0,0
0,0,1
0,0,0
0,1,1
0,0,0
0,0,1
0,1,1
0,1,1
0,0,0
0,1,1
0,1,1
0,1,1
0,1,1
0,1,1
0,1,1
0,0,0
0,0,0
0,1,1
0,0,1
0,0,1
0,0,0
0,0,1
0,1,1
0,1,1
0,1,1
0,1,1
0,1,1
0,1,1
0,1,1
0,1,1
0,0,1
0,1,1
0,0,0
0,1,1
0,1,1
0,1,1
0,1,1
0,1,1
0,0,1
0,0,0
0,1,1
0,1,1
0,0,0
0,0,0
0,1,1
0,1,1
0,1,1
0,0,0
0,1,1
0,0,0
0,0,0
0,1,1
0,1,1
0,1,1
0,1,1
0,1,1
0,1,1
0,1,1
0,0,1
0,1,1
0,0,0
0,1,1
0,1,1
0,0,1
0,1,1
0,1,1
0,0.8602272,1
0,1,1
0,1,1
0,1,1
0,0,1
0,0,1
0,0,0
0,0,0
0,0,0
0,0,1
0,0,0
0,1,1
0,1,1
0,0,0
0,1,1
0,1,1
0,1,1
0,0,1
0,1,1
0,0,0
0,1,1
0,1,1
0,1,1
0,0,0
0,1,1
0,1,1
0,1,1
0,1,1
0,0,0
0,1,1
0,1,1
0,1,1
0,1,1
0,1,1
0,1,1
0,1,1
0,1,1
0,0,0
0,0,1
0,1,1
0,1,1
0,1,1
0,1,1
0,1,1
0,1,1
0,0,0
0,1,1
0,1,1
0,1,1
0,1,1
0,0,1
0,0,0
0,1,1
0,1,1
0,1,1
0,1,1
0,0,1
0,0,0
0,1,1
0,1,1
0,0,1
0,1,1
0,1,1
0,1,1
0,0,0
0,1,1
0,0,0
0,0,1
0,1,1
0,1,1
0,1,1
0,1,1
0,0,1
0,0,0
0,1,1
0,1,1
0,1,1
0,0,0
0,1,1
0,0,1
0,0,0
0,1,1
0,0,1
0,0,0
0,1,1
0,0,1
0,1,1
0,0,1
0,1,1
0,0,1
0,1,1
0,1,1
0,0.8607211,1
0,0,1
0,1,1
0,1,1
0,1,1
0,1,1
0,0,0
0,0,1
0,0,1
0,0,1
0,1,1
0,0,1
0,1,1
0,1,1
0,1,1
0,1,1
0,1,1
0,1,1
0,1,1
0,0,0
0,1,1
0,1,1
0,1,1
0,1,1
0,0,0
0,1,1
0,0,0
0,0,0
0,1,1
0,1,1
0,1,1
0,1,1
0,0,0
0,1,1
0,0,1
0,0,1
0,1,1
0,1,1
0,1,1
0,1,1
0,1,1
0,0,1
0,1,1
0,1,1
0,1,1
0,1,1
0,0,0
0,1,1
0,1,1
0,0,0
0,1,1
0,0,0
0,1,1
0,1,1
0,1,1
0,1,1
0,1,1
0,0,0
0,0,0
0,0,1
0,1,1
0,0,0
0,0,1
0,1,1
0,1,1
0,1,1
0,1,1
0,0.7903727,1
0,0,1
0,1,1
0,1,1
0,1,1
0,0,1
0,1,1
0,1,1
0,1,1
0,0,0
0,1,1
0,1,1
0,1,1
0,1,1
0,1,1
0,0,0
0,1,1
0,1,1
0,1,1
0,0,1
0,1,1
0,0,0
0,0,1
0,1,1
0,1,1
0,1,1
0,0.8703563,1
0,1,1
0,1,1
0,1,1
0,1,1
0,0,1
0,0,1
0,0,1
0,0,0
0,0,1
0,1,1
0,1,1
0,1,1
0,0,1
0,1,1
0,1,1
0,0,0
0,0,0
0,1,1
0,0,1
0,0,1
0,1,1
0,0,1
0,0,0
0,1,1
0,0,0
0,1,1
0,1,1
0,1,1
0,1,1
0,1,1
0,0,1
0,1,1
0,1,1
0,1,1
0,1,1
0,1,1
0,0,0
0,0,1
0,1,1
0,1,1
0,0.8641164,1
0,0,1
0,1,1
0,1,1
0,1,1
0,0,0
0,1,1
0,1,1
0,0,0
0,0,0
0,0,1
0,1,1
0,0,0
0,0,1
0,1,1
0,1,1
0,0,0
0,0,0
0,1,1
0,1,1
0,1,1
0,1,1
0,1,1
0,0,1
0,0,0
0,1,1
0,1,1
0,0,0
0,1,1
0,1,1
0,1,1
0,0,0
0,0,1
0,0,1
0,0,0
0,1,1
0,1,1
0,0,1
0,1,1
0,1,1
0,0,0
0,1,1
0,1,1
0,0,0
0,1,1
0,1,1
0,0,1
0,0,1
0,1,1
0,1,1
0,0,1
0,0,1
0,1,1
0,1,1
0,1,1
0,1,1
0,0,1
0,0,1
0,0,0
0,1,1
0,1,1
0,1,1
0,0.8668485,1
0,1,1
0,0,0
0,0,1
0,0,0
0,1,1
0,1,1
0,1,1
0,0,0
0,1,1
0,0,0
0,1,1
0,1,1
0,0,0
0,1,1
0,0,1
0,0,0
0,0,1
0,1,1
0,0,1
0,0,0
0,0,0
0,1,1
0,1,1
0,0.8616908,1
0,1,1
0,1,1
0,1,1
0,1,1
0,1,1
0,0,1
0,0,1
0,1,1
0,0,0
0,1,1
0,1,1
0,1,1
0,1,1
0,0,0
0,1,1
0,1,1
0,1,1
0,1,1
0,1,1
0,0.8635904,1
0,1,1
0,0,0
0,0,0
0,0,1
0,1,1
0,0,0
0,1,1
0,1,1
0,0,0
0,1,1
0,1,1
0,1,1
0,0.8878745,1
0,1,1
0,1,1
0,0,1
0,0,0
0,1,1
0,0,0
0,0,1
0,1,1
0,1,1
0,0,0
0,0,0
0,1,1
0,1,1
0,0,1
0,1,1
0,1,1
0,0,1
0,0,0
0,1,1
0,1,1
0,1,1
0,0,0
0,1,1
0,1,1
0,0,1
0,1,1
0,1,1
0,1,1
0,1,1
0,1,1
0,1,1
0,1,1
0,0,0
0,1,1
0,1,1
0,0,1
0,1,1
0,0,1
0,0,0
0,1,1
0,1,1
0,1,1
0,0,0
0,1,1
0,1,1
0,0,1
0,1,1
0,1,1
0,0,1
0,1,1
0,0,0
0,1,1
0,0,1
0,0,0
0,0,0
0,0,0
0,1,1
0,1,1
0,1,1
0,1,1
0,1,1
0,0,1
0,0,1
0,0,1
0,1,1
0,1,1
0,0,0
0,0,1
0,1,1
0,1,1
0,0,0
0,1,1
0,1,1
0,0,1
0,1,1
0,1,1
0,0,0
0,1,1
0,0,1
0,0,0
0,1,1
0,1,1
0,0,0
0,0,0
0,0,0
0,1,1
0,0,1
0,1,1
0,1,1
0,1,1
0,0,0
0,1,1
0,0,0
0,1,1
0,1,1
0,0,1
0,1,1
0,0,0
0,0,0
0,1,1
0,0,1
0,1,1
0,1,1
0,1,1
0,0,1
0,1,1
0,0,0
0,0,0
0,0,0
0,0,0
0,1,1
0,0,0
0,0,0
0,0,0
0,1,1
0,1,1
0,0,1
0,1,1
0,1,1
0,0,0
0,1,1
0,0,0
0,1,1
0,1,1
0,1,1
0,0.8194779,1
0,1,1
0,0,0
0,0,1
0,1,1
0,1,1
0,1,1
0,0,1
0,1,1
0,0.8581539,1
0,1,1
0,0,1
0,1,1
0,1,1
0,1,1
0,0,1
0,0,1
0,1,1
0,0,1
0,1,1
0,1,1
0,1,1
0,0,0
0,0,0
0,1,1
0,0,1
0,1,1
0,0,0
0,1,1
0,0,0
0,1,1
0,1,1
0,0,0
0,0,1
0,1,1
0,1,1
0,1,1
0,0,0
0,1,1
0,0,0
0,0,1
0,1,1
0,0,0
0,0,0
0,0,0
0,1,1
0,1,1
0,1,1
0,0,0
0,1,1
0,1,1
0,0,0
0,1,1
0,0,1
0,1,1
0,0,0
0,0,1
0,1,1
0,1,1
0,1,1
0,1,1
0,1,1
0,0,1
0,1,1
0,0,1
0,1,1
0,0,0
0,1,1
0,0,0
0,1,1
0,1,1
0,1,1
0,0,0
0,0,1
0,1,1
0,1,1
0,1,1
0,1,1
0,1,1
0,0.8639908,1
0,1,1
0,1,1
0,1,1
0,1,1
0,0,1
0,1,1
0,0,1
0,0,1
0,1,1
0,0,0
0,0,0
0,1,1
0,1,1
0,1,1
0,1,1
0,0,0
0,1,1
0,0,0
0,0,0
0,0,0
0,1,1
0,1,1
0,1,1
0,1,1
0,0,0
0,1,1
0,0,0
0,1,1
0,1,1
0,1,1
0,1,1
0,0,1
0,1,1
0,0,1
0,0,1
0,0,1
0,1,1
0,0.7042375,1
0,1,1
0,0,1
0,0.8674988,1
0,0,1
0,0,0
0,1,1
0,0,0
0,1,1
0,0,1
0,0,0
0,1,1
0,0,0
0,1,1
0,1,1
0,0,0
0,0,1
0,0,1
0,1,1
0,1,1
0,0,0
0,0,0
0,1,1
0,0,0
0,1,1
0,1,1
0,0,1
0,1,1
0,1,1
0,1,1
0,1,1
0,1,1
0,0,1
0,1,1
0,1,1
0,1,1
0,1,1
0,1,1
0,1,1
0,1,1
0,0,1
0,0,0
0,1,1
0,1,1
0,1,1
0,0,0
0,0,1
0,0,0
0,0.7255334,1
0,1,1
0,1,1
0,0,1
0,1,1
0,1,1
0,1,1
0,0,0
0,1,1
0,0,0
0,1,1
0,1,1
0,0,1
0,1,1
0,1,1
0,1,1
0,1,1
0,1,1
0,0,1
0,1,1
0,1,1
0,0.8702134,1
0,1,1
0,0,0
0,0,0
0,1,1
0,1,1
0,1,1
0,1,1
0,1,1
0,1,1
0,1,1
0,1,1
0,1,1
0,1,1
0,1,1
0,0,1
0,1,1
0,1,1
0,0,0
0,1,1
0,0,0
0,0,1
0,1,1
0,1,1
0,0,0
0,0,1
0,1,1
0,0,1
0,0,0
0,0,1
0,1,1
0,0,0
0,0,0
0,1,1
0,1,1
0,0,1
0,0,1
0,0,0
0,1,1
0,1,1
0,1,1
0,1,1
0,1,1
0,0.8017436,1
0,1,1
0,1,1
0,1,1
0,1,1
0,1,1
0,1,1
0,0,0
0,1,1
0,0,0
0,1,1
0,1,1
0,0,0
0,1,1
0,0.7178725,1
0,1,1
0,0,0
0,1,1
0,1,1
0,1,1
0,0,0
0,1,1
0,1,1
0,1,1
0,1,1
0,1,1
0,0,0
0,1,1
0,1,1
0,0,0
0,0,1
0,1,1
0,0.8708581,1
0,0,0
0,0,0
0,0,0
0,0,1
0,0,0
0,1,1
0,1,1
0,1,1
0,0,0
0,1,1
0,0,0
0,1,1
0,0,0
0,1,1
0,1,1
0,1,1
0,0,1
0,1,1
0,0,0
0,0,1
0,1,1
0,1,1
0,1,1
0,1,1
0,0,1
0,0,0
0,0,1
0,0,0
0,0,0
0,0,0
0,1,1
0,0,0
0,1,1
0,0,1
0,1,1
0,0,0
0,0,0
0,1,1
0,0.8664821,1
0,1,1
0,1,1
0,0,0
0,0,0
0,1,1
0,0,0
0,0,1
0,0,1
0,0,0
0,1,1
0,0,1
0,1,1
0,1,1
0,1,1
0,1,1
0,1,1
0,1,1
0,0,0
0,1,1
0,0,1
0,0.8577579,1
0,0,1
0,0,0
0,1,1
0,0,0
0,1,1
0,1,1
0,1,1
0,1,1
0,0,0
0,1,1
0,1,1
0,1,1
0,0,0
0,1,1
0,1,1
0,1,1
0,0.8523418,1
0,1,1
0,1,1
0,1,1
0,1,1
0,1,1
0,0,0
0,1,1
0,1,1
0,1,1
0,0,0
0,0,1
0,1,1
0,1,1
0,0,0
0,0,1
0,1,1
0,1,1
0,0,1
0,0.8578175,1
0,0,1
0,0,0
0,1,1
0,0,1
0,0,1
0,0,0
0,0,0
0,1,1
0,0,0
0,1,1
0,0,1
0,1,1
0,1,1
0,1,1
0,0,0
0,1,1
0,0,0
0,0,0
0,0,1
0,1,1
0,0,1
0,0,0
0,1,1
0,0,0
0,1,1
0,1,1
0,1,1
0,1,1
0,0,0
0,1,1
0,0,1
0,1,1
0,0,0
0,0,0
0,0,0
0,1,1
0,1,1
0,1,1
0,1,1
0,0,1
0,1,1
0,1,1
0,1,1
0,1,1
0,0,1
0,0,0
0,1,1
0,1,1
0,0,1
0,0,0
0,0,0
0,1,1
0,0,0
0,0,1
0,0,0
0,0,0
0,1,1
0,0,0
0,0,1
0,1,1
0,1,1
0,0,0
0,0,0
0,0,0
0,1,1
0,1,1
0,0,0
0,0,1
0,0,0
0,1,1
0,0,1
0,1,1
0,1,1
0,1,1
0,0,0
0,0,0
0,0,1
0,0,0
0,0,0
0,0,0
0,1,1
0,1,1
0,0,0
0,1,1
0,1,1
0,1,1
0,0,1
0,1,1
0,0,1
0,1,1
0,0,0
0,0,0
0,1,1
0,0.8639616,1
0,1,1
0,1,1
0,1,1
0,1,1
0,1,1
0,0,0
0,0,0
0,1,1
0,1,1
0,0,0
0,1,1
0,1,1
0,0,0
0,1,1
0,1,1
0,0,0
0,1,1
0,1,1
0,1,1
0,1,1
0,0,0
0,1,1
0,1,1
0,1,1
0,0,0
0,0,0
0,1,1
0,1,1
0,1,1
0,1,1
0,1,1
0,0,1
0,1,1
0,1,1
0,1,1
0,1,1
0,0,1
0,0,0
0,1,1
0,0,1
0,1,1
0,0,0
0,1,1
0,0,0
0,0,0
0,1,1
0,1,1
0,0,1
0,1,1
0,1,1
0,1,1
0,0,1
0,1,1
0,0,1
0,1,1
0,1,1
0,1,1
0,1,1
0,1,1
0,1,1
0,1,1
0,1,1
0,0,0
0,1,1
0,1,1
0,1,1
0,0,0
0,0,1
0,1,1
0,1,1
0,0,0
0,0,0
0,1,1
0,1,1
0,1,1
0,1,1
0,0,0
0,1,1
0,1,1
0,1,1
0,0,0
0,1,1
0,0,0
0,1,1
0,0,1
0,1,1
0,1,1
0,1,1
0,1,1
0,1,1
0,1,1
0,0,1
0,1,1
0,1,1
0,1,1
0,0,0
0,1,1
0,0,0
0,1,1
0,1,1
0,1,1
0,1,1
0,1,1
0,1,1
0,0,1
0,0,0
0,0,0
0,1,1
0,1,1
0,0,0
0,1,1
0,0,0
0,1,1
0,0.7386932,1
0,1,1
0,0,0
0,0,0
0,1,1
0,0,0
0,0,1
0,0.7376233,1
0,1,1
0,1,1
0,0,0
0,1,1
0,0,1
0,1,1
0,1,1
0,1,1
0,1,1
0,0,0
0,1,1
0,1,1
0,0,0
0,0,1
0,1,1
0,0.8648947,1
0,1,1
0,0,1
0,0,0
0,1,1
0,0,1
0,1,1
0,1,1
0,1,1
0,1,1
0,1,1
0,1,1
0,0,0
0,1,1
0,1,1
0,0,1
0,1,1
0,1,1
0,0,1
0,0,1
0,0,0
0,0,0
0,1,1
0,1,1
0,0,0
0,1,1
0,0,0
0,1,1
0,0,1
0,1,1
0,1,1
0,1,1
0,0,1
0,0,1
0,0.8670677,1
0,1,1
0,1,1
0,0,1
0,1,1
0,1,1
0,0,0
0,1,1
0,0,0
0,1,1
0,0,1
0,0,0
0,1,1
0,0,0
0,1,1
0,1,1
0,1,1
0,0,1
0,1,1
0,1,1
0,0.8614104,1
0,1,1
0,1,1
0,0,0
0,0,1
0,1,1
0,1,1
0,0,1
0,0,0
0,1,1
0,1,1
0,1,1
0,1,1
0,0,1
0,0,0
0,1,1
0,1,1
0,0,1
0,1,1
0,1,1
0,1,1
0,1,1
0,0,1
0,1,1
0,0,1
0,0,0
0,0.8641127,1
0,1,1
0,1,1
0,0,0
0,1,1
0,1,1
0,1,1
0,0,1
0,0,0
0,0,1
0,0,0
0,1,1
0,1,1
0,1,1
0,0,0
0,1,1
0,0,1
0,1,1
0,1,1
0,1,1
0,0,0
0,1,1
0,1,1
0,1,1
0,1,1
0,0,0
0,1,1
0,1,1
0,0,0
0,0,0
0,1,1
0,1,1
0,1,1
0,1,1
0,1,1
0,0,0
0,1,1
0,1,1
0,1,1
0,1,1
0,1,1
0,0,1
0,1,1
0,1,1
0,1,1
0,0,0
0,1,1
0,1,1
0,0,0
0,1,1
0,0.8638791,1
0,1,1
0,1,1
0,0,0
0,1,1
0,1,1
0,1,1
0,1,1
0,1,1
0,1,1
0,1,1
0,0,0
0,0,0
0,1,1
0,1,1
0,1,1
0,1,1
0,0,0
0,1,1
0,1,1
0,1,1
0,1,1
0,0,1
0,0,0
0,1,1
0,1,1
0,0,0
0,1,1
0,1,1
0,1,1
0,1,1
0,0,0
0,1,1
0,1,1
0,0,1
0,1,1
0,1,1
0,1,1
0,1,1
0,1,1
0,0,1
0,0,0
0,0,0
0,1,1
0,1,1
0,0.8577262,1
0,0,1
0,1,1
0,1,1
0,0,0
0,1,1
0,0,0
0,1,1
0,0,0
0,1,1
0,1,1
0,0,1
0,0,0
0,0,0
0,1,1
0,1,1
0,0,1
0,1,1
0,1,1
0,1,1
0,1,1
0,0,0
0,0,1
0,0,0
0,1,1
0,1,1
0,0,1
0,1,1
0,1,1
0,1,1
0,1,1
0,1,1
0,1,1
0,0,0
0,1,1
0,0,0
0,0,1
0,0,0
0,1,1
0,0,1
0,0,0
0,1,1
0,1,1
0,1,1
0,1,1
0,1,1
0,1,1
0,1,1
0,0.749244,1
0,1,1
0,1,1
0,0.8678974,1
0,1,1
0,0,1
0,0,0
0,0,0
0,1,1
0,1,1
0,1,1
0,1,1
0,0,1
0,1,1
0,1,1
0,1,1
0,1,1
0,0.8610133,1
0,1,1
0,1,1
0,1,1
0,0,0
0,1,1
0,1,1
0,0,1
0,1,1
0,1,1
0,0,0
0,1,1
0,1,1
0,1,1
0,1,1
0,1,1
0,1,1
0,1,1
0,0,1
0,1,1
0,0,0
0,1,1
0,1,1
0,1,1
0,1,1
0,1,1
0,1,1
0,1,1
0,1,1
0,0,1
0,0,0
0,1,1
0,0,0
0,1,1
0,1,1
0,0,1
0,1,1
0,1,1
0,0,0
0,0,0
0,1,1
0,0,0
0,0,1
0,0,0
0,1,1
0,1,1
0,1,1
0,0,1
0,1,1
0,0,1
0,0,0
0,1,1
0,1,1
0,1,1
0,1,1
0,1,1
0,1,1
0,0,1
0,0,0
0,0.874235,1
0,1,1
0,1,1
0,1,1
0,0,0
0,0,1
0,0,0
0,1,1
0,0,1
0,1,1
0,1,1
0,1,1
0,0,0
0,0,1
0,0,0
0,0,0
0,1,1
0,0,1
0,1,1
0,0,1
0,1,1
0,1,1
0,1,1
0,0,1
0,0,1
0,0,0
0,0.8573676,1
0,1,1
0,1,1
0,1,1
0,0,0
0,1,1
0,1,1
0,0,0
0,1,1
0,0.8598897,1
0,1,1
0,0,1
0,1,1
0,1,1
0,1,1
0,0,0
0,0.8615915,1
0,0,0
0,1,1
0,1,1
0,1,1
0,0,1
0,0,1
0,1,1
0,1,1
0,0,0
0,1,1
0,0,1
0,0,0
0,1,1
0,0,0
0,0,0
0,0.8652174,1
0,0,0
0,0,1
0,1,1
0,0,0
0,1,1
0,1,1
0,1,1
0,0,0
0,1,1
0,1,1
0,1,1
0,1,1
0,1,1
0,0,1
0,0,0
0,1,1
0,0,0
0,0,0
0,1,1
0,0,1
0,1,1
0,1,1
0,1,1
0,1,1
0,1,1
0,1,1
0,0,0
0,0,0
0,1,1
0,1,1
0,0,0
0,1,1
0,0,1
0,1,1
0,1,1
0,0,0
0,1,1
0,1,1
0,0,1
0,1,1
0,0,0
0,1,1
0,0,1
0,1,1
0,1,1
0,0,1
0,0,1
0,1,1
0,0,1
0,1,1
0,1,1
0,1,1
0,1,1
0,0,1
0,0,1
0,1,1
0,1,1
0,1,1
0,1,1
0,0,0
0,1,1
0,1,1
0,0,1
0,0,0
0,1,1
0,0,1
0,1,1
0,0,1
0,0,0
0,1,1
0,1,1
0,0,1
0,0,1
0,0,0
0,1,1
0,0,1
0,0,0
0,1,1
0,1,1
0,1,1
0,1,1
0,1,1
0,1,1
0,1,1
0,1,1
0,1,1
0,1,1
0,1,1
0,1,1
0,0,0
0,0,0
0,0,1
0,0,0
0,1,1
0,1,1
0,0,0
0,0,1
0,1,1
0,1,1
0,1,1
0,0,0
0,0,1
0,0,0
0,1,1
0,1,1
0,1,1
0,1,1
0,0,1
0,1,1
0,0,0
0,1,1
0,1,1
0,1,1
0,0,1
0,0,0
0,1,1
0,0,0
0,1,1
0,0,1
0,1,1
0,0,1
0,1,1
0,1,1
0,0,0
0,1,1
0,0,0
0,1,1
0,0,1
0,1,1
0,0,0
0,0,1
0,0,0
0,1,1
0,0,0
0,1,1
0,1,1
0,0.8565903,1
0,1,1
0,0,0
0,1,1
0,0,1
0,0,0
0,1,1
0,1,1
0,1,1
0,0,0
0,0,1
0,1,1
0,1,1
0,1,1
0,1,1
0,0,1
0,1,1
0,0,1
0,1,1
0,1,1
0,1,1
0,0,0
0,1,1
0,0,1
0,0,0
0,0,1
0,1,1
0,1,1
0,1,1
0,1,1
0,0,1
0,1,1
0,0,0
0,0,1
0,0,1
0,0,0
0,0,0
0,1,1
0,1,1
0,1,1
0,0,0
0,0,1
0,1,1
0,1,1
0,0,0
0,0,0
0,0,0
0,1,1
0,1,1
0,0,1
0,1,1
0,1,1
0,0,1
0,1,1
0,0,0
0,1,1
0,0,0
0,1,1
0,0,0
0,1,1
0,0,0
0,1,1
0,0,1
0,1,1
0,0,1
0,1,1
0,0,1
0,0,0
0,0,0
0,1,1
0,0,0
0,1,1
0,1,1
0,1,1
0,0,0
0,0,1
0,0,0
0,0,1
0,1,1
0,0,0
0,0,1
0,0,0
0,1,1
0,0,1
0,0.8692998,1
0,1,1
0,1,1
0,1,1
0,0,1
0,1,1
0,1,1
0,0,0
0,1,1
0,1,1
0,1,1
0,1,1
0,0,1
0,1,1
0,1,1
0,1,1
0,0,0
0,0,0
0,1,1
0,1,1
0,1,1
0,1,1
0,1,1
0,0.8603326,1
0,0,0
0,0,1
0,1,1
0,1,1
0,0,1
0,0,0
0,0,0
0,0,0
0,1,1
0,0,0
0,1,1
0,0,0
0,1,1
0,1,1
0,1,1
0,0,1
0,1,1
0,1,1
0,1,1
0,0,1
0,1,1
0,0,1
0,1,1
0,1,1
0,1,1
0,1,1
0,1,1
0,1,1
0,1,1
0,0,0
0,0,0
0,0,0
0,1,1
0,0,1
0,1,1
0,0.8635973,1
0,1,1
0,1,1
0,1,1
0,1,1
0,1,1
0,0,0
0,0,1
0,0,0
0,0,1
0,0,0
0,1,1
0,1,1
0,0,1
0,0.9065068,1
0,1,1
0,1,1
0,1,1
0,1,1
0,0,0
0,0.8937048,1
0,1,1
0,1,1
0,0,1
0,1,1
0,0,0
0,0,1
0,1,1
0,1,1
0,0,1
0,1,1
0,1,1
0,1,1
0,0,0
0,1,1
0,1,1
0,1,1
0,1,1
0,1,1
0,1,1
0,1,1
0,0,1
0,1,1
0,0,1
0,0,0
0,0,0
0,1,1
0,1,1
0,0,0
0,1,1
0,1,1
0,0,0
0,1,1
0,1,1
0,0,0
0,0,0
0,1,1
0,1,1
0,1,1
0,1,1
0,1,1
0,0,1
0,0,0
0,1,1
0,1,1
0,1,1
0,1,1
0,1,1
0,1,1
0,1,1
0,0,0
0,0,1
0,1,1
0,1,1
0,1,1
0,1,1
0,1,1
0,1,1
0,0,0
0,0,0
0,1,1
0,0,1
0,0,1
0,0,0
0,1,1
0,1,1
0,0,1
0,1,1
0,1,1
0,1,1
0,0,0
0,0,0
0,1,1
0,1,1
0,0,0
0,0,0
0,1,1
0,1,1
0,1,1
0,0.82216,1
0,0,0
0,1,1
0,0,1
0,1,1
0,1,1
0,1,1
0,1,1
0,1,1
0,1,1
0,1,1
0,1,1
0,0,0
0,0,1
0,1,1
0,0,1
0,0,0
0,1,1
0,0,1
0,1,1
0,0,1
0,1,1
0,1,1
0,1,1
0,1,1
0,1,1
0,0,0
0,1,1
0,0,1
0,1,1
0,0,0
0,1,1
0,1,1
0,1,1
0,0,0
0,1,1
0,1,1
0,1,1
0,1,1
0,1,1
0,0,1
0,1,1
0,0,1
0,0,1
0,1,1
0,1,1
0,1,1
0,1,1
0,1,1
0,1,1
0,1,1
0,1,1
0,1,1
0,0,1
0,0,1
0,0,0
0,1,1
0,1,1
0,0,0
0,1,1
0,1,1
0,0,1
0,0,0
0,1,1
0,0,0
0,1,1
0,0,1
0,1,1
0,1,1
0,1,1
0,1,1
0,0,0
0,0,0
0,0,0
0,0,0
0,1,1
0,1,1
0,1,1
0,1,1
0,1,1
0,1,1
0,0,1
0,1,1
0,0,0
0,0,1
0,0,0
0,0,0
0,0,0
0,0,0
0,1,1
0,1,1
0,1,1
0,1,1
0,1,1
0,0.8339666,1
0,0,1
0,0,1
0,0,1
0,0,1
0,0.8510722,1
0,1,1
0,0.8865319,1
0,0.725677,1
0,1,1
0,1,1
0,1,1
0,0.8588115,1
0,1,1
0,0,0
0,1,1
0,1,1
0,0,1
0,0,0
0,0,1
0,0,1
0,1,1
0,1,1
0,1,1
0,1,1
0,1,1
0,0,0
0,0,1
0,1,1
0,1,1
0,0,0
0,1,1
0,0.8598671,1
0,1,1
0,1,1
0,1,1
0,1,1
0,1,1
0,0,1
0,0,0
0,0,0
0,0,0
0,0,1
0,1,1
0,1,1
0,0.7803656,1
0,0,0
0,1,1
0,0,0
0,1,1
0,1,1
0,1,1
0,1,1
0,1,1
0,1,1
0,0,1
0,1,1
0,0,0
0,1,1
0,1,1
0,1,1
0,0,1
0,1,1
0,0,0
0,1,1
0,0,0
0,1,1
0,1,1
0,1,1
0,0,0
0,1,1
0,0,0
0,1,1
0,1,1
0,0,0
0,0,0
0,1,1
0,1,1
0,1,1
0,1,1
0,1,1
0,1,1
0,1,1
0,1,1
0,0,0
0,1,1
0,0,1
0,0,1
0,1,1
0,1,1
0,0,1
0,0,0
0,1,1
0,1,1
0,1,1
0,1,1
0,1,1
0,1,1
0,0,1
0,0,1
0,1,1
0,0,1
0,0,0
0,1,1
0,1,1
0,1,1
0,1,1
0,1,1
0,1,1
0,0,1
0,0,1
0,1,1
0,1,1
0,0,0
0,1,1
0,1,1
0,1,1
0,1,1
0,0,1
0,0,1
0,1,1
0,1,1
0,1,1
0,0,1
0,0,0
0,0,0
0,1,1
0,1,1
0,1,1
0,1,1
0,0,0
0,0,1
0,0,1
0,1,1
0,0,0
0,1,1
0,0,0
0,0.8629478,1
0,0.8661848,1
0,0.8727237,1
0,1,1
0,1,1
0,1,1
0,1,1
0,1,1
0,1,1
0,1,1
0,1,1
0,0,0
0,0,1
0,0,0
0,1,1
0,0,1
0,1,1
0,1,1
0,1,1
0,1,1
0,0,0
0,1,1
0,0,0
0,0,1
0,0.8615876,1
0,1,1
0,1,1
0,1,1
0,1,1
0,1,1
0,0,0
0,0,0
0,1,1
0,1,1
0,1,1
0,1,1
0,1,1
0,1,1
0,0,1
0,1,1
0,1,1
0,1,1
0,1,1
0,0,0
0,0,0
0,1,1
0,0.8688855,1
0,1,1
0,0.7393425,1
0,1,1
0,1,1
0,1,1
0,0,0
0,1,1
0,1,1
0,1,1
0,1,1
0,1,1
0,1,1
0,0,0
0,0,0
0,1,1
0,1,1
0,0,0
0,1,1
0,1,1
0,1,1
0,0,0
0,1,1
0,1,1
0,0,1
0,0,0
0,1,1
0,1,1
0,1,1
0,1,1
0,1,1
0,0,0
0,0,0
0,0,0
0,1,1
0,0,0
0,1,1
0,1,1
0,1,1
0,0,0
0,1,1
0,1,1
0,1,1
0,1,1
0,1,1
0,0,0
0,1,1
0,1,1
0,1,1
0,0,0
0,0,0
0,1,1
0,1,1
0,1,1
0,1,1
0,1,1
0,1,1
0,1,1
0,1,1
0,0,0
0,0,0
0,1,1
0,1,1
0,0.8730145,1
0,1,1
0,1,1
0,1,1
0,1,1
0,1,1
0,1,1
0,0,1
0,1,1
0,1,1
0,0,0
0,1,1
0,0,0
0,1,1
0,1,1
0,1,1
0,1,1
0,0,0
0,1,1
0,0,0
0,1,1
0,0,1
0,1,1
0,1,1
0,1,1
0,0,0
0,1,1
0,0,1
0,0,0
0,0,0
0,0,0
0,0,0
0,0,1
0,1,1
0,0,0
0,0,0
0,1,1
0,1,1
0,1,1
0,1,1
0,0,0
0,1,1
0,1,1
0,1,1
0,1,1
0,1,1
0,0,0
0,1,1
0,1,1
0,1,1
0,1,1
0,0,1
0,1,1
0,1,1
0,1,1
0,0,1
0,0,1
0,0,0
0,0,1
0,1,1
0,1,1
0,1,1
0,1,1
0,0,1
0,1,1
0,1,1
0,0,0
0,1,1
0,1,1
0,1,1
0,0,1
0,1,1
0,0,0
0,1,1
0,0,0
0,1,1
0,1,1
0,1,1
0,1,1
0,0,1
0,0,0
0,1,1
0,1,1
0,1,1
0,1,1
0,1,1
0,1,1
0,1,1
0,1,1
0,1,1
0,0,1
0,1,1
0,1,1
0,1,1
0,1,1
0,0,1
0,1,1
0,1,1
0,0,1
0,1,1
0,1,1
0,1,1
0,0,1
0,1,1
0,1,1
0,1,1
0,1,1
0,0,0
0,0,0
0,1,1
0,1,1
0,0,1
0,0,0
0,1,1
0,1,1
0,1,1
0,1,1
0,1,1
0,0,0
0,1,1
0,0,0
0,1,1
0,1,1
0,0,0
0,1,1
0,1,1
0,0,1
0,1,1
0,1,1
0,0,1
0,1,1
0,0,0
0,1,1
0,0,0
0,1,1
0,1,1
0,1,1
0,1,1
0,1,1
0,1,1
0,1,1
0,0,1
0,0,0
0,1,1
0,0,1
0,0,0
0,1,1
0,0,1
0,0.8621334,1
0,0,0
0,1,1
0,1,1
0,1,1
0,1,1
0,1,1
0,1,1
0,1,1
0,1,1
0,0,0
0,1,1
0,0,0
0,0,0
0,0,0
0,0,0
0,0,1
0,0,0
0,1,1
0,0,0
0,0,1
0,0,0
0,0,0
0,0.8034741,1
0,0,0
0,1,1
0,1,1
0,0,0
0,1,1
0,1,1
0,1,1
0,0,0
0,0,0
0,1,1
0,1,1
0,1,1
0,1,1
0,1,1
0,1,1
0,0,0
0,1,1
0,0,1
0,1,1
0,1,1
0,0,0
0,0,0
0,0,0
0,1,1
0,0,0
0,1,1
0,0,0
0,1,1
0,0,1
0,1,1
0,0,0
0,0,1
0,1,1
0,0,1
0,1,1
0,1,1
0,0,0
0,1,1
0,0,0
0,1,1
0,1,1
0,1,1
0,0,1
0,1,1
0,1,1
0,1,1
0,1,1
0,1,1
0,0,0
0,1,1
0,1,1
0,0,0
0,1,1
0,1,1
0,0,1
0,1,1
0,0,1
0,1,1
0,1,1
0,0,0
0,1,1
0,1,1
0,1,1
0,0,1
0,0,1
0,0,0
0,1,1
0,0,0
0,0,1
0,0,1
0,0,0
0,1,1
0,0,1
0,1,1
0,0,0
0,1,1
0,1,1
0,1,1
0,1,1
0,1,1
0,1,1
0,1,1
0,1,1
0,0,1
0,1,1
0,0,0
0,1,1
0,0,1
0,0,0
0,0,0
0,1,1
0,1,1
0,1,1
0,1,1
0,0,0
0,0,1
0,0,1
0,0,1
0,1,1
0,1,1
0,1,1
0,1,1
0,0.7911669,1
0,1,1
0,1,1
0,1,1
0,0,1
0,1,1
0,1,1
0,1,1
0,1,1
0,0,0
0,0,0
0,1,1
0,1,1
0,1,1
0,0,0
0,1,1
0,1,1
0,0,0
0,0,1
0,1,1
0,1,1
0,0,1
0,0,1
0,0.8589629,1
0,1,1
0,1,1
0,0,0
0,1,1
0,1,1
0,0,1
0,0,0
0,1,1
0,1,1
0,1,1
0,1,1
0,1,1
0,0,0
0,1,1
0,1,1
0,1,1
0,1,1
0,0,1
0,0,0
0,1,1
0,0,1
0,0,0
0,1,1
0,0,0
0,1,1
0,1,1
0,1,1
0,0,1
0,0,0
0,1,1
0,1,1
0,1,1
0,0,0
0,0,1
0,0,1
0,1,1
0,1,1
0,0,0
0,1,1
0,0,1
0,0,0
0,0,0
0,1,1
0,1,1
0,1,1
0,1,1
0,0.8571535,1
0,1,1
0,1,1
0,1,1
0,1,1
0,0,0
0,1,1
0,1,1
0,1,1
0,0,0
0,0,0
0,0.8538076,1
0,1,1
0,1,1
0,0.7711595,1
0,1,1
0,0,1
0,1,1
0,0,0
0,1,1
0,1,1
0,0,1
0,0,0
0,0,0
0,0,1
0,0,0
0,0,0
0,1,1
0,1,1
0,1,1
0,1,1
0,1,1
0,0,0
0,1,1
0,0,1
0,1,1
0,0,1
0,0,0
0,0,0
0,1,1
0,1,1
0,1,1
0,0,0
0,1,1
0,1,1
0,1,1
0,1,1
0,1,1
0,1,1
0,1,1
0,1,1
0,1,1
0,1,1
0,0,0
0,1,1
0,0,1
0,0,1
0,1,1
0,1,1
0,0,1
0,1,1
0,1,1
0,1,1
0,1,1
0,1,1
0,0,0
0,1,1
0,1,1
0,1,1
0,1,1
0,1,1
0,1,1
0,0,0
0,1,1
0,1,1
0,1,1
0,1,1
0,0,0
0,0,0
0,0,1
0,0,1
0,1,1
0,0,0
0,1,1
0,1,1
0,1,1
0,1,1
0,0,0
0,1,1
0,1,1
0,0,0
0,0.8587501,1
0,1,1
0,0,0
0,0,0
0,1,1
0,0,0
0,1,1
0,0,0
0,1,1
0,0,0
0,1,1
0,1,1
0,1,1
0,1,1
0,0,0
0,1,1
0,0,0
0,1,1
0,1,1
0,1,1
0,0.859841,1
0,1,1
0,0,0
0,1,1
0,1,1
0,1,1
0,1,1
0,1,1
0,1,1
0,1,1
0,0.8732079,1
0,1,1
0,0,0
0,0,1
0,1,1
0,1,1
0,1,1
0,1,1
0,1,1
0,1,1
0,0,0
0,1,1
0,1,1
0,1,1
0,1,1
0,1,1
0,1,1
0,1,1
0,1,1
0,0,1
0,1,1
0,1,1
0,1,1
0,0,0
0,1,1
0,0,0
0,0,1
0,1,1
0,0,0
0,0,1
0,1,1
0,1,1
0,0,0
0,1,1
0,1,1
0,1,1
0,0,1
0,0,0
0,1,1
0,1,1
0,1,1
0,0,1
0,1,1
0,1,1
0,1,1
0,0,0
0,1,1
0,1,1
0,0,1
0,1,1
0,1,1
0,1,1
0,1,1
0,0,0
0,0,1
0,1,1
0,1,1
0,1,1
0,1,1
0,1,1
0,1,1
0,0,1
0,0,1
0,0,0
0,1,1
0,0,1
0,1,1
0,0,0
0,1,1
0,0,1
0,1,1
0,0,0
0,1,1
0,0,0
0,1,1
0,1,1
0,0,0
0,0,1
0,1,1
0,1,1
0,0,0
0,0,1
0,1,1
0,1,1
0,0,1
0,1,1
0,1,1
0,0,1
0,1,1
0,1,1
0,1,1
0,0,0
0,1,1
0,1,1
0,1,1
0,0,1
0,0.7553526,1
0,0,0
0,1,1
0,1,1
0,1,1
0,0,0
0,1,1
0,0.7249004,1
0,1,1
0,1,1
0,0,0
0,0,0
0,0,1
0,1,1
0,1,1
0,0,0
0,0,1
0,0,0
0,1,1
0,1,1
0,1,1
0,1,1
0,1,1
0,1,1
0,1,1
0,1,1
0,0,0
0,1,1
0,0,0
0,1,1
0,0,1
0,0,1
0,1,1
0,1,1
0,0,0
0,1,1
0,1,1
0,0,0
0,1,1
0,1,1
0,1,1
0,1,1
0,1,1
0,1,1
0,1,1
0,0,0
0,1,1
0,0,0
0,1,1
0,1,1
0,1,1
0,1,1
0,1,1
0,0,1
0,0,0
0,0,0
0,1,1
0,1,1
0,1,1
0,1,1
0,0,0
0,1,1
0,0,0
0,1,1
0,0,0
0,0,0
0,1,1
0,1,1
0,1,1
0,1,1
0,1,1
0,1,1
0,1,1
0,0,1
0,0,0
0,1,1
0,1,1
0,1,1
0,0,0
0,0,1
0,1,1
0,1,1
0,0,1
0,1,1
0,1,1
0,0,0
0,0,0
0,0,1
0,0,1
0,0,0
0,0,1
0,1,1
0,1,1
0,1,1
0,0.8663723,1
0,0,1
0,1,1
0,1,1
0,0,0
0,1,1
0,1,1
0,1,1
0,1,1
0,1,1
0,1,1
0,0,0
0,0,1
0,1,1
0,0,0
0,0.8726102,1
0,1,1
0,1,1
0,0,1
0,0,0
0,1,1
0,0,1
0,1,1
0,1,1
0,0,0
0,0,0
0,1,1
0,1,1
0,1,1
0,0,0
0,1,1
0,1,1
0,1,1
0,1,1
0,1,1
0,0,1
0,1,1
0,1,1
0,1,1
0,0,0
0,1,1
0,1,1
0,0.8576068,1
0,1,1
0,0,1
0,1,1
0,1,1
0,1,1
0,1,1
0,1,1
0,1,1
0,1,1
0,0,1
0,1,1
0,1,1
0,1,1
0,1,1
0,1,1
0,1,1
0,1,1
0,1,1
0,1,1
0,1,1
0,0,1
0,1,1
0,1,1
0,0,0
0,0,0
0,0,0
0,1,1
0,1,1
0,0,1
0,1,1
0,1,1
0,1,1
0,1,1
0,1,1
0,1,1
0,0,0
0,1,1
0,1,1
0,0,0
0,0,1
0,1,1
0,1,1
0,1,1
0,1,1
0,1,1
0,0,0
0,1,1
0,1,1
0,1,1
0,0.7837955,1
0,0,0
0,1,1
0,0,1
0,1,1
0,0,1
0,0,0
0,1,1
0,0,1
0,1,1
0,1,1
0,1,1
0,1,1
0,0,0
0,1,1
0,0,0
0,0,0
0,1,1
0,1,1
0,0,0
0,0,1
0,1,1
0,0,0
0,0,0
0,1,1
0,0,1
0,1,1
0,1,1
0,0,0
0,0.8419731,1
0,0,0
0,0,0
0,1,1
0,1,1
0,1,1
0,0,1
0,1,1
0,0,0
0,1,1
0,1,1
0,1,1
0,1,1
0,1,1
0,0,1
0,1,1
0,0,0
0,1,1
0,0,0
0,1,1
0,0,0
0,1,1
0,1,1
0,1,1
0,0,1
0,1,1
0,1,1
0,0,0
0,0,0
0,0,0
0,0.8655226,1
0,0,0
0,0,1
0,1,1
0,0,0
0,0.8623139,1
0,1,1
0,0,1
0,0,1
0,1,1
0,0,0
0,0,0
0,1,1
0,0,0
0,1,1
0,0,0
0,1,1
0,1,1
0,1,1
0,1,1
0,0,1
0,0,0
0,1,1
0,1,1
0,1,1
0,1,1
0,1,1
0,1,1
0,0,0
0,0,0
0,1,1
0,1,1
0,1,1
0,1,1
0,1,1
0,1,1
0,1,1
0,1,1
0,1,1
0,1,1
0,1,1
0,1,1
0,1,1
0,1,1
0,1,1
0,1,1
0,1,1
0,0,1
0,1,1
0,1,1
0,1,1
0,1,1
0,1,1
0,0,1
0,1,1
0,1,1
0,1,1
0,1,1
0,0,0
0,1,1
0,1,1
0,1,1
0,0,1
0,1,1
0,0,0
0,1,1
0,1,1
0,0,0
0,1,1
0,1,1
0,1,1
0,0,0
0,0,0
0,0,1
0,1,1
0,1,1
0,1,1
0,1,1
0,1,1
0,0,1
0,1,1
0,1,1
0,0,0
0,0,0
0,0,0
0,0,0
0,0,0
0,0,0
0,1,1
0,1,1
0,1,1
0,1,1
0,1,1
0,1,1
0,0,0
0,0,0
0,1,1
0,0,0
0,1,1
0,1,1
0,0,0
0,1,1
0,0,0
0,1,1
0,0.8638356,1
0,0,1
0,1,1
0,0.854751,1
0,0,0
0,1,1
0,0,0
0,1,1
0,1,1
0,1,1
0,1,1
0,1,1
0,0,1
0,0,1
0,0,1
0,0.8568283,1
0,1,1
0,1,1
0,1,1
0,0,1
0,1,1
0,0,0
0,0,0
0,1,1
0,0.7328898,1
0,0,1
0,0,0
0,1,1
0,1,1
0,1,1
0,1,1
0,0,0
0,1,1
0,1,1
0,0,1
0,0,1
0,0,0
0,1,1
0,0,0
0,1,1
0,1,1
0,0,1
0,1,1
0,0.757635,1
0,0,0
0,1,1
0,1,1
0,1,1
0,1,1
0,1,1
0,0,1
0,0,0
0,1,1
0,0,0
0,0,1
0,1,1
0,0,0
0,0,1
0,1,1
0,0,0
0,0,0
0,1,1
0,1,1
0,0,1
0,1,1
0,1,1
0,1,1
0,0,1
0,1,1
0,1,1
0,1,1
0,0,1
0,0,0
0,1,1
0,1,1
0,1,1
0,1,1
0,1,1
0,0,0
0,1,1
0,1,1
0,0,1
0,1,1
0,1,1
0,0,1
0,0,0
0,0,1
0,1,1
0,1,1
0,1,1
0,0,0
0,1,1
0,1,1
0,1,1
0,1,1
0,1,1
0,1,1
0,1,1
0,1,1
0,1,1
0,1,1
0,1,1
0,1,1
0,0,1
0,0,1
0,0,0
0,0,0
0,1,1
0,0,0
0,1,1
0,1,1
0,1,1
0,0,0
0,0,1
0,0,1
0,1,1
0,1,1
0,1,1
0,1,1
0,1,1
0,0,0
0,0,0
0,1,1
0,1,1
0,0,0
0,1,1
0,1,1
0,0,0
0,1,1
0,0,1
0,1,1
0,1,1
0,1,1
0,1,1
0,1,1
0,0,0
0,1,1
0,1,1
0,1,1
0,1,1
0,0,0
0,1,1
0,1,1
0,0,1
0,0,0
0,1,1
0,0,1
0,0.8547977,1
0,0,1
0,1,1
0,0,1
0,1,1
0,0,0
0,1,1
0,0,1
0,1,1
0,1,1
0,1,1
0,0,0
0,1,1
0,1,1
0,0,1
0,0,0
0,1,1
0,1,1
0,0,0
0,1,1
0,1,1
0,1,1
0,1,1
0,0,0
0,1,1
0,0,1
0,0,1
0,1,1
0,0,0
0,1,1
0,0,1
0,0,0
0,1,1
0,0,1
0,1,1
0,1,1
0,0,1
0,1,1
0,0,0
0,1,1
0,1,1
0,1,1
0,1,1
0,1,1
0,1,1
0,0,1
0,1,1
0,0,1
0,1,1
0,1,1
0,1,1
0,1,1
0,1,1
0,1,1
0,1,1
0,0,0
0,1,1
0,1,1
0,1,1
0,0,1
0,0,0
0,1,1
0,0,1
0,1,1
0,1,1
0,1,1
0,1,1
0,0,0
0,1,1
0,0,0
0,1,1
0,0,0
0,0,1
0,1,1
0,1,1
0,1,1
0,1,1
0,1,1
0,1,1
0,1,1
0,1,1
0,1,1
0,0,1
0,1,1
0,1,1
0,1,1
0,1,1
0,1,1
0,1,1
0,1,1
0,1,1
0,0,1
0,1,1
0,1,1
0,1,1
0,1,1
0,0,0
0,1,1
0,1,1
0,1,1
0,1,1
0,1,1
0,1,1
0,1,1
0,1,1
0,1,1
0,1,1
0,1,1
0,1,1
0,1,1
0,1,1
0,1,1
0,0,0
0,1,1
0,1,1
0,0,1
0,0,0
0,1,1
0,1,1
0,1,1
0,1,1
0,1,1
0,1,1
0,1,1
0,1,1
0,1,1
0,1,1
0,0,0
0,0,0
0,1,1
0,1,1
0,1,1
0,0,0
0,1,1
0,1,1
0,0,1
0,1,1
0,1,1
0,1,1
0,0,0
0,1,1
0,1,1
0,1,1
0,1,1
0,0,0
0,1,1
0,0,0
0,0,0
0,1,1
0,0,0
0,1,1
0,0,1
0,1,1
0,0.7523438,1
0,1,1
0,0,0
0,0,1
0,1,1
0,1,1
0,1,1
0,1,1
0,1,1
0,1,1
0,1,1
0,0,0
0,0,0
0,0,0
0,1,1
0,1,1
0,1,1
0,1,1
0,1,1
0,0,1
0,0,0
0,0,0
0,1,1
0,0,0
0,1,1
0,0,1
0,0,0
0,0.8631934,1
0,0,0
0,0,0
0,1,1
0,1,1
0,0,0
0,0,1
0,1,1
0,0,1
0,0,1
0,0,1
0,1,1
0,0,0
0,1,1
0,1,1
0,1,1
0,0,0
0,1,1
0,1,1
0,0,0
0,0,1
0,1,1
0,0,0
0,1,1
0,0,0
0,1,1
0,0,0
0,0,1
0,1,1
0,1,1
0,1,1
0,1,1
0,0,0
0,0,0
0,0,1
0,0,0
0,1,1
0,1,1
0,0,0
0,0,0
0,0.8565569,1
0,1,1
0,0,1
0,1,1
0,1,1
0,1,1
0,0,0
0,1,1
0,0,0
0,0,0
0,0,0
0,1,1
0,1,1
0,1,1
0,1,1
0,1,1
0,1,1
0,0,1
0,1,1
0,0,1
0,1,1
0,1,1
0,1,1
0,1,1
0,1,1
0,1,1
0,0,1
0,1,1
0,1,1
0,1,1
0,1,1
0,1,1
0,1,1
0,1,1
0,1,1
0,1,1
0,1,1
0,0,0
0,1,1
0,0.8659855,1
0,0,1
0,1,1
0,1,1
0,0,1
0,1,1
0,1,1
0,1,1
0,0,1
0,1,1
0,1,1
0,1,1
0,1,1
0,0,1
0,1,1
0,1,1
0,0,0
0,1,1
0,1,1
0,1,1
0,1,1
0,0,0
0,0,1
0,1,1
0,1,1
0,1,1
0,0,0
0,0,0
0,1,1
0,0,1
0,1,1
0,1,1
0,0,0
0,1,1
0,0,1
0,1,1
0,1,1
0,1,1
0,1,1
0,0.853393,1
0,0,0
0,1,1
0,0,0
0,1,1
0,0,1
0,0,0
0,1,1
0,0,0
0,1,1
0,1,1
0,0,0
0,0,0
0,1,1
0,1,1
0,0,0
0,0,0
0,1,1
0,1,1
0,1,1
0,1,1
0,0,0
0,0,0
0,0,0
0,0,1
0,1,1
0,0,0
0,0,0
0,1,1
0,1,1
0,1,1
0,0,0
0,0,0
0,1,1
0,0.8680078,1
0,1,1
0,1,1
0,1,1
0,0,0
0,1,1
0,1,1
0,1,1
0,1,1
0,1,1
0,1,1
0,0,0
0,0,0
0,1,1
0,1,1
0,1,1
0,0,0
0,0,0
0,1,1
0,1,1
0,1,1
0,0,0
0,1,1
0,1,1
0,0,0
0,1,1
0,1,1
0,0,1
0,1,1
0,0,1
0,0,0
0,1,1
0,0,1
0,1,1
0,0,1
0,0,0
0,0,1
0,1,1
0,1,1
0,0,1
0,0,0
0,0,0
0,1,1
0,1,1
0,0,1
0,0,0
0,0.8577083,1
0,1,1
0,0,1
0,1,1
0,1,1
0,1,1
0,0,1
0,1,1
0,0,0
0,1,1
0,1,1
0,1,1
0,0,0
0,1,1
0,0,1
0,1,1
0,0,1
0,1,1
0,1,1
0,1,1
0,1,1
0,1,1
0,1,1
0,1,1
0,1,1
0,1,1
0,0,0
0,1,1
0,1,1
0,1,1
0,1,1
0,1,1
0,1,1
0,1,1
0,1,1
0,1,1
0,0.7680637,1
0,0,0
0,1,1
0,1,1
0,1,1
0,0,1
0,1,1
0,1,1
0,0,0
0,0,0
0,1,1
0,1,1
0,1,1
0,0,1
0,0,0
0,1,1
0,0,0
0,1,1
0,1,1
0,0,1
0,0,0
0,1,1
0,1,1
0,1,1
0,1,1
0,1,1
0,0,0
0,1,1
0,1,1
0,0,0
0,1,1
0,1,1
0,0,0
0,0,0
0,1,1
0,1,1
0,0,0
0,1,1
0,0,1
0,1,1
0,1,1
0,0,0
0,0,1
0,0,1
0,1,1
0,0,1
0,0,0
0,0,1
0,1,1
0,1,1
0,1,1
0,1,1
0,0,0
0,1,1
0,1,1
0,1,1
0,1,1
0,0,1
0,0,0
0,1,1
0,1,1
0,1,1
0,1,1
0,1,1
0,0,0
0,1,1
0,0,0
0,1,1
0,1,1
0,0,1
0,1,1
0,0,1
0,1,1
0,1,1
0,0,0
0,0,0
0,0,1
0,1,1
0,0.8452876,1
0,1,1
0,1,1
0,0,1
0,1,1
0,0,0
0,1,1
0,1,1
0,0,0
0,1,1
0,1,1
0,1,1
0,1,1
0,0,1
0,1,1
0,0,1
0,1,1
0,1,1
0,1,1
0,0,0
0,0,1
0,0,0
0,1,1
0,1,1
0,0.8671476,1
0,0.8743594,1
0,1,1
0,0,1
0,1,1
0,0,0
0,0,0
0,1,1
0,1,1
0,0,0
0,0.8561398,1
0,1,1
0,0,1
0,1,1
0,1,1
0,1,1
0,0,0
0,1,1
0,0,0
0,0,1
0,1,1
0,1,1
0,0,1
0,0,1
0,0,0
0,1,1
0,0,0
0,1,1
0,1,1
0,1,1
0,0,0
0,1,1
0,0,0
0,1,1
0,1,1
0,0,1
0,1,1
0,1,1
0,1,1
0,1,1
0,1,1
0,0,0
0,1,1
0,1,1
0,1,1
0,1,1
0,0,1
0,0,1
0,1,1
0,0,0
0,1,1
0,0,0
0,1,1
0,0,1
0,1,1
0,1,1
0,1,1
0,1,1
0,1,1
0,0,1
0,0,1
0,1,1
0,1,1
0,0,1
0,0.8614343,1
0,1,1
0,1,1
0,1,1
0,0,0
0,0,0
0,1,1
0,0,1
0,0,0
0,0,0
0,1,1
0,0,1
0,0,1
0,1,1
0,1,1
0,1,1
0,1,1
0,1,1
0,0,0
0,0,1
0,1,1
0,0,1
0,0,0
0,1,1
0,1,1
0,1,1
0,1,1
0,1,1
0,1,1
0,1,1
0,1,1
0,0,0
0,0,1
0,1,1
0,1,1
0,1,1
0,1,1
0,1,1
0,0,0
0,1,1
0,1,1
0,0,0
0,1,1
0,1,1
0,0,0
0,1,1
0,0.7084941,1
0,1,1
0,0,1
0,0,0
0,0,1
0,1,1
0,1,1
0,0,1
0,0,0
0,0,0
0,1,1
0,1,1
0,1,1
0,1,1
0,0,0
0,1,1
0,1,1
0,0,0
0,0,1
0,0.8744885,1
0,0,0
0,0,0
0,0,1
0,0,0
0,1,1
0,1,1
0,1,1
0,1,1
0,0,1
0,1,1
0,1,1
0,0,0
0,0,1
0,1,1
0,1,1
0,0,0
0,1,1
0,1,1
0,1,1
0,0,0
0,1,1
0,0,0
0,0,0
0,0,1
0,1,1
0,0,0
0,1,1
0,1,1
0,1,1
0,1,1
0,0,1
0,1,1
0,0,0
0,1,1
0,1,1
0,1,1
0,0,1
0,1,1
0,0,0
0,1,1
0,1,1
0,1,1
0,1,1
0,0,1
0,0.7369562,1
0,0,0
0,1,1
0,0,0
0,1,1
0,0,1
0,1,1
0,0,0
0,1,1
0,1,1
0,1,1
0,1,1
0,1,1
0,1,1
0,1,1
0,1,1
0,1,1
0,1,1
0,1,1
0,0.8586916,1
0,0,0
0,0,0
0,1,1
0,1,1
0,1,1
0,0,0
0,0,1
0,0,0
0,1,1
0,0,1
0,1,1
0,1,1
0,1,1
0,0,0
0,1,1
0,0,1
0,1,1
0,1,1
0,1,1
0,0,0
0,1,1
0,0,0
0,0,1
0,1,1
0,1,1
0,0,1
0,1,1
0,0,1
0,1,1
0,1,1
0,1,1
0,0,0
0,1,1
0,1,1
0,0,0
0,0,0
0,0,0
0,1,1
0,1,1
0,1,1
0,0,0
0,1,1
0,0,1
0,1,1
0,0,0
0,0,0
0,0,0
0,0,0
0,1,1
0,0,1
0,1,1
0,0,0
0,1,1
0,1,1
0,1,1
0,1,1
0,0,0
0,0,1
0,1,1
0,1,1
0,1,1
0,0,0
0,0,0
0,1,1
0,1,1
0,1,1
0,1,1
0,1,1
0,1,1
0,0,0
0,1,1
0,1,1
0,1,1
0,0,0
0,0,0
0,0,1
0,1,1
0,1,1
0,1,1
0,0.8630898,1
0,1,1
0,1,1
0,1,1
0,1,1
0,1,1
0,0,0
0,1,1
0,0,1
0,1,1
0,1,1
0,1,1
0,0,1
0,0,0
0,1,1
0,1,1
0,0,1
0,1,1
0,0,1
0,1,1
0,0,0
0,0,0
0,0,1
0,1,1
0,0,0
0,0,0
0,0,0
0,1,1
0,0,0
0,1,1
0,1,1
0,0,1
0,1,1
0,0,1
0,0,0
0,1,1
0,1,1
0,0,0
0,1,1
0,1,1
0,1,1
0,1,1
0,1,1
0,1,1
0,1,1
0,0,0
0,1,1
0,1,1
0,1,1
0,1,1
0,0,0
0,0,1
0,0,0
0,1,1
0,0,0
0,1,1
0,0,0
0,1,1
0,1,1
0,1,1
0,1,1
0,0,0
0,0,1
0,1,1
0,0,1
0,1,1
0,0,0
0,1,1
0,1,1
0,1,1
0,1,1
0,1,1
0,1,1
0,1,1
0,1,1
0,1,1
0,0,0
0,0,0
0,1,1
0,0,0
0,0,0
0,1,1
0,1,1
0,0,0
0,1,1
0,1,1
0,1,1
0,1,1
0,0,1
0,1,1
0,0,0
0,1,1
0,0,0
0,1,1
0,0,1
0,1,1
0,1,1
0,1,1
0,1,1
0,1,1
0,0.8632118,1
0,0,0
0,1,1
0,0,0
0,1,1
0,1,1
0,1,1
0,1,1
0,0,0
0,1,1
0,1,1
0,1,1
0,0,0
0,1,1
0,0,1
0,1,1
0,1,1
0,0,0
0,1,1
0,0,0
0,1,1
0,1,1
0,1,1
0,1,1
0,1,1
0,1,1
0,1,1
0,1,1
0,1,1
0,1,1
0,1,1
0,1,1
0,1,1
0,1,1
0,1,1
0,0,0
0,0,0
0,1,1
0,0.86233,1
0,0,0
0,1,1
0,0.863227,1
0,1,1
0,1,1
0,1,1
0,1,1
0,0,0
0,1,1
0,0,1
0,0,0
0,1,1
0,1,1
0,1,1
0,0,1
0,1,1
0,1,1
0,1,1
0,1,1
0,1,1
0,0,1
0,1,1
0,1,1
0,0,0
0,0,0
0,0,0
0,0,1
0,0,0
0,1,1
0,1,1
0,1,1
0,0,0
0,1,1
0,0,0
0,1,1
0,1,1
0,0,0
0,0,0
0,1,1
0,0,0
0,0,0
0,0,0
0,0,0
0,1,1
0,1,1
0,1,1
0,1,1
0,0,1
0,0,1
0,1,1
0,0,1
0,0,0
0,1,1
0,0,0
0,1,1
0,0,1
0,0,1
0,1,1
0,1,1
0,1,1
0,1,1
0,1,1
0,1,1
0,1,1
0,0,0
0,1,1
0,0.9104122,1
0,0,0
0,1,1
0,1,1
0,0,1
0,1,1
0,0,0
0,0,0
0,0,1
0,0,0
0,1,1
0,1,1
0,0,0
0,1,1
0,1,1
0,0,1
0,1,1
0,0,0
0,1,1
0,1,1
0,1,1
0,0,0
0,1,1
0,1,1
0,1,1
0,0,1
0,0,0
0,1,1
0,0,1
0,0,0
0,1,1
0,0,0
0,1,1
0,0,0
0,0,1
0,1,1
0,1,1
0,1,1
0,1,1
0,1,1
0,1,1
0,0,1
0,0,1
0,1,1
0,0,0
0,1,1
0,1,1
0,1,1
0,0,0
0,1,1
0,0,1
0,1,1
0,0,0
0,0,0
0,1,1
0,1,1
0,1,1
0,1,1
0,0,1
0,0,1
0,1,1
0,0,0
0,1,1
0,0,0
0,1,1
0,1,1
0,1,1
0,0,0
0,0,1
0,1,1
0,1,1
0,0,0
0,0.8639654,1
0,0,1
0,1,1
0,0,0
0,1,1
0,1,1
0,1,1
0,1,1
0,0,1
0,1,1
0,0,0
0,1,1
0,0,0
0,1,1
0,1,1
0,1,1
0,0,0
0,1,1
0,0,0
0,0.92142,1
0,1,1
0,1,1
0,1,1
0,1,1
0,0.7949964,1
0,1,1
0,1,1
0,0.8612161,1
0,1,1
0,0.8635302,1
0,0,0
0,1,1
0,1,1
0,1,1
0,0,1
0,1,1
0,1,1
0,1,1
0,1,1
0,1,1
0,0,1
0,1,1
0,0,0
0,1,1
0,0,1
0,0,0
0,0,0
0,1,1
0,0,1
0,1,1
0,0,1
0,1,1
0,0,0
0,1,1
0,1,1
0,0,0
0,0,0
0,0,0
0,0,0
0,1,1
0,1,1
0,1,1
0,1,1
0,1,1
0,0,0
0,1,1
0,1,1
0,1,1
0,0,1
0,0,1
0,0,0
0,0.8644135,1
0,0,0
0,1,1
0,1,1
0,1,1
0,0,1
0,1,1
0,0,0
0,1,1
0,1,1
0,1,1
0,1,1
0,1,1
0,0.8677971,1
0,1,1
0,0,1
0,0,0
0,1,1
0,0,1
0,1,1
0,1,1
0,1,1
0,1,1
0,1,1
0,1,1
0,1,1
0,1,1
0,1,1
0,1,1
0,0,0
0,1,1
0,1,1
0,1,1
0,1,1
0,0,1
0,0,0
0,1,1
0,1,1
0,1,1
0,0,1
0,1,1
0,1,1
0,1,1
0,1,1
0,0.8604028,1
0,0.8662307,1
0,1,1
0,1,1
0,0,0
0,1,1
0,1,1
0,0,1
0,0,0
0,1,1
0,1,1
0,1,1
0,1,1
0,0,0
0,1,1
0,1,1
0,1,1
0,1,1
0,1,1
0,1,1
0,1,1
0,1,1
0,1,1
0,0,1
0,1,1
0,0,0
0,0,0
0,0,0
0,0,0
0,1,1
0,0,0
0,0,1
0,1,1
0,0,0
0,1,1
0,0,1
0,1,1
0,1,1
0,0,0
0,1,1
0,0,0
0,1,1
0,0,0
0,0,1
0,0,1
0,0,1
0,0,0
0,1,1
0,1,1
0,1,1
0,0,1
0,1,1
0,0,1
0,0,1
0,0,1
0,0,0
0,1,1
0,1,1
0,0,0
0,1,1
0,1,1
0,1,1
0,1,1
0,1,1
0,0,0
0,0,0
0,1,1
0,1,1
0,0,0
0,1,1
0,0,1
0,1,1
0,1,1
0,0,0
0,0,0
0,0,0
0,0,0
0,1,1
0,1,1
0,0,0
0,1,1
0,1,1
0,1,1
0,1,1
0,0,0
0,0,0
0,0,1
0,1,1
0,1,1
0,1,1
0,1,1
0,0,1
0,0,0
0,1,1
0,1,1
0,0,0
0,0.9200504,1
0,1,1
0,0.8546807,1
0,1,1
0,1,1
0,0,1
0,0,0
0,0,1
0,0,1
0,0,0
0,1,1
0,1,1
0,1,1
0,0,1
0,1,1
0,0,0
0,1,1
0,1,1
0,0,0
0,0,0
0,1,1
0,1,1
0,1,1
0,1,1
0,1,1
0,0,1
0,0,1
0,1,1
0,1,1
0,1,1
0,0,1
0,0,1
0,1,1
0,1,1
0,1,1
0,1,1
0,0,0
0,1,1
0,0,1
0,1,1
0,1,1
0,1,1
0,1,1
0,0,1
0,1,1
0,1,1
0,1,1
0,1,1
0,0,1
0,1,1
0,1,1
0,0,1
0,1,1
0,1,1
0,1,1
0,1,1
0,0,1
0,1,1
0,0,1
0,1,1
0,0,1
0,1,1
0,0,1
0,0,0
0,1,1
0,1,1
0,1,1
0,0,0
0,1,1
0,1,1
0,1,1
0,1,1
0,1,1
0,1,1
0,0,0
0,0,1
0,0,0
0,1,1
0,0,0
0,1,1
0,0,1
0,0,1
0,0,1
0,1,1
0,0,0
0,1,1
0,1,1
0,1,1
0,1,1
0,0,1
0,1,1
0,0,1
0,1,1
0,0,0
0,1,1
0,0,1
0,1,1
0,1,1
0,1,1
0,0,1
0,1,1
0,0,0
0,1,1
0,1,1
0,1,1
0,1,1
0,0,0
0,1,1
0,1,1
0,0,0
0,1,1
0,1,1
0,1,1
0,1,1
0,0,0
0,0,0
0,1,1
0,0.7539139,1
0,1,1
0,0,0
0,1,1
0,0,1
0,1,1
0,1,1
0,1,1
0,0,0
0,0,0
0,1,1
0,1,1
0,1,1
0,1,1
0,0,0
0,0.8583881,1
0,1,1
0,0,0
0,1,1
0,1,1
0,0.8605124,1
0,1,1
0,0,0
0,0.8594539,1
0,1,1
0,0,1
0,0,0
0,1,1
0,0,1
0,0,0
0,1,1
0,0,1
0,1,1
0,0,1
0,1,1
0,0,0
0,0,0
0,1,1
0,1,1
0,0,0
0,0,0
0,1,1
0,0,0
0,1,1
0,0,0
0,1,1
0,1,1
0,0.8693954,1
0,0,1
0,0,1
0,1,1
0,0,0
0,0,0
0,1,1
0,1,1
0,1,1
0,0,0
0,1,1
0,1,1
0,1,1
0,0,0
0,0,1
0,1,1
0,0,1
0,1,1
0,1,1
0,1,1
0,0,0
0,1,1
0,1,1
0,1,1
0,1,1
0,1,1
0,1,1
0,1,1
0,1,1
0,0,0
0,0,0
0,1,1
0,1,1
0,1,1
0,0,0
0,0,0
0,0,0
0,1,1
0,0,1
0,1,1
0,1,1
0,1,1
0,1,1
0,1,1
0,1,1
0,0,0
0,0,1
0,1,1
0,0,1
0,0,1
0,0,0
0,0,0
0,0,1
0,0,0
0,0,1
0,1,1
0,0,1
0,0,0
0,1,1
0,1,1
0,1,1
0,1,1
0,0,1
0,1,1
0,0,0
0,1,1
0,0,0
0,0,0
0,1,1
0,1,1
0,1,1
0,0.7343267,1
0,1,1
0,1,1
0,1,1
0,0,1
0,1,1
0,0,0
0,1,1
0,1,1
0,1,1
0,1,1
0,1,1
0,0,0
0,1,1
0,1,1
0,1,1
0,0,0
0,0,1
0,0,0
0,0,0
0,0,0
0,1,1
0,0,1
0,1,1
0,0,0
0,0,0
0,1,1
0,1,1
0,0,1
0,0,0
0,1,1
0,0,0
0,1,1
0,0,0
0,0,0
0,0,1
0,1,1
0,1,1
0,0,1
0,0,0
0,1,1
0,1,1
0,1,1
0,1,1
0,0,1
0,0,0
0,0.8717526,1
0,1,1
0,0,1
0,1,1
0,0,1
0,0,0
0,1,1
0,1,1
0,0,0
0,1,1
0,1,1
0,0.8620801,1
0,0,0
0,0,1
0,1,1
0,1,1
0,0,1
0,0,0
0,0,0
0,0,0
0,1,1
0,1,1
0,0,0
0,1,1
0,1,1
0,0,0
0,1,1
0,1,1
0,1,1
0,1,1
0,0,0
0,1,1
0,1,1
0,1,1
0,1,1
0,1,1
0,0,1
0,1,1
0,1,1
0,0,0
0,0,0
0,1,1
0,1,1
0,0,1
0,1,1
0,1,1
0,1,1
0,1,1
0,1,1
0,1,1
0,0,0
0,0,1
0,0,0
0,1,1
0,1,1
0,1,1
0,1,1
0,1,1
0,1,1
0,1,1
0,1,1
0,0,0
0,0,0
0,1,1
0,1,1
0,1,1
0,0,1
0,1,1
0,1,1
0,0,0
0,0.8294681,1
0,1,1
0,1,1
0,0,1
0,1,1
0,0,1
0,0,0
0,1,1
0,1,1
0,1,1
0,1,1
0,0,1
0,1,1
0,0,1
0,1,1
0,1,1
0,1,1
0,1,1
0,1,1
0,1,1
0,1,1
0,1,1
0,0,0
0,1,1
0,1,1
0,0,1
0,1,1
0,0,1
0,0,0
0,1,1
0,1,1
0,0,1
0,0,0
0,0,0
0,0,0
0,0,0
0,1,1
0,1,1
0,1,1
0,1,1
0,1,1
0,1,1
0,1,1
0,1,1
0,0,0
0,1,1
0,1,1
0,1,1
0,0,1
0,1,1
0,0,0
0,0,0
0,0,0
0,1,1
0,0,1
0,1,1
0,1,1
0,1,1
0,1,1
0,1,1
0,0,1
0,0,0
0,1,1
0,0,0
0,0,1
0,0,0
0,0,0
0,1,1
0,0,0
0,1,1
0,1,1
0,1,1
0,1,1
0,0,1
0,1,1
0,0,0
0,1,1
0,0,1
0,1,1
0,1,1
0,1,1
0,1,1
0,0,1
0,1,1
0,0,0
0,1,1
0,0,0
0,1,1
0,0,1
0,0,0
0,1,1
0,1,1
0,1,1
0,1,1
0,0,0
0,1,1
0,0.8562235,1
0,1,1
0,1,1
0,0,0
0,1,1
0,1,1
0,1,1
0,0,0
0,1,1
0,1,1
0,1,1
0,1,1
0,0,1
0,0,0
0,0,1
0,1,1
0,1,1
0,1,1
0,1,1
0,1,1
0,1,1
0,0,0
0,1,1
0,1,1
0,0,0
0,1,1
0,1,1
0,0,1
0,1,1
0,1,1
0,1,1
0,1,1
0,1,1
0,1,1
0,1,1
0,1,1
0,1,1
0,1,1
0,0,0
0,0,1
0,1,1
0,1,1
0,1,1
0,1,1
0,0,1
0,1,1
0,0,1
0,1,1
0,1,1
0,1,1
0,0,0
0,1,1
0,0,0
0,0,1
0,1,1
0,0,0
0,1,1
0,1,1
0,1,1
0,1,1
0,0,0
0,1,1
0,1,1
0,1,1
0,0,1
0,1,1
0,0,1
0,0,1
0,1,1
0,0,0
0,1,1
0,1,1
0,0,0
0,1,1
0,1,1
0,1,1
0,1,1
0,1,1
0,1,1
0,0,1
0,1,1
0,1,1
0,1,1
0,0,1
0,1,1
0,0,0
0,1,1
0,0,1
0,1,1
0,0,0
0,1,1
0,0,0
0,0,0
0,1,1
0,1,1
0,0,0
0,1,1
0,1,1
0,1,1
0,0,0
0,1,1
0,0,0
0,1,1
0,0,0
0,1,1
0,0,0
0,1,1
0,1,1
0,0,1
0,0,0
0,0,0
0,1,1
0,1,1
0,1,1
0,1,1
0,1,1
0,1,1
0,0,0
0,0,1
0,0.8113829,1
0,0,1
0,1,1
0,1,1
0,0,0
0,0,0
0,0,0
0,0,0
0,1,1
0,1,1
0,0,0
0,0,1
0,1,1
0,0.8518989,1
0,1,1
0,0,0
0,0,0
0,1,1
0,1,1
0,0,1
0,1,1
0,0,1
0,1,1
0,0,0
0,1,1
0,1,1
0,0,0
0,0,0
0,1,1
0,0,0
0,1,1
0,0,0
0,0,0
0,1,1
0,1,1
0,0,0
0,1,1
0,1,1
0,0,0
0,1,1
0,1,1
0,0,1
0,1,1
0,1,1
0,1,1
0,1,1
0,1,1
0,0,0
0,0,0
0,0,0
0,1,1
0,1,1
0,1,1
0,1,1
0,0,0
0,1,1
0,1,1
0,0.8597484,1
0,1,1
0,1,1
0,1,1
0,1,1
0,0,0
0,1,1
0,0,0
0,1,1
0,1,1
0,0,0
0,1,1
0,0.7550486,1
0,1,1
0,0,1
0,1,1
0,1,1
0,1,1
0,1,1
0,1,1
0,0,1
0,0,1
0,0,1
0,1,1
0,1,1
0,0,1
0,1,1
0,0,0
0,1,1
0,1,1
0,1,1
0,1,1
0,1,1
0,1,1
0,0,0
0,1,1
0,1,1
0,0,1
0,0,1
0,0,0
0,1,1
0,1,1
0,0,0
0,1,1
0,1,1
0,1,1
0,0,0
0,0,0
0,1,1
0,1,1
0,0,0
0,1,1
0,1,1
0,1,1
0,1,1
0,1,1
0,0,1
0,0,1
0,1,1
0,0,1
0,0.8558843,1
0,1,1
0,0,0
0,1,1
0,1,1
0,1,1
0,1,1
0,1,1
0,0,0
0,0,1
0,0,0
0,1,1
0,1,1
0,1,1
0,0,0
0,1,1
0,1,1
0,0.8671366,1
0,1,1
0,0,1
0,1,1
0,1,1
0,1,1
0,1,1
0,1,1
0,1,1
0,1,1
0,0,0
0,0,0
0,1,1
0,0,0
0,1,1
0,0,0
0,1,1
0,1,1
0,1,1
0,1,1
0,0.8937095,1
0,0,0
0,0,0
0,0,0
0,1,1
0,1,1
0,1,1
0,0,1
0,1,1
0,0,0
0,0,0
0,1,1
0,0,0
0,0,1
0,1,1
0,1,1
0,0,1
0,1,1
0,0,1
0,0,0
0,1,1
0,0.8709689,1
0,1,1
0,1,1
0,1,1
0,1,1
0,0,1
0,0,0
0,0,1
0,1,1
0,1,1
0,1,1
0,1,1
0,1,1
0,1,1
0,1,1
0,1,1
0,0,0
0,1,1
0,1,1
0,1,1
0,1,1
0,0,0
0,1,1
0,1,1
0,1,1
0,0,1
0,1,1
0,0,1
0,0,0
0,0,1
0,1,1
0,1,1
0,1,1
0,1,1
0,1,1
0,1,1
0,1,1
0,1,1
0,0,1
0,0,1
0,0.7001737,1
0,1,1
0,1,1
0,0,1
0,1,1
0,1,1
0,1,1
0,0,0
0,1,1
0,1,1
0,1,1
0,1,1
0,0,1
0,0.8672665,1
0,1,1
0,1,1
0,1,1
0,1,1
0,1,1
0,1,1
0,1,1
0,1,1
0,1,1
0,1,1
0,1,1
0,0,1
0,1,1
0,1,1
0,0,1
0,1,1
0,1,1
0,1,1
0,1,1
0,1,1
0,1,1
0,0,0
0,1,1
0,0,0
0,0,1
0,0,0
0,0,1
0,0,0
0,1,1
0,0,1
0,1,1
0,1,1
0,1,1
0,0,0
0,0,0
0,0,1
0,1,1
0,1,1
0,0,0
0,1,1
0,1,1
0,1,1
0,1,1
0,1,1
0,0,0
0,0,1
0,0,0
0,1,1
0,0,1
0,1,1
0,1,1
0,1,1
0,1,1
0,0,0
0,1,1
0,0,1
0,1,1
0,1,1
0,1,1
0,1,1
0,1,1
0,1,1
0,0,1
0,0,1
0,1,1
0,1,1
0,0.828297,1
0,1,1
0,0,1
0,1,1
0,1,1
0,0,1
0,1,1
0,0,1
0,1,1
0,0,0
0,0.8646587,1
0,1,1
0,0,1
0,1,1
0,0,1
0,0,0
0,0,0
0,0,0
0,1,1
0,1,1
0,1,1
0,1,1
0,1,1
0,1,1
0,0,0
0,0,0
0,1,1
0,1,1
0,1,1
0,0,0
0,1,1
0,0,0
0,1,1
0,1,1
0,1,1
0,1,1
0,0.7029833,1
0,0,0
0,0.8782579,1
0,1,1
0,1,1
0,1,1
0,1,1
0,0,1
0,0,0
0,1,1
0,1,1
0,0,0
0,1,1
0,1,1
0,1,1
0,0,0
0,1,1
0,1,1
0,1,1
0,1,1
0,1,1
0,0,0
0,0,0
0,0,0
0,0,1
0,0,1
0,1,1
0,1,1
0,0,1
0,0,0
0,1,1
0,1,1
0,0,0
0,1,1
0,1,1
0,1,1
0,1,1
0,1,1
0,0,0
0,1,1
0,0,1
0,1,1
0,1,1
0,0.8832892,1
0,1,1
0,0,1
0,1,1
0,1,1
0,1,1
0,1,1
0,1,1
0,0,1
0,0,1
0,1,1
0,1,1
0,1,1
0,1,1
0,1,1
0,1,1
0,1,1
0,0,0
0,1,1
0,0,1
0,1,1
0,1,1
0,0,1
0,0,0
0,1,1
0,1,1
0,1,1
0,1,1
0,1,1
0,1,1
0,1,1
0,0,1
0,1,1
0,1,1
0,0,0
0,0,1
0,1,1
0,1,1
0,0,0
0,1,1
0,0,1
0,0,0
0,1,1
0,1,1
0,0,0
0,1,1
0,1,1
0,0,0
0,1,1
0,1,1
0,1,1
0,0,1
0,1,1
0,1,1
0,1,1
0,0,0
0,1,1
0,1,1
0,0,0
0,0,1
0,0,1
0,0.8539938,1
0,0,0
0,1,1
0,0,1
0,0,1
0,0,1
0,0,0
0,1,1
0,0,0
0,0,0
0,0,0
0,1,1
0,0,0
0,1,1
0,1,1
0,1,1
0,1,1
0,0,1
0,0,0
0,1,1
0,0,1
0,1,1
0,1,1
0,1,1
0,0,1
0,0,1
0,0,0
0,0,1
0,0,0
0,0,0
0,0,0
0,0,1
0,0,1
0,1,1
0,1,1
0,1,1
0,0,0
0,0,0
0,1,1
0,1,1
0,1,1
0,0,0
0,1,1
0,1,1
0,0,0
0,1,1
0,1,1
0,0,0
0,1,1
0,1,1
0,0,1
0,0,0
0,0,1
0,0,1
0,1,1
0,0,1
0,1,1
0,1,1
0,0,1
0,1,1
0,1,1
0,1,1
0,1,1
0,0,0
0,0,1
0,0,0
0,1,1
0,0,0
0,1,1
0,0,1
0,0,1
0,1,1
0,1,1
0,0,1
0,1,1
0,0,1
0,1,1
0,1,1
0,0,1
0,0,0
0,1,1
0,1,1
0,1,1
0,1,1
0,1,1
0,1,1
0,1,1
0,1,1
0,1,1
0,1,1
0,1,1
0,0,1
0,0,1
0,0,0
0,0,1
0,1,1
0,0,1
0,1,1
0,1,1
0,0,1
0,1,1
0,1,1
0,1,1
0,0,0
0,1,1
0,1,1
0,1,1
0,1,1
0,0,0
0,1,1
0,1,1
0,0,0
0,1,1
0,1,1
0,1,1
0,1,1
0,1,1
0,0,0
0,1,1
0,1,1
0,1,1
0,1,1
0,1,1
0,0,1
0,0,0
0,1,1
0,1,1
0,1,1
0,1,1
0,0,1
0,1,1
0,0,0
0,0,0
0,1,1
0,1,1
0,1,1
0,0,0
0,1,1
0,1,1
0,0,0
0,1,1
0,0,0
0,0,1
0,0,0
0,0,0
0,0,0
0,1,1
0,0,0
0,1,1
0,0,1
0,1,1
0,0,1
0,1,1
0,0,1
0,1,1
0,1,1
0,1,1
0,0,0
0,1,1
0,0,1
0,1,1
0,0,0
0,0,1
0,1,1
0,1,1
0,0,0
0,1,1
0,1,1
0,1,1
0,1,1
0,1,1
0,1,1
0,0,0
0,1,1
0,0.8585998,1
0,1,1
0,1,1
0,1,1
0,1,1
0,0,0
0,1,1
0,1,1
0,0,1
0,1,1
0,1,1
0,1,1
0,0,0
0,1,1
0,1,1
0,1,1
0,1,1
0,1,1
0,1,1
0,1,1
0,0,0
0,1,1
0,1,1
0,1,1
0,0,0
0,1,1
0,0,0
0,0,1
0,0,0
0,0,0
0,1,1
0,0,0
0,1,1
0,0,1
0,1,1
0,1,1
0,1,1
0,1,1
0,1,1
0,1,1
0,1,1
0,0,0
0,0,0
0,1,1
0,1,1
0,0,1
0,0,1
0,1,1
0,1,1
0,0.8124095,1
0,1,1
0,1,1
0,1,1
0,1,1
0,0,0
0,1,1
0,1,1
0,1,1
0,1,1
0,1,1
0,1,1
0,0,0
0,1,1
0,1,1
0,1,1
0,1,1
0,1,1
0,1,1
0,0,1
0,1,1
0,1,1
0,0,0
0,1,1
0,1,1
0,1,1
0,1,1
0,1,1
0,0,0
0,1,1
0,0,0
0,1,1
0,1,1
0,1,1
0,1,1
0,0,0
0,1,1
0,0,0
0,1,1
0,1,1
0,1,1
0,1,1
0,0,1
0,1,1
0,1,1
0,1,1
0,1,1
0,1,1
0,1,1
0,1,1
0,0,0
0,1,1
0,1,1
0,1,1
0,1,1
0,1,1
0,1,1
0,0,0
0,1,1
0,1,1
0,0,0
0,1,1
0,1,1
0,0,0
0,0,0
0,0,1
0,1,1
0,1,1
0,1,1
0,1,1
0,0,0
0,0,1
0,0,0
0,1,1
0,0,0
0,1,1
0,1,1
0,0,1
0,0,1
0,1,1
0,0,0
0,1,1
0,1,1
0,1,1
0,1,1
0,1,1
0,1,1
0,0,0
0,1,1
0,0,1
0,1,1
0,1,1
0,0,1
0,0,1
0,1,1
0,0,0
0,0,0
0,1,1
0,1,1
0,1,1
0,1,1
0,1,1
0,1,1
0,1,1
0,1,1
0,1,1
0,1,1
0,1,1
0,1,1
0,1,1
0,1,1
0,1,1
0,0,1
0,0,1
0,0,0
0,1,1
0,1,1
0,1,1
0,1,1
0,1,1
0,1,1
0,1,1
0,0,0
0,1,1
0,1,1
0,0,0
0,1,1
0,0,0
0,1,1
0,1,1
0,0,0
0,1,1
0,0.8628772,1
0,1,1
0,0,1
0,0,0
0,0,1
0,1,1
0,0,0
0,0,0
0,1,1
0,0,1
0,0,1
0,1,1
0,0,1
0,1,1
0,0,1
0,1,1
0,1,1
0,0,1
0,1,1
0,0,0
0,1,1
0,0.8603005,1
0,0,0
0,0,1
0,0,0
0,0,0
0,1,1
0,1,1
0,0,1
0,1,1
0,1,1
0,0,0
0,1,1
0,1,1
0,0,0
0,1,1
0,1,1
0,1,1
0,1,1
0,0,0
0,0,1
0,0,0
0,0,0
0,1,1
0,1,1
0,1,1
0,1,1
0,1,1
0,1,1
0,1,1
0,1,1
0,0,1
0,1,1
0,0,0
0,1,1
0,0,0
0,0,1
0,0,1
0,0,0
0,1,1
0,0,1
0,1,1
0,0,1
0,1,1
0,1,1
0,0.7599202,1
0,1,1
0,1,1
0,1,1
0,0,0
0,1,1
0,1,1
0,0,1
0,0,0
0,0,0
0,1,1
0,1,1
0,1,1
0,1,1
0,0,0
0,1,1
0,1,1
0,1,1
0,1,1
0,0,0
0,1,1
0,1,1
0,1,1
0,1,1
0,1,1
0,1,1
0,1,1
0,1,1
0,1,1
0,1,1
0,1,1
0,0,0
0,0,1
0,1,1
0,0,0
0,0,0
0,1,1
0,1,1
0,0,0
0,0,0
0,1,1
0,0,0
0,1,1
0,0,0
0,1,1
0,1,1
0,1,1
0,1,1
0,0,0
0,1,1
0,1,1
0,1,1
0,1,1
0,1,1
0,0,0
0,0.8658522,1
0,1,1
0,1,1
0,1,1
0,1,1
0,0,0
0,0,0
0,1,1
0,0,1
0,1,1
0,1,1
0,1,1
0,0,0
0,1,1
0,1,1
0,0,0
0,1,1
0,0,0
0,0,0
0,1,1
0,1,1
0,1,1
0,1,1
0,0,0
0,1,1
0,1,1
0,0,1
0,0,0
0,1,1
0,0,0
0,1,1
0,1,1
0,1,1
0,1,1
0,1,1
0,0,0
0,1,1
0,1,1
0,1,1
0,1,1
0,1,1
0,0,0
0,1,1
0,0,0
0,1,1
0,1,1
0,0,0
0,1,1
0,1,1
0,1,1
0,1,1
0,1,1
0,1,1
0,0,0
0,1,1
0,1,1
0,0,0
0,1,1
0,0,0
0,0,1
0,0,1
0,1,1
0,1,1
0,1,1
0,1,1
0,0.8586044,1
0,1,1
0,0,0
0,1,1
0,1,1
0,0,0
0,1,1
0,1,1
0,0,1
0,0,0
0,1,1
0,1,1
0,1,1
0,1,1
0,0,1
0,1,1
0,1,1
0,1,1
0,0,0
0,0,0
0,0,0
0,0,1
0,1,1
0,1,1
0,1,1
0,1,1
0,1,1
0,0,0
0,1,1
0,1,1
0,0,1
0,1,1
0,0,0
0,1,1
0,0.8667127,1
0,1,1
0,1,1
0,0,1
0,1,1
0,0,0
0,1,1
0,1,1
0,0,0
0,1,1
0,1,1
0,1,1
0,1,1
0,0,0
0,0,1
0,0,1
0,1,1
0,1,1
0,0,1
0,1,1
0,1,1
0,0,0
0,1,1
0,1,1
0,0,0
0,1,1
0,1,1
0,0,0
0,1,1
0,1,1
0,1,1
0,0,0
0,1,1
0,1,1
0,1,1
0,1,1
0,0,0
0,1,1
0,0,0
0,0,0
0,0,1
0,1,1
0,0,1
0,0,0
0,1,1
0,1,1
0,1,1
0,1,1
0,1,1
0,1,1
0,1,1
0,1,1
0,1,1
0,0,0
0,0,0
0,1,1
0,1,1
0,1,1
0,0,0
0,1,1
0,0,1
0,1,1
0,1,1
0,1,1
0,1,1
0,1,1
0,0,1
0,0,1
0,0,0
0,0,0
0,1,1
0,1,1
0,0,1
0,1,1
0,1,1
0,0.8676819,1
0,1,1
0,1,1
0,1,1
0,1,1
0,0,0
0,1,1
0,0,1
0,1,1
0,1,1
0,0,1
0,1,1
0,1,1
0,0,0
0,1,1
0,1,1
0,0,0
0,1,1
0,0,1
0,1,1
0,0.8781534,1
0,1,1
0,1,1
0,1,1
0,1,1
0,1,1
0,0,1
0,0,0
0,1,1
0,0,0
0,1,1
0,1,1
0,1,1
0,1,1
0,1,1
0,1,1
0,0,0
0,0.8857354,1
0,1,1
0,0,0
0,1,1
0,0,0
0,1,1
0,1,1
0,0,1
0,1,1
0,1,1
0,0,0
0,1,1
0,1,1
0,1,1
0,1,1
0,1,1
0,0,0
0,0,0
0,0,0
0,1,1
0,0,1
0,0,0
0,1,1
0,1,1
0,0,0
0,1,1
0,1,1
0,0.8585063,1
0,1,1
0,0,1
0,1,1
0,0,0
0,0,1
0,1,1
0,1,1
0,1,1
0,1,1
0,0,0
0,1,1
0,1,1
0,1,1
0,1,1
0,1,1
0,0,1
0,0,0
0,0,1
0,1,1
0,0,1
0,0,1
0,1,1
0,1,1
0,1,1
0,0,1
0,0,1
0,1,1
0,0,0
0,0,0
0,1,1
0,0,1
0,0,0
0,0,0
0,1,1
0,0,1
0,1,1
0,1,1
0,1,1
0,1,1
0,0,1
0,1,1
0,0,1
0,1,1
0,0,0
0,1,1
0,0,1
0,1,1
0,0,0
0,0,0
0,0,1
0,0,1
0,1,1
0,1,1
0,1,1
0,0,0
0,1,1
0,1,1
0,1,1
0,0,0
0,0,0
0,0,1
0,1,1
0,1,1
0,1,1
0,0,1
0,0,0
0,1,1
0,0,0
0,1,1
0,1,1
0,1,1
0,1,1
0,0,0
0,1,1
0,1,1
0,0,0
0,1,1
0,0,0
0,1,1
0,1,1
0,0,0
0,1,1
0,1,1
0,0,0
0,0,0
0,0,0
0,1,1
0,0,0
0,0,0
0,1,1
0,1,1
0,0,0
0,0,0
0,1,1
0,1,1
0,1,1
0,0,0
0,1,1
0,1,1
0,0,1
0,0,0
0,0,0
0,1,1
0,0,0
0,1,1
0,1,1
0,1,1
0,1,1
0,0,1
0,1,1
0,1,1
0,1,1
0,1,1
0,0,0
0,1,1
0,0,0
0,0,0
0,1,1
0,0,1
0,1,1
0,0,1
0,0,1
0,0,1
0,0,1
0,1,1
0,1,1
0,1,1
0,1,1
0,0,1
0,0,0
0,1,1
0,0,1
0,1,1
0,1,1
0,0,1
0,1,1
0,1,1
0,1,1
0,0,0
0,1,1
0,0,0
0,1,1
0,0,0
0,0,1
0,0,0
0,0,0
0,1,1
0,0,0
0,1,1
0,1,1
0,0,1
0,0,1
0,1,1
0,1,1
0,1,1
0,0,1
0,1,1
0,1,1
0,0,0
0,0,1
0,0,1
0,0,1
0,0,1
0,1,1
0,1,1
0,1,1
0,0,1
0,1,1
0,1,1
0,1,1
0,1,1
0,0,0
0,1,1
0,0,0
0,0,1
0,1,1
0,1,1
0,0,0
0,1,1
0,1,1
0,1,1
0,1,1
0,0,0
0,0,0
0,1,1
0,0,1
0,0,1
0,1,1
0,0,1
0,0,0
0,0,0
0,0,1
0,0,1
0,1,1
0,0,0
0,0,1
0,1,1
0,1,1
0,1,1
0,0,0
0,0,1
0,1,1
0,1,1
0,0,0
0,1,1
0,1,1
0,1,1
0,1,1
0,1,1
0,0,0
0,1,1
0,1,1
0,1,1
0,1,1
0,1,1
0,0.8607715,1
0,0,1
0,0,0
0,1,1
0,1,1
0,0,0
0,1,1
0,0,1
0,1,1
0,0,0
0,1,1
0,0,0
0,1,1
0,0,1
0,1,1
0,1,1
0,1,1
0,0,0
0,1,1
0,1,1
0,1,1
0,0,1
0,1,1
0,1,1
0,0,0
0,0.8582275,1
0,1,1
0,0,0
0,0,0
0,0,0
0,1,1
0,1,1
0,1,1
0,0,0
0,1,1
0,1,1
0,0,0
0,0,0
0,1,1
0,0,0
0,0,0
0,0,0
0,1,1
0,1,1
0,1,1
0,0,1
0,1,1
0,1,1
0,1,1
0,1,1
0,1,1
0,1,1
0,1,1
0,0,0
0,1,1
0,0,0
0,1,1
0,1,1
0,0,0
0,1,1
0,0,0
0,1,1
0,1,1
0,0,1
0,0,1
0,1,1
0,1,1
0,0,1
0,1,1
0,1,1
0,1,1
0,0,0
0,1,1
0,1,1
0,0,1
0,0,0
0,0,1
0,1,1
0,1,1
0,1,1
0,1,1
0,1,1
0,0.8618037,1
0,0,1
0,0,1
0,0,1
0,1,1
0,0,1
0,1,1
0,0,0
0,1,1
0,1,1
0,0,0
0,1,1
0,0,1
0,1,1
0,1,1
0,1,1
0,1,1
0,1,1
0,0,0
0,1,1
0,1,1
0,0,1
0,0,0
0,1,1
0,1,1
0,0.8614161,1
0,1,1
0,0,0
0,1,1
0,1,1
0,1,1
0,0,0
0,0,0
0,1,1
0,0,0
0,1,1
0,1,1
0,1,1
0,1,1
0,0,0
0,1,1
0,1,1
0,1,1
0,0,1
0,1,1
0,1,1
0,1,1
0,1,1
0,1,1
0,1,1
0,1,1
0,0,0
0,1,1
0,1,1
0,0,0
0,1,1
0,1,1
0,1,1
0,1,1
0,0,0
0,1,1
0,1,1
0,1,1
0,1,1
0,1,1
0,0,0
0,1,1
0,0,0
0,1,1
0,1,1
0,1,1
0,1,1
0,1,1
0,1,1
0,1,1
0,1,1
0,0,1
0,0,1
0,0,0
0,0,0
0,0,0
0,0,0
0,1,1
0,1,1
0,1,1
0,0,1
0,1,1
0,1,1
0,1,1
0,0,0
0,0.8777703,1
0,1,1
0,0,0
0,1,1
0,1,1
0,1,1
0,0,1
0,0,1
0,0,1
0,1,1
0,1,1
0,0,0
0,1,1
0,1,1
0,1,1
0,1,1
0,0,0
0,0,0
0,1,1
0,1,1
0,1,1
0,0,0
0,0,1
0,0.8536888,1
0,1,1
0,0,1
0,1,1
0,1,1
0,1,1
0,0,1
0,1,1
0,1,1
0,1,1
0,0,0
0,1,1
0,0,0
0,1,1
0,0,1
0,1,1
0,1,1
0,1,1
0,1,1
0,0,0
0,0,1
0,1,1
0,1,1
0,1,1
0,0,1
0,0.803305,1
0,1,1
0,0,0
0,0,0
0,1,1
0,1,1
0,1,1
0,1,1
0,1,1
0,1,1
0,1,1
0,0,0
0,1,1
0,1,1
0,1,1
0,0,1
0,1,1
0,0,0
0,0,1
0,1,1
0,1,1
0,1,1
0,0,1
0,1,1
0,1,1
0,1,1
0,1,1
0,1,1
0,1,1
0,0,0
0,0,1
0,0,1
0,1,1
0,1,1
0,0,1
0,1,1
0,0,1
0,0,0
0,1,1
0,1,1
0,0,1
0,0,0
0,1,1
0,1,1
0,1,1
0,0,0
0,0,1
0,0,0
0,0,1
0,1,1
0,1,1
0,1,1
0,1,1
0,1,1
0,0,0
0,1,1
0,1,1
0,1,1
0,1,1
0,0,1
0,1,1
0,1,1
0,1,1
0,1,1
0,1,1
0,1,1
0,1,1
0,1,1
0,0,0
0,1,1
0,1,1
0,1,1
0,0,0
0,1,1
0,1,1
0,1,1
0,1,1
0,1,1
0,1,1
0,1,1
0,0,1
0,1,1
0,1,1
0,1,1
0,0,0
0,1,1
0,1,1
0,1,1
0,0.7780627,1
0,1,1
0,0,1
0,1,1
0,0,1
0,1,1
0,0,1
0,0,1
0,1,1
0,0,0
0,1,1
0,0,0
0,0,0
0,1,1
0,1,1
0,1,1
0,1,1
0,1,1
0,0,1
0,1,1
0,0,1
0,1,1
0,1,1
0,0,0
0,0,0
0,1,1
0,1,1
0,1,1
0,1,1
0,0,1
0,0.8629471,1
0,1,1
0,1,1
0,1,1
0,0,0
0,1,1
0,1,1
0,1,1
0,0.9305025,1
0,0,1
0,0,0
0,1,1
0,1,1
0,0,1
0,0,0
0,1,1
0,0,0
0,1,1
0,1,1
0,1,1
0,0,0
0,0,1
0,1,1
0,1,1
0,1,1
0,1,1
0,1,1
0,1,1
0,1,1
0,1,1
0,1,1
0,1,1
0,0,1
0,1,1
0,1,1
0,1,1
0,1,1
0,1,1
0,1,1
0,1,1
0,1,1
0,1,1
0,1,1
0,1,1
0,0.85805,1
0,1,1
0,1,1
0,0,1
0,1,1
0,0,1
0,1,1
0,0,1
0,1,1
0,1,1
0,0,1
0,0,1
0,1,1
0,0,1
0,1,1
0,0,1
0,1,1
0,0,1
0,1,1
0,0,1
0,0,0
0,1,1
0,0,0
0,0,1
0,0,1
0,0,0
0,1,1
0,0,0
0,0,0
0,1,1
0,1,1
0,0,1
0,0,1
0,0,0
0,1,1
0,1,1
0,1,1
0,0,1
0,0,0
0,1,1
0,1,1
0,1,1
0,1,1
0,1,1
0,0,1
0,1,1
0,1,1
0,1,1
0,1,1
0,1,1
0,1,1
0,0,0
0,0,0
0,1,1
0,1,1
0,0,1
0,0,1
0,0,0
0,0,0
0,1,1
0,0.8688005,1
0,1,1
0,1,1
0,1,1
0,1,1
0,1,1
0,1,1
0,0,1
0,1,1
0,1,1
0,0,1
0,1,1
0,1,1
0,0,1
0,1,1
0,1,1
0,1,1
0,0,0
0,1,1
0,1,1
0,1,1
0,0,1
0,1,1
0,1,1
0,0,0
0,1,1
0,0,0
0,1,1
0,0,1
0,1,1
0,1,1
0,1,1
0,1,1
0,1,1
0,1,1
0,0,0
0,0,0
0,1,1
0,1,1
0,0,1
0,0,0
0,1,1
0,1,1
0,0,1
0,0,0
0,1,1
0,1,1
0,1,1
0,0,0
0,1,1
0,1,1
0,1,1
0,1,1
0,0,0
0,1,1
0,0,0
0,1,1
0,0,1
0,1,1
0,0,1
0,1,1
0,0,0
0,1,1
0,0,1
0,0,0
0,1,1
0,1,1
0,1,1
0,0,0
0,0,1
0,0,1
0,1,1
0,1,1
0,1,1
0,1,1
0,0,0
0,0,1
0,1,1
0,1,1
0,1,1
0,0,0
0,1,1
0,1,1
0,1,1
0,1,1
0,1,1
0,1,1
0,1,1
0,1,1
0,0,0
0,1,1
0,1,1
0,1,1
0,1,1
0,0,0
0,0,0
0,1,1
0,0,0
0,0,0
0,1,1
0,0,1
0,1,1
0,0,1
0,1,1
0,1,1
0,0,0
0,1,1
0,0,1
0,0,1
0,0,1
0,0,0
0,1,1
0,1,1
0,1,1
0,1,1
0,0,0
0,1,1
0,1,1
0,0,0
0,0,0
0,0,0
0,1,1
0,1,1
0,1,1
0,1,1
0,1,1
0,0,0
0,1,1
0,1,1
0,1,1
0,1,1
0,1,1
0,0,0
0,0,0
0,0,1
0,0,0
0,0.8616124,1
0,1,1
0,1,1
0,1,1
0,0,0
0,0,0
0,1,1
0,1,1
0,1,1
0,1,1
0,1,1
0,0,0
0,0,1
0,1,1
0,1,1
0,0,0
0,1,1
0,1,1
0,1,1
0,1,1
0,1,1
0,1,1
0,1,1
0,1,1
0,0,1
0,0,1
0,1,1
0,1,1
0,0,0
0,1,1
0,1,1
0,1,1
0,0,0
0,1,1
0,1,1
0,1,1
0,1,1
0,0,0
0,1,1
0,0,0
0,0,0
0,1,1
0,1,1
0,0.7410781,1
0,0,0
0,1,1
0,0,0
0,1,1
0,1,1
0,1,1
0,1,1
0,0,1
0,1,1
0,0,0
0,1,1
0,1,1
0,0,1
0,1,1
0,0,1
0,1,1
0,1,1
0,1,1
0,0,0
0,1,1
0,1,1
0,1,1
0,0,0
0,0.8577548,1
0,1,1
0,0,0
0,1,1
0,1,1
0,0.8604969,1
0,0,1
0,1,1
0,1,1
0,1,1
0,1,1
0,0,0
0,0,0
0,1,1
0,1,1
0,1,1
0,0,0
0,0,1
0,1,1
0,0,0
0,1,1
0,1,1
0,1,1
0,0,0
0,1,1
0,1,1
0,1,1
0,0,0
0,0,1
0,1,1
0,1,1
0,0,1
0,1,1
0,0,1
0,1,1
0,0,0
0,1,1
0,1,1
0,1,1
0,0,0
0,0,1
0,1,1
0,1,1
0,1,1
0,0,0
0,1,1
0,1,1
0,1,1
0,1,1
0,0,1
0,0,1
0,0,0
0,1,1
0,0,0
0,1,1
0,1,1
0,1,1
0,1,1
0,1,1
0,1,1
0,0,0
0,0,0
0,0,1
0,1,1
0,0,0
0,0,0
0,1,1
0,0,1
0,1,1
0,1,1
0,1,1
0,0,0
0,1,1
0,0,0
0,1,1
0,0,0
0,1,1
0,0,1
0,1,1
0,0,1
0,1,1
0,1,1
0,1,1
0,1,1
0,1,1
0,1,1
0,1,1
0,1,1
0,1,1
0,1,1
0,1,1
0,1,1
0,1,1
0,1,1
0,1,1
0,1,1
0,1,1
0,1,1
0,1,1
0,0,1
0,1,1
0,0,0
0,1,1
0,1,1
0,1,1
0,0.868836,1
0,1,1
0,1,1
0,0,0
0,0,1
0,1,1
0,1,1
0,0,1
0,0,0
0,0,1
0,0,1
0,1,1
0,1,1
0,0,1
0,1,1
0,1,1
0,0,0
0,1,1
0,0,0
0,0,0
0,1,1
0,0,1
0,1,1
0,1,1
0,0,0
0,1,1
0,1,1
0,1,1
0,1,1
0,1,1
0,0,0
0,0,0
0,1,1
0,0,1
0,1,1
0,0,0
0,0,0
0,0,0
0,0,1
0,1,1
0,1,1
0,1,1
0,0,0
0,1,1
0,0,1
0,0,1
0,1,1
0,0,1
0,1,1
0,0.762447,1
0,0,0
0,1,1
0,0,0
0,1,1
0,1,1
0,1,1
0,1,1
0,1,1
0,0,1
0,1,1
0,1,1
0,1,1
0,0,0
0,1,1
0,0,1
0,1,1
0,0,1
0,1,1
0,1,1
0,0,0
0,1,1
0,1,1
0,1,1
0,1,1
0,1,1
0,1,1
0,0.7106556,1
0,1,1
0,1,1
0,0,0
0,0,1
0,1,1
0,1,1
0,1,1
0,1,1
0,1,1
0,1,1
0,0,1
0,1,1
0,0,0
0,1,1
0,1,1
0,0,1
0,1,1
0,1,1
0,1,1
0,1,1
0,0,1
0,0,1
0,0,0
0,1,1
0,0,0
0,1,1
0,0.7409545,1
0,0,0
0,0,1
0,0,1
0,1,1
0,1,1
0,1,1
0,0,1
0,1,1
0,1,1
0,0,0
0,0,1
0,1,1
0,0,0
0,1,1
0,1,1
0,0,0
0,0,1
0,1,1
0,1,1
0,0,0
0,1,1
0,1,1
0,0,0
0,0,1
0,1,1
0,1,1
0,1,1
0,1,1
0,1,1
0,1,1
0,0,1
0,1,1
0,1,1
0,1,1
0,1,1
0,0,0
0,1,1
0,1,1
0,0,0
0,1,1
0,0,0
0,0,0
0,0,0
0,0,0
0,1,1
0,1,1
0,1,1
0,0,0
0,1,1
0,1,1
0,1,1
0,0,0
0,1,1
0,0,0
0,1,1
0,0,1
0,1,1
0,0,1
0,0,0
0,1,1
0,0,0
0,0,0
0,0,1
0,1,1
0,1,1
0,0,1
0,1,1
0,1,1
0,0,0
0,1,1
0,0,0
0,0,0
0,0,1
0,0,1
0,1,1
0,0,1
0,1,1
0,1,1
0,0,1
0,1,1
0,1,1
0,0,0
0,1,1
0,1,1
0,0,0
0,0,1
0,0,1
0,0,1
0,0,1
0,0,0
0,1,1
0,1,1
0,1,1
0,0,1
0,1,1
0,0,1
0,0,1
0,1,1
0,1,1
0,0,1
0,0,0
0,1,1
0,1,1
0,1,1
0,1,1
0,1,1
0,0.8318318,1
0,1,1
0,1,1
0,1,1
0,1,1
0,1,1
0,1,1
0,1,1
0,0,1
0,1,1
0,1,1
0,1,1
0,1,1
0,0,0
0,1,1
0,1,1
0,1,1
0,0,0
0,1,1
0,0,0
0,1,1
0,1,1
0,1,1
0,1,1
0,1,1
0,1,1
0,0,0
0,1,1
0,1,1
0,1,1
0,0,1
0,1,1
0,1,1
0,1,1
0,1,1
0,1,1
0,1,1
0,1,1
0,0,0
0,1,1
0,0,1
0,0,0
0,0,0
0,1,1
0,1,1
0,1,1
0,0,0
0,1,1
0,1,1
0,1,1
0,0,0
0,1,1
0,1,1
0,1,1
0,1,1
0,0,0
0,0,1
0,1,1
0,0,0
0,1,1
0,1,1
0,1,1
0,0,0
0,0,0
0,1,1
0,0,1
0,1,1
0,1,1
0,0,0
0,1,1
0,1,1
0,1,1
0,1,1
0,1,1
0,0,0
0,1,1
0,0,0
0,0,0
0,1,1
0,1,1
0,1,1
0,0,1
0,0,0
0,1,1
0,1,1
0,1,1
0,1,1
0,1,1
0,0,1
0,1,1
0,1,1
0,0,1
0,1,1
0,1,1
0,1,1
0,1,1
0,1,1
0,0,1
0,1,1
0,1,1
0,1,1
0,1,1
0,0,0
0,0,1
0,1,1
0,1,1
0,0,1
0,0,0
0,0,1
0,1,1
0,0,0
0,0,0
0,0,1
0,0,1
0,1,1
0,0,0
0,1,1
0,0,1
0,0,0
0,0,0
0,0,0
0,1,1
0,1,1
0,0,0
0,1,1
0,1,1
0,1,1
0,1,1
0,1,1
0,1,1
0,1,1
0,0.8650471,1
0,1,1
0,1,1
0,0,0
0,0,1
0,1,1
0,1,1
0,0,1
0,0,1
0,1,1
0,1,1
0,1,1
0,1,1
0,0,1
0,0,1
0,0,1
0,1,1
0,0,0
0,1,1
0,1,1
0,1,1
0,0,1
0,0,1
0,1,1
0,1,1
0,0,1
0,1,1
0,1,1
0,0,0
0,1,1
0,1,1
0,1,1
0,1,1
0,1,1
0,1,1
0,1,1
0,1,1
0,0,0
0,0,1
0,1,1
0,1,1
0,0,0
0,1,1
0,1,1
0,0,1
0,1,1
0,1,1
0,1,1
0,0,0
0,0,1
0,1,1
0,1,1
0,1,1
0,1,1
0,1,1
0,0,0
0,0,0
0,1,1
0,0,0
0,1,1
0,1,1
0,1,1
0,1,1
0,1,1
0,0,0
0,0,1
0,1,1
0,0,0
0,0,1
0,0,1
0,1,1
0,0,0
0,1,1
0,0,0
0,0,1
0,1,1
0,1,1
0,1,1
0,1,1
0,1,1
0,0,1
0,1,1
0,1,1
0,1,1
0,1,1
0,0,1
0,1,1
0,0,0
0,1,1
0,1,1
0,1,1
0,1,1
0,0,0
0,1,1
0,1,1
0,1,1
0,1,1
0,1,1
0,0,0
0,1,1
0,1,1
0,0,0
0,1,1
0,0.8631176,1
0,1,1
0,0,1
0,1,1
0,0,1
0,0,1
0,1,1
0,0,1
0,1,1
0,1,1
0,1,1
0,0,1
0,1,1
0,1,1
0,1,1
0,1,1
0,0,0
0,1,1
0,1,1
0,0,0
0,0,0
0,1,1
0,1,1
0,1,1
0,0,1
0,0,1
0,0,0
0,0,0
0,0,1
0,1,1
0,1,1
0,1,1
0,0,0
0,1,1
0,1,1
0,1,1
0,1,1
0,0,0
0,1,1
0,0,1
0,1,1
0,1,1
0,1,1
0,0,0
0,1,1
0,0,0
0,0,0
0,0,0
0,1,1
0,1,1
0,1,1
0,1,1
0,0,0
0,0,0
0,0,1
0,0,0
0,0,1
0,1,1
0,1,1
0,1,1
0,1,1
0,0,1
0,1,1
0,0,0
0,1,1
0,1,1
0,1,1
0,1,1
0,0,0
0,1,1
0,1,1
0,1,1
0,1,1
0,1,1
0,0,0
0,1,1
0,0,0
0,0,0
0,1,1
0,0,0
0,1,1
0,1,1
0,1,1
0,1,1
0,0,0
0,1,1
0,0,1
0,1,1
0,1,1
0,0.7568058,1
0,1,1
0,1,1
0,0.9066647,1
0,1,1
0,1,1
0,0,0
0,0,0
0,1,1
0,1,1
0,1,1
0,1,1
0,1,1
0,1,1
0,1,1
0,1,1
0,1,1
0,0,1
0,0,0
0,1,1
0,1,1
0,1,1
0,1,1
0,0,1
0,1,1
0,1,1
0,1,1
0,1,1
0,1,1
0,1,1
0,1,1
0,0.8703231,1
0,0,0
0,1,1
0,1,1
0,0,0
0,1,1
0,1,1
0,0,1
0,1,1
0,0,0
0,0,0
0,1,1
0,0,1
0,1,1
0,0,1
0,1,1
0,0,0
0,0,1
0,1,1
0,1,1
0,1,1
0,0,1
0,1,1
0,1,1
0,0,0
0,1,1
0,1,1
0,1,1
0,1,1
0,0,0
0,0,0
0,0,0
0,0,1
0,1,1
0,1,1
0,1,1
0,0,0
0,0,0
0,1,1
0,0,1
0,1,1
0,0,0
0,1,1
0,1,1
0,1,1
0,1,1
0,1,1
0,0,0
0,1,1
0,1,1
0,1,1
0,1,1
0,1,1
0,1,1
0,1,1
0,0,0
0,1,1
0,0,0
0,0,1
0,1,1
0,1,1
0,0,0
0,1,1
0,0,0
0,0,1
0,1,1
0,0,0
0,0,1
0,1,1
0,1,1
0,0,1
0,0,1
0,1,1
0,0,0
0,0,0
0,1,1
0,0,0
0,1,1
0,1,1
0,1,1
0,1,1
0,0,0
0,1,1
0,1,1
0,1,1
0,1,1
0,1,1
0,1,1
0,1,1
0,0,0
0,0,0
0,1,1
0,1,1
0,1,1
0,1,1
0,0,1
0,1,1
0,1,1
0,1,1
0,1,1
0,1,1
0,1,1
0,0,0
0,1,1
0,0,0
0,1,1
0,1,1
0,1,1
0,0,0
0,0,0
0,0,0
0,1,1
0,0,0
0,1,1
0,0,1
0,1,1
0,1,1
0,1,1
0,1,1
0,1,1
0,0,1
0,1,1
0,0,0
0,1,1
0,0,1
0,1,1
0,1,1
0,0,0
0,1,1
0,1,1
0,0,0
0,1,1
0,0,1
0,0,0
0,0,0
0,1,1
0,1,1
0,1,1
0,1,1
0,1,1
0,1,1
0,0,0
0,1,1
0,1,1
0,1,1
0,1,1
0,1,1
0,1,1
0,0,1
0,0,0
0,0,0
0,1,1
0,0,1
0,1,1
0,1,1
0,1,1
0,1,1
0,1,1
0,1,1
0,0,1
0,0,0
0,1,1
0,1,1
0,1,1
0,1,1
0,0,0
0,0,1
0,1,1
0,1,1
0,1,1
0,1,1
0,1,1
0,1,1
0,1,1
0,0,0
0,0,0
0,0,0
0,1,1
0,1,1
0,1,1
0,1,1
0,0,0
0,1,1
0,0,0
0,1,1
0,1,1
0,0,0
0,1,1
0,0,0
0,1,1
0,1,1
0,0,0
0,1,1
0,1,1
0,1,1
0,1,1
0,0,1
0,0,0
0,0,0
0,1,1
0,0,1
0,1,1
0,1,1
0,0,0
0,0,0
0,0,1
0,0,0
0,0,0
0,0.861745,1
0,1,1
0,0,1
0,1,1
0,0,0
0,0,1
0,0,0
0,1,1
0,1,1
0,0,0
0,1,1
0,1,1
0,1,1
0,1,1
0,0,0
0,1,1
0,1,1
0,0,0
0,0.7617172,1
0,0,0
0,0,1
0,1,1
0,0,0
0,1,1
0,1,1
0,0,0
0,1,1
0,1,1
0,1,1
0,1,1
0,0,1
0,1,1
0,0,0
0,1,1
0,1,1
0,1,1
0,1,1
0,1,1
0,1,1
0,0,0
0,1,1
0,1,1
0,0,0
0,0,0
0,0,1
0,1,1
0,0,0
0,1,1
0,0,1
0,1,1
0,0,1
0,0,1
0,0,1
0,1,1
0,1,1
0,0,0
0,0,1
0,1,1
0,0,1
0,0,0
0,0,1
0,1,1
0,0,0
0,1,1
0,0,0
0,1,1
0,1,1
0,0,0
0,1,1
0,1,1
0,0,0
0,0,0
0,0,0
0,1,1
0,1,1
0,1,1
0,1,1
0,0,1
0,1,1
0,1,1
0,1,1
0,1,1
0,0,0
0,1,1
0,1,1
0,0,1
0,1,1
0,0,0
0,1,1
0,0,1
0,1,1
0,0,0
0,1,1
0,0,0
0,1,1
0,0,1
0,1,1
0,1,1
0,1,1
0,0,0
0,1,1
0,1,1
0,1,1
0,1,1
0,1,1
0,1,1
0,1,1
0,1,1
0,1,1
0,0,0
0,1,1
0,0,0
0,0,0
0,1,1
0,1,1
0,1,1
0,0.8515046,1
0,1,1
0,1,1
0,0,1
0,1,1
0,1,1
0,0,0
0,1,1
0,1,1
0,0,0
0,0,1
0,1,1
0,1,1
0,1,1
0,1,1
0,0,0
0,1,1
0,0,0
0,1,1
0,1,1
0,0,1
0,1,1
0,1,1
0,0,0
0,0,0
0,1,1
0,1,1
0,0,0
0,1,1
0,1,1
0,0,1
0,1,1
0,0.8503431,1
0,0,0
0,0,0
0,1,1
0,1,1
0,1,1
0,0,1
0,1,1
0,0,1
0,1,1
0,1,1
0,0,1
0,0.872103,1
0,1,1
0,1,1
0,0,0
0,1,1
0,1,1
0,0,1
0,0,1
0,0,0
0,0,0
0,0,0
0,0,1
0,1,1
0,1,1
0,1,1
0,1,1
0,1,1
0,1,1
0,0,0
0,0,0
0,0,1
0,0,0
0,1,1
0,1,1
0,0,1
0,1,1
0,1,1
0,1,1
0,0,0
0,1,1
0,1,1
0,1,1
0,1,1
0,1,1
0,0,0
0,1,1
0,1,1
0,0,0
0,0,1
0,1,1
0,0,0
0,0,1
0,1,1
0,1,1
0,1,1
0,1,1
0,1,1
0,0,1
0,0.7444627,1
0,1,1
0,1,1
0,1,1
0,1,1
0,0,0
0,0,0
0,1,1
0,1,1
0,0,0
0,1,1
0,1,1
0,1,1
0,0,0
0,1,1
0,0,1
0,0,0
0,0,1
0,1,1
0,1,1
0,1,1
0,1,1
0,0,1
0,1,1
0,1,1
0,1,1
0,0.836871,1
0,1,1
0,1,1
0,0,1
0,0,1
0,1,1
0,1,1
0,1,1
0,0,0
0,0,0
0,0,0
0,1,1
0,1,1
0,0,1
0,1,1
0,0,1
0,1,1
0,1,1
0,0.8596075,1
0,0,1
0,0,1
0,1,1
0,0,0
0,1,1
0,1,1
0,0,1
0,1,1
0,1,1
0,1,1
0,1,1
0,1,1
0,1,1
0,1,1
0,1,1
0,1,1
0,0,0
0,1,1
0,0,0
0,0,0
0,1,1
0,0,1
0,1,1
0,1,1
0,0,0
0,1,1
0,1,1
0,1,1
0,1,1
0,1,1
0,1,1
0,1,1
0,1,1
0,1,1
0,0,0
0,1,1
0,0,1
0,1,1
0,1,1
0,0,0
0,0,1
0,0,0
0,1,1
0,1,1
0,1,1
0,1,1
0,0,0
0,0,1
0,1,1
0,1,1
0,1,1
0,1,1
0,0,0
0,0,0
0,0,1
0,1,1
0,0,0
0,1,1
0,1,1
0,0,0
0,0,1
0,1,1
0,1,1
0,1,1
0,0,0
0,1,1
0,1,1
0,1,1
0,0,0
0,1,1
0,1,1
0,0,1
0,0,1
0,0,0
0,0,0
0,0,0
0,1,1
0,0.8614342,1
0,0,0
0,1,1
0,1,1
0,1,1
0,0,1
0,1,1
0,0,0
0,1,1
0,0,0
0,1,1
0,0,0
0,1,1
0,1,1
0,1,1
0,1,1
0,1,1
0,1,1
0,1,1
0,0,1
0,1,1
0,0,0
0,1,1
0,0,0
0,1,1
0,1,1
0,0,0
0,1,1
0,1,1
0,1,1
0,0,0
0,1,1
0,0,1
0,1,1
0,0,0
0,1,1
0,1,1
0,1,1
0,1,1
0,1,1
0,1,1
0,0,1
0,0,1
0,0,1
0,0,1
0,1,1
0,1,1
0,1,1
0,1,1
0,1,1
0,0,0
0,0,1
0,1,1
0,0,1
0,1,1
0,0.8389442,1
0,1,1
0,1,1
0,1,1
0,0,0
0,1,1
0,1,1
0,0.8612782,1
0,0,0
0,1,1
0,1,1
0,1,1
0,1,1
0,0,1
0,1,1
0,0,0
0,0,1
0,1,1
0,1,1
0,1,1
0,1,1
0,0,0
0,1,1
0,1,1
0,1,1
0,0,0
0,1,1
0,1,1
0,1,1
0,1,1
0,1,1
0,1,1
0,0,0
0,0,0
0,1,1
0,0,1
0,1,1
0,1,1
0,1,1
0,1,1
0,1,1
0,0,0
0,1,1
0,1,1
0,1,1
0,1,1
0,1,1
0,1,1
0,1,1
0,0,1
0,1,1
0,1,1
0,0,0
0,1,1
0,1,1
0,0,0
0,0,1
0,0,0
0,1,1
0,0,0
0,1,1
0,1,1
0,0,1
0,1,1
0,1,1
0,0.8633251,1
0,1,1
0,1,1
0,1,1
0,1,1
0,1,1
0,0,1
0,0,0
0,0.8852407,1
0,0,0
0,0,1
0,0,1
0,0,1
0,0,0
0,0,0
0,0,0
0,1,1
0,1,1
0,1,1
0,1,1
0,1,1
0,1,1
0,1,1
0,1,1
0,0,0
0,0,0
0,1,1
0,1,1
0,0,0
0,0,1
0,0,1
0,0,1
0,1,1
0,1,1
0,1,1
0,1,1
0,1,1
0,0,0
0,1,1
0,0,0
0,1,1
0,1,1
0,1,1
0,0,0
0,0,1
0,1,1
0,0,0
0,1,1
0,0,0
0,0,1
0,1,1
0,1,1
0,0,0
0,0,1
0,1,1
0,0,0
0,0,1
0,1,1
0,0,1
0,0,1
0,0,0
0,1,1
0,0,1
0,1,1
0,0,0
0,1,1
0,0,0
0,0,1
0,1,1
0,0,1
0,1,1
0,1,1
0,1,1
0,1,1
0,1,1
0,0,0
0,1,1
0,0,1
0,1,1
0,1,1
0,0,0
0,0,0
0,1,1
0,0,0
0,1,1
0,1,1
0,1,1
0,1,1
0,0,0
0,1,1
0,0,0
0,0,0
0,1,1
0,1,1
0,1,1
0,1,1
0,1,1
0,1,1
0,1,1
0,1,1
0,0,0
0,1,1
0,1,1
0,1,1
0,1,1
0,0,1
0,0,0
0,0,1
0,1,1
0,1,1
0,0,1
0,0,0
0,1,1
0,1,1
0,1,1
0,1,1
0,1,1
0,1,1
0,1,1
0,1,1
0,0,0
0,1,1
0,1,1
0,1,1
0,0,0
0,0,1
0,1,1
0,1,1
0,1,1
0,1,1
0,1,1
0,1,1
0,1,1
0,1,1
0,1,1
0,0,1
0,1,1
0,1,1
0,1,1
0,1,1
0,0,1
0,1,1
0,1,1
0,0,0
0,0,0
0,0,1
0,0,0
0,1,1
0,0,1
0,0,0
0,1,1
0,0.7678837,1
0,0,0
0,0,0
0,1,1
0,1,1
0,1,1
0,1,1
0,1,1
0,1,1
0,0,0
0,1,1
0,0,0
0,1,1
0,1,1
0,0,0
0,0,0
0,0,1
0,1,1
0,1,1
0,0,0
0,1,1
0,1,1
0,1,1
0,0,0
0,1,1
0,1,1
0,0,0
0,1,1
0,1,1
0,1,1
0,1,1
0,0,0
0,0,0
0,0,0
0,0,1
0,1,1
0,1,1
0,1,1
0,1,1
0,0,1
0,0,0
0,1,1
0,0,0
0,0,1
0,1,1
0,1,1
0,1,1
0,1,1
0,0,1
0,1,1
0,1,1
0,1,1
0,0,1
0,1,1
0,0,1
0,0,0
0,0,1
0,1,1
0,0,0
0,0,1
0,1,1
0,0,0
0,0,1
0,1,1
0,1,1
0,1,1
0,1,1
0,0,0
0,1,1
0,1,1
0,1,1
0,1,1
0,0,1
0,1,1
0,0.8621851,1
0,1,1
0,1,1
0,1,1
0,1,1
0,0,1
0,0,1
0,1,1
0,0,0
0,1,1
0,1,1
0,1,1
0,0,1
0,0,0
0,1,1
0,1,1
0,1,1
0,1,1
0,1,1
0,0,0
0,1,1
0,1,1
0,1,1
0,1,1
0,1,1
0,1,1
0,1,1
0,1,1
0,0,1
0,0,1
0,1,1
0,1,1
0,1,1
0,0,1
0,0,1
0,1,1
0,0,1
0,0,1
0,1,1
0,0.8358976,1
0,0,1
0,1,1
0,0,1
0,1,1
0,1,1
0,1,1
0,1,1
0,1,1
0,1,1
0,1,1
0,1,1
0,1,1
0,1,1
0,1,1
0,0,1
0,1,1
0,0.8539339,1
0,1,1
0,0,0
0,1,1
0,0,0
0,1,1
0,1,1
0,1,1
0,1,1
0,0,0
0,1,1
0,0,0
0,1,1
0,0,1
0,1,1
0,1,1
0,1,1
0,1,1
0,0,1
0,0,1
0,0,0
0,0,0
0,0,0
0,0,1
0,1,1
0,0,1
0,1,1
0,0,0
0,1,1
0,1,1
0,1,1
0,0,0
0,0,0
0,1,1
0,0,0
0,1,1
0,1,1
0,1,1
0,1,1
0,0,0
0,1,1
0,1,1
0,1,1
0,1,1
0,0,0
0,1,1
0,1,1
0,1,1
0,1,1
0,1,1
0,1,1
0,1,1
0,0,0
0,1,1
0,1,1
0,1,1
0,1,1
0,0,1
0,1,1
0,1,1
0,0,0
0,0,0
0,1,1
0,1,1
0,1,1
0,1,1
0,1,1
0,0,0
0,0.8763224,1
0,0,1
0,1,1
0,0,1
0,1,1
0,0,1
0,1,1
0,0,0
0,1,1
0,0,0
0,1,1
0,1,1
0,1,1
0,0.8561541,1
0,0,1
0,1,1
0,1,1
0,0,1
0,1,1
0,0,0
0,1,1
0,0,1
0,1,1
0,1,1
0,1,1
0,1,1
0,1,1
0,0,0
0,1,1
0,1,1
0,0,0
0,0,0
0,0,0
0,1,1
0,1,1
0,0,1
0,0,0
0,0,0
0,1,1
0,1,1
0,0,0
0,1,1
0,1,1
0,1,1
0,1,1
0,1,1
0,0,1
0,0.8360349,1
0,1,1
0,1,1
0,0,0
0,1,1
0,1,1
0,1,1
0,1,1
0,0,0
0,1,1
0,0,0
0,1,1
0,1,1
0,1,1
0,0.8598591,1
0,1,1
0,1,1
0,1,1
0,1,1
0,1,1
0,0,1
0,0,1
0,1,1
0,1,1
0,1,1
0,1,1
0,1,1
0,0,0
0,0,1
0,1,1
0,1,1
0,1,1
0,1,1
0,1,1
0,1,1
0,1,1
0,1,1
0,1,1
0,1,1
0,1,1
0,1,1
0,1,1
0,0,0
0,1,1
0,0,0
0,1,1
0,1,1
0,0,0
0,0,0
0,1,1
0,1,1
0,1,1
0,1,1
0,0,0
0,1,1
0,0,0
0,0,0
0,1,1
0,0,1
0,1,1
0,1,1
0,0.8596812,1
0,0,0
0,1,1
0,0,0
0,1,1
0,1,1
0,0,0
0,1,1
0,0,0
0,1,1
0,0,0
0,1,1
0,0,1
0,1,1
0,0,0
0,1,1
0,0,0
0,1,1
0,0,0
0,0,0
0,1,1
0,1,1
0,1,1
0,1,1
0,1,1
0,0,0
0,1,1
0,1,1
0,0,0
0,0,0
0,0,1
0,0,0
0,0,1
0,0,1
0,1,1
0,0,0
0,1,1
0,1,1
0,1,1
0,1,1
0,1,1
0,0,0
0,1,1
0,1,1
0,0,0
0,1,1
0,1,1
0,0,1
0,0,0
0,1,1
0,0,1
0,1,1
0,1,1
0,1,1
0,1,1
0,1,1
0,0,0
0,1,1
0,1,1
0,0,1
0,1,1
0,0,0
0,1,1
0,1,1
0,1,1
0,1,1
0,1,1
0,0,0
0,1,1
0,1,1
0,0,1
0,1,1
0,1,1
0,0.8815602,1
0,1,1
0,1,1
0,0,0
0,1,1
0,0,1
0,1,1
0,1,1
0,0,0
0,1,1
0,1,1
0,1,1
0,1,1
0,0,0
0,1,1
0,1,1
0,0,1
0,0,0
0,0,1
0,0,0
0,0,0
0,1,1
0,1,1
0,1,1
0,1,1
0,1,1
0,0,1
0,1,1
0,0,0
0,1,1
0,1,1
0,1,1
0,1,1
0,1,1
0,1,1
0,1,1
0,1,1
0,0,0
0,1,1
0,1,1
0,1,1
0,0,0
0,0,0
0,1,1
0,1,1
0,1,1
0,1,1
0,1,1
0,1,1
0,1,1
0,0,0
0,1,1
0,0,1
0,1,1
0,1,1
0,1,1
0,0.7689902,1
0,1,1
0,1,1
0,1,1
0,1,1
0,0,1
0,1,1
0,0,0
0,0,0
0,1,1
0,1,1
0,0,0
0,0,0
0,0,0
0,1,1
0,0,0
0,1,1
0,1,1
0,1,1
0,0.8636903,1
0,1,1
0,0,1
0,1,1
0,1,1
0,1,1
0,0.8712167,1
0,0,0
0,1,1
0,1,1
0,0,0
0,1,1
0,0,1
0,0,0
0,0,1
0,1,1
0,0,0
0,0.9329876,1
0,0,0
0,1,1
0,0,0
0,1,1
0,0,1
0,0,1
0,1,1
0,1,1
0,1,1
0,0,0
0,0.7556976,1
0,0,1
0,0,0
0,0,1
0,1,1
0,1,1
0,0,0
0,0,1
0,0,0
0,0,1
0,1,1
0,1,1
0,0,1
0,1,1
0,1,1
0,1,1
0,1,1
0,0,0
0,0,1
0,1,1
0,1,1
0,0,0
0,1,1
0,1,1
0,1,1
0,0,0
0,1,1
0,0,1
0,1,1
0,1,1
0,0,1
0,0,1
0,1,1
0,0,1
0,1,1
0,0,0
0,1,1
0,1,1
0,1,1
0,1,1
0,0,1
0,1,1
0,1,1
0,0,1
0,1,1
0,0,0
0,0,1
0,1,1
0,1,1
0,1,1
0,0,0
0,0,0
0,1,1
0,1,1
0,1,1
0,0,1
0,1,1
0,1,1
0,1,1
0,0,0
0,1,1
0,0.8625815,1
0,0,0
0,0,0
0,1,1
0,1,1
0,0,0
0,1,1
0,1,1
0,1,1
0,0,1
0,0,0
0,1,1
0,1,1
0,0,0
0,0,1
0,0,0
0,0,0
0,1,1
0,0.8690811,1
0,1,1
0,1,1
0,0,1
0,1,1
0,1,1
0,1,1
0,1,1
0,0,0
0,1,1
0,1,1
0,0,0
0,0,1
0,0,0
0,0,1
0,1,1
0,1,1
0,1,1
0,1,1
0,1,1
0,1,1
0,0,1
0,0,1
0,1,1
0,1,1
0,0,0
0,0.927864,1
0,1,1
0,1,1
0,1,1
0,1,1
0,1,1
0,1,1
0,1,1
0,1,1
0,0,0
0,0,1
0,0,1
0,0,1
0,1,1
0,0,0
0,0,0
0,0,1
0,1,1
0,1,1
0,0.8646625,1
0,0,1
0,0,1
0,0,0
0,1,1
0,0,0
0,0,1
0,1,1
0,1,1
0,1,1
0,1,1
0,0,1
0,0,1
0,1,1
0,1,1
0,0,0
0,0,0
0,0,1
0,1,1
0,0,0
0,0,0
0,0,1
0,1,1
0,0,1
0,1,1
0,1,1
0,1,1
0,0,1
0,0,0
0,1,1
0,1,1
0,0,0
0,0,1
0,0,0
0,0,0
0,1,1
0,0,0
0,1,1
0,0,1
0,0,1
0,1,1
0,0,1
0,1,1
0,1,1
0,0,0
0,0,0
0,0,0
0,0,1
0,1,1
0,1,1
0,0,0
0,1,1
0,1,1
0,1,1
0,1,1
0,1,1
0,1,1
0,0,0
0,1,1
0,1,1
0,1,1
0,0,0
0,1,1
0,0.8546365,1
0,1,1
0,0,1
0,1,1
0,1,1
0,1,1
0,0,0
0,1,1
0,0,1
0,1,1
0,1,1
0,1,1
0,1,1
0,1,1
0,1,1
0,1,1
0,0,1
0,1,1
0,1,1
0,1,1
0,0,1
0,1,1
0,1,1
0,0,1
0,0,0
0,1,1
0,0,1
0,1,1
0,1,1
0,1,1
0,1,1
0,1,1
0,1,1
0,1,1
0,1,1
0,1,1
0,1,1
0,1,1
0,1,1
0,1,1
0,1,1
0,0,1
0,1,1
0,1,1
0,1,1
0,0,1
0,1,1
0,1,1
0,1,1
0,1,1
0,0,0
0,1,1
0,1,1
0,0,0
0,1,1
0,0,0
0,0,1
0,1,1
0,1,1
0,1,1
0,1,1
0,0,0
0,1,1
0,1,1
0,0,0
0,1,1
0,1,1
0,0,0
0,1,1
0,1,1
0,1,1
0,1,1
0,1,1
0,0,1
0,1,1
0,0,0
0,1,1
0,0,0
0,1,1
0,0,1
0,1,1
0,0,1
0,0,0
0,1,1
0,0,0
0,0,0
0,1,1
0,1,1
0,0,1
0,0,0
0,1,1
0,1,1
0,1,1
0,0,0
0,1,1
0,0,0
0,0,0
0,0,1
0,1,1
0,1,1
0,0,0
0,1,1
0,0.7499577,1
0,0,0
0,0,0
0,1,1
0,0,0
0,1,1
0,0,1
0,0.8628342,1
0,0,1
0,0,1
0,0,0
0,1,1
0,1,1
0,1,1
0,0,0
0,1,1
0,1,1
0,0,0
0,0,0
0,1,1
0,0.8580049,1
0,0,0
0,0,0
0,1,1
0,1,1
0,1,1
0,0,0
0,0,1
0,1,1
0,1,1
0,1,1
0,0,1
0,1,1
0,1,1
0,1,1
0,1,1
0,0,0
0,1,1
0,1,1
0,1,1
0,0,1
0,1,1
0,1,1
0,0.7526063,1
0,1,1
0,1,1
0,0,1
0,1,1
0,1,1
0,1,1
0,1,1
0,1,1
0,1,1
0,1,1
0,1,1
0,1,1
0,0,0
0,1,1
0,1,1
0,0,1
0,1,1
0,1,1
0,1,1
0,0,0
0,0,1
0,0,0
0,0,0
0,1,1
0,1,1
0,1,1
0,0,1
0,1,1
0,1,1
0,1,1
0,1,1
0,0,0
0,0,1
0,1,1
0,1,1
0,1,1
0,1,1
0,1,1
0,0,1
0,1,1
0,1,1
0,0,1
0,1,1
0,0,1
0,1,1
0,0.8684598,1
0,1,1
0,1,1
0,0,1
0,0,1
0,1,1
0,1,1
0,1,1
0,0,0
0,1,1
0,0,1
0,1,1
0,0.8663412,1
0,1,1
0,1,1
0,1,1
0,0,1
0,0,0
0,0,1
0,1,1
0,1,1
0,0,0
0,0.8619041,1
0,1,1
0,1,1
0,1,1
0,1,1
0,0,0
0,1,1
0,1,1
0,1,1
0,1,1
0,1,1
0,1,1
0,0,0
0,0,1
0,1,1
0,1,1
0,0,1
0,0,1
0,0,0
0,0,0
0,0,0
0,1,1
0,1,1
0,0,1
0,0,0
0,1,1
0,0,0
0,1,1
0,1,1
0,0,0
0,0,0
0,0.9252862,1
0,1,1
0,1,1
0,1,1
0,1,1
0,0,0
0,1,1
0,1,1
0,1,1
0,0,1
0,1,1
0,1,1
0,0,0
0,0,1
0,1,1
0,0,0
0,1,1
0,1,1
0,1,1
0,1,1
0,1,1
0,1,1
0,0,0
0,1,1
0,1,1
0,1,1
0,1,1
0,1,1
0,0,1
0,0,1
0,1,1
0,0,0
0,1,1
0,1,1
0,1,1
0,1,1
0,0,0
0,0,0
0,1,1
0,1,1
0,1,1
0,1,1
0,1,1
0,0,1
0,1,1
0,1,1
0,0,1
0,1,1
0,0,1
0,0,1
0,0,0
0,1,1
0,0,0
0,1,1
0,1,1
0,1,1
0,0,1
0,0,1
0,1,1
0,1,1
0,0.7857169,1
0,0,1
0,1,1
0,1,1
0,1,1
0,1,1
0,0,0
0,1,1
0,0,0
0,1,1
0,0,1
0,1,1
0,1,1
0,1,1
0,1,1
0,0,1
0,1,1
0,0.8615683,1
0,0,1
0,1,1
0,1,1
0,1,1
0,0,1
0,1,1
0,1,1
0,1,1
0,1,1
0,0,0
0,0,1
0,0,1
0,1,1
0,1,1
0,0,1
0,0,0
0,0.8398913,1
0,1,1
0,1,1
0,1,1
0,1,1
0,0,1
0,1,1
0,1,1
0,0,1
0,0,0
0,0,0
0,1,1
0,1,1
0,0,0
0,1,1
0,1,1
0,1,1
0,1,1
0,0,0
0,1,1
0,1,1
0,1,1
0,0,0
0,0,1
0,1,1
0,0,0
0,1,1
0,0,0
0,1,1
0,0.8593001,1
0,1,1
0,1,1
0,1,1
0,0,1
0,1,1
0,0,1
0,0,0
0,1,1
0,0,0
0,1,1
0,1,1
0,1,1
0,1,1
0,0,1
0,0,1
0,0,0
0,0,1
0,0,0
0,0,1
0,1,1
0,0,1
0,1,1
0,1,1
0,0,0
0,0,0
0,0.8566421,1
0,0,1
0,1,1
0,1,1
0,0,0
0,0,0
0,0,1
0,1,1
0,0,0
0,0,0
0,0,1
0,1,1
0,0.8630725,1
0,0,0
0,1,1
0,0.867417,1
0,1,1
0,1,1
0,0,0
0,1,1
0,1,1
0,0,0
0,1,1
0,0,0
0,0,0
0,1,1
0,1,1
0,0,0
0,0,1
0,1,1
0,1,1
0,1,1
0,1,1
0,1,1
0,1,1
0,1,1
0,0,1
0,1,1
0,1,1
0,0,0
0,1,1
0,0,0
0,0,0
0,1,1
0,0,0
0,0,1
0,1,1
0,1,1
0,0,0
0,0,1
0,1,1
0,1,1
0,0,0
0,0,0
0,1,1
0,1,1
0,1,1
0,1,1
0,0,1
0,0,0
0,1,1
0,1,1
0,0,1
0,1,1
0,1,1
0,1,1
0,1,1
0,1,1
0,1,1
0,1,1
0,1,1
0,1,1
0,1,1
0,1,1
0,1,1
0,0,0
0,0,0
0,1,1
0,1,1
0,1,1
0,0,0
0,0,0
0,1,1
0,0,1
0,1,1
0,0,0
0,1,1
0,1,1
0,1,1
0,1,1
0,1,1
0,1,1
0,1,1
0,1,1
0,1,1
0,1,1
0,0.8824557,1
0,1,1
0,0,1
0,0,1
0,1,1
0,1,1
0,1,1
0,0,0
0,1,1
0,0,0
0,1,1
0,0,0
0,0,0
0,1,1
0,1,1
0,1,1
0,1,1
0,0,0
0,0,0
0,1,1
0,0,1
0,1,1
0,1,1
0,0.9209703,1
0,1,1
0,0,0
0,1,1
0,1,1
0,1,1
0,0,1
0,0,1
0,0,0
0,1,1
0,0,1
0,1,1
0,0,1
0,0,0
0,1,1
0,1,1
0,1,1
0,0,1
0,0.8700665,1
0,0,0
0,1,1
0,1,1
0,1,1
0,0,0
0,0,1
0,0,0
0,0,0
0,0,0
0,1,1
0,1,1
0,1,1
0,0,0
0,0,0
0,0,0
0,1,1
0,0,0
0,1,1
0,1,1
0,0,0
0,0,1
0,0,1
0,1,1
0,0,1
0,0,0
0,0,0
0,1,1
0,1,1
0,1,1
0,1,1
0,1,1
0,0,0
0,1,1
0,1,1
0,1,1
0,1,1
0,0,0
0,1,1
0,1,1
0,1,1
0,0,1
0,1,1
0,0,0
0,1,1
0,0,0
0,1,1
0,0,0
0,0,0
0,0,0
0,0,0
0,1,1
0,1,1
0,0,0
0,1,1
0,1,1
0,1,1
0,1,1
0,0,0
0,1,1
0,0,1
0,1,1
0,0,1
0,1,1
0,0,0
0,0.709788,1
0,1,1
0,1,1
0,1,1
0,0,0
0,1,1
0,0,0
0,0,1
0,0,1
0,1,1
0,1,1
0,0,0
0,1,1
0,1,1
0,1,1
0,1,1
0,1,1
0,1,1
0,1,1
0,1,1
0,1,1
0,0,0
0,0,0
0,0,1
0,1,1
0,1,1
0,1,1
0,0,1
0,1,1
0,1,1
0,1,1
0,1,1
0,1,1
0,0,1
0,1,1
0,0,1
0,1,1
0,1,1
0,0,1
0,1,1
0,0,0
0,1,1
0,1,1
0,1,1
0,1,1
0,0,0
0,0,0
0,0,0
0,1,1
0,0,0
0,0,1
0,1,1
0,0,0
0,1,1
0,1,1
0,0,0
0,1,1
0,0,0
0,1,1
0,1,1
0,1,1
0,0,0
0,1,1
0,1,1
0,1,1
0,0,0
0,0,0
0,1,1
0,1,1
0,1,1
0,0,0
0,0,1
0,1,1
0,0,0
0,1,1
0,0.8597616,1
0,1,1
0,0,1
0,0,0
0,1,1
0,0,1
0,0.8952868,1
0,1,1
0,1,1
0,1,1
0,1,1
0,1,1
0,1,1
0,1,1
0,1,1
0,1,1
0,1,1
0,0,0
0,0,0
0,1,1
0,1,1
0,1,1
0,1,1
0,0,0
0,1,1
0,1,1
0,1,1
0,0,0
0,0,0
0,0,1
0,0,0
0,0,0
0,1,1
0,0,1
0,0.8841475,1
0,0,0
0,1,1
0,1,1
0,1,1
0,1,1
0,0,0
0,1,1
0,0,0
0,0,0
0,1,1
0,1,1
0,0,0
0,1,1
0,0,0
0,1,1
0,1,1
0,1,1
0,1,1
0,1,1
0,0,0
0,0,1
0,1,1
0,1,1
0,1,1
0,0,0
0,1,1
0,1,1
0,1,1
0,0,0
0,1,1
0,1,1
0,1,1
0,1,1
0,0.8106345,1
0,1,1
0,0,1
0,1,1
0,1,1
0,1,1
0,1,1
0,1,1
0,0,0
0,1,1
0,0,1
0,0,1
0,0.8786917,1
0,1,1
0,1,1
0,1,1
0,0,0
0,1,1
0,0,1
0,1,1
0,1,1
0,0,1
0,0.8663319,1
0,1,1
0,1,1
0,1,1
0,1,1
0,0,0
0,1,1
0,1,1
0,1,1
0,0,1
0,1,1
0,1,1
0,1,1
0,1,1
0,1,1
0,1,1
0,0,1
0,0,0
0,1,1
0,1,1
0,1,1
0,0,0
0,1,1
0,1,1
0,0,0
0,1,1
0,1,1
0,1,1
0,1,1
0,0,1
0,1,1
0,1,1
0,0,1
0,0,0
0,0,0
0,0,0
0,1,1
0,1,1
0,1,1
0,1,1
0,1,1
0,0,0
0,0,1
0,1,1
0,1,1
0,0,1
0,1,1
0,1,1
0,1,1
0,1,1
0,1,1
0,0.801427,1
0,1,1
0,1,1
0,0,0
0,0,1
0,1,1
0,1,1
0,0,0
0,0,1
0,1,1
0,1,1
0,1,1
0,1,1
0,1,1
0,1,1
0,1,1
0,1,1
0,1,1
0,0,0
0,0,0
0,0,0
0,1,1
0,0,0
0,0,0
0,1,1
0,0,1
0,0,0
0,1,1
0,1,1
0,1,1
0,1,1
0,0.9193147,1
0,0,1
0,1,1
0,0,0
0,0,1
0,0,0
0,1,1
0,0,0
0,0,0
0,0,0
0,1,1
0,0,0
0,1,1
0,1,1
0,1,1
0,0,1
0,1,1
0,1,1
0,1,1
0,0.8637379,1
0,0,0
0,0,0
0,1,1
0,0,0
0,0,0
0,1,1
0,0,1
0,0,0
0,1,1
0,1,1
0,1,1
0,1,1
0,1,1
0,1,1
0,0,1
0,1,1
0,1,1
0,0,0
0,0,1
0,1,1
0,1,1
0,0,0
0,1,1
0,1,1
0,1,1
0,0,1
0,1,1
0,1,1
0,1,1
0,1,1
0,0,0
0,1,1
0,1,1
0,0,0
0,1,1
0,0,1
0,0,0
0,0,1
0,1,1
0,0,0
0,0,1
0,1,1
0,0,0
0,1,1
0,1,1
0,1,1
0,1,1
0,1,1
0,0,1
0,1,1
0,1,1
0,1,1
0,1,1
0,0,1
0,1,1
0,0,0
0,0,0
0,1,1
0,1,1
0,1,1
0,1,1
0,1,1
0,1,1
0,1,1
0,1,1
0,1,1
0,0,1
0,1,1
0,1,1
0,1,1
0,0,1
0,1,1
0,0,0
0,1,1
0,1,1
0,1,1
0,0,0
0,1,1
0,1,1
0,1,1
0,1,1
0,0,1
0,1,1
0,1,1
0,0,0
0,0,1
0,1,1
0,0,0
0,0,0
0,0,1
0,0,1
0,1,1
0,0,0
0,0,0
0,1,1
0,1,1
0,0,0
0,1,1
0,1,1
0,1,1
0,0.8519694,1
0,0,0
0,1,1
0,1,1
0,0,0
0,1,1
0,1,1
0,0,0
0,0,0
0,1,1
0,0,0
0,1,1
0,0,0
0,1,1
0,0,1
0,1,1
0,1,1
0,1,1
0,1,1
0,0,1
0,0,0
0,1,1
0,0,1
0,1,1
0,1,1
0,1,1
0,1,1
0,0,0
0,0,1
0,1,1
0,0,1
0,1,1
0,1,1
0,0,0
0,1,1
0,0.8311778,1
0,1,1
0,1,1
0,1,1
0,1,1
0,1,1
0,1,1
0,0,0
0,1,1
0,0,0
0,1,1
0,0,0
0,0,0
0,1,1
0,0,1
0,1,1
0,0,0
0,1,1
0,1,1
0,1,1
0,0,0
0,1,1
0,1,1
0,1,1
0,0,1
0,1,1
0,1,1
0,1,1
0,1,1
0,0,0
0,1,1
0,0,0
0,1,1
0,1,1
0,0,1
0,1,1
0,0,1
0,0.8557495,1
0,1,1
0,1,1
0,0,0
0,1,1
0,0,0
0,0,1
0,1,1
0,0,1
0,1,1
0,1,1
0,0,1
0,1,1
0,0,0
0,0.8664669,1
0,0,0
0,0,1
0,1,1
0,0,1
0,1,1
0,1,1
0,1,1
0,1,1
0,1,1
0,0,0
0,0,1
0,1,1
0,1,1
0,1,1
0,1,1
0,0,1
0,1,1
0,1,1
0,1,1
0,1,1
0,0,1
0,1,1
0,1,1
0,1,1
0,1,1
0,1,1
0,0.855693,1
0,1,1
0,1,1
0,0,1
0,0,1
0,1,1
0,1,1
0,0,1
0,1,1
0,1,1
0,1,1
0,1,1
0,1,1
0,1,1
0,1,1
0,1,1
0,0,0
0,1,1
0,0,1
0,0,0
0,1,1
0,1,1
0,0,1
0,1,1
0,0,0
0,1,1
0,1,1
0,0,0
0,1,1
0,0,0
0,1,1
0,1,1
0,1,1
0,1,1
0,0,0
0,1,1
0,1,1
0,1,1
0,1,1
0,0,1
0,0.8591644,1
0,0,1
0,1,1
0,1,1
0,0,1
0,0,0
0,1,1
0,0,0
0,1,1
0,1,1
0,0,0
0,0.7274488,1
0,0,0
0,0,0
0,0,0
0,0,0
0,0,1
0,1,1
0,1,1
0,1,1
0,1,1
0,0,0
0,1,1
0,0,0
0,0,0
0,0,1
0,1,1
0,1,1
0,1,1
0,1,1
0,0,1
0,0,1
0,0,0
0,1,1
0,0,1
0,1,1
0,1,1
0,1,1
0,0,0
0,1,1
0,1,1
0,0,0
0,0,0
0,0,1
0,0,1
0,0,1
0,0,0
0,1,1
0,0,0
0,0,0
0,0.8569431,1
0,0,0
0,0,0
0,0,0
0,0,1
0,1,1
0,1,1
0,1,1
0,1,1
0,1,1
0,1,1
0,1,1
0,1,1
0,0,0
0,0,1
0,1,1
0,1,1
0,0,1
0,1,1
0,1,1
0,1,1
0,0,0
0,1,1
0,1,1
0,1,1
0,1,1
0,1,1
0,0,0
0,0,1
0,1,1
0,1,1
0,0,1
0,1,1
0,1,1
0,0,0
0,0,0
0,0,1
0,1,1
0,1,1
0,1,1
0,0,1
0,1,1
0,1,1
0,0,0
0,1,1
0,1,1
0,1,1
0,1,1
0,0,1
0,1,1
0,1,1
0,0.7327732,1
0,1,1
0,1,1
0,0,0
0,1,1
0,1,1
0,0,0
0,0,1
0,1,1
0,1,1
0,1,1
0,1,1
0,1,1
0,1,1
0,1,1
0,1,1
0,1,1
0,1,1
0,1,1
0,0,0
0,1,1
0,1,1
0,0,1
0,1,1
0,0,1
0,1,1
0,0,1
0,1,1
0,1,1
0,1,1
0,1,1
0,0,1
0,1,1
0,0.8645624,1
0,1,1
0,0.8657988,1
0,1,1
0,1,1
0,1,1
0,1,1
0,0,0
0,1,1
0,1,1
0,0,0
0,0,0
0,1,1
0,0,0
0,1,1
0,0,1
0,1,1
0,1,1
0,1,1
0,1,1
0,1,1
0,0,0
0,1,1
0,1,1
0,0,0
0,1,1
0,1,1
0,0,1
0,1,1
0,0,0
0,1,1
0,0,0
0,0,1
0,0.8602442,1
0,0,0
0,0,0
0,1,1
0,1,1
0,1,1
0,1,1
0,0,1
0,1,1
0,1,1
0,1,1
0,1,1
0,1,1
0,1,1
0,1,1
0,1,1
0,0,0
0,0,0
0,1,1
0,1,1
0,1,1
0,1,1
0,0.868782,1
0,1,1
0,0,1
0,1,1
0,1,1
0,1,1
0,1,1
0,1,1
0,1,1
0,0,1
0,0,1
0,1,1
0,1,1
0,0,0
0,0,0
0,1,1
0,0,0
0,0,1
0,0,1
0,1,1
0,1,1
0,0,1
0,1,1
0,1,1
0,1,1
0,1,1
0,0,0
0,1,1
0,1,1
0,1,1
0,1,1
0,1,1
0,1,1
0,1,1
0,1,1
0,1,1
0,1,1
0,0,1
0,1,1
0,0,1
0,1,1
0,0,1
0,1,1
0,1,1
0,1,1
0,0.8592287,1
0,1,1
0,0,1
0,0,1
0,1,1
0,0,0
0,1,1
0,1,1
0,1,1
0,1,1
0,1,1
0,1,1
0,1,1
0,1,1
0,1,1
0,0,0
0,1,1
0,1,1
0,0,0
0,1,1
0,1,1
0,1,1
0,1,1
0,1,1
0,0,0
0,1,1
0,0,1
0,0,0
0,0,0
0,1,1
0,1,1
0,1,1
0,1,1
0,1,1
0,1,1
0,1,1
0,1,1
0,1,1
0,0,1
0,1,1
0,1,1
0,1,1
0,1,1
0,1,1
0,0,0
0,1,1
0,1,1
0,1,1
0,0,0
0,0,0
0,0,1
0,1,1
0,1,1
0,0,0
0,0,0
0,1,1
0,1,1
0,1,1
0,0,0
0,1,1
0,1,1
0,1,1
0,1,1
0,1,1
0,1,1
0,0,0
0,1,1
0,1,1
0,1,1
0,1,1
0,0,0
0,0,0
0,1,1
0,1,1
0,0,0
0,0,1
0,1,1
0,1,1
0,1,1
0,0,1
0,0,0
0,1,1
0,1,1
0,1,1
0,1,1
0,1,1
0,0,1
0,0,0
0,1,1
0,1,1
0,1,1
0,1,1
0,0,0
0,0,0
0,0,0
0,1,1
0,0,0
0,1,1
0,1,1
0,1,1
0,0,1
0,1,1
0,1,1
0,1,1
0,1,1
0,0,1
0,1,1
0,0,1
0,0,1
0,0,0
0,1,1
0,1,1
0,0,1
0,0,1
0,0,1
0,1,1
0,0,1
0,0,0
0,0,0
0,0,0
0,1,1
0,1,1
0,0.8613867,1
0,0,1
0,0,1
0,1,1
0,1,1
0,0,1
0,1,1
0,1,1
0,1,1
0,1,1
0,0,0
0,1,1
0,0,0
0,0,0
0,0,1
0,1,1
0,1,1
0,1,1
0,1,1
0,1,1
0,1,1
0,0,0
0,1,1
0,0,1
0,0,0
0,1,1
0,1,1
0,1,1
0,1,1
0,0,1
0,1,1
0,1,1
0,1,1
0,1,1
0,1,1
0,1,1
0,1,1
0,1,1
0,0,0
0,1,1
0,0,0
0,0,1
0,1,1
0,1,1
0,1,1
0,1,1
0,0,1
0,1,1
0,1,1
0,0,0
0,1,1
0,1,1
0,0,1
0,1,1
0,1,1
0,0,1
0,0,0
0,1,1
0,1,1
0,1,1
0,1,1
0,0,1
0,0,1
0,0,1
0,1,1
0,1,1
0,1,1
0,1,1
0,1,1
0,1,1
0,0,1
0,0,0
0,1,1
0,1,1
0,1,1
0,1,1
0,1,1
0,0.8618523,1
0,1,1
0,0,0
0,1,1
0,0,1
0,0,0
0,1,1
0,1,1
0,1,1
0,1,1
0,1,1
0,1,1
0,0,1
0,0,0
0,1,1
0,1,1
0,1,1
0,0,1
0,1,1
0,0,1
0,0,0
0,1,1
0,0.870524,1
0,1,1
0,1,1
0,1,1
0,1,1
0,0,0
0,1,1
0,0.7921947,1
0,0,0
0,1,1
0,1,1
0,1,1
0,0,0
0,0,1
0,1,1
0,1,1
0,0,0
0,0,1
0,1,1
0,1,1
0,1,1
0,0,0
0,1,1
0,0,0
0,1,1
0,1,1
0,1,1
0,0,0
0,1,1
0,0,0
0,1,1
0,0,1
0,1,1
0,0,1
0,0,0
0,1,1
0,1,1
0,1,1
0,1,1
0,0,1
0,0,1
0,0.9034171,1
0,1,1
0,1,1
0,1,1
0,1,1
0,1,1
0,1,1
0,0,0
0,0,1
0,0,0
0,1,1
0,1,1
0,0,1
0,1,1
0,1,1
0,1,1
0,0,1
0,0,0
0,1,1
0,0,0
0,1,1
0,1,1
0,1,1
0,0,1
0,1,1
0,0,0
0,0,0
0,0,1
0,0.8634619,1
0,1,1
0,1,1
0,1,1
0,1,1
0,0,1
0,1,1
0,1,1
0,1,1
0,1,1
0,1,1
0,0,1
0,1,1
0,0,0
0,1,1
0,0,0
0,1,1
0,1,1
0,0,0
0,1,1
0,1,1
0,0,0
0,1,1
0,1,1
0,0,0
0,0,0
0,1,1
0,1,1
0,1,1
0,0,1
0,1,1
0,1,1
0,0,1
0,1,1
0,1,1
0,1,1
0,1,1
0,0,1
0,1,1
0,0,0
0,0,0
0,1,1
0,1,1
0,0,0
0,1,1
0,1,1
0,1,1
0,1,1
0,1,1
0,1,1
0,1,1
0,1,1
0,0,0
0,0.8610059,1
0,1,1
0,0,1
0,1,1
0,1,1
0,1,1
0,1,1
0,0,0
0,1,1
0,0,0
0,1,1
0,0,0
0,1,1
0,1,1
0,1,1
0,1,1
0,1,1
0,1,1
0,1,1
0,1,1
0,0,0
0,0,0
0,0.7757413,1
0,0.8606771,1
0,0,1
0,1,1
0,0,1
0,1,1
0,1,1
0,1,1
0,1,1
0,1,1
0,1,1
0,1,1
0,1,1
0,0,0
0,1,1
0,0,0
0,1,1
0,1,1
0,0,0
0,0,0
0,1,1
0,0,0
0,0,1
0,0,1
0,0,0
0,0,0
0,1,1
0,1,1
0,0,1
0,0,1
0,1,1
0,1,1
0,0,0
0,1,1
0,1,1
0,0,0
0,1,1
0,1,1
0,1,1
0,1,1
0,1,1
0,1,1
0,1,1
0,0,0
0,0,0
0,1,1
0,1,1
0,1,1
0,1,1
0,0,0
0,1,1
0,1,1
0,1,1
0,0,0
0,1,1
0,1,1
0,0,1
0,0,1
0,1,1
0,0,0
0,1,1
0,1,1
0,1,1
0,0,0
0,0,1
0,0,1
0,0,1
0,1,1
0,0,0
0,1,1
0,1,1
0,1,1
0,1,1
0,0,1
0,0,1
0,0,1
0,1,1
0,0,1
0,1,1
0,0,1
0,1,1
0,0,1
0,1,1
0,0,1
0,1,1
0,1,1
0,1,1
0,0,1
0,0,1
0,1,1
0,0,1
0,0,0
0,1,1
0,1,1
0,0,0
0,1,1
0,0,1
0,1,1
0,1,1
0,1,1
0,0,1
0,0,0
0,1,1
0,1,1
0,1,1
0,1,1
0,1,1
0,1,1
0,0,1
0,1,1
0,1,1
0,1,1
0,1,1
0,0.8915793,1
0,0,1
0,1,1
0,0,1
0,1,1
0,1,1
0,1,1
0,1,1
0,1,1
0,1,1
0,0,0
0,1,1
0,0,0
0,1,1
0,1,1
0,0,0
0,0,0
0,1,1
0,1,1
0,1,1
0,1,1
0,1,1
0,1,1
0,1,1
0,1,1
0,0,0
0,0,0
0,1,1
0,0,1
0,0,1
0,0,0
0,1,1
0,0,1
0,0,1
0,1,1
0,1,1
0,1,1
0,1,1
0,0,1
0,0,1
0,0,1
0,1,1
0,0,1
0,0,1
0,1,1
0,0,1
0,1,1
0,1,1
0,1,1
0,1,1
0,0,0
0,1,1
0,0,0
0,0,0
0,0,0
0,0,0
0,1,1
0,1,1
0,0,0
0,0,0
0,1,1
0,1,1
0,0,0
0,0,1
0,0,1
0,0.8627549,1
0,0,0
0,1,1
0,0,0
0,1,1
0,1,1
0,0,0
0,0,0
0,1,1
0,1,1
0,0,0
0,0,1
0,0,1
0,0,1
0,1,1
0,1,1
0,1,1
0,0,1
0,1,1
0,1,1
0,0,0
0,0,0
0,1,1
0,0,0
0,1,1
0,0,1
0,0,0
0,1,1
0,0.8602369,1
0,1,1
0,1,1
0,1,1
0,1,1
0,1,1
0,1,1
0,1,1
0,0,0
0,1,1
0,1,1
0,0,1
0,0,0
0,1,1
0,0,0
0,1,1
0,0,0
0,1,1
0,1,1
0,1,1
0,1,1
0,1,1
0,0,1
0,0,1
0,1,1
0,1,1
0,1,1
0,1,1
0,1,1
0,0,0
0,1,1
0,1,1
0,0,0
0,1,1
0,1,1
0,0,0
0,1,1
0,1,1
0,1,1
0,0,0
0,1,1
0,1,1
0,0,0
0,0,0
0,1,1
0,0,0
0,0,1
0,1,1
0,0,1
0,1,1
0,1,1
0,1,1
0,1,1
0,1,1
0,1,1
0,1,1
0,0,1
0,0,1
0,1,1
0,0,0
0,1,1
0,0,0
0,0,0
0,0,1
0,1,1
0,1,1
0,1,1
0,1,1
0,1,1
0,1,1
0,0,0
0,1,1
0,1,1
0,0,0
0,1,1
0,1,1
0,1,1
0,0,0
0,1,1
0,1,1
0,0,0
0,1,1
0,1,1
0,1,1
0,1,1
0,1,1
0,0,0
0,1,1
0,0,0
0,1,1
0,0,0
0,1,1
0,1,1
0,0.8621289,1
0,1,1
0,0,0
0,1,1
0,0,0
0,1,1
0,1,1
0,1,1
0,1,1
0,1,1
0,0,1
0,1,1
0,1,1
0,0,0
0,1,1
0,1,1
0,0,0
0,0.8610308,1
0,0,0
0,0,0
0,1,1
0,1,1
0,1,1
0,0,0
0,1,1
0,0.8638669,1
0,0,1
0,0,1
0,0,0
0,0,0
0,1,1
0,1,1
0,0,1
0,1,1
0,1,1
0,1,1
0,1,1
0,1,1
0,1,1
0,0,1
0,1,1
0,0,0
0,0,1
0,1,1
0,1,1
0,1,1
0,0,0
0,1,1
0,0,0
0,1,1
0,1,1
0,1,1
0,0,0
0,0,0
0,1,1
0,1,1
0,0,0
0,0,0
0,1,1
0,1,1
0,1,1
0,1,1
0,1,1
0,1,1
0,0,0
0,0,1
0,0,0
0,1,1
0,1,1
0,0,0
0,0,0
0,0,0
0,1,1
0,1,1
0,1,1
0,1,1
0,0,1
0,1,1
0,0,0
0,0,0
0,1,1
0,1,1
0,1,1
0,0,0
0,1,1
0,0,1
0,0,0
0,0,1
0,0,1
0,1,1
0,1,1
0,0,1
0,1,1
0,1,1
0,1,1
0,0,0
0,0,1
0,0,0
0,1,1
0,1,1
0,0,0
0,0,0
0,1,1
0,1,1
0,1,1
0,1,1
0,1,1
0,0,0
0,0,1
0,1,1
0,1,1
0,1,1
0,1,1
0,0,0
0,1,1
0,0,1
0,0,1
0,0,1
0,1,1
0,1,1
0,1,1
0,1,1
0,1,1
0,0,1
0,0,0
0,1,1
0,1,1
0,1,1
0,1,1
0,1,1
0,1,1
0,1,1
0,1,1
0,0,0
0,1,1
0,1,1
0,1,1
0,1,1
0,1,1
0,1,1
0,1,1
0,1,1
0,1,1
0,1,1
0,0,1
0,1,1
0,0,0
0,1,1
0,1,1
0,0,0
0,0,0
0,1,1
0,1,1
0,1,1
0,1,1
0,1,1
0,0.8709987,1
0,0,0
0,0,0
0,1,1
0,1,1
0,0,0
0,0,0
0,1,1
0,0,0
0,1,1
0,0,0
0,1,1
0,0,0
0,0,0
0,1,1
0,0,0
0,0,1
0,0,0
0,1,1
0,1,1
0,1,1
0,1,1
0,0,0
0,1,1
0,0,0
0,1,1
0,0,1
0,0,0
0,1,1
0,0,0
0,1,1
0,0,0
0,1,1
0,1,1
0,1,1
0,1,1
0,0,0
0,1,1
0,0,0
0,0,1
0,1,1
0,1,1
0,1,1
0,1,1
0,1,1
0,1,1
0,0,1
0,1,1
0,0,0
0,0,0
0,0,1
0,1,1
0,0,0
0,0,0
0,1,1
0,0,0
0,1,1
0,0,0
0,1,1
0,1,1
0,0,0
0,1,1
0,1,1
0,0,0
0,0,1
0,1,1
0,0,0
0,1,1
0,1,1
0,1,1
0,1,1
0,1,1
0,0,0
0,1,1
0,1,1
0,0,0
0,1,1
0,1,1
0,1,1
0,1,1
0,0,1
0,1,1
0,0,1
0,1,1
0,1,1
0,1,1
0,1,1
0,1,1
0,0,1
0,1,1
0,0.8596426,1
0,0,1
0,0,0
0,1,1
0,1,1
0,0,0
0,1,1
0,0,0
0,1,1
0,1,1
0,1,1
0,0,0
0,1,1
0,1,1
0,1,1
0,1,1
0,1,1
0,1,1
0,0.9992484,1
0,1,1
0,0,1
0,1,1
0,1,1
0,1,1
0,1,1
0,1,1
0,1,1
0,0,0
0,1,1
0,1,1
0,1,1
0,1,1
0,0,1
0,1,1
0,1,1
0,1,1
0,0,1
0,1,1
0,0,0
0,1,1
0,1,1
0,0,1
0,1,1
0,1,1
0,0,1
0,1,1
0,1,1
0,1,1
0,0,1
0,1,1
0,0,1
0,0,1
0,0,0
0,1,1
0,0,0
0,1,1
0,0,0
0,1,1
0,1,1
0,1,1
0,1,1
0,0,0
0,1,1
0,1,1
0,0,0
0,1,1
0,0,0
0,1,1
0,1,1
0,1,1
0,1,1
0,1,1
0,0,1
0,1,1
0,1,1
0,0,0
0,0,0
0,1,1
0,0,1
0,0,1
0,1,1
0,0,0
0,1,1
0,0,0
0,0,1
0,0,0
0,1,1
0,0,0
0,1,1
0,1,1
0,1,1
0,1,1
0,0,0
0,1,1
0,1,1
0,0,0
0,0,1
0,0,1
0,0,0
0,1,1
0,0.8482145,1
0,1,1
0,1,1
0,1,1
0,1,1
0,0,0
0,1,1
0,0,1
0,0,0
0,1,1
0,0,0
0,1,1
0,0,1
0,1,1
0,1,1
0,0,0
0,0,0
0,1,1
0,0,0
0,1,1
0,1,1
0,1,1
0,0,1
0,1,1
0,0,0
0,0,1
0,1,1
0,0,1
0,1,1
0,1,1
0,0,1
0,1,1
0,0,1
0,0,0
0,0,1
0,0,0
0,1,1
0,1,1
0,0,0
0,1,1
0,1,1
0,1,1
0,1,1
0,1,1
0,0,0
0,0,1
0,1,1
0,1,1
0,0,0
0,0,1
0,1,1
0,0,0
0,1,1
0,0,0
0,1,1
0,1,1
0,1,1
0,1,1
0,1,1
0,1,1
0,1,1
0,1,1
0,1,1
0,0,0
0,1,1
0,1,1
0,1,1
0,1,1
0,1,1
0,1,1
0,1,1
0,1,1
0,1,1
0,0,1
0,1,1
0,1,1
0,1,1
0,0,1
0,1,1
0,1,1
0,0,0
0,1,1
0,1,1
0,1,1
0,0,1
0,0,0
0,1,1
0,1,1
0,1,1
0,0,0
0,1,1
0,1,1
0,1,1
0,1,1
0,1,1
0,0,1
0,1,1
0,0,0
0,1,1
0,1,1
0,1,1
0,1,1
0,1,1
0,1,1
0,0,0
0,1,1
0,0,0
0,0,0
0,1,1
0,1,1
0,0,1
0,1,1
0,1,1
0,1,1
0,1,1
0,1,1
0,1,1
0,1,1
0,0,0
0,0,0
0,0.70702,1
0,1,1
0,1,1
0,1,1
0,1,1
0,0,0
0,1,1
0,1,1
0,0,1
0,0,0
0,1,1
0,1,1
0,0,1
0,0,1
0,0,1
0,1,1
0,0,0
0,1,1
0,0,0
0,1,1
0,0,0
0,1,1
0,0,0
0,1,1
0,1,1
0,0,1
0,1,1
0,0,0
0,0,1
0,1,1
0,0.8612102,1
0,0,0
0,0,0
0,1,1
0,1,1
0,1,1
0,1,1
0,1,1
0,0.7060457,1
0,0,0
0,0,1
0,1,1
0,1,1
0,1,1
0,0,1
0,0,1
0,1,1
0,1,1
0,1,1
0,0,0
0,0,0
0,0,0
0,1,1
0,0,0
0,0,1
0,1,1
0,1,1
0,1,1
0,0,1
0,0,0
0,1,1
0,1,1
0,1,1
0,1,1
0,0,0
0,0,0
0,1,1
0,0,1
0,1,1
0,1,1
0,1,1
0,0,1
0,1,1
0,1,1
0,1,1
0,1,1
0,0,0
0,0,0
0,1,1
0,1,1
0,0,0
0,1,1
0,1,1
0,1,1
0,1,1
0,0,1
0,1,1
0,1,1
0,1,1
0,0,0
0,1,1
0,0,0
0,1,1
0,0,0
0,1,1
0,1,1
0,0,1
0,1,1
0,1,1
0,1,1
0,0,1
0,0,0
0,0,0
0,1,1
0,1,1
0,1,1
0,0,1
0,1,1
0,1,1
0,0,0
0,1,1
0,1,1
0,1,1
0,1,1
0,1,1
0,1,1
0,1,1
0,0,0
0,1,1
0,1,1
0,1,1
0,1,1
0,1,1
0,0,0
0,0,0
0,1,1
0,1,1
0,1,1
0,1,1
0,0,0
0,0,0
0,1,1
0,1,1
0,1,1
0,1,1
0,1,1
0,1,1
0,0,1
0,0,0
0,1,1
0,0,0
0,1,1
0,0,0
0,1,1
0,0,1
0,1,1
0,0,0
0,0,0
0,1,1
0,1,1
0,1,1
0,0.7584473,1
0,0,1
0,0,0
0,1,1
0,0,1
0,1,1
0,0,1
0,1,1
0,0,0
0,1,1
0,0,1
0,1,1
0,0,0
0,0,0
0,1,1
0,0,0
0,0,0
0,1,1
0,1,1
0,0,0
0,0,0
0,0,0
0,1,1
0,1,1
0,1,1
0,1,1
0,1,1
0,0,0
0,1,1
0,0,0
0,0,0
0,0,0
0,0,1
0,1,1
0,0.8588065,1
0,1,1
0,1,1
0,0,1
0,1,1
0,0,0
0,1,1
0,0,0
0,0.8673749,1
0,1,1
0,1,1
0,1,1
0,1,1
0,0,0
0,1,1
0,1,1
0,1,1
0,0,0
0,1,1
0,0,1
0,1,1
0,0,0
0,0,0
0,0,0
0,1,1
0,1,1
0,1,1
0,0,1
0,0.7160815,1
0,1,1
0,0,1
0,1,1
0,1,1
0,1,1
0,0,1
0,0,0
0,0,0
0,1,1
0,0,0
0,1,1
0,1,1
0,1,1
0,1,1
0,1,1
0,0,0
0,1,1
0,1,1
0,1,1
0,1,1
0,0,1
0,0,0
0,1,1
0,1,1
0,1,1
0,1,1
0,1,1
0,1,1
0,1,1
0,0,1
0,0,0
0,0,0
0,1,1
0,1,1
0,0,1
0,1,1
0,1,1
0,1,1
0,0,1
0,0,0
0,1,1
0,1,1
0,1,1
0,1,1
0,1,1
0,1,1
0,1,1
0,1,1
0,1,1
0,1,1
0,0,0
0,1,1
0,1,1
0,1,1
0,1,1
0,0,0
0,1,1
0,1,1
0,1,1
0,0,0
0,1,1
0,1,1
0,0,0
0,1,1
0,1,1
0,0,1
0,1,1
0,0,1
0,1,1
0,1,1
0,1,1
0,0,0
0,1,1
0,1,1
0,0,0
0,0,0
0,0,1
0,1,1
0,1,1
0,1,1
0,0,0
0,1,1
0,0,0
0,1,1
0,1,1
0,0,1
0,0.7372131,1
0,0,0
0,1,1
0,1,1
0,0,1
0,0,0
0,1,1
0,1,1
0,1,1
0,1,1
0,1,1
0,1,1
0,0,1
0,1,1
0,1,1
0,1,1
0,0,0
0,0,1
0,1,1
0,1,1
0,0,1
0,0,0
0,0,0
0,0,1
0,0,0
0,1,1
0,1,1
0,0,0
0,1,1
0,0,0
0,1,1
0,0,0
0,0.8648494,1
0,0,0
0,0,0
0,0.8601595,1
0,1,1
0,1,1
0,1,1
0,0,1
0,0,0
0,0,0
0,1,1
0,1,1
0,1,1
0,0,1
0,1,1
0,1,1
0,1,1
0,0,0
0,0,1
0,0,1
0,0,0
0,1,1
0,1,1
0,1,1
0,1,1
0,0,0
0,1,1
0,1,1
0,0,0
0,1,1
0,1,1
0,1,1
0,0,1
0,0,1
0,1,1
0,1,1
0,1,1
0,0,0
0,1,1
0,1,1
0,1,1
0,1,1
0,1,1
0,0.7299064,1
0,1,1
0,0,0
0,1,1
0,0,0
0,1,1
0,0,0
0,1,1
0,1,1
0,1,1
0,1,1
0,1,1
0,0,0
0,1,1
0,1,1
0,0.8593138,1
0,1,1
0,0,0
0,0,1
0,1,1
0,1,1
0,1,1
0,0,0
0,1,1
0,1,1
0,1,1
0,1,1
0,1,1
0,1,1
0,1,1
0,0,0
0,1,1
0,1,1
0,1,1
0,1,1
0,0,0
0,1,1
0,1,1
0,1,1
0,0,0
0,1,1
0,1,1
0,1,1
0,1,1
0,0,1
0,0,1
0,1,1
0,1,1
0,1,1
0,1,1
0,1,1
0,1,1
0,1,1
0,1,1
0,1,1
0,0,1
0,1,1
0,1,1
0,1,1
0,1,1
0,0,1
0,1,1
0,1,1
0,1,1
0,0,0
0,0,0
0,1,1
0,0,0
0,1,1
0,1,1
0,0,0
0,1,1
0,1,1
0,1,1
0,0.7113382,1
0,0,0
0,1,1
0,1,1
0,0,0
0,0,0
0,1,1
0,1,1
0,0,0
0,0,0
0,1,1
0,0,1
0,1,1
0,0,1
0,0,1
0,1,1
0,0,1
0,1,1
0,0,0
0,0,0
0,0,0
0,0,0
0,0,1
0,1,1
0,0,1
0,0,1
0,0,0
0,0,1
0,0,0
0,0,1
0,1,1
0,0,0
0,1,1
0,1,1
0,0,1
0,0,0
0,1,1
0,1,1
0,0,0
0,1,1
0,0,0
0,1,1
0,0,0
0,0.8650588,1
0,0,1
0,0,0
0,1,1
0,0,1
0,1,1
0,0.7618862,1
0,1,1
0,1,1
0,1,1
0,1,1
0,1,1
0,0.8781163,1
0,1,1
0,1,1
0,0,0
0,0,0
0,0,0
0,1,1
0,0.8589838,1
0,0,0
0,1,1
0,1,1
0,1,1
0,1,1
0,1,1
0,1,1
0,0,1
0,1,1
0,1,1
0,0,0
0,1,1
0,0,0
0,1,1
0,1,1
0,1,1
0,1,1
0,0,0
0,1,1
0,1,1
0,0,0
0,0,0
0,0,1
0,1,1
0,1,1
0,1,1
0,0,1
0,1,1
0,1,1
0,0.8718468,1
0,1,1
0,1,1
0,0,0
0,1,1
0,0.7351567,1
0,0,0
0,1,1
0,0,1
0,1,1
0,1,1
0,1,1
0,0,0
0,0,1
0,1,1
0,1,1
0,1,1
0,0,1
0,1,1
0,0,1
0,1,1
0,1,1
0,1,1
0,1,1
0,0,1
0,0,1
0,1,1
0,1,1
0,0,1
0,1,1
0,1,1
0,1,1
0,1,1
0,0,0
0,1,1
0,1,1
0,0,0
0,1,1
0,1,1
0,1,1
0,0,0
0,0,0
0,1,1
0,0,1
0,1,1
0,0,0
0,1,1
0,1,1
0,1,1
0,1,1
0,0,0
0,1,1
0,0,0
0,1,1
0,0,0
0,1,1
0,1,1
0,1,1
0,0,0
0,1,1
0,1,1
0,1,1
0,1,1
0,1,1
0,0,0
0,1,1
0,1,1
0,1,1
0,0,1
0,1,1
0,0,1
0,1,1
0,0,1
0,1,1
0,0,1
0,0,0
0,0,0
0,1,1
0,1,1
0,0,0
0,1,1
0,1,1
0,1,1
0,0,0
0,0.8560063,1
0,0,1
0,1,1
0,1,1
0,1,1
0,1,1
0,1,1
0,1,1
0,0,0
0,1,1
0,0,0
0,0,1
0,1,1
0,0,0
0,1,1
0,1,1
0,1,1
0,1,1
0,0,1
0,1,1
0,0,0
0,0,0
0,1,1
0,1,1
0,1,1
0,1,1
0,0,0
0,0,0
0,1,1
0,0,0
0,1,1
0,0,0
0,0,1
0,0,1
0,1,1
0,0,0
0,1,1
0,0,0
0,0,0
0,0.8576108,1
0,0,0
0,0,1
0,1,1
0,1,1
0,1,1
0,1,1
0,0,0
0,1,1
0,0,0
0,1,1
0,1,1
0,0,1
0,0,1
0,0,0
0,1,1
0,0,0
0,1,1
0,0,1
0,0,0
0,1,1
0,0,0
0,1,1
0,0,0
0,0,1
0,0,0
0,1,1
0,1,1
0,1,1
0,1,1
0,1,1
0,1,1
0,1,1
0,0,1
0,0,0
0,0,0
0,1,1
0,0,1
0,0,0
0,0,1
0,1,1
0,0,1
0,1,1
0,1,1
0,1,1
0,0,1
0,1,1
0,1,1
0,1,1
0,1,1
0,1,1
0,1,1
0,0,0
0,0,1
0,1,1
0,1,1
0,1,1
0,1,1
0,1,1
0,0,0
0,0,0
0,1,1
0,0,0
0,1,1
0,0,0
0,1,1
0,1,1
0,1,1
0,1,1
0,0,0
0,0,0
0,0,1
0,1,1
0,1,1
0,1,1
0,1,1
0,0.8658516,1
0,0,0
0,0,0
0,1,1
0,0,1
0,1,1
0,0.8568746,1
0,1,1
0,1,1
0,1,1
0,1,1
0,1,1
0,1,1
0,0,0
0,1,1
0,1,1
0,1,1
0,0,0
0,0.7219073,1
0,0,0
0,0,0
0,0,1
0,0,1
0,1,1
0,1,1
0,1,1
0,1,1
0,1,1
0,0,0
0,0,0
0,1,1
0,1,1
0,0.7494599,1
0,0.8671056,1
0,1,1
0,1,1
0,0,0
0,1,1
0,0,1
0,0,1
0,1,1
0,0,0
0,1,1
0,0,0
0,0,0
0,1,1
0,1,1
0,0,0
0,1,1
0,0,0
0,1,1
0,1,1
0,0,0
0,0,0
0,1,1
0,1,1
0,1,1
0,0,0
0,1,1
0,1,1
0,1,1
0,1,1
0,0,1
0,0,1
0,1,1
0,0,1
0,1,1
0,1,1
0,1,1
0,1,1
0,1,1
0,0,1
0,1,1
0,0,0
0,0,0
0,1,1
0,1,1
0,0,0
0,1,1
0,1,1
0,1,1
0,1,1
0,0,1
0,1,1
0,1,1
0,1,1
0,0,1
0,1,1
0,1,1
0,1,1
0,1,1
0,1,1
0,1,1
0,0.8740057,1
0,0,0
0,1,1
0,1,1
0,0,0
0,0,1
0,1,1
0,1,1
0,1,1
0,0,0
0,1,1
0,0,1
0,0,1
0,1,1
0,1,1
0,1,1
0,1,1
0,0,0
0,0,0
0,1,1
0,0,0
0,1,1
0,0.7250352,1
0,1,1
0,0,1
0,1,1
0,0,1
0,1,1
0,1,1
0,1,1
0,1,1
0,1,1
0,1,1
0,0,1
0,0,1
0,1,1
0,0,1
0,1,1
0,1,1
0,0,0
0,1,1
0,0,1
0,1,1
0,0,1
0,1,1
0,1,1
0,1,1
0,1,1
0,1,1
0,1,1
0,1,1
0,1,1
0,1,1
0,0,1
0,1,1
0,0,1
0,0,0
0,1,1
0,1,1
0,1,1
0,0,0
0,1,1
0,0,0
0,0,1
0,1,1
0,0,1
0,1,1
0,1,1
0,1,1
0,1,1
0,0,0
0,0,1
0,1,1
0,1,1
0,1,1
0,0,0
0,0,0
0,0,0
0,1,1
0,1,1
0,0,1
0,1,1
0,1,1
0,1,1
0,0,1
0,0,0
0,0,1
0,0,1
0,0,0
0,0,0
0,0,1
0,1,1
0,1,1
0,0,1
0,1,1
0,1,1
0,1,1
0,0,1
0,1,1
0,1,1
0,1,1
0,1,1
0,1,1
0,1,1
0,1,1
0,0,0
0,0,1
0,1,1
0,1,1
0,1,1
0,0,1
0,1,1
0,1,1
0,1,1
0,1,1
0,1,1
0,0,1
0,1,1
0,0,0
0,0,0
0,0,0
0,0,0
0,0,0
0,0,0
0,1,1
0,0,0
0,1,1
0,1,1
0,1,1
0,0,1
0,0,0
0,0,0
0,1,1
0,1,1
0,1,1
0,1,1
0,1,1
0,1,1
0,0,0
0,1,1
0,0,1
0,1,1
0,0,1
0,1,1
0,1,1
0,1,1
0,1,1
0,1,1
0,0.8523785,1
0,1,1
0,0,0
0,1,1
0,1,1
0,0,0
0,1,1
0,0,1
0,1,1
0,1,1
0,1,1
0,0,1
0,1,1
0,1,1
0,0,1
0,1,1
0,0,1
0,0,0
0,1,1
0,1,1
0,0.8766513,1
0,0,0
0,0,1
0,1,1
0,0,1
0,1,1
0,1,1
0,0.8601006,1
0,1,1
0,1,1
0,1,1
0,1,1
0,0,0
0,1,1
0,0.8595184,1
0,1,1
0,0,0
0,1,1
0,1,1
0,1,1
0,1,1
0,1,1
0,1,1
0,1,1
0,0,0
0,1,1
0,1,1
0,0,1
0,1,1
0,0,1
0,0,1
0,0,0
0,1,1
0,0,0
0,0,1
0,0,1
0,1,1
0,1,1
0,1,1
0,1,1
0,1,1
0,1,1
0,0,0
0,1,1
0,1,1
0,1,1
0,1,1
0,1,1
0,1,1
0,1,1
0,1,1
0,1,1
0,0,1
0,0,0
0,0,0
0,0,0
0,0,0
0,1,1
0,0,0
0,1,1
0,1,1
0,1,1
0,1,1
0,0,1
0,1,1
0,0,1
0,1,1
0,1,1
0,1,1
0,1,1
0,1,1
0,1,1
0,0,0
0,1,1
0,0,0
0,1,1
0,1,1
0,0,0
0,0,0
0,1,1
0,1,1
0,1,1
0,0,1
0,0,0
0,0,1
0,0,1
0,1,1
0,0,0
0,1,1
0,0,0
0,1,1
0,1,1
0,1,1
0,1,1
0,1,1
0,1,1
0,0,1
0,0.8687855,1
0,1,1
0,1,1
0,1,1
0,0,1
0,1,1
0,1,1
0,0,0
0,1,1
0,1,1
0,0,0
0,1,1
0,0,0
0,1,1
0,1,1
0,0,0
0,0,1
0,1,1
0,1,1
0,0,0
0,1,1
0,0,1
0,1,1
0,0,1
0,1,1
0,1,1
0,1,1
0,0,0
0,1,1
0,1,1
0,1,1
0,0,0
0,1,1
0,1,1
0,0,1
0,0,0
0,1,1
0,0,1
0,1,1
0,0,0
0,0,1
0,0,1
0,0,0
0,1,1
0,0,0
0,0,0
0,1,1
0,1,1
0,0,0
0,1,1
0,1,1
0,0,1
0,0,0
0,1,1
0,1,1
0,0,0
0,1,1
0,0,0
0,0,0
0,1,1
0,1,1
0,0,0
0,0,1
0,1,1
0,1,1
0,1,1
0,1,1
0,0,1
0,1,1
0,1,1
0,1,1
0,0,1
0,1,1
0,0,0
0,1,1
0,1,1
0,0,1
0,1,1
0,0,0
0,1,1
0,0,0
0,0,1
0,1,1
0,1,1
0,1,1
0,1,1
0,1,1
0,0,1
0,1,1
0,1,1
0,1,1
0,1,1
0,1,1
0,1,1
0,0,0
0,0,0
0,1,1
0,1,1
0,0,1
0,1,1
0,1,1
0,1,1
0,1,1
0,0,1
0,1,1
0,0,1
0,1,1
0,1,1
0,1,1
0,1,1
0,0,0
0,1,1
0,1,1
0,1,1
0,0,0
0,1,1
0,1,1
0,0,0
0,0.8106571,1
0,1,1
0,0,0
0,0,1
0,1,1
0,1,1
0,1,1
0,0,1
0,0,1
0,0.8552136,1
0,1,1
0,0,1
0,1,1
0,0,1
0,0,0
0,1,1
0,1,1
0,1,1
0,0,0
0,0,0
0,1,1
0,0,0
0,1,1
0,0,0
0,0,1
0,1,1
0,0,0
0,1,1
0,0,0
0,1,1
0,1,1
0,1,1
0,0,0
0,1,1
0,0,1
0,0,0
0,1,1
0,1,1
0,0,0
0,1,1
0,0,1
0,1,1
0,1,1
0,0,0
0,1,1
0,1,1
0,0,0
0,1,1
0,0,1
0,1,1
0,1,1
0,0,0
0,0,0
0,1,1
0,1,1
0,0,0
0,0,1
0,1,1
0,1,1
0,1,1
0,1,1
0,1,1
0,1,1
0,1,1
0,0,0
0,1,1
0,1,1
0,1,1
0,0.8593017,1
0,1,1
0,1,1
0,0,1
0,0,1
0,1,1
0,1,1
0,0,1
0,0,1
0,1,1
0,1,1
0,0.8622817,1
0,1,1
0,1,1
0,1,1
0,1,1
0,1,1
0,1,1
0,1,1
0,0,1
0,1,1
0,0,0
0,1,1
0,1,1
0,1,1
0,1,1
0,0,0
0,0,1
0,0,1
0,1,1
0,0,0
0,1,1
0,1,1
0,0.8652171,1
0,1,1
0,1,1
0,1,1
0,0,0
0,1,1
0,1,1
0,0,1
0,0,0
0,0,1
0,0,0
0,1,1
0,1,1
0,1,1
0,1,1
0,1,1
0,1,1
0,1,1
0,1,1
0,1,1
0,1,1
0,1,1
0,1,1
0,0,0
0,1,1
0,1,1
0,1,1
0,1,1
0,1,1
0,1,1
0,0.8599447,1
0,1,1
0,1,1
0,1,1
0,1,1
0,1,1
0,1,1
0,1,1
0,1,1
0,1,1
0,0,1
0,0,0
0,0,1
0,0,1
0,1,1
0,1,1
0,1,1
0,1,1
0,0,0
0,1,1
0,1,1
0,1,1
0,1,1
0,1,1
0,1,1
0,1,1
0,1,1
0,0,0
0,0,0
0,1,1
0,1,1
0,1,1
0,0,1
0,0,0
0,0,0
0,1,1
0,1,1
0,0,0
0,1,1
0,0,1
0,1,1
0,1,1
0,1,1
0,1,1
0,1,1
0,0,1
0,1,1
0,1,1
0,0.8761631,1
0,1,1
0,0,1
0,1,1
0,0,0
0,1,1
0,1,1
0,1,1
0,1,1
0,0.7875055,1
0,1,1
0,1,1
0,0,0
0,0,0
0,1,1
0,0,0
0,0.8649615,1
0,0,0
0,1,1
0,0.8631681,1
0,1,1
0,0,0
0,1,1
0,0,0
0,0.8567296,1
0,1,1
0,1,1
0,1,1
0,0,0
0,1,1
0,1,1
0,0,0
0,0,1
0,1,1
0,1,1
0,1,1
0,0,1
0,0,0
0,1,1
0,0,1
0,1,1
0,0,0
0,1,1
0,1,1
0,1,1
0,0,1
0,1,1
0,1,1
0,0,0
0,0.8602778,1
0,1,1
0,1,1
0,0,1
0,1,1
0,1,1
0,1,1
0,1,1
0,1,1
0,1,1
0,0,1
0,0,0
0,1,1
0,0,0
0,1,1
0,1,1
0,1,1
0,0,1
0,0,0
0,1,1
0,1,1
0,1,1
0,0,1
0,1,1
0,0,0
0,1,1
0,0,0
0,1,1
0,1,1
0,1,1
0,1,1
0,1,1
0,1,1
0,0,0
0,1,1
0,1,1
0,1,1
0,0,1
0,1,1
0,1,1
0,1,1
0,1,1
0,0,0
0,1,1
0,1,1
0,0,1
0,1,1
0,1,1
0,0,0
0,1,1
0,0,0
0,1,1
0,0,0
0,1,1
0,1,1
0,1,1
0,1,1
0,1,1
0,1,1
0,1,1
0,1,1
0,1,1
0,1,1
0,1,1
0,0,0
0,1,1
0,0,0
0,0,0
0,1,1
0,1,1
0,0,0
0,0,0
0,1,1
0,0,0
0,1,1
0,0,1
0,1,1
0,1,1
0,1,1
0,1,1
0,1,1
0,1,1
0,1,1
0,0,0
0,1,1
0,1,1
0,0,1
0,1,1
0,1,1
0,0,0
0,0,0
0,1,1
0,1,1
0,1,1
0,1,1
0,1,1
0,0,0
0,1,1
0,0,1
0,0,1
0,0,0
0,1,1
0,1,1
0,0.85909,1
0,0,1
0,0.8564087,1
0,1,1
0,0,0
0,1,1
0,1,1
0,1,1
0,1,1
0,1,1
0,0,1
0,0.8714782,1
0,1,1
0,1,1
0,1,1
0,0.7776374,1
0,1,1
0,1,1
0,1,1
0,1,1
0,1,1
0,0,1
0,1,1
0,0,0
0,1,1
0,1,1
0,0,0
0,1,1
0,1,1
0,0,0
0,1,1
0,1,1
0,0,1
0,1,1
0,1,1
0,1,1
0,1,1
0,1,1
0,1,1
0,1,1
0,1,1
0,0,1
0,0,0
0,0,1
0,1,1
0,1,1
0,0,0
0,0,1
0,1,1
0,1,1
0,1,1
0,1,1
0,1,1
0,1,1
0,0,0
0,1,1
0,1,1
0,1,1
0,0,1
0,0,0
0,0,1
0,0,0
0,1,1
0,0,0
0,0,1
0,1,1
0,0,1
0,1,1
0,0,1
0,1,1
0,0,1
0,0,1
0,1,1
0,1,1
0,0,1
0,0,0
0,1,1
0,1,1
0,0,0
0,1,1
0,1,1
0,0,0
0,0,0
0,1,1
0,1,1
0,0,1
0,0,0
0,1,1
0,0,0
0,0,0
0,1,1
0,0,1
0,0,1
0,1,1
0,1,1
0,1,1
0,1,1
0,1,1
0,1,1
0,1,1
0,0,0
0,1,1
0,1,1
0,1,1
0,1,1
0,0,0
0,0,0
0,1,1
0,1,1
0,1,1
0,1,1
0,1,1
0,1,1
0,1,1
0,0,0
0,0,1
0,1,1
0,1,1
0,0,0
0,1,1
0,0,1
0,0,0
0,1,1
0,1,1
0,1,1
0,1,1
0,0,1
0,0,0
0,0,1
0,0,1
0,0,0
0,1,1
0,1,1
0,1,1
0,1,1
0,1,1
0,1,1
0,0,1
0,1,1
0,0,0
0,0,1
0,1,1
0,1,1
0,0,1
0,1,1
0,1,1
0,0,0
0,0,1
0,0,1
0,1,1
0,0,0
0,1,1
0,0,0
0,0,1
0,1,1
0,1,1
0,1,1
0,0,0
0,0,1
0,1,1
0,1,1
0,1,1
0,1,1
0,0,1
0,0,1
0,1,1
0,0,0
0,1,1
0,0,1
0,1,1
0,1,1
0,0,0
0,0,1
0,0,0
0,0,0
0,1,1
0,1,1
0,1,1
0,1,1
0,1,1
0,1,1
0,1,1
0,1,1
0,1,1
0,1,1
0,0,1
0,0,1
0,0,0
0,1,1
0,0,0
0,0,1
0,0,0
0,0,1
0,1,1
0,1,1
0,0,0
0,0,0
0,1,1
0,1,1
0,0,0
0,1,1
0,0,1
0,1,1
0,0,1
0,0,0
0,1,1
0,1,1
0,1,1
0,0,1
0,0,1
0,0,0
0,1,1
0,1,1
0,1,1
0,0,0
0,1,1
0,1,1
0,1,1
0,0,0
0,0,0
0,1,1
0,1,1
0,0,0
0,1,1
0,1,1
0,1,1
0,1,1
0,1,1
0,1,1
0,0,0
0,1,1
0,1,1
0,1,1
0,1,1
0,1,1
0,1,1
0,0,0
0,1,1
0,1,1
0,1,1
0,1,1
0,1,1
0,1,1
0,1,1
0,1,1
0,0,1
0,0,1
0,1,1
0,0,1
0,1,1
0,1,1
0,0,1
0,1,1
0,1,1
0,1,1
0,1,1
0,1,1
0,1,1
0,1,1
0,1,1
0,1,1
0,1,1
0,1,1
0,0,0
0,1,1
0,1,1
0,0,0
0,1,1
0,0,0
0,0,0
0,0,0
0,0,0
0,0,0
0,0,0
0,0,0
0,0,0
0,0,0
0,0,0
0,0,0
0,0,0
0,0.8756009,1
0,0,0
0,0,0
0,0,0
0,0,1
0,0,0
0,1,1
0,0.8737568,1
0,0,0
0,0,0
0,0,0
0,0,1
0,1,1
0,0,1
0,0,0
0,0.8591735,1
0,1,1
0,0,1
0,0,0
0,1,1
0,0,0
0,1,1
0,1,1
0,1,1
0,0,0
0,0,0
0,0,0
0,1,1
0,0,0
0,0,1
0,0,0
0,0.8695399,1
0,0,0
0,1,1
0,1,1
0,1,1
0,0,0
0,1,1
0,0,0
0,0,1
0,0.8627734,1
0,1,1
0,1,1
0,0,0
0,0,0
0,0,0
0,0.8606323,1
0,0,0
0,0,1
0,0,0
0,0,0
0,0,0
0,1,1
0,0,0
0,1,1
0,0,0
0,0,1
0,1,1
0,1,1
0,0,0
0,1,1
0,1,1
0,1,1
0,0,0
0,0,0
0,1,1
0,1,1
0,0.885738,1
0,0,1
0,0,1
0,1,1
0,0,0
0,0,0
0,0,0
0,0,0
0,1,1
0,0,1
0,1,1
0,0,0
0,1,1
0,1,1
0,0,0
0,1,1
0,0,0
0,0,0
0,0,0
0,0,1
0,0,0
0,0,0
0,0,0
0,0,0
0,1,1
0,1,1
0,0.794118,1
0,0,0
0,0,0
0,0,1
0,1,1
0,0.8486356,1
0,1,1
0,0,0
0,1,1
0,0,0
0,0,0
0,0,0
0,0,0
0,0,1
0,0,0
0,0,1
0,0,0
0,0,0
0,0,0
0,0,1
0,0,0
0,0,1
0,0,0
0,1,1
0,0,1
0,1,1
0,1,1
0,1,1
0,1,1
0,1,1
0,0,0
0,1,1
0,0,0
0,0.7137328,1
0,0,0
0,0,0
0,0,0
0,1,1
0,0,0
0,0,0
0,0,0
0,0,1
0,0,1
0,0,0
0,0,0
0,0,1
0,0,1
0,1,1
0,0,1
0,1,1
0,1,1
0,1,1
0,0,0
0,1,1
0,1,1
0,0,1
0,1,1
0,0,0
0,0,0
0,0,0
0,0,0
0,1,1
0,1,1
0,1,1
0,0,0
0,0,1
0,0,1
0,1,1
0,1,1
0,1,1
0,0,0
0,0,0
0,0,1
0,0,1
0,1,1
0,0,1
0,0,0
0,0,1
0,0,0
0,0,0
0,0,1
0,0,1
0,1,1
0,1,1
0,1,1
0,1,1
0,1,1
0,1,1
0,1,1
0,1,1
0,0,0
0,0,0
0,0,1
0,0,1
0,0,0
0,0,0
0,0,0
0,0,0
0,1,1
0,1,1
0,1,1
0,1,1
0,0.7539555,1
0,1,1
0,1,1
0,1,1
0,1,1
0,1,1
0,1,1
0,1,1
0,0,0
0,1,1
0,0,0
0,0,0
0,1,1
0,0,0
0,0,1
0,0,0
0,0,0
0,0,0
0,1,1
0,0,1
0,0,0
0,0,1
0,1,1
0,1,1
0,0,1
0,1,1
0,1,1
0,1,1
0,1,1
0,0,1
0,0,1
0,0,1
0,0,1
0,0,1
0,0,0
0,0,0
0,1,1
0,0,1
0,0,1
0,1,1
0,1,1
0,0,0
0,1,1
0,1,1
0,0,0
0,1,1
0,1,1
0,1,1
0,0,1
0,0,0
0,0,0
0,0,0
0,0,1
0,0,0
0,1,1
0,0,0
0,1,1
0,0,1
0,0,1
0,1,1
0,1,1
0,0,1
0,0.7331829,1
0,1,1
0,0,0
0,1,1
0,1,1
0,1,1
0,0,0
0,1,1
0,0,0
0,0,0
0,0,0
0,0,0
0,0.7655033,1
0,0,1
0,1,1
0,1,1
0,1,1
0,0,1
0,0,1
0,0,1
0,0,0
0,0,0
0,1,1
0,1,1
0,1,1
0,1,1
0,0,0
0,1,1
0,0,1
0,0,1
0,0,0
0,0,1
0,0,0
0,0,0
0,0,0
0,1,1
0,0,0
0,0,0
0,1,1
0,1,1
0,0,1
0,0.8570586,1
0,1,1
0,1,1
0,1,1
0,1,1
0,0,0
0,0,1
0,0,1
0,1,1
0,0,0
0,1,1
0,0,0
0,0,1
0,1,1
0,0,0
0,1,1
0,1,1
0,1,1
0,1,1
0,1,1
0,0,1
0,1,1
0,0,1
0,1,1
0,1,1
0,0,1
0,0,0
0,0,0
0,0,0
0,0,0
0,0,1
0,1,1
0,0,1
0,0,1
0,0,0
0,0,0
0,1,1
0,0,1
0,0,1
0,1,1
0,1,1
0,1,1
0,0,1
0,1,1
0,1,1
0,0,0
0,0,0
0,0,0
0,0,0
0,0,0
0,0,0
0,0,0
0,0,0
0,0,0
0,1,1
0,1,1
0,0,1
0,0,1
0,1,1
0,0,1
0,0,1
0,0,0
0,1,1
0,1,1
0,0,0
0,0,0
0,0,0
0,0,0
0,0,0
0,0,1
0,0,0
0,1,1
0,0,1
0,0,0
0,0,0
0,0,0
0,1,1
0,0,0
0,0,0
0,0,0
0,0,0
0,1,1
0,1,1
0,1,1
0,1,1
0,0,0
0,0,0
0,0,1
0,0,0
0,0,1
0,0,1
0,1,1
0,0,1
0,0,1
0,0,1
0,0,1
0,1,1
0,0,1
0,1,1
0,1,1
0,0,1
0,1,1
0,1,1
0,1,1
0,1,1
0,0,0
0,0,0
0,0,1
0,0,1
0,0,0
0,0,0
0,0,0
0,0,0
0,0.8630825,1
0,0,1
0,0,0
0,0,1
0,0,1
0,0,0
0,1,1
0,1,1
0,0,0
0,1,1
0,1,1
0,1,1
0,0,0
0,1,1
0,0,0
0,0,0
0,0,0
0,0,0
0,0,0
0,1,1
0,0,1
0,0,1
0,0,0
0,0,0
0,1,1
0,1,1
0,0,0
0,0,1
0,0,0
0,1,1
0,1,1
0,1,1
0,0,0
0,0,0
0,1,1
0,0,0
0,1,1
0,1,1
0,1,1
0,0.721048,1
0,1,1
0,1,1
0,0,0
0,1,1
0,0,0
0,0,1
0,1,1
0,1,1
0,0,0
0,0,1
0,1,1
0,1,1
0,0,0
0,0,0
0,0,0
0,0,0
0,0,0
0,0,0
0,0,1
0,1,1
0,0,0
0,0,0
0,0,1
0,1,1
0,1,1
0,1,1
0,0,0
0,0,0
0,1,1
0,1,1
0,1,1
0,1,1
0,0,0
0,0,0
0,0,0
0,0,0
0,0,0
0,1,1
0,0,1
0,0,0
0,1,1
0,0,0
0,1,1
0,1,1
0,1,1
0,1,1
0,0,1
0,0,0
0,1,1
0,1,1
0,1,1
0,1,1
0,0,0
0,0,0
0,0,0
0,0,1
0,0,0
0,1,1
0,1,1
0,0,0
0,0,1
0,0,1
0,0,0
0,1,1
0,0,0
0,1,1
0,0,0
0,0,0
0,1,1
0,1,1
0,0,1
0,1,1
0,0,0
0,0,0
0,0,0
0,0,0
0,0,0
0,0,0
0,1,1
0,0,1
0,0,0
0,1,1
0,0,1
0,1,1
0,0,1
0,0,1
0,1,1
0,0,1
0,0,0
0,1,1
0,1,1
0,1,1
0,0,0
0,0,0
0,0,1
0,0,0
0,0,0
0,0,0
0,0,0
0,0,1
0,0,0
0,0,0
0,0,1
0,1,1
0,0,1
0,1,1
0,1,1
0,0,0
0,0,0
0,1,1
0,0,0
0,1,1
0,0,0
0,1,1
0,0.8872073,1
0,1,1
0,0,0
0,0,0
0,0,1
0,0,0
0,1,1
0,0,0
0,0,0
0,1,1
0,0,1
0,0,0
0,0,1
0,1,1
0,1,1
0,1,1
0,1,1
0,1,1
0,0,0
0,0,0
0,0,0
0,0,0
0,0,0
0,0,0
0,1,1
0,1,1
0,0,0
0,1,1
0,1,1
0,0,0
0,0,1
0,0,1
0,1,1
0,1,1
0,1,1
0,1,1
0,1,1
0,1,1
0,0,0
0,0,0
0,0,0
0,0,0
0,1,1
0,0,0
0,0,0
0,0,0
0,0,1
0,1,1
0,1,1
0,0,0
0,0,1
0,0,1
0,1,1
0,0,0
0,1,1
0,1,1
0,0,0
0,1,1
0,0,0
0,0,0
0,0,0
0,0,0
0,1,1
0,0,0
0,0,0
0,0,0
0,0,0
0,0,1
0,0,0
0,1,1
0,1,1
0,0,1
0,0,0
0,1,1
0,1,1
0,1,1
0,1,1
0,1,1
0,0,0
0,0,0
0,0,0
0,0,1
0,0,0
0,0,1
0,0,0
0,1,1
0,0,0
0,0,1
0,0,0
0,0,0
0,0,0
0,1,1
0,1,1
0,0,0
0,1,1
0,1,1
0,1,1
0,1,1
0,0,0
0,0,0
0,1,1
0,0,0
0,1,1
0,0,0
0,0,0
0,1,1
0,1,1
0,0,0
0,0,1
0,0,1
0,0,0
0,1,1
0,0,0
0,0,0
0,0,0
0,0,0
0,1,1
0,1,1
0,0,0
0,1,1
0,0,0
0,0,0
0,0,1
0,0,0
0,0,0
0,0,0
0,0,0
0,0,0
0,0,0
0,1,1
0,0,1
0,1,1
0,0,0
0,1,1
0,0,1
0,1,1
0,1,1
0,1,1
0,0,0
0,0,1
0,0,0
0,1,1
0,0,0
0,1,1
0,0,0
0,0,0
0,1,1
0,0,0
0,0,1
0,0,1
0,1,1
0,1,1
0,1,1
0,0,1
0,1,1
0,1,1
0,1,1
0,0,1
0,0,1
0,0,0
0,1,1
0,1,1
0,1,1
0,0.7348235,1
0,0,0
0,0,0
0,1,1
0,0,0
0,0,0
0,0,0
0,1,1
0,1,1
0,0,0
0,0,0
0,1,1
0,1,1
0,0,0
0,1,1
0,0,0
0,0,0
0,0,0
0,1,1
0,0,1
0,0.8164847,1
0,0,0
0,1,1
0,0,0
0,0,0
0,0,1
0,1,1
0,0,1
0,0,0
0,0,1
0,1,1
0,1,1
0,1,1
0,1,1
0,1,1
0,0,0
0,0,0
0,0,0
0,0,0
0,0,1
0,0,1
0,0,0
0,0,1
0,0,0
0,0,1
0,0,0
0,1,1
0,0,0
0,0,0
0,0,0
0,1,1
0,1,1
0,1,1
0,1,1
0,1,1
0,0,0
0,0,1
0,0,0
0,0,0
0,0,1
0,1,1
0,0,0
0,0,0
0,0,1
0,0,1
0,1,1
0,0,0
0,0,1
0,0,1
0,1,1
0,1,1
0,1,1
0,1,1
0,0,0
0,1,1
0,1,1
0,0,0
0,0,0
0,0,0
0,0,0
0,1,1
0,1,1
0,0,0
0,1,1
0,0,0
0,0,0
0,0,0
0,0,1
0,1,1
0,0,0
0,0,0
0,1,1
0,1,1
0,1,1
0,1,1
0,0,0
0,0,0
0,0,0
0,0,0
0,0,0
0,0,0
0,0,0
0,0.8664976,1
0,1,1
0,0,1
0,0,1
0,0,1
0,0,1
0,0,1
0,1,1
0,0,0
0,1,1
0,0,0
0,0,0
0,1,1
0,1,1
0,0,0
0,0,1
0,0,0
0,0,0
0,1,1
0,0,0
0,1,1
0,0,1
0,1,1
0,0,0
0,0,1
0,0,0
0,0,1
0,0,0
0,1,1
0,1,1
0,1,1
0,0,0
0,0,0
0,0,0
0,0,1
0,0,1
0,0,1
0,0,0
0,0,0
0,0,1
0,0,0
0,0,0
0,0,0
0,0,0
0,1,1
0,0,0
0,1,1
0,1,1
0,1,1
0,0,0
0,1,1
0,1,1
0,1,1
0,0,0
0,0,0
0,0,0
0,0.8709646,1
0,0,0
0,0,0
0,0,1
0,0,0
0,0,1
0,0,1
0,0,1
0,0,1
0,0,1
0,1,1
0,0,0
0,0,0
0,1,1
0,1,1
0,1,1
0,0,0
0,0,0
0,0,1
0,0,0
0,0.8815686,1
0,0,0
0,1,1
0,0,0
0,1,1
0,0,0
0,0,1
0,0,0
0,1,1
0,0.7005004,1
0,1,1
0,1,1
0,1,1
0,1,1
0,1,1
0,1,1
0,0,0
0,0,0
0,0,0
0,0,0
0,1,1
0,0,0
0,0,1
0,0,0
0,0,1
0,0,1
0,1,1
0,1,1
0,0,0
0,0,0
0,1,1
0,1,1
0,0,0
0,1,1
0,1,1
0,1,1
0,0,0
0,1,1
0,0,0
0,0,0
0,0,0
0,0.8634833,1
0,1,1
0,1,1
0,0,0
0,1,1
0,1,1
0,0,1
0,1,1
0,0,0
0,0,0
0,1,1
0,0,0
0,0,0
0,1,1
0,1,1
0,0,0
0,0,0
0,0,1
0,0,0
0,0.8707148,1
0,1,1
0,0,0
0,1,1
0,1,1
0,0,1
0,1,1
0,1,1
0,1,1
0,0,0
0,0,0
0,1,1
0,0,1
0,0.8564283,1
0,0,1
0,1,1
0,0,1
0,0,0
0,0,0
0,0,0
0,1,1
0,1,1
0,1,1
0,1,1
0,0,0
0,0,0
0,0,1
0,0,0
0,0,1
0,1,1
0,1,1
0,0,1
0,0,1
0,1,1
0,0,1
0,1,1
0,0,0
0,0,0
0,0,1
0,0,1
0,0,0
0,0,0
0,1,1
0,0,1
0,0,1
0,0,0
0,0,0
0,0,0
0,0,0
0,1,1
0,1,1
0,0,0
0,1,1
0,0,0
0,1,1
0,0,1
0,0,0
0,0,0
0,0,0
0,0,0
0,0,0
0,1,1
0,0,0
0,0,0
0,0,0
0,0,0
0,0,0
0,0,0
0,1,1
0,1,1
0,1,1
0,0,0
0,0,1
0,1,1
0,1,1
0,1,1
0,0,0
0,0,1
0,0,0
0,0,0
0,0,1
0,0,0
0,0,0
0,0,1
0,0,0
0,0,0
0,1,1
0,0,1
0,0,1
0,1,1
0,0,0
0,0,0
0,0,0
0,0,0
0,1,1
0,1,1
0,0,0
0,0,0
0,0,1
0,0,1
0,0,0
0,1,1
0,0,0
0,0,0
0,0,0
0,1,1
0,0,0
0,0,0
0,1,1
0,0,0
0,1,1
0,1,1
0,1,1
0,1,1
0,0,0
0,1,1
0,0,0
0,0,0
0,0,0
0,0,1
0,0,0
0,0,0
0,0,1
0,0,0
0,0,1
0,0,0
0,1,1
0,0,1
0,0,0
0,1,1
0,0,1
0,0,0
0,1,1
0,0,0
0,1,1
0,1,1
0,0,0
0,0,0
0,0,0
0,1,1
0,0,0
0,0,1
0,0,0
0,1,1
0,1,1
0,0,0
0,1,1
0,1,1
0,1,1
0,1,1
0,0.8610436,1
0,1,1
0,0,0
0,1,1
0,1,1
0,1,1
0,0,0
0,0,0
0,0,0
0,0,0
0,0,1
0,0,0
0,0,0
0,0,0
0,0.7553849,1
0,0,0
0,0,0
0,0.8636682,1
0,0,1
0,1,1
0,0,1
0,0,1
0,0,0
0,0,1
0,0.7882905,1
0,0,1
0,0,0
0,0,0
0,0,0
0,0,0
0,0,0
0,0,0
0,0,1
0,0,0
0,0,1
0,0,0
0,1,1
0,1,1
0,1,1
0,0,1
0,0,0
0,1,1
0,0,1
0,1,1
0,1,1
0,1,1
0,0,0
0,0,0
0,0,0
0,0,0
0,0,0
0,0,1
0,0,0
0,1,1
0,0,0
0,0,1
0,0,0
0,1,1
0,1,1
0,0,0
0,0,0
0,1,1
0,0,0
0,1,1
0,1,1
0,1,1
0,0,0
0,0,0
0,0,0
0,1,1
0,0,0
0,0,0
0,1,1
0,0,1
0,0,1
0,1,1
0,1,1
0,0,1
0,0,1
0,0,0
0,0,0
0,1,1
0,0,1
0,1,1
0,1,1
0,0,0
0,0,0
0,0,0
0,0,0
0,1,1
0,0,0
0,0,1
0,0,0
0,0,0
0,0,1
0,1,1
0,0,0
0,0,0
0,1,1
0,1,1
0,1,1
0,0,1
0,0,1
0,0,1
0,0,1
0,1,1
0,1,1
0,0,0
0,0,0
0,0,1
0,0,0
0,0,0
0,0.8622944,1
0,0.8689674,1
0,0,0
0,0.7493087,1
0,0,0
0,1,1
0,0,1
0,0,0
0,0,0
0,1,1
0,1,1
0,0,0
0,1,1
0,1,1
0,0,0
0,0,0
0,0,1
0,0,0
0,0.8585538,1
0,0,0
0,0,0
0,0,1
0,0,0
0,0,1
0,1,1
0,0,1
0,0,0
0,1,1
0,0,1
0,0,1
0,0,0
0,1,1
0,0,0
0,0,0
0,0,0
0,0,0
0,0,0
0,1,1
0,1,1
0,0,0
0,0,0
0,0,1
0,0,1
0,0,1
0,0,1
0,0,0
0,0,1
0,0,0
0,0,1
0,0,0
0,0,0
0,0,1
0,0,0
0,0,0
0,0,0
0,0,0
0,0,1
0,0,1
0,0,1
0,0,0
0,0,1
0,0,1
0,0,1
0,0,0
0,0,1
0,0,1
0,0,0
0,0,1
0,0,1
0,0,0
0,0,1
