{"count":1,"self":7394.3728127999993,"total":30383.708695999998,"children":{"InitializeActuators":{"count":20,"self":0.000927,"total":0.000927,"children":null},"InitializeSensors":{"count":20,"self":0.00088399999999999991,"total":0.00088399999999999991,"children":null},"AgentSendState":{"count":100042,"self":1.2,"total":22510.967763999997,"children":{"CollectObservations":{"count":100022,"self":22507.266047999998,"total":22507.26682,"children":null},"WriteActionMask":{"count":100022,"self":0.17549299999999998,"total":0.17549299999999998,"children":null},"RequestDecision":{"count":100022,"self":0.586957,"total":2.3254509999999997,"children":{"AgentInfo.ToProto":{"count":100022,"self":0.412412,"total":1.738494,"children":{"GenerateSensorData":{"count":100022,"self":1.326082,"total":1.326082,"children":null}}}}}}},"DecideAction":{"count":100042,"self":442.64842239999996,"total":442.64842,"children":null},"AgentAct":{"count":100042,"self":35.627129599999996,"total":35.627129,"children":null},"AgentInfo.ToProto":{"count":2459,"self":0.016680999999999998,"total":0.090178,"children":{"GenerateSensorData":{"count":2459,"self":0.073496999999999993,"total":0.073496999999999993,"children":null}}}},"gauges":{"My Behavior.CumulativeReward":{"count":2459,"max":19.1848984,"min":12.7539806,"runningAverage":17.2211113,"value":17.7378368,"weightedAverage":17.3877678}},"metadata":{"timer_format_version":"0.1.0","start_time_seconds":"1761445830","unity_version":"6000.0.60f1","command_line_arguments":"\/home\/dudrjs\/Unity\/Hub\/Editor\/6000.0.60f1\/Editor\/Unity -projectpath \/home\/dudrjs\/BinpickingAI -acceptSoftwareTermsForThisRunOnly -useHub -hubIPC -cloudEnvironment production","communication_protocol_version":"1.5.0","com.unity.ml-agents_version":"4.0.0","scene_name":"Training Scene","end_time_seconds":"1761476214"}}