{"count":1,"self":16984.39168,"total":65783.868902,"children":{"InitializeActuators":{"count":30,"self":0.001114,"total":0.001114,"children":null},"InitializeSensors":{"count":30,"self":0.00086299999999999994,"total":0.00086299999999999994,"children":null},"AgentSendState":{"count":200061,"self":2.5664469999999997,"total":47690.902438,"children":{"CollectObservations":{"count":200031,"self":47682.961407999996,"total":47682.96185,"children":null},"WriteActionMask":{"count":200031,"self":0.36410499999999996,"total":0.36410499999999996,"children":null},"RequestDecision":{"count":200031,"self":1.258807,"total":5.0100359999999995,"children":{"AgentInfo.ToProto":{"count":200031,"self":0.84096699999999991,"total":3.751229,"children":{"GenerateSensorData":{"count":200031,"self":2.910262,"total":2.910262,"children":null}}}}}}},"DecideAction":{"count":200061,"self":1036.2404864,"total":1036.24045,"children":null},"AgentAct":{"count":200061,"self":72.1176256,"total":72.117623999999992,"children":null},"AgentInfo.ToProto":{"count":6607,"self":0.046369999999999995,"total":0.214298,"children":{"GenerateSensorData":{"count":6607,"self":0.167928,"total":0.167928,"children":null}}}},"gauges":{"My Behavior.CumulativeReward":{"count":6607,"max":19.1568527,"min":13.5032911,"runningAverage":18.0125275,"value":18.7872143,"weightedAverage":18.7097683}},"metadata":{"timer_format_version":"0.1.0","start_time_seconds":"1761734005","unity_version":"6000.0.60f1","command_line_arguments":"\/home\/dudrjs\/Unity\/Hub\/Editor\/6000.0.60f1\/Editor\/Unity -projectpath \/home\/dudrjs\/BinpickingAI -acceptSoftwareTermsForThisRunOnly -useHub -hubIPC -cloudEnvironment production","communication_protocol_version":"1.5.0","com.unity.ml-agents_version":"4.0.0","scene_name":"Training Scene","end_time_seconds":"1761799789"}}