0,0,1
0,0,1
0,0,1
0,1,1
0,0,1
0,0.8642534,1
0,0,1
0,0,1
0,0,1
0,0,1
0,1,1
0,0,1
0,0,1
0,0,0
0,0,0
0,0,1
0,1,1
0,0,1
0,0,1
0,0,0
0,0,1
0,0,0
0,0,1
0,0,0
0,0,0
0,1,1
0,1,1
0,0,0
0,0,0
0,0,0
0,0,1
0,0,1
0,0,0
0,0,1
0,0,0
0,0,1
0,0,1
0,0,1
0,0,1
0,0,0
0,0,1
0,0,0
0,1,1
0,0,0
0,1,1
0,0,1
0,0,1
0,0,1
0,0,1
0,0,1
0,0,0
0,0,1
0,0,0
0,0,0
0,0,1
0,0,1
0,0.7643403,1
0,0.8615152,1
0,0,1
0,0,0
0,0,1
0,0,1
0,0,0
0,0,1
0,1,1
0,0,1
0,0,0
0,0,0
0,0,0
0,0,1
0,1,1
0,0,1
0,0,1
0,0,0
0,0,1
0,0,1
0,0,1
0,0,0
0,1,1
0,0,1
0,0,0
0,0,0
0,0,1
0,0.8785719,1
0,0,0
0,0,0
0,0,1
0,0,1
0,0,1
0,0,0
0,0,1
0,0,1
0,0,1
0,1,1
0,0,0
0,0,0
0,0,1
0,0,1
0,0,1
0,0,0
0,0,0
0,0,1
0,0,0
0,0,0
0,0,1
0,1,1
0,1,1
0,0,0
0,1,1
0,0,0
0,0,1
0,0,1
0,0,1
0,0,0
0,0,1
0,0,1
0,0.7349838,1
0,0,1
0,1,1
0,0,1
0,0,0
0,0,1
0,0,0
0,0,0
0,0,0
0,0,0
0,0,1
0,0,0
0,0,1
0,1,1
0,0.7855082,1
0,0,0
0,0,1
0,0,1
0,0,1
0,0,1
0,0,1
0,0,1
0,0.860552,1
0,0,1
0,0,0
0,0,1
0,0,1
0,0.8440368,1
0,0,1
0,0,1
0,0,1
0,0,0
0,0,0
0,0,1
0,0,0
0,0,1
0,0,0
0,0,1
0,0,0
0,1,1
0,0,1
0,0,0
0,0,0
0,0,1
0,0,0
0,1,1
0,0,0
0,0,1
0,0,0
0,0,0
0,0,1
0,0,1
0,0,1
0,1,1
0,0,1
0,0,0
0,0,0
0,1,1
0,0,0
0,0,0
0,0.8167289,1
0,0,1
0,1,1
0,0,1
0,0,0
0,0,1
0,0,1
0,0,1
0,0,1
0,0,1
0,0.8632947,1
0,0,0
0,0,0
0,0,1
0,0,1
0,1,1
0,0,1
0,1,1
0,0,1
0,0,0
0,0,1
0,0,0
0,0,0
0,0,1
0,1,1
0,0,0
0,0,1
0,1,1
0,0,0
0,0.7182213,1
0,0,0
0,0,1
0,0,0
0,1,1
0,0,1
0,0,0
0,1,1
0,0,0
0,0,1
0,1,1
0,0,1
0,0,1
0,1,1
0,0,1
0,0,0
0,0,1
0,0,1
0,0,0
0,1,1
0,0,1
0,0,0
0,0,0
0,0,1
0,1,1
0,0.8134593,1
0,0,0
0,0,0
0,0,1
0,0,1
0,0.8578393,1
0,0,1
0,1,1
0,0,0
0,0,0
0,0,0
0,0,1
0,1,1
0,0,0
0,0,0
0,0,1
0,0,0
0,0,0
0,0,0
0,0,0
0,0,0
0,0,0
0,1,1
0,0,0
0,0,1
0,0,1
0,0,0
0,0,1
0,0,1
0,0,0
0,0,0
0,0.8577546,1
0,0,0
0,1,1
0,0,1
0,0,0
0,0,1
0,1,1
0,0,0
0,0,0
0,0,1
0,0,1
0,1,1
0,0,0
0,0,0
0,0,1
0,0,1
0,0,1
0,0,0
0,1,1
0,0,1
0,0,1
0,0,1
0,0,1
0,1,1
0,0,0
0,0,0
0,0,1
0,0.8118744,1
0,0,1
0,0,1
0,0.8649157,1
0,1,1
0,0,1
0,0,1
0,0,0
0,0,1
0,1,1
0,0,1
0,0.8562634,1
0,0,1
0,1,1
0,0,1
0,0,0
0,0,1
0,0,1
0,0,1
0,0,0
0,0,1
0,0,0
0,0,1
0,0,0
0,0,0
0,0,0
0,0,0
0,0.881215,1
0,0,1
0,0,1
0,0,0
0,0,1
0,0,0
0,1,1
0,0,1
0,1,1
0,0,0
0,0,0
0,0,1
0,0,0
0,0,1
0,0,1
0,0,1
0,0,1
0,1,1
0,0,0
0,0,0
0,0,1
0,0,0
0,0,0
0,0,0
0,0,0
0,1,1
0,0,1
0,0,1
0,0,0
0,1,1
0,0,0
0,0,0
0,0,0
0,0,1
0,1,1
0,0,1
0,1,1
0,0,0
0,0,1
0,0,0
0,0,1
0,1,1
0,0,0
0,0,0
0,0,0
0,0,0
0,0,1
0,0,0
0,0,0
0,0,1
0,0,0
0,0,0
0,0,1
0,0,1
0,0,1
0,0,1
0,0,1
0,0.7601773,1
0,1,1
0,0,0
0,0,1
0,1,1
0,0,1
0,0,1
0,0,1
0,0,1
0,0,0
0,1,1
0,0,1
0,1,1
0,0,1
0,0,1
0,0,1
0,0,1
0,0,1
0,0,0
0,1,1
0,0,1
0,0,0
0,0,1
0,0,1
0,0,0
0,0,1
0,0,0
0,0,1
0,0,1
0,0,0
0,0,1
0,0,1
0,0,0
0,0,1
0,0,0
0,0,1
0,0,1
0,1,1
0,0,0
0,1,1
0,0,0
0,0,1
0,0,0
0,0,0
0,0,1
0,0,1
0,0,0
0,0,1
0,1,1
0,0,1
0,0,1
0,1,1
0,0,1
0,0,0
0,0,0
0,0,0
0,0.8612394,1
0,0,1
0,1,1
0,0,1
0,0,0
0,0,0
0,0,1
0,0,1
0,0,1
0,0,0
0,0,1
0,0,0
0,0,1
0,0,1
0,0,1
0,1,1
0,0,0
0,0,1
0,0,0
0,1,1
0,0,0
0,0,1
0,1,1
0,0,0
0,1,1
0,0,1
0,0,1
0,0,0
0,0,1
0,1,1
0,0,0
0,1,1
0,0,1
0,0,0
0,0,0
0,0,1
0,0,0
0,0,1
0,0.7876824,1
0,0.8582771,1
0,0,1
0,0,1
0,0,1
0,0,1
0,0,0
0,0,0
0,0,0
0,0,0
0,0,0
0,0,1
0,0,0
0,0,1
0,0,0
0,0,1
0,0,1
0,0,1
0,0,0
0,0,1
0,0,0
0,0,1
0,0,1
0,0,0
0,0,1
0,0,1
0,0,0
0,1,1
0,0,0
0,0.8616453,1
0,0,1
0,0,1
0,0,0
0,0,1
0,0,1
0,0,0
0,1,1
0,0,1
0,0,0
0,0,0
0,0,1
0,0,1
0,0,1
0,0,1
0,1,1
0,0,1
0,0,1
0,1,1
0,0,1
0,0,1
0,0,1
0,0,0
0,1,1
0,0.722747,1
0,0,0
0,0,1
0,0,1
0,0,1
0,0,1
0,1,1
0,0,1
0,0,0
0,0,1
0,0,0
0,1,1
0,0,1
0,0,0
0,0,0
0,0,1
0,0,1
0,0,1
0,0,1
0,0,1
0,0,1
0,0,0
0,0,0
0,0,1
0,0,0
0,0,1
0,0,1
0,0,0
0,0,0
0,0,1
0,0,0
0,0,1
0,0,1
0,0.8699819,1
0,0,1
0,0.8581437,1
0,0,0
0,0.8590635,1
0,0,1
0,0,0
0,1,1
0,1,1
0,0,1
0,0,1
0,0,1
0,0,0
0,0.8573083,1
0,0,0
0,0,0
0,0,1
0,0,0
0,0,0
0,0,1
0,0,0
0,0.8682297,1
0,1,1
0,0,0
0,0,0
0,0,1
0,0,0
0,0,1
0,0,0
0,0,0
0,0,1
0,0,0
0,0.8778338,1
0,0,0
0,0,1
0,0,0
0,0,0
0,1,1
0,0,1
0,0,1
0,0,0
0,0,1
0,0,1
0,1,1
0,0,0
0,0,1
0,0,0
0,0,1
0,0,0
0,0,1
0,1,1
0,0,0
0,0,1
0,0,1
0,0.7107086,1
0,0,1
0,0,1
0,0,1
0,1,1
0,0,0
0,0,1
0,0,1
0,0.8621222,1
0,0,0
0,0,0
0,0,1
0,0,0
0,0,1
0,0,1
0,0,1
0,0,1
0,0,0
0,0,1
0,0,0
0,0,1
0,0,1
0,0,1
0,0,0
0,0,0
0,0,1
0,0,0
0,0,1
0,1,1
0,1,1
0,1,1
0,0,1
0,0,1
0,0,0
0,0,0
0,0,1
0,0,0
0,0,1
0,0,1
0,0,0
0,0,0
0,0,1
0,0,1
0,0,1
0,0.7394469,1
0,0,0
0,0,1
0,0,1
0,0,1
0,0.7123703,1
0,0,0
0,0,1
0,0,1
0,1,1
0,0.8790308,1
0,0,0
0,1,1
0,0,0
0,1,1
0,1,1
0,0,0
0,1,1
0,0,1
0,0,1
0,0,1
0,0,0
0,0,1
0,0,0
0,0,1
0,0,1
0,0,0
0,1,1
0,1,1
0,0,1
0,0.8846921,1
0,0,0
0,0,1
0,1,1
0,0,0
0,0,1
0,0,0
0,0,0
0,0,0
0,0,0
0,0,1
0,0.8676575,1
0,0,0
0,0,0
0,0,0
0,0,0
0,0,0
0,0,1
0,0.8540225,1
0,0.8630266,1
0,0,1
0,0,1
0,0,0
0,0,1
0,0,1
0,0,0
0,0,1
0,0,0
0,0,0
0,0,1
0,1,1
0,1,1
0,0,1
0,1,1
0,0,1
0,0,0
0,0,1
0,0,0
0,0,1
0,0,1
0,0,1
0,0.8610976,1
0,0,1
0,0,0
0,0,1
0,0.8735958,1
0,0,0
0,0,1
0,1,1
0,0,0
0,0,1
0,0,1
0,0,1
0,1,1
0,0,0
0,0,0
0,0,1
0,0,0
0,0,1
0,0,0
0,0,1
0,1,1
0,0,0
0,0,1
0,0,0
0,0,1
0,0,0
0,0,1
0,0.978424,1
0,1,1
0,1,1
0,0,0
0,1,1
0,1,1
0,0,1
0,0,1
0,1,1
0,1,1
0,0,1
0,0,0
0,0,1
0,1,1
0,1,1
0,1,1
0,0,0
0,1,1
0,0,0
0,0,1
0,0,1
0,0,0
0,0.8657714,1
0,0,0
0,0,1
0,1,1
0,0,1
0,1,1
0,0,1
0,0,1
0,0,1
0,0,1
0,0,1
0,0,1
0,0,0
0,0.8717731,1
0,0,1
0,0,1
0,0,1
0,0,1
0,1,1
0,0,0
0,0,1
0,1,1
0,0,1
0,0,1
0,0,0
0,0,1
0,0,1
0,1,1
0,1,1
0,1,1
0,0,0
0,0,0
0,0,0
0,0,0
0,1,1
0,0,0
0,0,0
0,0.8648787,1
0,0,1
0,1,1
0,0,0
0,0,0
0,0,1
0,0,0
0,0,0
0,0,1
0,0,0
0,0.8580393,1
0,0,0
0,0,0
0,0,0
0,0,1
0,0,0
0,0,1
0,0,1
0,1,1
0,0,1
0,0,0
0,1,1
0,0,1
0,0,1
0,0.7154349,1
0,0,1
0,0,1
0,0,0
0,1,1
0,0.8623,1
0,0,0
0,0,1
0,0,1
0,0,1
0,0,0
0,0,1
0,0,0
0,0,1
0,0,1
0,0,1
0,0,0
0,1,1
0,0,0
0,0,0
0,0.7903568,1
0,0,1
0,1,1
0,0,1
0,0,1
0,0,0
0,0,1
0,0.8682092,1
0,0.8653358,1
0,0,1
0,0,1
0,0.7119256,1
0,1,1
0,0,1
0,1,1
0,1,1
0,0,0
0,0.7524832,1
0,0,1
0,0,0
0,0,1
0,0,1
0,0.854582,1
0,1,1
0,0.861184,1
0,0,0
0,0,1
0,0,1
0,0,0
0,0,0
0,0,0
0,0,1
0,0,1
0,0,1
0,0,0
0,1,1
0,0,1
0,0,0
0,0,1
0,1,1
0,0,1
0,0,0
0,0.8692318,1
0,0,1
0,0,0
0,0.8694326,1
0,1,1
0,0,1
0,0,1
0,0,1
0,0,1
0,1,1
0,1,1
0,0,0
0,0,1
0,0,1
0,0,1
0,0,1
0,0,0
0,0,0
0,0,1
0,0,1
0,0,1
0,0,0
0,0,1
0,1,1
0,0,1
0,0,0
0,0,1
0,0,0
0,0,1
0,1,1
0,0,1
0,0,0
0,0,1
0,0,1
0,0,0
0,0,1
0,0,0
0,1,1
0,1,1
0,0,0
0,1,1
0,0,0
0,1,1
0,1,1
0,0,0
0,0,0
0,1,1
0,0,1
0,1,1
0,0,1
0,0,0
0,0,1
0,0,1
0,0,0
0,0,0
0,0,1
0,0,0
0,0,1
0,0,0
0,0,0
0,0,1
0,0,1
0,0,0
0,0,1
0,0,0
0,0,1
0,0,0
0,0,1
0,0,1
0,0,1
0,0,1
0,0,0
0,0,0
0,0,0
0,0,0
0,1,1
0,0,1
0,1,1
0,0,0
0,0,0
0,0,1
0,0,0
0,1,1
0,0,1
0,0,0
0,0,1
0,0,1
0,0,1
0,0,0
0,0,1
0,0,0
0,0,0
0,0,0
0,0,1
0,0,0
0,1,1
0,0.808081,1
0,0,0
0,0,1
0,0,1
0,0,1
0,0,1
0,0.8628536,1
0,0,1
0,1,1
0,1,1
0,0.7276498,1
0,0,1
0,0,1
0,0,1
0,0,1
0,0,0
0,0,1
0,0,1
0,0,0
0,0.8606533,1
0,0,0
0,0.8672274,1
0,0,1
0,0,1
0,0,1
0,0,0
0,0,0
0,0,1
0,0,1
0,0,0
0,1,1
0,0,1
0,0.8606654,1
0,0,0
0,0,0
0,0,1
0,1,1
0,0.8622055,1
0,0.8786906,1
0,0,0
0,0,0
0,0,1
0,1,1
0,0,1
0,0,1
0,0,0
0,1,1
0,0,1
0,0,0
0,0,0
0,0,1
0,0,0
0,1,1
0,0,1
0,0,0
0,0,1
0,1,1
0,0,1
0,0,0
0,0.8886704,1
0,0,0
0,1,1
0,0,0
0,0,1
0,0,1
0,0,0
0,0,0
0,0,1
0,0,1
0,1,1
0,1,1
0,0,1
0,0.8597059,1
0,0,1
0,0,1
0,0.9077083,1
0,0,0
0,0,0
0,0,1
0,0,1
0,1,1
0,0,0
0,0,1
0,0,1
0,1,1
0,0,1
0,0,1
0,0,1
0,0,0
0,0,0
0,0,0
0,1,1
0,0,1
0,0,0
0,0,1
0,0,1
0,0,1
0,0.7808446,1
0,0,1
0,1,1
0,0,0
0,0,1
0,0,0
0,0,0
0,0,0
0,0,0
0,0,0
0,0,0
0,0,1
0,0,1
0,1,1
0,0,1
0,0,1
0,0,1
0,0,1
0,0,1
0,0,0
0,0,0
0,0,1
0,0,1
0,1,1
0,0,1
0,0,1
0,0,0
0,0,1
0,0.8647896,1
0,0.9035143,1
0,0,1
0,0,1
0,0,1
0,0.8449091,1
0,0,1
0,0,1
0,0,0
0,0,1
0,0,1
0,0,0
0,1,1
0,1,1
0,0,1
0,0,1
0,0,1
0,0,1
0,0.9087876,1
0,0,0
0,0,0
0,0.7844309,1
0,0,0
0,0,0
0,0,0
0,0,1
0,0,0
0,0,0
0,0,0
0,0,0
0,0,0
0,0.7408015,1
0,0,1
0,0.8903786,1
0,0,1
0,0,1
0,1,1
0,1,1
0,1,1
0,0,1
0,1,1
0,0,0
0,0,1
0,1,1
0,0,1
0,0,1
0,0,0
0,0,0
0,0,1
0,0,1
0,0,0
0,0,1
0,0,1
0,1,1
0,0,0
0,0,0
0,0,0
0,0,0
0,0,1
0,0,1
0,0,1
0,0,0
0,0,0
0,0,1
0,1,1
0,0,1
0,0,1
0,0.8670448,1
0,0,0
0,0,1
0,0,1
0,0,1
0,0,1
0,0,1
0,0,1
0,0,1
0,0,1
0,0,1
0,1,1
0,0,0
0,0,0
0,0.8580041,1
0,0,1
0,0,0
0,1,1
0,0,1
0,0,0
0,0,1
0,0,1
0,0,1
0,0,0
0,0,1
0,0,0
0,1,1
0,0,1
0,0,1
0,0,1
0,0,1
0,0,1
0,0,1
0,1,1
0,0,0
0,0,0
0,0,1
0,1,1
0,1,1
0,0,1
0,0,1
0,0,1
0,0.7322971,1
0,0,0
0,0,1
0,0,1
0,0,0
0,0,1
0,0,1
0,0,1
0,1,1
0,0,1
0,0,0
0,0,0
0,1,1
0,0,0
0,0,1
0,0,1
0,0,1
0,0,1
0,0,1
0,0,1
0,0,1
0,1,1
0,0,1
0,0,1
0,0,0
0,1,1
0,1,1
0,0,1
0,0,1
0,0,1
0,0,1
0,1,1
0,0,0
0,0,1
0,0,0
0,1,1
0,0,1
0,0.7043347,1
0,1,1
0,0,0
0,0,1
0,0,1
0,0,0
0,0,1
0,0,0
0,0,1
0,1,1
0,0.8850456,1
0,0.857726,1
0,1,1
0,0,0
0,1,1
0,0,1
0,0.8668433,1
0,0,0
0,0,1
0,0,0
0,0,1
0,0,1
0,0,1
0,0,1
0,0,1
0,0.8647171,1
0,0,1
0,0.7040731,1
0,0,0
0,0,0
0,0,0
0,0,0
0,1,1
0,1,1
0,0,0
0,0,0
0,0,1
0,1,1
0,0,1
0,0,1
0,0,1
0,0,0
0,0,1
0,0,0
0,0,1
0,0,1
0,0,1
0,0,1
0,0,0
0,0,0
0,0,1
0,1,1
0,0,1
0,0,0
0,0,1
0,0,1
0,0,0
0,0,1
0,1,1
0,1,1
0,1,1
0,0,1
0,0,1
0,1,1
0,0,0
0,1,1
0,0,1
0,0.8637408,1
0,0,1
0,0,1
0,1,1
0,0.9397007,1
0,0,1
0,0,0
0,1,1
0,0,1
0,1,1
0,0,0
0,1,1
0,1,1
0,0,0
0,0,0
0,0,0
0,0,0
0,0,1
0,0,1
0,0,0
0,0,1
0,0,1
0,0,1
0,0,0
0,1,1
0,0,1
0,0,0
0,0,1
0,0,1
0,0,1
0,1,1
0,0,1
0,0,1
0,0.8301495,1
0,0,1
0,0,0
0,0,1
0,1,1
0,0,0
0,0,1
0,0,0
0,0,0
0,0.8659228,1
0,0,1
0,0,1
0,0.8622402,1
0,0,0
0,0,1
0,0,1
0,0,0
0,0.7122923,1
0,0,0
0,0,1
0,0,0
0,1,1
0,0,1
0,0,0
0,1,1
0,0,0
0,1,1
0,0,0
0,0,1
0,0,1
0,1,1
0,0,0
0,1,1
0,0,1
0,0.8572911,1
0,0,1
0,1,1
0,0,0
0,0,1
0,1,1
0,0.753662,1
0,0,0
0,0,1
0,0,0
0,0,0
0,0,1
0,0,1
0,0,1
0,0,1
0,1,1
0,0,1
0,0,0
0,0,1
0,1,1
0,0,1
0,0,0
0,1,1
0,0,0
0,0,1
0,0,0
0,0,1
0,0,0
0,0,1
0,0,1
0,0,1
0,0.7624625,1
0,1,1
0,0,0
0,0,0
0,0,1
0,1,1
0,0,0
0,0,0
0,0,0
0,0,1
0,0,1
0,0,1
0,0,0
0,0,0
0,0,0
0,1,1
0,0,0
0,0,1
0,0,1
0,0,1
0,1,1
0,1,1
0,1,1
0,0,0
0,0,0
0,0,1
0,0,0
0,1,1
0,0,1
0,0.8667494,1
0,0,1
0,0,0
0,1,1
0,0,0
0,1,1
0,1,1
0,0,1
0,0,1
0,0,1
0,0,1
0,0.7756804,1
0,0,0
0,0,1
0,0,1
0,0,1
0,0.8623611,1
0,0,0
0,0,0
0,0,0
0,0.8654064,1
0,1,1
0,0,1
0,1,1
0,0,1
0,0,0
0,0,1
0,0,0
0,0.7107142,1
0,1,1
0,0,0
0,0,1
0,0,1
0,0,1
0,0,1
0,0,1
0,0,1
0,1,1
0,1,1
0,0,1
0,0,1
0,0,1
0,0,0
0,0,0
0,0,1
0,0,1
0,0,1
0,0,0
0,0,0
0,0,0
0,0,1
0,0,1
0,0,1
0,0,1
0,0,0
0,0,1
0,0,0
0,1,1
0,1,1
0,0,0
0,0,0
0,0,0
0,0,1
0,1,1
0,0,0
0,1,1
0,1,1
0,0,1
0,0,1
0,0,1
0,0,1
0,1,1
0,1,1
0,0,1
0,0,1
0,0,1
0,0,0
0,0,0
0,1,1
0,1,1
0,1,1
0,0,1
0,0,1
0,0,0
0,0,0
0,0,1
0,0,0
0,0,0
0,1,1
0,0,0
0,0.7370049,1
0,0,1
0,0,1
0,0.8672765,1
0,0,0
0,1,1
0,1,1
0,0,0
0,0,1
0,0,1
0,0,0
0,0,0
0,0.889452,1
0,0,1
0,0,0
0,0,1
0,0,0
0,0,0
0,0,1
0,0,0
0,0,0
0,0,1
0,0,0
0,1,1
0,0,1
0,0,1
0,0,0
0,0,1
0,0,1
0,0,0
0,0,1
0,0,0
0,0,0
0,0,1
0,0,1
0,0,1
0,0,0
0,0.8371472,1
0,0,0
0,0,0
0,0,0
0,1,1
0,0,1
0,0,1
0,0.8581903,1
0,0,1
0,1,1
0,0,1
0,0,0
0,1,1
0,0,1
0,0,0
0,0,0
0,0,1
0,0,1
0,0,1
0,0,1
0,0,0
0,0,0
0,0,0
0,0,0
0,0,0
0,0,1
0,0,1
0,0,0
0,0,1
0,0,1
0,0,0
0,0,1
0,0,0
0,0,1
0,1,1
0,0,0
0,0,1
0,0,0
0,1,1
0,0,1
0,0,1
0,0,0
0,1,1
0,0,1
0,0,1
0,0,1
0,0,1
0,0,1
0,0,1
0,0,1
0,0,1
0,0,0
0,0.8586375,1
0,0,0
0,0,1
0,0,1
0,0,0
0,0.8658037,1
0,0,1
0,0.8590609,1
0,0,1
0,0,0
0,0,0
0,0,0
0,0,0
0,0,1
0,1,1
0,0,1
0,0,1
0,1,1
0,1,1
0,1,1
0,0,1
0,0,0
0,0,1
0,0.7123877,1
0,0,1
0,1,1
0,0,1
0,0,1
0,0,1
0,1,1
0,1,1
0,0,0
0,0,1
0,0,0
0,0,0
0,0,1
0,0,0
0,0.8644961,1
0,1,1
0,0.7706827,1
0,0,0
0,1,1
0,1,1
0,0,0
0,0,1
0,1,1
0,1,1
0,0,0
0,0,1
0,0,1
0,0,1
0,0,0
0,0,1
0,1,1
0,0,1
0,1,1
0,1,1
0,0,0
0,0,1
0,1,1
0,0,0
0,0,1
0,0,1
0,1,1
0,0,0
0,0,0
0,0,1
0,0,0
0,0,1
0,0,1
0,0,1
0,1,1
0,0,0
0,0,1
0,0.8619756,1
0,0,1
0,0,1
0,0,1
0,0.7555462,1
0,0,0
0,0,1
0,0,0
0,0,0
0,0,0
0,1,1
0,0,1
0,0,1
0,0,1
0,1,1
0,0,1
0,0,0
0,0.8631488,1
0,0,0
0,0,1
0,0,1
0,0,1
0,0,1
0,0,1
0,0,1
0,0,1
0,0,1
0,1,1
0,0,1
0,1,1
0,0,1
0,0,1
0,0,0
0,0,0
0,0,1
0,1,1
0,0,0
0,0.7022525,1
0,1,1
0,0,1
0,0,1
0,0,0
0,0,0
0,0,0
0,0,0
0,0,1
0,0,0
0,0,0
0,1,1
0,1,1
0,0,1
0,0,0
0,0,0
0,0,1
0,1,1
0,0,1
0,0,1
0,1,1
0,0.710824,1
0,0,1
0,1,1
0,0,0
0,0,1
0,0.8678941,1
0,0.8821768,1
0,0,1
0,1,1
0,1,1
0,1,1
0,1,1
0,0,1
0,0,1
0,0,0
0,1,1
0,1,1
0,0,0
0,1,1
0,0,1
0,0,1
0,1,1
0,0,0
0,0,1
0,0,1
0,0,1
0,0,0
0,0,1
0,0,1
0,0,0
0,0,0
0,0,0
0,1,1
0,0,1
0,0,0
0,0,0
0,0,0
0,0,1
0,0,0
0,0.7562603,1
0,0,1
0,0,0
0,1,1
0,0,1
0,0,1
0,0,1
0,0,1
0,0,0
0,0,1
0,0,0
0,0,0
0,0,1
0,0,1
0,0.8758405,1
0,0,0
0,1,1
0,0,1
0,1,1
0,0,1
0,0,1
0,0,1
0,0,0
0,0,0
0,0,0
0,0,1
0,0,1
0,0,1
0,0,0
0,0,1
0,1,1
0,1,1
0,0,0
0,0,0
0,0,0
0,1,1
0,1,1
0,0,1
0,0,1
0,0.7094389,1
0,0,0
0,1,1
0,1,1
0,0,0
0,0,1
0,0,0
0,0,1
0,0.8678318,1
0,0,1
0,0,0
0,0,0
0,0.8781025,1
0,1,1
0,0,0
0,0,1
0,0,0
0,0,1
0,0,0
0,0.7600586,1
0,0,0
0,0,1
0,1,1
0,0,1
0,0,1
0,0,1
0,0,0
0,1,1
0,1,1
0,0,1
0,0,0
0,0,1
0,0,1
0,0,1
0,0,1
0,0,1
0,0,1
0,0,1
0,0,0
0,0,1
0,0,1
0,1,1
0,0,0
0,0,1
0,0,0
0,0,1
0,1,1
0,0,0
0,0,1
0,0,1
0,0,0
0,1,1
0,0,0
0,0,1
0,0,0
0,0,1
0,0,0
0,1,1
0,0,1
0,0,1
0,0.7759126,1
0,0,1
0,0,1
0,0,0
0,0,1
0,0,1
0,0,0
0,0,0
0,0,0
0,0,1
0,0,0
0,0,0
0,0,1
0,0,1
0,0,1
0,0,1
0,1,1
0,0,1
0,0,0
0,0,1
0,0,1
0,1,1
0,1,1
0,0,0
0,0,0
0,1,1
0,0,0
0,0,0
0,0,1
0,0,1
0,0.984936,1
0,0,0
0,1,1
0,0,0
0,0,1
0,0,1
0,1,1
0,0,0
0,0,1
0,0,0
0,0,1
0,1,1
0,0.7624949,1
0,0.862765,1
0,0,1
0,0,0
0,0,0
0,0,1
0,0,1
0,1,1
0,1,1
0,0,1
0,0,1
0,1,1
0,0,0
0,0,1
0,0,0
0,1,1
0,0,0
0,0,1
0,0,0
0,0,0
0,0,0
0,0,0
0,0,1
0,0,0
0,1,1
0,0,1
0,1,1
0,0,0
0,1,1
0,0.8593638,1
0,0,1
0,0,1
0,0,1
0,1,1
0,0,1
0,0,1
0,0,1
0,0,1
0,0,1
0,0,1
0,0,0
0,0,0
0,0,1
0,0.7083775,1
0,0,1
0,0,0
0,0,1
0,0,0
0,0.8320345,1
0,0,0
0,0,1
0,0,1
0,0.8007197,1
0,0,0
0,0,1
0,0,0
0,0,0
0,1,1
0,0,1
0,0,0
0,0,0
0,0,0
0,1,1
0,1,1
0,1,1
0,0,0
0,0,0
0,0,0
0,0,1
0,0,0
0,0,0
0,0,1
0,0,1
0,0,0
0,0.8585262,1
0,0,1
0,0.862363,1
0,0.8037461,1
0,0.9120854,1
0,0,0
0,0,0
0,0,1
0,1,1
0,0,1
0,0,0
0,1,1
0,0,0
0,0,1
0,0,1
0,1,1
0,0.8697007,1
0,0,1
0,0,1
0,0,0
0,0,1
0,1,1
0,1,1
0,0,1
0,0,1
0,0,1
0,0.7661787,1
0,0,0
0,0,1
0,0,1
0,0,0
0,0,1
0,0,1
0,0,0
0,0,1
0,0.9037789,1
0,0,1
0,0,1
0,0,0
0,0,1
0,0,0
0,0,0
0,0,1
0,1,1
0,0,0
0,0,0
0,0,0
0,0,1
0,0,0
0,0,1
0,0.8714508,1
0,0.9200853,1
0,0.8262633,1
0,0,0
0,0,1
0,0,1
0,0,1
0,0,1
0,0,1
0,0,1
0,1,1
0,0,1
0,0,1
0,1,1
0,0,0
0,0.863603,1
0,0,1
0,1,1
0,0,1
0,0,1
0,0,0
0,1,1
0,1,1
0,0,1
0,0,0
0,0,0
0,1,1
0,0,1
0,1,1
0,1,1
0,0,0
0,1,1
0,0,1
0,1,1
0,0,0
0,0,0
0,0,0
0,0,1
0,0,1
0,0,1
0,0,0
0,1,1
0,0,0
0,0,0
0,1,1
0,0,1
0,0,1
0,1,1
0,0,1
0,0,1
0,0.8600427,1
0,0,1
0,0,1
0,0,1
0,0,1
0,0,1
0,1,1
0,1,1
0,1,1
0,1,1
0,1,1
0,0,1
0,1,1
0,0,0
0,0,1
0,0,0
0,1,1
0,0,1
0,0,1
0,0,1
0,0,1
0,0,1
0,0,0
0,0,1
0,0,0
0,0,1
0,1,1
0,0,1
0,0,1
0,0,0
0,1,1
0,0,1
0,1,1
0,0,1
0,1,1
0,1,1
0,0,0
0,0,1
0,1,1
0,0,0
0,0,0
0,1,1
0,0,0
0,0,1
0,1,1
0,0,0
0,1,1
0,0,0
0,0,1
0,0,0
0,0,1
0,0,1
0,0,0
0,0.8134671,1
0,0,1
0,0,1
0,1,1
0,0,1
0,0,1
0,0,0
0,1,1
0,0,1
0,0,0
0,1,1
0,1,1
0,1,1
0,0.8516806,1
0,1,1
0,0,1
0,0,0
0,1,1
0,0,1
0,0.865033,1
0,1,1
0,1,1
0,0,1
0,0,1
0,0,0
0,1,1
0,0,1
0,0,1
0,0,1
0,0,1
0,0.867293,1
0,0,1
0,1,1
0,0.8655864,1
0,0,1
0,0,1
0,0,0
0,0,1
0,0,1
0,0,1
0,0.8641894,1
0,0,1
0,0,1
0,0,1
0,1,1
0,0.8568748,1
0,0,1
0,0,1
0,0,0
0,0,1
0,0,1
0,0,1
0,0,1
0,0,1
0,1,1
0,0,1
0,0,1
0,1,1
0,1,1
0,0,0
0,1,1
0,0,1
0,0,1
0,0,1
0,0,0
0,0.8758733,1
0,1,1
0,0,0
0,1,1
0,0,1
0,0,1
0,0,1
0,0,1
0,0,0
0,1,1
0,0.7650644,1
0,0,1
0,1,1
0,1,1
0,0,0
0,0,1
0,0,0
0,1,1
0,1,1
0,1,1
0,0,1
0,0,1
0,0,1
0,0,0
0,1,1
0,0,0
0,0,1
0,0,1
0,0,1
0,0,0
0,0,1
0,0,1
0,0,1
0,0,0
0,1,1
0,0,1
0,0,0
0,0,1
0,0,0
0,1,1
0,0,1
0,1,1
0,1,1
0,0,1
0,1,1
0,1,1
0,0,0
0,0,0
0,0.865744,1
0,1,1
0,0,1
0,0.8647305,1
0,1,1
0,1,1
0,0,1
0,0,1
0,0,1
0,0,0
0,0,1
0,0,1
0,0,1
0,0,0
0,0,0
0,0.7938844,1
0,0,1
0,1,1
0,0,0
0,0.871984,1
0,0.8535851,1
0,1,1
0,0,1
0,0,1
0,0,1
0,0,0
0,0,1
0,0.8615086,1
0,0,1
0,0,1
0,0,0
0,0,0
0,0,1
0,0,1
0,0,1
0,0,1
0,0,1
0,0,0
0,0,0
0,1,1
0,1,1
0,0,1
0,0,0
0,0,0
0,0.8963637,1
0,0,1
0,1,1
0,0,1
0,0,0
0,0,1
0,0,1
0,0.7707465,1
0,0.9151634,1
0,1,1
0,0,1
0,1,1
0,1,1
0,0,1
0,1,1
0,0,1
0,1,1
0,0,0
0,0,1
0,1,1
0,0,0
0,1,1
0,1,1
0,1,1
0,0.8041189,1
0,0,1
0,1,1
0,0.8568971,1
0,1,1
0,1,1
0,0,1
0,1,1
0,0,1
0,0,0
0,0,1
0,0,1
0,0,0
0,0,1
0,1,1
0,1,1
0,1,1
0,1,1
0,0,0
0,0,1
0,0,1
0,0,0
0,0,1
0,1,1
0,0,1
0,0,1
0,0,1
0,0,0
0,0,0
0,0,1
0,1,1
0,0.71659,1
0,0,0
0,1,1
0,0,1
0,1,1
0,0,0
0,0,1
0,1,1
0,1,1
0,0,1
0,0,1
0,1,1
0,0,0
0,0,1
0,0.7954333,1
0,0,0
0,0,1
0,0,0
0,0,0
0,0,1
0,0,1
0,0,0
0,0,0
0,0,0
0,1,1
0,0,1
0,0,1
0,0,0
0,1,1
0,1,1
0,0,0
0,1,1
0,0,1
0,0.8616706,1
0,1,1
0,0.8680645,1
0,0,1
0,0,0
0,0,0
0,0,1
0,1,1
0,0,1
0,0,1
0,0,0
0,0.8649555,1
0,0,1
0,1,1
0,0,1
0,1,1
0,0,1
0,1,1
0,0,1
0,0,1
0,0,1
0,0,0
0,0,0
0,1,1
0,1,1
0,1,1
0,1,1
0,0,1
0,0,1
0,0,1
0,0,1
0,0,1
0,0,1
0,0,0
0,0,0
0,0,0
0,0,0
0,0,1
0,0.7293078,1
0,1,1
0,0,0
0,0,1
0,0,1
0,0,0
0,0,1
0,0,0
0,1,1
0,0,0
0,0,0
0,0,0
0,0,0
0,0,0
0,1,1
0,0.8554527,1
0,0,0
0,0,1
0,0,1
0,0,1
0,0,1
0,0,0
0,0,1
0,0,0
0,0,0
0,0,1
0,0,1
0,0,1
0,0,1
0,0,0
0,0,1
0,1,1
0,0,1
0,0,1
0,0,0
0,1,1
0,0,0
0,0.8176432,1
0,0.732098,1
0,1,1
0,0,0
0,0,1
0,0,1
0,1,1
0,1,1
0,0,1
0,0,1
0,1,1
0,0,0
0,0,1
0,0,1
0,1,1
0,0,1
0,0.8574703,1
0,1,1
0,1,1
0,0,1
0,0,1
0,0,1
0,0,1
0,0,1
0,0,0
0,0,1
0,1,1
0,0,0
0,1,1
0,0.8639175,1
0,1,1
0,0,0
0,0,1
0,0,0
0,0,1
0,1,1
0,0.7564379,1
0,1,1
0,1,1
0,0,1
0,0,1
0,0,0
0,0.8580183,1
0,1,1
0,0,0
0,0,1
0,1,1
0,0,1
0,0,1
0,0,1
0,0,1
0,0,1
0,0,0
0,0,1
0,0,0
0,0,0
0,1,1
0,0,1
0,0.7093533,1
0,1,1
0,1,1
0,0,1
0,0,1
0,1,1
0,0,0
0,0,1
0,0.8620018,1
0,0,1
0,1,1
0,0,1
0,0,1
0,0,1
0,0,1
0,1,1
0,0.7901862,1
0,0,0
0,0,1
0,0,1
0,0,0
0,0,0
0,1,1
0,0,0
0,0,0
0,0,0
0,0,0
0,0,1
0,0.8624536,1
0,0,0
0,0,1
0,0,0
0,0,0
0,1,1
0,0,1
0,0,1
0,1,1
0,0,1
0,0,1
0,0,1
0,1,1
0,0,1
0,0,1
0,1,1
0,0,1
0,0,1
0,0,0
0,1,1
0,0,0
0,0,0
0,0,1
0,0,0
0,0,1
0,0,1
0,0,0
0,0,1
0,1,1
0,0,0
0,0,1
0,1,1
0,0,1
0,0,1
0,0.8808737,1
0,0,1
0,0,0
0,0,0
0,0,1
0,0,1
0,0,0
0,0,1
0,0,1
0,0,1
0,0.7711217,1
0,0,1
0,0,1
0,1,1
0,0,1
0,0,1
0,0,0
0,0,1
0,0,1
0,0,1
0,0,1
0,1,1
0,0,1
0,0,1
0,0,1
0,0,0
0,0,0
0,1,1
0,0,1
0,0.8908926,1
0,1,1
0,0,0
0,0,1
0,1,1
0,1,1
0,0,0
0,0,1
0,1,1
0,0,1
0,0,1
0,0,0
0,0,0
0,0,0
0,0,1
0,0,1
0,0,0
0,0,1
0,0,0
0,1,1
0,1,1
0,0,1
0,1,1
0,0.8544546,1
0,0,1
0,0,1
0,0,1
0,0,0
0,0,0
0,0,1
0,0,0
0,0,1
0,0,1
0,0,1
0,0,1
0,0,0
0,0.7994086,1
0,1,1
0,0,0
0,0,0
0,0,0
0,0,0
0,0,0
0,0.7231727,1
0,0,1
0,0,0
0,0.8756741,1
0,0,1
0,1,1
0,1,1
0,0,0
0,0,1
0,0.863309,1
0,0,1
0,0,1
0,0,1
0,1,1
0,0,0
0,0,1
0,0,1
0,0,1
0,0,1
0,1,1
0,0,1
0,0,1
0,1,1
0,0,0
0,1,1
0,0,0
0,0,1
0,1,1
0,0,0
0,0,1
0,0,0
0,0,1
0,0,1
0,0,1
0,0,1
0,1,1
0,0,1
0,1,1
0,1,1
0,0,1
0,0,1
0,0,1
0,0,1
0,0.7626983,1
0,0,1
0,0,1
0,1,1
0,0,1
0,0,0
0,0,1
0,0,1
0,1,1
0,0,1
0,0,1
0,0,1
0,0,0
0,0,1
0,1,1
0,0,0
0,0,0
0,0,1
0,0,0
0,0,1
0,0,1
0,1,1
0,1,1
0,0,1
0,0,0
0,0,0
0,0,1
0,0,1
0,0,1
0,0,1
0,0,1
0,0.7559987,1
0,0,1
0,1,1
0,0,0
0,0,1
0,0,1
0,1,1
0,0,1
0,0,0
0,0,1
0,1,1
0,1,1
0,1,1
0,0,1
0,1,1
0,0,1
0,0,0
0,0.8650998,1
0,0,1
0,0,1
0,0.8666688,1
0,0.7480217,1
0,0,1
0,0,0
0,0,1
0,0,0
0,0,0
0,0,1
0,0,0
0,0,1
0,1,1
0,0,0
0,1,1
0,0,1
0,0,0
0,0,1
0,0,1
0,0,0
0,0,0
0,0,0
0,1,1
0,0,1
0,0.8586587,1
0,0,1
0,0,0
0,0.756689,1
0,1,1
0,0,0
0,0,1
0,0,1
0,0,1
0,0,0
0,0,1
0,0,1
0,1,1
0,0,1
0,0,1
0,1,1
0,0,1
0,1,1
0,0,1
0,0,1
0,0,1
0,0,0
0,0,0
0,0,1
0,0,1
0,1,1
0,0,1
0,0,1
0,0,1
0,0,1
0,1,1
0,1,1
0,0,0
0,0,1
0,0,1
0,0,1
0,1,1
0,0,0
0,1,1
0,0,1
0,0,0
0,0,0
0,0,0
0,0,1
0,0.7865158,1
0,1,1
0,0,0
0,0.8669933,1
0,0,0
0,1,1
0,0,1
0,0,1
0,0.7078425,1
0,0,1
0,0,1
0,1,1
0,1,1
0,0,0
0,0.8578299,1
0,1,1
0,0.7194599,1
0,0,1
0,1,1
0,0,1
0,0,1
0,0,1
0,1,1
0,0,0
0,0,0
0,0,1
0,0,1
0,0,0
0,1,1
0,0,1
0,0,0
0,0,1
0,1,1
0,1,1
0,0,1
0,1,1
0,1,1
0,0,0
0,0,1
0,1,1
0,0,1
0,1,1
0,0,1
0,0,0
0,0,1
0,0,1
0,0,1
0,0.9521161,1
0,0,1
0,0,1
0,1,1
0,0,0
0,0.7995238,1
0,1,1
0,0,0
0,1,1
0,1,1
0,1,1
0,0,1
0,1,1
0,0,1
0,0,1
0,0,0
0,0,1
0,0,1
0,0,1
0,0,1
0,0,1
0,0,0
0,1,1
0,0,0
0,0,1
0,0,0
0,0,1
0,0,0
0,0,0
0,0,0
0,0,1
0,1,1
0,0,1
0,1,1
0,0,1
0,0,1
0,0.8580207,1
0,0,0
0,0,1
0,0,0
0,1,1
0,1,1
0,0,1
0,0,1
0,0,1
0,0,0
0,1,1
0,0,1
0,0,1
0,0.7069734,1
0,0,0
0,0,1
0,1,1
0,0,0
0,1,1
0,0,0
0,1,1
0,1,1
0,0,1
0,1,1
0,0,1
0,1,1
0,0,1
0,0,0
0,1,1
0,0,0
0,0,1
0,0,1
0,0,0
0,0,0
0,0.8637151,1
0,0.8654898,1
0,0,1
0,0.8665096,1
0,0,1
0,1,1
0,0,0
0,0,0
0,0,1
0,0.8654788,1
0,0,1
0,0,1
0,0,1
0,0,1
0,0,1
0,0,1
0,0.7527952,1
0,0,1
0,0,1
0,1,1
0,0,0
0,0,1
0,0,1
0,0,1
0,0,1
0,1,1
0,0,1
0,0,1
0,0,1
0,0,0
0,0,0
0,0,1
0,1,1
0,0,1
0,0,0
0,0,1
0,0,0
0,1,1
0,0,1
0,0,0
0,0,0
0,0,1
0,1,1
0,0,0
0,0,1
0,1,1
0,0,1
0,0,1
0,0,1
0,0,1
0,1,1
0,0,0
0,1,1
0,0,0
0,0,0
0,0,1
0,0,1
0,0,1
0,0,1
0,1,1
0,0,1
0,1,1
0,0,1
0,1,1
0,0,0
0,0,1
0,0,1
0,0,1
0,0,1
0,1,1
0,1,1
0,0,0
0,1,1
0,0,1
0,0,1
0,0,1
0,0,0
0,0,1
0,1,1
0,0,1
0,1,1
0,1,1
0,0,1
0,0,1
0,0,1
0,1,1
0,0,0
0,0,0
0,0.855225,1
0,0,0
0,0,0
0,0.8042859,1
0,1,1
0,0,0
0,1,1
0,1,1
0,0,1
0,0,1
0,0,1
0,0.8690042,1
0,0,0
0,0,1
0,1,1
0,0,1
0,0,1
0,1,1
0,0,1
0,0,0
0,0,1
0,1,1
0,0,0
0,1,1
0,0,1
0,0,1
0,0,1
0,0,1
0,1,1
0,0,1
0,0,0
0,1,1
0,0,0
0,0.7374018,1
0,1,1
0,1,1
0,0,0
0,0,1
0,0,0
0,0,1
0,1,1
0,1,1
0,1,1
0,1,1
0,1,1
0,0,0
0,0,0
0,1,1
0,1,1
0,1,1
0,0,1
0,1,1
0,1,1
0,0,1
0,0,1
0,0,1
0,0,1
0,0,1
0,0,1
0,0,0
0,0,0
0,0.8583356,1
0,1,1
0,0.8614365,1
0,0,1
0,1,1
0,1,1
0,0,0
0,0.863242,1
0,0,0
0,0,0
0,0,0
0,0,0
0,1,1
0,1,1
0,0.8626924,1
0,0,1
0,0,1
0,0.7529646,1
0,1,1
0,1,1
0,1,1
0,0,1
0,0,1
0,0,0
0,0,1
0,0,1
0,0,0
0,0,0
0,0,1
0,0,1
0,1,1
0,1,1
0,0.8587445,1
0,1,1
0,1,1
0,1,1
0,0,1
0,1,1
0,1,1
0,1,1
0,0,0
0,0.8749419,1
0,0,0
0,1,1
0,1,1
0,0,1
0,0,1
0,0,1
0,0,0
0,0,0
0,0,1
0,0,1
0,1,1
0,0.8624333,1
0,0.8392663,1
0,0,1
0,0,0
0,0,1
0,1,1
0,1,1
0,0,1
0,1,1
0,0,0
0,0,0
0,0,1
0,0,0
0,1,1
0,1,1
0,1,1
0,0,1
0,0,1
0,1,1
0,0,0
0,0,1
0,0,1
0,1,1
0,1,1
0,0,1
0,0,1
0,0,1
0,1,1
0,0,0
0,0.8680073,1
0,0,0
0,0,1
0,1,1
0,0.8587688,1
0,0,0
0,1,1
0,0,1
0,0.7694638,1
0,1,1
0,1,1
0,0,1
0,1,1
0,0,1
0,0,1
0,0,1
0,1,1
0,0,0
0,0.8638021,1
0,1,1
0,0.830403,1
0,1,1
0,0.8682119,1
0,0,1
0,0,1
0,0,1
0,0.8600866,1
0,0,0
0,0,1
0,0,1
0,0.8642546,1
0,0,1
0,0,0
0,0,1
0,0,1
0,1,1
0,0,0
0,1,1
0,0,1
0,0,1
0,0,1
0,1,1
0,0,0
0,1,1
0,0.8585149,1
0,0.8964623,1
0,0,1
0,0,1
0,0.8585073,1
0,1,1
0,1,1
0,0,1
0,0,0
0,0,1
0,0,1
0,1,1
0,0.8112898,1
0,0,0
0,0,0
0,0,1
0,0.8057278,1
0,1,1
0,0,1
0,1,1
0,0,1
0,0,1
0,0,1
0,0,1
0,1,1
0,0.8624154,1
0,0,1
0,1,1
0,0,1
0,1,1
0,1,1
0,0,1
0,0,1
0,0,0
0,0,1
0,0,1
0,1,1
0,0,1
0,0,0
0,0,0
0,0,1
0,0,1
0,1,1
0,0,1
0,0,0
0,1,1
0,0.8712022,1
0,1,1
0,0,1
0,0.7974075,1
0,0.863994,1
0,0,1
0,0,1
0,1,1
0,0,1
0,0.8086374,1
0,0.8666908,1
0,0,0
0,1,1
0,0,1
0,0,0
0,0,1
0,1,1
0,1,1
0,1,1
0,0,1
0,0,0
0,0,1
0,0,1
0,0,1
0,0,1
0,0.85685,1
0,1,1
0,0,1
0,0,1
0,0,0
0,0,1
0,0,0
0,0,0
0,0,1
0,1,1
0,1,1
0,1,1
0,0,1
0,0,1
0,0,1
0,1,1
0,0,1
0,1,1
0,1,1
0,1,1
0,1,1
0,0,1
0,0,1
0,0,1
0,0,1
0,0,0
0,0,1
0,0,1
0,0,1
0,1,1
0,0.8682568,1
0,1,1
0,0,0
0,0,1
0,0,1
0,0,1
0,0,1
0,0.8380054,1
0,0,0
0,1,1
0,1,1
0,0,1
0,0,1
0,0,0
0,0,1
0,1,1
0,0.856777,1
0,0,1
0,1,1
0,0,1
0,0,1
0,1,1
0,1,1
0,0,1
0,0,1
0,0,1
0,0,1
0,0,1
0,1,1
0,0,1
0,0,1
0,0,1
0,0,1
0,0.8792138,1
0,0,0
0,1,1
0,1,1
0,1,1
0,1,1
0,1,1
0,0.7996582,1
0,1,1
0,0,1
0,1,1
0,0,1
0,0,0
0,0,0
0,0,1
0,1,1
0,1,1
0,1,1
0,0,1
0,1,1
0,1,1
0,0.8581682,1
0,0,1
0,1,1
0,0,1
0,1,1
0,0,1
0,0.7499651,1
0,0.8608083,1
0,0.8669795,1
0,0,1
0,0,1
0,0,1
0,0,1
0,0,0
0,1,1
0,0,0
0,0,0
0,0,1
0,0,1
0,1,1
0,0,1
0,0,1
0,0,1
0,1,1
0,0,1
0,0,0
0,0,0
0,0,0
0,0,1
0,1,1
0,0,1
0,1,1
0,0,0
0,1,1
0,0,0
0,1,1
0,0,1
0,1,1
0,0,0
0,0,1
0,0,1
0,0,1
0,0,0
0,0,0
0,1,1
0,0,1
0,0,1
0,0,1
0,1,1
0,0.7952455,1
0,0,1
0,0,1
0,0,0
0,0,0
0,0,0
0,0.7952503,1
0,1,1
0,1,1
0,0,1
0,1,1
0,0,1
0,0,1
0,0.8622261,1
0,0,1
0,1,1
0,0,1
0,0,0
0,1,1
0,0.8787471,1
0,0,1
0,1,1
0,0,1
0,0,0
0,0,0
0,1,1
0,0,1
0,0,1
0,0,0
0,0,0
0,1,1
0,0,1
0,0,1
0,0.7830158,1
0,0,1
0,0,1
0,0,1
0,1,1
0,0,1
0,0.8735183,1
0,1,1
0,0,1
0,0,1
0,0,0
0,0,1
0,1,1
0,0,1
0,0.8594534,1
0,0,0
0,1,1
0,0,1
0,0,1
0,0,1
0,1,1
0,0,1
0,1,1
0,0,1
0,1,1
0,0,1
0,0,1
0,1,1
0,1,1
0,1,1
0,0,1
0,0,1
0,0,1
0,1,1
0,0,0
0,0,0
0,1,1
0,1,1
0,0,0
0,0.905954,1
0,1,1
0,0,0
0,0,0
0,0,0
0,0,1
0,0,0
0,1,1
0,0.7465185,1
0,0,1
0,1,1
0,1,1
0,1,1
0,0,1
0,0,0
0,0,1
0,0,1
0,1,1
0,0,1
0,0,0
0,0,1
0,1,1
0,0,1
0,0,0
0,0,0
0,0,1
0,0,1
0,0,1
0,1,1
0,1,1
0,0,0
0,1,1
0,0,0
0,1,1
0,0,1
0,0,0
0,0,0
0,1,1
0,0,1
0,0,1
0,1,1
0,1,1
0,0,1
0,1,1
0,0,1
0,0,0
0,1,1
0,0,1
0,0,0
0,0,1
0,0,1
0,0.8661237,1
0,0,0
0,0,0
0,0,1
0,1,1
0,1,1
0,0,1
0,0.7929407,1
0,0,0
0,1,1
0,0,0
0,0.8978915,1
0,1,1
0,0,0
0,1,1
0,0,1
0,1,1
0,0,1
0,1,1
0,0,1
0,0,1
0,0,1
0,1,1
0,1,1
0,0,1
0,0,1
0,0,0
0,0,1
0,0,1
0,0,0
0,0,1
0,0.8748305,1
0,1,1
0,1,1
0,1,1
0,0,1
0,0,1
0,1,1
0,0,1
0,0,1
0,0,1
0,0,1
0,0.862307,1
0,0,0
0,0,0
0,0,1
0,0,1
0,0,1
0,0,1
0,0,0
0,1,1
0,0,0
0,0,0
0,0,0
0,0,1
0,1,1
0,1,1
0,0,0
0,0.8600541,1
0,0.8614236,1
0,0,1
0,0,1
0,0,0
0,0,1
0,0,1
0,0,1
0,0,0
0,1,1
0,0.8707575,1
0,0,1
0,0,1
0,0,1
0,0,0
0,0,1
0,0,1
0,0,1
0,0,1
0,0,1
0,0,1
0,1,1
0,0,1
0,1,1
0,1,1
0,0,0
0,1,1
0,0,1
0,0,1
0,0,1
0,1,1
0,1,1
0,1,1
0,0,0
0,0,0
0,0,1
0,1,1
0,0,0
0,0,0
0,1,1
0,0,1
0,0.8844779,1
0,1,1
0,0,1
0,0,0
0,0.8656693,1
0,0,1
0,0,1
0,1,1
0,0,0
0,1,1
0,0,1
0,1,1
0,0,1
0,0,0
0,0,1
0,0,1
0,0,1
0,1,1
0,1,1
0,0,0
0,0,1
0,0,1
0,0,1
0,0.809312,1
0,0,0
0,0,0
0,0,0
0,1,1
0,0,1
0,0,0
0,1,1
0,0,1
0,0,1
0,1,1
0,0,0
0,0,0
0,0,1
0,1,1
0,0.849063,1
0,0,0
0,0,0
0,0,0
0,0,1
0,0,1
0,0.8577911,1
0,1,1
0,0,1
0,0,1
0,0,1
0,0,1
0,0.8635169,1
0,0,1
0,0,0
0,1,1
0,0,1
0,1,1
0,0.8616618,1
0,1,1
0,1,1
0,0,1
0,0,0
0,0,1
0,0,0
0,0,1
0,0,1
0,1,1
0,0,1
0,0,0
0,0.8600549,1
0,0,0
0,0,1
0,1,1
0,0,0
0,0,0
0,1,1
0,0,1
0,0,1
0,1,1
0,0,1
0,1,1
0,0.8751198,1
0,0,1
0,1,1
0,0,1
0,0,1
0,0,1
0,0,1
0,0.8577079,1
0,0,0
0,0.8612083,1
0,0,1
0,1,1
0,0,1
0,0.8583091,1
0,0,0
0,1,1
0,0,0
0,0,1
0,1,1
0,0,0
0,0,1
0,0,0
0,0,1
0,1,1
0,0,0
0,0,1
0,0.8650343,1
0,1,1
0,0,0
0,0,0
0,0,1
0,0.85826,1
0,0,1
0,1,1
0,0,0
0,0,1
0,0,0
0,0,1
0,0,0
0,0,0
0,1,1
0,0,0
0,0,1
0,0,1
0,1,1
0,0,0
0,0,1
0,0,0
0,0,1
0,0,0
0,1,1
0,0,0
0,0,1
0,1,1
0,0,1
0,0,1
0,0,1
0,0,1
0,0,0
0,0,1
0,1,1
0,0,1
0,0,1
0,0,0
0,1,1
0,0,1
0,0,0
0,0,1
0,0,1
0,0,1
0,0,1
0,1,1
0,0,1
0,1,1
0,0,1
0,1,1
0,0,1
0,0.8612491,1
0,1,1
0,1,1
0,1,1
0,0,1
0,0.8654448,1
0,0,1
0,0,0
0,0,0
0,1,1
0,1,1
0,0,1
0,0,0
0,0.873978,1
0,0,1
0,0,0
0,0,1
0,1,1
0,0,1
0,0,1
0,0.9048276,1
0,1,1
0,0,1
0,0,1
0,0,0
0,0,0
0,1,1
0,0,0
0,0,1
0,0,1
0,0,1
0,1,1
0,0,1
0,0,0
0,1,1
0,0.8660556,1
0,0,1
0,0,1
0,1,1
0,1,1
0,0,0
0,0,1
0,0,1
0,0,1
0,0,0
0,0,1
0,0,1
0,0,1
0,0,0
0,0,1
0,0,1
0,0,1
0,0,0
0,1,1
0,1,1
0,0,1
0,1,1
0,0,1
0,0,1
0,1,1
0,1,1
0,0,0
0,0.85611,1
0,1,1
0,1,1
0,1,1
0,0,0
0,0,0
0,1,1
0,0,1
0,1,1
0,0,0
0,0,0
0,0,0
0,0,1
0,0,0
0,0,0
0,0,1
0,0,0
0,0,1
0,1,1
0,0,1
0,0,1
0,0,1
0,1,1
0,0,0
0,0,1
0,1,1
0,0,1
0,0,1
0,1,1
0,1,1
0,0,1
0,0,0
0,0,1
0,0,0
0,1,1
0,0,0
0,0.7818321,1
0,0.90299,1
0,1,1
0,0,1
0,0,1
0,0,1
0,0,1
0,0,1
0,1,1
0,0,1
0,0,0
0,0,1
0,0,1
0,0,1
0,1,1
0,0,1
0,0,0
0,1,1
0,0,1
0,0,1
0,0,1
0,0,1
0,1,1
0,0,0
0,1,1
0,1,1
0,0.7796323,1
0,0,1
0,1,1
0,1,1
0,0,1
0,0.7180454,1
0,0,1
0,1,1
0,0.8640943,1
0,0,0
0,0,1
0,1,1
0,0,1
0,1,1
0,0.7405627,1
0,0,0
0,0,1
0,0,1
0,0,1
0,0,1
0,1,1
0,0,0
0,1,1
0,0,0
0,0,1
0,0,1
0,1,1
0,0,1
0,1,1
0,1,1
0,0,0
0,0.8629006,1
0,0,0
0,0,1
0,0,0
0,0,1
0,1,1
0,0,1
0,0,1
0,0,1
0,0,1
0,0,0
0,1,1
0,0.8467015,1
0,1,1
0,1,1
0,0.8591875,1
0,0,0
0,1,1
0,0,1
0,0,1
0,0.8596545,1
0,0,0
0,1,1
0,1,1
0,0,0
0,0,0
0,0,1
0,1,1
0,0.7561786,1
0,0,0
0,0,0
0,0.8603779,1
0,1,1
0,0,0
0,0,1
0,0,0
0,0,0
0,0.8727483,1
0,1,1
0,0,1
0,0.7154275,1
0,0.8747205,1
0,0,1
0,0,1
0,0,1
0,0,1
0,0,1
0,0,0
0,0,0
0,0,1
0,1,1
0,0,1
0,0.8112983,1
0,0,1
0,1,1
0,1,1
0,1,1
0,0,0
0,0,1
0,0,1
0,1,1
0,0,0
0,0,1
0,1,1
0,0,1
0,1,1
0,0,1
0,0,1
0,1,1
0,1,1
0,0,1
0,0,0
0,0,1
0,0.8593385,1
0,1,1
0,0,0
0,0,0
0,0,0
0,0,1
0,0,1
0,0,0
0,0,0
0,0,0
0,1,1
0,1,1
0,1,1
0,0,1
0,1,1
0,1,1
0,0,1
0,0.858777,1
0,0,1
0,0,1
0,0.8698853,1
0,0,1
0,0,0
0,0,1
0,1,1
0,1,1
0,0,1
0,1,1
0,1,1
0,1,1
0,1,1
0,1,1
0,0,1
0,0,0
0,0,1
0,0,1
0,1,1
0,0,1
0,1,1
0,0,1
0,0,1
0,0,1
0,0,1
0,0,0
0,1,1
0,0,1
0,0.7689368,1
0,0,0
0,1,1
0,1,1
0,1,1
0,0,1
0,0,1
0,1,1
0,0,1
0,0,0
0,0,1
0,0,0
0,1,1
0,0,0
0,0,1
0,0,1
0,1,1
0,0.8666252,1
0,1,1
0,0,0
0,0,1
0,1,1
0,0,1
0,0,0
0,0,0
0,1,1
0,1,1
0,0,1
0,1,1
0,0,1
0,0.8556242,1
0,0,1
0,0,1
0,1,1
0,0,1
0,0,1
0,0,1
0,1,1
0,0,1
0,1,1
0,0.859678,1
0,1,1
0,1,1
0,1,1
0,1,1
0,0,1
0,0.7596842,1
0,0,1
0,0,0
0,0,0
0,1,1
0,0,0
0,1,1
0,1,1
0,1,1
0,1,1
0,1,1
0,0,0
0,1,1
0,1,1
0,1,1
0,1,1
0,0,1
0,1,1
0,1,1
0,0,1
0,0,1
0,0,1
0,0,0
0,0,0
0,0,0
0,1,1
0,0,1
0,0,1
0,1,1
0,0,1
0,1,1
0,0.7086265,1
0,0,1
0,0,0
0,0.8589629,1
0,0,1
0,0,1
0,1,1
0,0,1
0,1,1
0,0,1
0,0,1
0,0,0
0,0,0
0,0.9671675,1
0,0,1
0,0,0
0,0,1
0,0.8543798,1
0,1,1
0,0,1
0,0,1
0,1,1
0,1,1
0,1,1
0,0,1
0,0,1
0,0,1
0,0,1
0,0,1
0,0,1
0,0,1
0,0,1
0,0,0
0,1,1
0,0,1
0,0,0
0,1,1
0,1,1
0,1,1
0,1,1
0,0,1
0,0,0
0,0.8772776,1
0,0,1
0,0,1
0,1,1
0,1,1
0,0.7076005,1
0,0,1
0,0.8789191,1
0,1,1
0,0,1
0,0,1
0,0,1
0,0,0
0,0,1
0,0,1
0,1,1
0,1,1
0,1,1
0,1,1
0,0.8561622,1
0,0,0
0,1,1
0,0.8618017,1
0,1,1
0,0,1
0,0,1
0,1,1
0,0,1
0,1,1
0,0,1
0,1,1
0,1,1
0,0.8507352,1
0,0,1
0,0,1
0,1,1
0,0,0
0,1,1
0,0,1
0,0,1
0,0,1
0,0,1
0,1,1
0,0,1
0,0,0
0,0,0
0,0,1
0,0,1
0,1,1
0,0,1
0,0,1
0,0,1
0,0,1
0,0.8681651,1
0,0,0
0,0,1
0,0,0
0,0,1
0,0,1
0,1,1
0,0,1
0,0,0
0,0,1
0,0,1
0,1,1
0,0,1
0,1,1
0,1,1
0,0,0
0,0,1
0,0,0
0,0,1
0,1,1
0,0,0
0,1,1
0,0,1
0,0.9903895,1
0,0,0
0,0,1
0,0,1
0,1,1
0,0,1
0,0,1
0,0,0
0,1,1
0,0.8861903,1
0,1,1
0,0,1
0,1,1
0,1,1
0,0,0
0,1,1
0,0,1
0,0,0
0,0,0
0,0,1
0,1,1
0,0,1
0,0,1
0,1,1
0,1,1
0,0,1
0,0,0
0,1,1
0,0,1
0,1,1
0,0,0
0,1,1
0,0,0
0,1,1
0,0,1
0,0,1
0,0,1
0,0,0
0,1,1
0,0,1
0,0,0
0,0,0
0,0,1
0,0.741613,1
0,0,1
0,0,1
0,0,1
0,0,0
0,1,1
0,1,1
0,0.8656293,1
0,1,1
0,0,0
0,0,1
0,1,1
0,0,0
0,1,1
0,0,1
0,0,1
0,0,1
0,1,1
0,0,1
0,0,1
0,0.8616984,1
0,1,1
0,0,1
0,0,1
0,1,1
0,0,1
0,0.8582724,1
0,0,0
0,0,1
0,0,1
0,0,0
0,0,1
0,0,1
0,0,1
0,0,1
0,1,1
0,0,1
0,1,1
0,1,1
0,0,1
0,1,1
0,0,1
0,0,1
0,0,1
0,0,1
0,0,0
0,0,0
0,0.8583256,1
0,0,1
0,1,1
0,0,1
0,0,1
0,0,1
0,0,1
0,1,1
0,1,1
0,0,1
0,0,1
0,0,1
0,1,1
0,0,1
0,0,1
0,1,1
0,1,1
0,0,0
0,0,1
0,0,1
0,0,0
0,1,1
0,0,1
0,0,0
0,0,1
0,0,1
0,0,0
0,0.8660258,1
0,0,0
0,0,1
0,0,0
0,0,0
0,1,1
0,1,1
0,0,0
0,0,0
0,0.8581098,1
0,1,1
0,0,1
0,0,1
0,1,1
0,0.8586513,1
0,1,1
0,1,1
0,1,1
0,0,1
0,0,1
0,0,1
0,1,1
0,0,1
0,1,1
0,1,1
0,1,1
0,1,1
0,0,0
0,1,1
0,0,1
0,0,1
0,0,0
0,0,1
0,0,1
0,0,1
0,0,1
0,0,0
0,1,1
0,1,1
0,1,1
0,1,1
0,1,1
0,0,1
0,1,1
0,1,1
0,0,1
0,0.8588253,1
0,0,1
0,1,1
0,1,1
0,1,1
0,1,1
0,0,1
0,0.8643447,1
0,0,1
0,0,1
0,1,1
0,0,1
0,0,0
0,1,1
0,0,0
0,1,1
0,0.9669191,1
0,0,1
0,0,1
0,0,1
0,0,1
0,0,0
0,1,1
0,0.8558799,1
0,0.8595327,1
0,0,1
0,0,1
0,0,1
0,0,1
0,0,1
0,0,1
0,0,1
0,0,0
0,0,1
0,0,1
0,0,1
0,0,1
0,0,1
0,0,1
0,1,1
0,1,1
0,0,1
0,1,1
0,0,1
0,0,1
0,0,0
0,1,1
0,1,1
0,0,1
0,0,1
0,0,0
0,0,1
0,1,1
0,0,0
0,0,0
0,1,1
0,0,1
0,0,1
0,0,1
0,0,1
0,1,1
0,1,1
0,1,1
0,0,0
0,0,0
0,1,1
0,1,1
0,0,0
0,1,1
0,1,1
0,0.75518,1
0,0,1
0,0,1
0,0.8945545,1
0,0,1
0,0,1
0,0,1
0,0,1
0,1,1
0,0,1
0,0,1
0,1,1
0,0,1
0,0,1
0,0.8633157,1
0,1,1
0,0,1
0,0,0
0,0,0
0,0,0
0,1,1
0,1,1
0,0,1
0,1,1
0,0.8686341,1
0,1,1
0,1,1
0,0,1
0,0,1
0,1,1
0,1,1
0,0,1
0,0,0
0,0.8614115,1
0,1,1
0,0,1
0,0,1
0,0,1
0,1,1
0,1,1
0,1,1
0,0,1
0,1,1
0,1,1
0,0,1
0,0.8583078,1
0,0.8746585,1
0,0,1
0,1,1
0,1,1
0,0,1
0,0,0
0,1,1
0,1,1
0,0,1
0,0,1
0,0,1
0,0,1
0,0,1
0,0,1
0,1,1
0,1,1
0,0,1
0,0,0
0,0,1
0,0.7670459,1
0,1,1
0,0,1
0,0,1
0,0,0
0,1,1
0,0,1
0,0,1
0,0,0
0,0,1
0,1,1
0,0.8560559,1
0,0,1
0,1,1
0,0,1
0,1,1
0,1,1
0,0.8533279,1
0,1,1
0,0,1
0,0,1
0,0,1
0,0,0
0,1,1
0,0,1
0,0.7101158,1
0,0,0
0,0,1
0,0,1
0,0,1
0,0,1
0,1,1
0,0,1
0,0,0
0,0,0
0,1,1
0,0,1
0,0,1
0,1,1
0,1,1
0,1,1
0,0,0
0,1,1
0,0,1
0,0,0
0,0.7377397,1
0,1,1
0,0,1
0,1,1
0,0,0
0,1,1
0,0,0
0,1,1
0,1,1
0,0,1
0,1,1
0,0,1
0,0,1
0,0,1
0,0,1
0,0,1
0,1,1
0,1,1
0,1,1
0,0,0
0,1,1
0,0,0
0,0.8597623,1
0,0,0
0,0,0
0,0,0
0,1,1
0,0,0
0,0,0
0,1,1
0,0,0
0,0,1
0,1,1
0,1,1
0,0,1
0,1,1
0,0,1
0,0,1
0,0,1
0,0,1
0,0,1
0,1,1
0,1,1
0,0.8722385,1
0,1,1
0,0,1
0,0,1
0,1,1
0,0,0
0,0,1
0,0,1
0,1,1
0,0,1
0,0,1
0,0,1
0,1,1
0,1,1
0,0,0
0,0,1
0,0,0
0,0,1
0,1,1
0,1,1
0,0,0
0,0,1
0,0,1
0,0,1
0,0,1
0,1,1
0,0,1
0,1,1
0,1,1
0,0,0
0,0,0
0,0,1
0,0,1
0,1,1
0,0,1
0,1,1
0,1,1
0,0,1
0,1,1
0,0,1
0,0,1
0,1,1
0,0,1
0,1,1
0,0,1
0,0,0
0,0.9078878,1
0,0,1
0,1,1
0,1,1
0,0.8665141,1
0,0.8610748,1
0,0,0
0,1,1
0,0.7386671,1
0,1,1
0,0,1
0,0,1
0,1,1
0,0,0
0,0,1
0,1,1
0,0,1
0,0,0
0,1,1
0,0,1
0,1,1
0,1,1
0,0,1
0,1,1
0,1,1
0,0,1
0,1,1
0,0,1
0,0,1
0,0.8613561,1
0,1,1
0,0,0
0,0,1
0,0,1
0,0,0
0,1,1
0,0,1
0,0,0
0,0,0
0,1,1
0,0,1
0,0,1
0,0,1
0,0,1
0,0,1
0,0,1
0,0,0
0,0,1
0,1,1
0,1,1
0,0,1
0,0,1
0,1,1
0,0,1
0,0,1
0,0,0
0,0,0
0,0,1
0,0,1
0,1,1
0,0,1
0,1,1
0,0.8664552,1
0,0,1
0,0,0
0,0,1
0,0,1
0,0,1
0,0,0
0,0,1
0,0,1
0,0,1
0,0,1
0,1,1
0,1,1
0,0.8575073,1
0,1,1
0,0,1
0,1,1
0,0.7306293,1
0,1,1
0,0,1
0,0,1
0,1,1
0,1,1
0,0,1
0,0,1
0,1,1
0,0,0
0,0,1
0,0,1
0,1,1
0,1,1
0,1,1
0,0,0
0,0,1
0,1,1
0,0,1
0,0,1
0,0,1
0,0,1
0,0,1
0,1,1
0,0,0
0,1,1
0,1,1
0,1,1
0,1,1
0,0,1
0,1,1
0,1,1
0,1,1
0,1,1
0,0,0
0,0,0
0,1,1
0,0,0
0,0,1
0,0,1
0,0,1
0,1,1
0,0,1
0,1,1
0,1,1
0,0,1
0,1,1
0,0.8587714,1
0,1,1
0,0,1
0,0,1
0,0,1
0,0,1
0,0,0
0,1,1
0,0,0
0,0,1
0,0,1
0,0.8657063,1
0,1,1
0,0,1
0,0,1
0,1,1
0,0,1
0,1,1
0,0,1
0,0,1
0,0,0
0,0,1
0,0,1
0,0,0
0,0,1
0,0.8710126,1
0,0,1
0,0.8626579,1
0,0,1
0,0,1
0,0.862341,1
0,1,1
0,1,1
0,1,1
0,1,1
0,0,0
0,0,1
0,0,1
0,0,1
0,0,1
0,1,1
0,1,1
0,0,1
0,1,1
0,0,0
0,0.7113942,1
0,0,0
0,0,1
0,1,1
0,0,1
0,0,1
0,1,1
0,0,0
0,0,1
0,1,1
0,1,1
0,1,1
0,0,1
0,0,1
0,1,1
0,1,1
0,1,1
0,0,0
0,0,0
0,1,1
0,0,1
0,1,1
0,0,1
0,0,0
0,1,1
0,0,1
0,1,1
0,1,1
0,0,1
0,0,1
0,1,1
0,0,1
0,0,0
0,0,1
0,1,1
0,0.8680432,1
0,0,1
0,0.8737648,1
0,1,1
0,0,1
0,1,1
0,1,1
0,1,1
0,0,1
0,0,0
0,0,1
0,1,1
0,0,1
0,0,1
0,0.8757292,1
0,0.8651645,1
0,0.9071006,1
0,1,1
0,1,1
0,1,1
0,0,0
0,0,0
0,0.8689953,1
0,1,1
0,1,1
0,0,1
0,0.7234899,1
0,0,1
0,0,1
0,1,1
0,0,0
0,0,0
0,0.8571173,1
0,1,1
0,0,0
0,0,1
0,1,1
0,0,1
0,1,1
0,0,1
0,0.8615395,1
0,0,0
0,0,1
0,0,0
0,0,1
0,1,1
0,0.8620139,1
0,1,1
0,1,1
0,1,1
0,0.8709875,1
0,0,1
0,1,1
0,1,1
0,0,1
0,1,1
0,0,1
0,0.7837454,1
0,0.8661761,1
0,0,1
0,1,1
0,1,1
0,1,1
0,0,1
0,1,1
0,0.8074886,1
0,0,1
0,0,1
0,0.8598864,1
0,1,1
0,0,1
0,0,1
0,0,1
0,0,0
0,0,1
0,0,1
0,0,1
0,0,1
0,0,1
0,0.8800099,1
0,0.8629128,1
0,0,1
0,0,0
0,0,0
0,0,1
0,1,1
0,1,1
0,1,1
0,1,1
0,1,1
0,0,1
0,0,1
0,0,0
0,1,1
0,0.8679248,1
0,0,1
0,0.7552949,1
0,0,0
0,0,1
0,0,0
0,1,1
0,0,1
0,0,1
0,0,1
0,0,1
0,1,1
0,0,1
0,0,1
0,0.7829996,1
0,1,1
0,1,1
0,0.8561085,1
0,0,1
0,0.8593725,1
0,0,1
0,1,1
0,0,1
0,0,0
0,0,0
0,0,0
0,1,1
0,0,1
0,0,1
0,0,1
0,0,1
0,0.860891,1
0,0,1
0,0,0
0,0,1
0,1,1
0,0,1
0,0.8655289,1
0,0,1
0,0.7322613,1
0,1,1
0,0,1
0,0,0
0,1,1
0,0,0
0,0,1
0,0,1
0,0.7177099,1
0,1,1
0,1,1
0,0,1
0,0.8607553,1
0,0,0
0,1,1
0,1,1
0,0.8674384,1
0,1,1
0,1,1
0,1,1
0,0.8603103,1
0,0,0
0,0,0
0,0,1
0,0,1
0,0,0
0,0.7222307,1
0,0,1
0,0,0
0,1,1
0,1,1
0,0,0
0,0,1
0,0,1
0,0,1
0,1,1
0,1,1
0,0.7023139,1
0,0,1
0,0,1
0,0,1
0,0,1
0,0,0
0,0,1
0,0,0
0,0,1
0,0,0
0,0,0
0,0,0
0,0,1
0,0,1
0,1,1
0,1,1
0,1,1
0,0,1
0,0,1
0,1,1
0,1,1
0,0,1
0,1,1
0,0,0
0,0,0
0,0,1
0,0.8889948,1
0,0,0
0,0,1
0,0,1
0,0,1
0,0,1
0,0,1
0,0.8775488,1
0,0,0
0,0.8616337,1
0,0,0
0,1,1
0,1,1
0,1,1
0,0,0
0,0,0
0,1,1
0,0,1
0,0,1
0,1,1
0,0,1
0,0,1
0,1,1
0,0,1
0,1,1
0,0,0
0,1,1
0,0,0
0,0,1
0,1,1
0,1,1
0,0,0
0,0,0
0,0,1
0,1,1
0,0,1
0,1,1
0,0,0
0,0,1
0,0,1
0,0,1
0,0,1
0,0,1
0,1,1
0,0,1
0,1,1
0,1,1
0,1,1
0,1,1
0,1,1
0,0,1
0,1,1
0,1,1
0,0,1
0,0,1
0,1,1
0,0,1
0,1,1
0,1,1
0,0,1
0,1,1
0,1,1
0,0,1
0,1,1
0,0,0
0,0,0
0,0,0
0,1,1
0,0.8564771,1
0,0,1
0,0.8656607,1
0,0,1
0,1,1
0,0,1
0,1,1
0,0,1
0,1,1
0,0,0
0,1,1
0,0,1
0,0,0
0,1,1
0,0,1
0,0,0
0,0,1
0,0,1
0,1,1
0,0,1
0,0,1
0,0,1
0,1,1
0,0,1
0,0,1
0,1,1
0,0,0
0,1,1
0,0,1
0,0.8873363,1
0,0,1
0,1,1
0,0,0
0,0.7112602,1
0,1,1
0,0,0
0,1,1
0,1,1
0,0,0
0,0,1
0,0.9089764,1
0,1,1
0,1,1
0,0,1
0,1,1
0,1,1
0,0.8052918,1
0,0.860592,1
0,0,1
0,1,1
0,0,1
0,0,1
0,1,1
0,0,0
0,0,0
0,0,1
0,0.8611501,1
0,0,1
0,1,1
0,1,1
0,0,0
0,0,0
0,0.8657597,1
0,1,1
0,1,1
0,1,1
0,1,1
0,0.8595314,1
0,0.8809572,1
0,1,1
0,1,1
0,0,1
0,1,1
0,0,0
0,0,1
0,0,1
0,0.8656749,1
0,1,1
0,0,1
0,0,1
0,1,1
0,0,1
0,1,1
0,0,1
0,0,0
0,1,1
0,0,1
0,1,1
0,0,1
0,0,1
0,0.8148879,1
0,1,1
0,0,1
0,0,1
0,0,0
0,0,0
0,1,1
0,1,1
0,0,1
0,0.856732,1
0,1,1
0,1,1
0,1,1
0,1,1
0,0,1
0,0,1
0,0,1
0,1,1
0,1,1
0,1,1
0,1,1
0,1,1
0,1,1
0,1,1
0,0,0
0,0,1
0,0,1
0,0,1
0,1,1
0,1,1
0,0,1
0,1,1
0,0,1
0,0,1
0,0,0
0,0,0
0,0,1
0,0,1
0,0,0
0,0,1
0,0,1
0,0,1
0,0,0
0,1,1
0,0,1
0,1,1
0,0,0
0,1,1
0,0.7592269,1
0,1,1
0,1,1
0,1,1
0,1,1
0,0,0
0,1,1
0,1,1
0,0,1
0,0,1
0,0.7023944,1
0,1,1
0,0,0
0,0,1
0,0,0
0,0,0
0,0,0
0,1,1
0,0,1
0,0,1
0,0,1
0,0.8692697,1
0,0.8574809,1
0,0,0
0,0,1
0,0,1
0,1,1
0,0.8753493,1
0,1,1
0,1,1
0,1,1
0,1,1
0,1,1
0,0,0
0,1,1
0,1,1
0,0,0
0,0.8655764,1
0,1,1
0,1,1
0,1,1
0,0,0
0,0,0
0,1,1
0,1,1
0,0,0
0,0.8546332,1
0,0,1
0,0,1
0,0.742505,1
0,1,1
0,1,1
0,1,1
0,1,1
0,0.8638942,1
0,0,0
0,0,1
0,0,1
0,0,1
0,0,1
0,0,1
0,0,1
0,0,0
0,1,1
0,1,1
0,0,1
0,0,1
0,1,1
0,1,1
0,1,1
0,1,1
0,0,0
0,0.8293146,1
0,0,0
0,1,1
0,1,1
0,1,1
0,0,1
0,1,1
0,0,1
0,1,1
0,1,1
0,1,1
0,1,1
0,1,1
0,1,1
0,0,1
0,0,1
0,1,1
0,1,1
0,1,1
0,1,1
0,1,1
0,1,1
0,1,1
0,0,0
0,0,0
0,1,1
0,1,1
0,0,1
0,0.7149066,1
0,0,1
0,0,1
0,0,1
0,1,1
0,1,1
0,1,1
0,0.8468767,1
0,0,1
0,0,1
0,1,1
0,0,1
0,1,1
0,1,1
0,1,1
0,1,1
0,0,1
0,1,1
0,1,1
0,0.8197538,1
0,0,1
0,0,1
0,1,1
0,1,1
0,0.7209487,1
0,1,1
0,1,1
0,1,1
0,0,0
0,0,1
0,0.7424532,1
0,0,1
0,0.9185461,1
0,0,1
0,0,1
0,0,1
0,1,1
0,0,1
0,0,1
0,0,1
0,0,0
0,0,1
0,1,1
0,1,1
0,0,1
0,1,1
0,0,1
0,1,1
0,0,1
0,0,1
0,0,1
0,0,1
0,1,1
0,1,1
0,0,1
0,0,1
0,0.9940981,1
0,1,1
0,0,0
0,0,1
0,0,1
0,0,1
0,0,1
0,1,1
0,0,0
0,0,0
0,0,1
0,0.863222,1
0,0,1
0,1,1
0,0,1
0,0,1
0,0,1
0,0,1
0,0,1
0,0,0
0,0,0
0,0,1
0,0,1
0,1,1
0,0,1
0,0,1
0,1,1
0,1,1
0,0,0
0,0,1
0,0,1
0,0,1
0,1,1
0,1,1
0,0,0
0,0,0
0,1,1
0,1,1
0,1,1
0,0.8276318,1
0,1,1
0,1,1
0,1,1
0,0,0
0,0,0
0,0,1
0,1,1
0,0,0
0,1,1
0,0,1
0,1,1
0,1,1
0,0,1
0,0,1
0,0,0
0,1,1
0,0,1
0,0,1
0,0,1
0,1,1
0,0,1
0,1,1
0,0,1
0,1,1
0,1,1
0,0,1
0,0,0
0,0,0
0,0,0
0,0,1
0,0.8705035,1
0,0,1
0,1,1
0,1,1
0,0,0
0,0.8634844,1
0,0.8704921,1
0,0,0
0,0,1
0,0,0
0,1,1
0,0,1
0,0,1
0,1,1
0,0,0
0,0,0
0,1,1
0,0,1
0,1,1
0,0,1
0,0,1
0,1,1
0,0,0
0,1,1
0,0,1
0,0,0
0,0,0
0,1,1
0,0,0
0,0,1
0,1,1
0,1,1
0,0,1
0,1,1
0,0,1
0,0,0
0,1,1
0,1,1
0,1,1
0,1,1
0,1,1
0,0,1
0,1,1
0,0,1
0,1,1
0,0,0
0,0,1
0,0,1
0,0,0
0,0,1
0,1,1
0,1,1
0,0,1
0,0,1
0,0,1
0,0,1
0,0.773188,1
0,0,1
0,0,1
0,1,1
0,1,1
0,0,1
0,0,0
0,0,1
0,0,1
0,0,1
0,1,1
0,1,1
0,0,1
0,0,0
0,0.7450725,1
0,1,1
0,1,1
0,1,1
0,0,1
0,0,1
0,1,1
0,1,1
0,1,1
0,1,1
0,0,1
0,0,1
0,1,1
0,0,1
0,0,1
0,0,1
0,1,1
0,0,1
0,0,0
0,1,1
0,0,1
0,0.8626724,1
0,0,0
0,1,1
0,0,0
0,1,1
0,1,1
0,1,1
0,1,1
0,0,1
0,1,1
0,0,1
0,0,1
0,1,1
0,0.8201945,1
0,0.8649046,1
0,0.861348,1
0,1,1
0,0,1
0,0,1
0,0,1
0,0,0
0,0,1
0,0,1
0,1,1
0,0,1
0,0.8601354,1
0,0.8550321,1
0,1,1
0,1,1
0,0.8555123,1
0,0,0
0,0,0
0,0,1
0,0.8563666,1
0,0,0
0,0,1
0,1,1
0,1,1
0,0,1
0,0,1
0,0,0
0,0,1
0,1,1
0,1,1
0,0,1
0,0,1
0,0,1
0,0,0
0,0.8697289,1
0,0,0
0,1,1
0,1,1
0,1,1
0,1,1
0,1,1
0,0,0
0,1,1
0,0,1
0,0,1
0,1,1
0,0,1
0,0,1
0,1,1
0,1,1
0,1,1
0,1,1
0,0.8627452,1
0,0,1
0,0,1
0,1,1
0,0,0
0,0,1
0,1,1
0,1,1
0,1,1
0,0,0
0,0,1
0,0,1
0,0,1
0,1,1
0,0.8583988,1
0,1,1
0,1,1
0,0,1
0,1,1
0,0.8582417,1
0,0.7526747,1
0,0,1
0,0,1
0,0,1
0,1,1
0,1,1
0,0,0
0,1,1
0,1,1
0,1,1
0,0.8588649,1
0,0,1
0,1,1
0,1,1
0,1,1
0,1,1
0,0,1
0,0,0
0,0.8765169,1
0,1,1
0,0,1
0,1,1
0,0,1
0,1,1
0,0,0
0,0,1
0,0,1
0,0.860253,1
0,0.8643478,1
0,0,1
0,1,1
0,0,0
0,1,1
0,1,1
0,0,0
0,1,1
0,0.8626233,1
0,1,1
0,0,1
0,0,0
0,1,1
0,1,1
0,0.8670264,1
0,0,1
0,0,1
0,0,0
0,0,1
0,1,1
0,0,1
0,0,0
0,1,1
0,0,1
0,0,1
0,0,1
0,0,0
0,1,1
0,0.8633639,1
0,0,1
0,0,0
0,0,1
0,1,1
0,0,1
0,0,1
0,1,1
0,0,1
0,0,1
0,0,1
0,1,1
0,1,1
0,0,0
0,1,1
0,1,1
0,0,1
0,0,0
0,0,0
0,0,1
0,0,1
0,0,1
0,0.766924,1
0,0,1
0,1,1
0,0,1
0,1,1
0,0,1
0,0,1
0,1,1
0,0,1
0,1,1
0,0.8604234,1
0,0,1
0,1,1
0,1,1
0,1,1
0,0,1
0,0.860997,1
0,0,1
0,0.862142,1
0,0.8633008,1
0,0,1
0,1,1
0,1,1
0,1,1
0,1,1
0,1,1
0,0,1
0,1,1
0,0,0
0,1,1
0,0,1
0,1,1
0,0,1
0,0,1
0,1,1
0,1,1
0,1,1
0,1,1
0,0,1
0,1,1
0,1,1
0,0,1
0,1,1
0,1,1
0,1,1
0,0,1
0,0,1
0,0.8588494,1
0,1,1
0,1,1
0,1,1
0,0,0
0,0,1
0,1,1
0,0,1
0,0.8723706,1
0,0,0
0,0,1
0,1,1
0,1,1
0,1,1
0,0,1
0,1,1
0,1,1
0,1,1
0,0,1
0,0.9050635,1
0,0,1
0,0,1
0,0,0
0,0,1
0,1,1
0,0.791833,1
0,1,1
0,1,1
0,0,1
0,0,0
0,0,1
0,1,1
0,0,1
0,1,1
0,0,0
0,1,1
0,0,1
0,0,1
0,1,1
0,1,1
0,1,1
0,0,0
0,0,1
0,0,1
0,1,1
0,0,1
0,0,0
0,0,1
0,1,1
0,0,1
0,0,1
0,0,1
0,0,1
0,0,1
0,0,1
0,1,1
0,1,1
0,0,1
0,0,1
0,1,1
0,0,0
0,0,1
0,0,1
0,0,1
0,1,1
0,1,1
0,0,1
0,1,1
0,0,1
0,1,1
0,0,1
0,0,1
0,1,1
0,0,1
0,1,1
0,0,1
0,0,1
0,0,0
0,1,1
0,1,1
0,0,1
0,1,1
0,1,1
0,1,1
0,1,1
0,0,1
0,0,1
0,0,1
0,0,1
0,0,1
0,0,1
0,1,1
0,0,1
0,1,1
0,1,1
0,0,1
0,1,1
0,1,1
0,1,1
0,0,1
0,0,1
0,1,1
0,0.8135771,1
0,1,1
0,0,1
0,1,1
0,1,1
0,1,1
0,0.8616716,1
0,0,1
0,0,1
0,0,1
0,1,1
0,0,1
0,1,1
0,1,1
0,0,1
0,0,1
0,0,1
0,1,1
0,1,1
0,1,1
0,1,1
0,1,1
0,1,1
0,1,1
0,1,1
0,0.8587395,1
0,0,1
0,0.8520454,1
0,1,1
0,1,1
0,0.8551704,1
0,0,1
0,0,1
0,1,1
0,1,1
0,1,1
0,1,1
0,1,1
0,1,1
0,1,1
0,0,0
0,0,1
0,0,1
0,1,1
0,1,1
0,0,1
0,1,1
0,1,1
0,0,1
0,0,1
0,0.7219573,1
0,0,0
0,0,1
0,0,0
0,0,1
0,0,1
0,1,1
0,1,1
0,0,0
0,0,1
0,0,0
0,1,1
0,1,1
0,1,1
0,0,0
0,0,1
0,0,1
0,0,1
0,1,1
0,0,1
0,0,0
0,0,1
0,0,1
0,0,1
0,0,1
0,0,1
0,1,1
0,1,1
0,0,0
0,0,1
0,0,0
0,1,1
0,0,0
0,0,0
0,1,1
0,0,1
0,0,1
0,1,1
0,0,1
0,0,1
0,1,1
0,1,1
0,1,1
0,1,1
0,0.8680339,1
0,0,0
0,0,0
0,0,0
0,0.8628702,1
0,1,1
0,1,1
0,0,1
0,1,1
0,0.8570817,1
0,1,1
0,1,1
0,0,1
0,0,1
0,1,1
0,0,1
0,0,1
0,0,1
0,0,1
0,1,1
0,0,0
0,0,1
0,0,1
0,0.8618435,1
0,1,1
0,0,1
0,1,1
0,0,1
0,0,0
0,0,1
0,0.7124425,1
0,0,1
0,0,0
0,1,1
0,0,1
0,1,1
0,1,1
0,1,1
0,0.860397,1
0,1,1
0,0,1
0,1,1
0,1,1
0,0,1
0,1,1
0,1,1
0,0,0
0,1,1
0,1,1
0,0,0
0,0,0
0,0,1
0,0,1
0,1,1
0,0,0
0,0,1
0,0,1
0,0,1
0,0,1
0,0,0
0,0,1
0,1,1
0,0,1
0,1,1
0,1,1
0,1,1
0,0,1
0,0,0
0,1,1
0,1,1
0,1,1
0,1,1
0,0,1
0,0,0
0,0,0
0,1,1
0,1,1
0,1,1
0,0,0
0,0.8584306,1
0,0,1
0,0,0
0,0,1
0,0,1
0,0,1
0,1,1
0,0,1
0,0,0
0,0,0
0,1,1
0,0,1
0,1,1
0,0,1
0,0.8576657,1
0,0,0
0,1,1
0,0,1
0,0,1
0,0,0
0,1,1
0,0,0
0,0,1
0,0,1
0,0,1
0,1,1
0,0,1
0,1,1
0,0,0
0,0,1
0,1,1
0,1,1
0,0,1
0,1,1
0,0.8903375,1
0,0,1
0,1,1
0,1,1
0,0,1
0,0.866678,1
0,1,1
0,0,0
0,1,1
0,0,0
0,1,1
0,0.8641156,1
0,0,0
0,0,0
0,0,1
0,1,1
0,0,1
0,0,1
0,0,1
0,0,0
0,0,0
0,0,1
0,0.8587638,1
0,1,1
0,1,1
0,0,1
0,1,1
0,1,1
0,0,1
0,1,1
0,0,1
0,1,1
0,0,1
0,1,1
0,1,1
0,0,1
0,0,0
0,1,1
0,0,1
0,0,1
0,1,1
0,0,0
0,0,0
0,0,1
0,0,1
0,1,1
0,1,1
0,1,1
0,1,1
0,1,1
0,0.7765518,1
0,1,1
0,1,1
0,0,1
0,1,1
0,1,1
0,1,1
0,1,1
0,0,1
0,0,1
0,1,1
0,1,1
0,0.8676662,1
0,1,1
0,1,1
0,0.8612272,1
0,0,0
0,0,1
0,0,1
0,0,1
0,1,1
0,1,1
0,1,1
0,1,1
0,1,1
0,0,1
0,1,1
0,0,0
0,1,1
0,1,1
0,1,1
0,0,1
0,0,1
0,1,1
0,0,0
0,0,1
0,1,1
0,0,1
0,0,1
0,1,1
0,1,1
0,0,1
0,1,1
0,0.7984301,1
0,0.8732716,1
0,0,0
0,0,1
0,0,1
0,1,1
0,0,1
0,0,1
0,0.7748028,1
0,0.8731877,1
0,0,0
0,1,1
0,0,1
0,1,1
0,1,1
0,1,1
0,0,1
0,1,1
0,1,1
0,1,1
0,0,0
0,0.8580483,1
0,1,1
0,1,1
0,1,1
0,0,1
0,1,1
0,0,1
0,0.7268726,1
0,1,1
0,1,1
0,0,0
0,0.8725897,1
0,0.8639036,1
0,1,1
0,0,1
0,0,0
0,1,1
0,0,1
0,0.7364703,1
0,0,1
0,1,1
0,1,1
0,0,1
0,0,1
0,0.8595663,1
0,0.7112845,1
0,1,1
0,0,0
0,0,1
0,1,1
0,0.865447,1
0,1,1
0,1,1
0,0,0
0,1,1
0,1,1
0,0,1
0,1,1
0,1,1
0,1,1
0,0,0
0,0.8249611,1
0,1,1
0,1,1
0,1,1
0,1,1
0,1,1
0,0,1
0,0.8636304,1
0,0,0
0,1,1
0,1,1
0,1,1
0,0,1
0,0,1
0,0,0
0,1,1
0,1,1
0,1,1
0,1,1
0,0,1
0,0,1
0,1,1
0,0,1
0,0,1
0,0.8626903,1
0,1,1
0,0,1
0,0,1
0,0,1
0,0,1
0,1,1
0,0,1
0,1,1
0,0,1
0,1,1
0,0,0
0,0,1
0,0,1
0,0,1
0,1,1
0,0,1
0,1,1
0,1,1
0,0,0
0,0,1
0,1,1
0,0,0
0,0.8581564,1
0,1,1
0,0,1
0,0,0
0,1,1
0,0,1
0,1,1
0,0,1
0,0,1
0,0,1
0,0.8649879,1
0,0.7233177,1
0,0.8601745,1
0,1,1
0,1,1
0,0,1
0,1,1
0,0,1
0,1,1
0,0,1
0,0,1
0,1,1
0,1,1
0,0,1
0,1,1
0,1,1
0,1,1
0,0,1
0,1,1
0,1,1
0,1,1
0,0,1
0,0,1
0,1,1
0,0,1
0,0,1
0,0,0
0,1,1
0,1,1
0,1,1
0,0,1
0,1,1
0,1,1
0,0,1
0,0,1
0,1,1
0,0,0
0,0,1
0,0,1
0,1,1
0,0,0
0,0,1
0,1,1
0,0,1
0,1,1
0,1,1
0,0,1
0,0,0
0,0,1
0,0,1
0,1,1
0,0,0
0,0,0
0,1,1
0,1,1
0,0.8105069,1
0,1,1
0,1,1
0,0.871981,1
0,0,1
0,0.8645223,1
0,0,0
0,1,1
0,1,1
0,0,1
0,1,1
0,1,1
0,1,1
0,0,1
0,1,1
0,1,1
0,0,0
0,0,1
0,0,1
0,0,0
0,0,1
0,0,1
0,1,1
0,0,1
0,1,1
0,1,1
0,1,1
0,1,1
0,1,1
0,1,1
0,1,1
0,1,1
0,0.8694507,1
0,1,1
0,0,0
0,0,1
0,0,1
0,0,1
0,0.866974,1
0,0.893633,1
0,1,1
0,0,0
0,0,1
0,0,1
0,1,1
0,0,1
0,1,1
0,1,1
0,0,1
0,0,1
0,0,1
0,0,1
0,0,0
0,0,0
0,0,1
0,0,1
0,1,1
0,1,1
0,0,1
0,1,1
0,1,1
0,1,1
0,1,1
0,1,1
0,0,1
0,0,1
0,0,0
0,0,1
0,1,1
0,1,1
0,0,1
0,1,1
0,0,0
0,0,1
0,0,1
0,0,1
0,1,1
0,0,0
0,0,0
0,0,1
0,0,1
0,0,1
0,0.8793293,1
0,1,1
0,0,0
0,1,1
0,0,0
0,0,1
0,1,1
0,0,0
0,0,1
0,1,1
0,0,1
0,1,1
0,0,1
0,0,0
0,1,1
0,1,1
0,0,1
0,0,0
0,0,1
0,0,1
0,1,1
0,0.8611223,1
0,1,1
0,0,1
0,0.7195777,1
0,0,1
0,0.8605192,1
0,0,1
0,1,1
0,1,1
0,0,1
0,1,1
0,0,1
0,0.8572823,1
0,0,1
0,0,0
0,0,1
0,0,1
0,0,1
0,0,1
0,0,1
0,0,1
0,1,1
0,1,1
0,0,1
0,0,1
0,0,1
0,0,1
0,1,1
0,1,1
0,1,1
0,1,1
0,1,1
0,0,1
0,0.8563553,1
0,1,1
0,0,1
0,1,1
0,0,0
0,0,0
0,0.8587486,1
0,1,1
0,1,1
0,0,1
0,0,1
0,1,1
0,0,1
0,0,1
0,0,1
0,1,1
0,1,1
0,0,1
0,0,1
0,0,0
0,1,1
0,0,0
0,0,1
0,0,1
0,1,1
0,1,1
0,0,0
0,0,1
0,1,1
0,0,0
0,1,1
0,1,1
0,0.8769668,1
0,1,1
0,1,1
0,0,1
0,0.8710541,1
0,0,0
0,1,1
0,0,0
0,0,1
0,1,1
0,1,1
0,0,1
0,0,1
0,0,0
0,0.8698776,1
0,0,1
0,0,0
0,0,1
0,0.8679491,1
0,0,1
0,0.8659773,1
0,0.8065835,1
0,1,1
0,0.8674835,1
0,1,1
0,1,1
0,0,0
0,1,1
0,0.8109506,1
0,1,1
0,0,1
0,0,1
0,1,1
0,0.8664395,1
0,1,1
0,0,0
0,1,1
0,1,1
0,0.8522896,1
0,1,1
0,0.8626264,1
0,1,1
0,0,1
0,0,1
0,0,1
0,0.7134596,1
0,0,1
0,0,1
0,1,1
0,1,1
0,1,1
0,0,1
0,1,1
0,0,1
0,0,0
0,0,1
0,1,1
0,0,1
0,0,1
0,1,1
0,0,1
0,1,1
0,0,0
0,0,1
0,1,1
0,1,1
0,1,1
0,1,1
0,1,1
0,0,1
0,0,1
0,0,1
0,0,1
0,0,1
0,0.9076575,1
0,0,0
0,0,0
0,1,1
0,1,1
0,1,1
0,0,0
0,1,1
0,0,0
0,0,1
0,0.8678824,1
0,0,1
0,0,1
0,1,1
0,0,0
0,1,1
0,0,1
0,1,1
0,1,1
0,1,1
0,1,1
0,1,1
0,1,1
0,0,1
0,0.8772558,1
0,0,1
0,0,0
0,0.8686211,1
0,0,0
0,0,1
0,0,0
0,0,1
0,1,1
0,1,1
0,1,1
0,0,0
0,1,1
0,0,1
0,0,1
0,0,1
0,0,1
0,0,0
0,0,1
0,0,0
0,1,1
0,1,1
0,0.9079586,1
0,0,0
0,0,1
0,1,1
0,1,1
0,1,1
0,0.7425179,1
0,1,1
0,1,1
0,1,1
0,0,0
0,0,0
0,0,0
0,1,1
0,1,1
0,1,1
0,0,1
0,1,1
0,0,0
0,0,1
0,1,1
0,0,0
0,0,1
0,0,0
0,0,1
0,1,1
0,0,1
0,1,1
0,0,1
0,0,1
0,0,1
0,0,1
0,1,1
0,0,1
0,0,0
0,0,1
0,1,1
0,0,1
0,0,1
0,0.861308,1
0,0,0
0,1,1
0,0,1
0,0,1
0,0,1
0,1,1
0,1,1
0,1,1
0,0,1
0,1,1
0,1,1
0,0,1
0,1,1
0,1,1
0,1,1
0,1,1
0,1,1
0,1,1
0,0,1
0,0,1
0,0,1
0,1,1
0,0,1
0,1,1
0,0,1
0,1,1
0,1,1
0,0,0
0,0,1
0,0,1
0,0,1
0,1,1
0,0.8580703,1
0,1,1
0,1,1
0,0,1
0,1,1
0,1,1
0,0,1
0,0,1
0,0,0
0,1,1
0,1,1
0,1,1
0,1,1
0,0,1
0,0,1
0,0,0
0,1,1
0,0,1
0,1,1
0,1,1
0,0,1
0,0.8695055,1
0,0,0
0,0,1
0,1,1
0,1,1
0,1,1
0,0,1
0,1,1
0,0.8705164,1
0,0,1
0,1,1
0,0,0
0,1,1
0,1,1
0,0,1
0,1,1
0,1,1
0,0,1
0,1,1
0,0,1
0,1,1
0,0.8911926,1
0,0,1
0,0,0
0,0,1
0,0,1
0,1,1
0,0,1
0,0,1
0,0,1
0,1,1
0,0,0
0,0,0
0,0,0
0,0,1
0,0,1
0,0,1
0,1,1
0,0,1
0,0,0
0,0,1
0,1,1
0,1,1
0,0,1
0,0,0
0,0,0
0,1,1
0,1,1
0,1,1
0,1,1
0,0,1
0,0,1
0,0,0
0,0,1
0,1,1
0,1,1
0,1,1
0,0,0
0,0,1
0,1,1
0,0,0
0,1,1
0,1,1
0,1,1
0,0,1
0,0,1
0,0,1
0,0,1
0,1,1
0,0,1
0,0,1
0,1,1
0,1,1
0,0.8868544,1
0,1,1
0,1,1
0,0,1
0,1,1
0,1,1
0,0,1
0,0,0
0,0,1
0,0,1
0,1,1
0,0,0
0,0,0
0,1,1
0,0,1
0,0.8586621,1
0,0,0
0,0.8816537,1
0,0,0
0,0,1
0,0,1
0,0,1
0,1,1
0,1,1
0,0,1
0,1,1
0,0,1
0,0.8618785,1
0,0,1
0,0,1
0,0,1
0,1,1
0,0,1
0,0,1
0,1,1
0,1,1
0,1,1
0,1,1
0,1,1
0,0,1
0,1,1
0,0,1
0,0,0
0,1,1
0,1,1
0,0,0
0,0,1
0,0.8679622,1
0,0,1
0,0,0
0,0,1
0,1,1
0,1,1
0,1,1
0,1,1
0,0,1
0,1,1
0,0,1
0,0,1
0,1,1
0,1,1
0,0,1
0,1,1
0,0,1
0,0,1
0,0.8726715,1
0,1,1
0,0,1
0,1,1
0,0,1
0,1,1
0,1,1
0,0,1
0,1,1
0,0,1
0,1,1
0,1,1
0,1,1
0,0,1
0,1,1
0,1,1
0,0,1
0,0,0
0,1,1
0,0,1
0,1,1
0,0,1
0,0,1
0,1,1
0,0,1
0,1,1
0,0,1
0,0,1
0,1,1
0,0,1
0,0,1
0,1,1
0,1,1
0,1,1
0,1,1
0,1,1
0,0,1
0,1,1
0,1,1
0,0,1
0,1,1
0,0,1
0,0,1
0,0,1
0,1,1
0,0,1
0,0,0
0,1,1
0,1,1
0,0,0
0,1,1
0,0,1
0,0,0
0,0,0
0,0.8821164,1
0,0.7475227,1
0,0.8627608,1
0,0,1
0,1,1
0,0,1
0,1,1
0,1,1
0,1,1
0,0,0
0,0.8728799,1
0,0.8663682,1
0,1,1
0,0,1
0,1,1
0,0,0
0,1,1
0,0.8657637,1
0,0,1
0,0.8789219,1
0,1,1
0,0.8627299,1
0,0,1
0,0,1
0,1,1
0,0,0
0,0,0
0,0,0
0,0,1
0,1,1
0,0,0
0,1,1
0,0,1
0,1,1
0,1,1
0,0,0
0,0,1
0,1,1
0,0,1
0,1,1
0,0.8672761,1
0,1,1
0,1,1
0,0,0
0,0,0
0,1,1
0,1,1
0,0.7502855,1
0,0,0
0,0,0
0,0,1
0,0,0
0,1,1
0,0,1
0,1,1
0,0,1
0,0,1
0,0,1
0,1,1
0,0,1
0,0,1
0,1,1
0,1,1
0,1,1
0,1,1
0,1,1
0,0,0
0,0.8620373,1
0,0.8045151,1
0,0,1
0,0,1
0,0,1
0,1,1
0,0,0
0,0,1
0,1,1
0,0,1
0,0.8624791,1
0,0,1
0,1,1
0,0.9679643,1
0,0.8658363,1
0,0,1
0,1,1
0,0,1
0,0,1
0,1,1
0,1,1
0,0,1
0,1,1
0,0,0
0,0,1
0,0,1
0,1,1
0,1,1
0,0,0
0,0,1
0,0,0
0,0.8571848,1
0,0,0
0,1,1
0,1,1
0,1,1
0,0,0
0,0.8656489,1
0,0,1
0,0,1
0,0,0
0,0,0
0,1,1
0,1,1
0,0,0
0,0,1
0,0.8818296,1
0,0,1
0,1,1
0,1,1
0,1,1
0,0,1
0,0,1
0,1,1
0,0,1
0,1,1
0,1,1
0,1,1
0,0,0
0,1,1
0,0,1
0,1,1
0,1,1
0,0.8535006,1
0,0,1
0,0,0
0,0,1
0,0,1
0,0,0
0,0,1
0,1,1
0,0,1
0,1,1
0,0,0
0,1,1
0,1,1
0,0,1
0,0,1
0,0,1
0,0,0
0,1,1
0,1,1
0,1,1
0,0,1
0,0,1
0,0,1
0,0,0
0,0,1
0,0,0
0,1,1
0,1,1
0,1,1
0,0,0
0,0,1
0,0,0
0,0,0
0,1,1
0,0.8660371,1
0,0,1
0,0,0
0,0,0
0,0,1
0,0,1
0,0.8761405,1
0,0,0
0,0,1
0,1,1
0,0,1
0,1,1
0,1,1
0,0,1
0,1,1
0,0,1
0,1,1
0,1,1
0,0,1
0,1,1
0,1,1
0,0,0
0,1,1
0,1,1
0,0,1
0,1,1
0,0,0
0,0,1
0,0,0
0,1,1
0,1,1
0,1,1
0,0,0
0,0,1
0,0,0
0,0,0
0,1,1
0,0,1
0,0,1
0,1,1
0,1,1
0,0,1
0,0,1
0,1,1
0,0,1
0,0,1
0,0,0
0,0,1
0,1,1
0,1,1
0,1,1
0,1,1
0,1,1
0,1,1
0,1,1
0,0,1
0,1,1
0,0,1
0,1,1
0,0,1
0,0,1
0,1,1
0,1,1
0,1,1
0,0,0
0,0.8687916,1
0,0,1
0,0,0
0,0,1
0,0.861066,1
0,0,1
0,0,1
0,1,1
0,0,0
0,0,1
0,1,1
0,1,1
0,1,1
0,0,1
0,0,1
0,0,0
0,0,1
0,1,1
0,0,1
0,0,0
0,0,1
0,1,1
0,0,0
0,0,0
0,0,1
0,0.7675408,1
0,1,1
0,1,1
0,1,1
0,0,1
0,1,1
0,1,1
0,0.8820595,1
0,1,1
0,0,1
0,1,1
0,0,1
0,0,0
0,1,1
0,1,1
0,1,1
0,0.7558962,1
0,1,1
0,1,1
0,0.948814,1
0,1,1
0,0,1
0,1,1
0,1,1
0,1,1
0,1,1
0,1,1
0,0,1
0,0.8641154,1
0,1,1
0,1,1
0,1,1
0,1,1
0,0,0
0,0,0
0,1,1
0,1,1
0,1,1
0,0.7776366,1
0,0,1
0,1,1
0,0,1
0,0,1
0,0,0
0,0,1
0,1,1
0,1,1
0,0.8607292,1
0,1,1
0,1,1
0,1,1
0,1,1
0,0.8694977,1
0,1,1
0,0,1
0,1,1
0,1,1
0,0.8582164,1
0,0,0
0,1,1
0,0,1
0,0,0
0,1,1
0,0,1
0,0,1
0,0,1
0,0,1
0,1,1
0,1,1
0,1,1
0,1,1
0,0,0
0,0,0
0,0,1
0,0,1
0,1,1
0,0,1
0,1,1
0,1,1
0,1,1
0,0,1
0,1,1
0,0.8568667,1
0,0.8682346,1
0,0,0
0,1,1
0,0,1
0,0,0
0,1,1
0,0,1
0,1,1
0,0,1
0,1,1
0,0.8522381,1
0,0,1
0,1,1
0,1,1
0,1,1
0,0,1
0,1,1
0,0.7643176,1
0,0,0
0,0,1
0,0,0
0,1,1
0,1,1
0,1,1
0,0,1
0,0,0
0,0,1
0,1,1
0,1,1
0,1,1
0,0,1
0,0,0
0,1,1
0,0,1
0,0,0
0,1,1
0,1,1
0,0,1
0,0,1
0,1,1
0,1,1
0,0,1
0,0.8596612,1
0,1,1
0,1,1
0,1,1
0,1,1
0,0,1
0,0.8605696,1
0,0,0
0,0,1
0,1,1
0,1,1
0,0,0
0,0,0
0,1,1
0,1,1
0,0,1
0,1,1
0,1,1
0,1,1
0,1,1
0,0,1
0,1,1
0,0,0
0,0,1
0,0,1
0,0,1
0,1,1
0,1,1
0,1,1
0,0,0
0,1,1
0,1,1
0,0,1
0,1,1
0,1,1
0,0,1
0,1,1
0,0,1
0,1,1
0,0,0
0,0,1
0,0,1
0,1,1
0,0,0
0,1,1
0,0,1
0,0,1
0,1,1
0,1,1
0,1,1
0,0,1
0,0,1
0,0,1
0,0,1
0,0,0
0,1,1
0,0.8014525,1
0,1,1
0,0,1
0,0,1
0,0.8619815,1
0,1,1
0,0,1
0,0.859311,1
0,1,1
0,1,1
0,1,1
0,1,1
0,0,1
0,1,1
0,1,1
0,1,1
0,1,1
0,1,1
0,0,0
0,1,1
0,1,1
0,1,1
0,0,1
0,1,1
0,0,1
0,1,1
0,1,1
0,0,0
0,0,1
0,0,1
0,1,1
0,0.858126,1
0,1,1
0,0,1
0,0,1
0,0,1
0,0,1
0,1,1
0,1,1
0,0,0
0,0,1
0,0.8709136,1
0,1,1
0,0,1
0,0,0
0,1,1
0,1,1
0,0,0
0,0,1
0,1,1
0,0,1
0,1,1
0,1,1
0,0,1
0,1,1
0,1,1
0,0,1
0,1,1
0,1,1
0,1,1
0,1,1
0,0.8759342,1
0,0,1
0,1,1
0,0,1
0,1,1
0,0,0
0,0,1
0,1,1
0,1,1
0,0,1
0,0,1
0,0.8589165,1
0,0,0
0,0,0
0,0,1
0,1,1
0,1,1
0,0,1
0,0,0
0,0,1
0,0,0
0,1,1
0,0,1
0,0,0
0,1,1
0,0,1
0,1,1
0,1,1
0,0,0
0,1,1
0,0,1
0,1,1
0,0,1
0,0,1
0,1,1
0,0,1
0,0,1
0,1,1
0,0.8583922,1
0,0,1
0,0,1
0,1,1
0,1,1
0,0,0
0,1,1
0,0,0
0,1,1
0,0.8193622,1
0,1,1
0,0,1
0,1,1
0,1,1
0,1,1
0,1,1
0,0,0
0,0,0
0,1,1
0,1,1
0,1,1
0,1,1
0,1,1
0,0,1
0,1,1
0,0,1
0,0,1
0,0,0
0,0,0
0,0,1
0,0,1
0,0,1
0,1,1
0,0,1
0,0,0
0,1,1
0,0,1
0,1,1
0,1,1
0,1,1
0,1,1
0,1,1
0,1,1
0,1,1
0,1,1
0,0,1
0,1,1
0,0,0
0,0,1
0,0,1
0,0,1
0,1,1
0,0,1
0,0,1
0,0.8613802,1
0,0,0
0,1,1
0,0.7289382,1
0,1,1
0,0,1
0,0,1
0,0,1
0,0,0
0,0.7412592,1
0,0.9215964,1
0,1,1
0,0,1
0,1,1
0,0,1
0,0,1
0,0,0
0,0,1
0,0,1
0,0.8606423,1
0,0,1
0,0,0
0,0.8638035,1
0,0,0
0,0.8676738,1
0,0,1
0,0.869743,1
0,1,1
0,0,1
0,1,1
0,0,1
0,0,0
0,1,1
0,0,1
0,1,1
0,0,1
0,0,0
0,1,1
0,1,1
0,1,1
0,0.85983,1
0,1,1
0,1,1
0,1,1
0,1,1
0,1,1
0,0,1
0,0,0
0,1,1
0,0.8120333,1
0,0,1
0,0,1
0,1,1
0,1,1
0,1,1
0,1,1
0,0,1
0,1,1
0,0.7943387,1
0,0,1
0,0,1
0,0.8578476,1
0,0.8585752,1
0,0,1
0,1,1
0,0,1
0,1,1
0,0,0
0,1,1
0,0,1
0,1,1
0,1,1
0,0,0
0,1,1
0,0,1
0,0,0
0,1,1
0,0,0
0,1,1
0,0,0
0,1,1
0,0,1
0,1,1
0,0,1
0,1,1
0,0,0
0,1,1
0,1,1
0,0,1
0,1,1
0,0.8413918,1
0,0,1
0,0,1
0,0,1
0,0,1
0,1,1
0,0,1
0,1,1
0,0,1
0,0,0
0,0,0
0,1,1
0,1,1
0,0,1
0,0,0
0,1,1
0,1,1
0,1,1
0,1,1
0,0,1
0,0,1
0,0.8521301,1
0,1,1
0,0.86788,1
0,1,1
0,0,1
0,1,1
0,0,1
0,1,1
0,0,0
0,0,0
0,0,1
0,0,1
0,1,1
0,0,1
0,0,0
0,0,1
0,0,1
0,1,1
0,0,0
0,1,1
0,0,0
0,0,1
0,1,1
0,0,1
0,1,1
0,0.8558577,1
0,0,1
0,0,0
0,0,1
0,0,1
0,1,1
0,0,1
0,1,1
0,0,1
0,1,1
0,1,1
0,1,1
0,0,0
0,0,0
0,1,1
0,1,1
0,1,1
0,0,1
0,1,1
0,0,1
0,1,1
0,0.7453643,1
0,0,1
0,0,1
0,0,1
0,1,1
0,0,1
0,1,1
0,1,1
0,1,1
0,1,1
0,1,1
0,1,1
0,1,1
0,0,0
0,0,1
0,0,0
0,1,1
0,1,1
0,0,1
0,1,1
0,0,1
0,1,1
0,0,1
0,0,1
0,0,1
0,0,1
0,0,1
0,1,1
0,0,1
0,1,1
0,1,1
0,0.8604544,1
0,0,0
0,0,1
0,0,0
0,1,1
0,1,1
0,1,1
0,0,1
0,0,1
0,0,1
0,0,1
0,1,1
0,0,1
0,0,1
0,1,1
0,1,1
0,1,1
0,0,1
0,1,1
0,1,1
0,0,0
0,0,1
0,0,1
0,0,1
0,1,1
0,0,1
0,1,1
0,0,1
0,0,0
0,1,1
0,0,1
0,1,1
0,0,0
0,0,0
0,1,1
0,0.7169082,1
0,0,1
0,1,1
0,0,1
0,0,1
0,1,1
0,0,1
0,1,1
0,0,1
0,0,1
0,0,1
0,1,1
0,1,1
0,0,1
0,0.7164196,1
0,1,1
0,0,1
0,0,1
0,0,0
0,0,1
0,0,1
0,1,1
0,0,1
0,0,1
0,1,1
0,1,1
0,1,1
0,0,1
0,1,1
0,0,1
0,0,1
0,1,1
0,1,1
0,0,1
0,0,1
0,0,1
0,0.873948,1
0,1,1
0,1,1
0,1,1
0,0,0
0,0,1
0,0,1
0,0,0
0,0,1
0,0,1
0,1,1
0,0,1
0,0,1
0,0,1
0,0.9073659,1
0,1,1
0,0,1
0,0,1
0,0,0
0,0,0
0,0,1
0,0,1
0,0,1
0,0.8663076,1
0,1,1
0,0,0
0,1,1
0,1,1
0,0,1
0,1,1
0,0,1
0,0,1
0,1,1
0,0,1
0,0,0
0,1,1
0,0,0
0,0,1
0,0,0
0,1,1
0,0,1
0,0,0
0,1,1
0,0,1
0,1,1
0,0,0
0,1,1
0,0,1
0,1,1
0,1,1
0,0,1
0,0,1
0,0.8642151,1
0,1,1
0,0,1
0,0,1
0,1,1
0,1,1
0,1,1
0,0,1
0,1,1
0,1,1
0,1,1
0,0,0
0,1,1
0,0,0
0,1,1
0,0,1
0,0,1
0,1,1
0,0.8680185,1
0,1,1
0,1,1
0,1,1
0,0.8638464,1
0,0,1
0,1,1
0,1,1
0,1,1
0,0,0
0,1,1
0,0,1
0,0,0
0,1,1
0,1,1
0,1,1
0,0,1
0,0,1
0,0,1
0,0,0
0,0,0
0,0,1
0,0,1
0,1,1
0,1,1
0,0,0
0,0,1
0,0,0
0,1,1
0,0.852147,1
0,0,1
0,1,1
0,1,1
0,1,1
0,1,1
0,0,0
0,1,1
0,1,1
0,0,0
0,1,1
0,1,1
0,0,0
0,1,1
0,1,1
0,0,1
0,1,1
0,1,1
0,0,1
0,1,1
0,0,0
0,0,1
0,0,0
0,1,1
0,0,1
0,0.867081,1
0,0,1
0,1,1
0,1,1
0,0,0
0,1,1
0,1,1
0,0,1
0,0,1
0,1,1
0,0,1
0,1,1
0,0,0
0,0.8648652,1
0,0,1
0,1,1
0,0,1
0,0,1
0,1,1
0,0,1
0,1,1
0,0,0
0,0,1
0,1,1
0,0,1
0,1,1
0,1,1
0,0,1
0,0,1
0,1,1
0,0,0
0,1,1
0,0,1
0,1,1
0,0,1
0,1,1
0,0,0
0,0,1
0,0,1
0,1,1
0,1,1
0,1,1
0,1,1
0,0,1
0,0,1
0,0,1
0,1,1
0,1,1
0,1,1
0,0,1
0,0,1
0,1,1
0,0,0
0,0,1
0,0,1
0,1,1
0,0,1
0,0.8750972,1
0,1,1
0,1,1
0,1,1
0,1,1
0,0,1
0,1,1
0,1,1
0,1,1
0,1,1
0,1,1
0,1,1
0,1,1
0,1,1
0,1,1
0,0.8654405,1
0,0,0
0,0,1
0,0,1
0,0,0
0,0,1
0,0,1
0,0,0
0,0,1
0,1,1
0,1,1
0,1,1
0,0,0
0,0,1
0,1,1
0,0,1
0,1,1
0,1,1
0,0,1
0,0,1
0,1,1
0,0.8706959,1
0,0,1
0,0,1
0,1,1
0,0,1
0,1,1
0,0,0
0,1,1
0,1,1
0,0.8701333,1
0,1,1
0,0,1
0,1,1
0,1,1
0,1,1
0,1,1
0,1,1
0,1,1
0,0,0
0,0,1
0,0,1
0,1,1
0,1,1
0,1,1
0,1,1
0,1,1
0,0,1
0,1,1
0,1,1
0,0,1
0,0.9154176,1
0,0,1
0,0,1
0,0,1
0,0,1
0,0,1
0,0,1
0,1,1
0,0,1
0,0,1
0,0,1
0,1,1
0,0,1
0,1,1
0,0.8634857,1
0,0,1
0,1,1
0,0,1
0,1,1
0,0,1
0,1,1
0,1,1
0,0,1
0,0,1
0,1,1
0,0,1
0,0.8618644,1
0,0,1
0,1,1
0,0,1
0,1,1
0,0,1
0,1,1
0,0.8637916,1
0,0,1
0,1,1
0,0,0
0,0,1
0,0,0
0,0,1
0,1,1
0,1,1
0,1,1
0,0,1
0,0,1
0,0,1
0,1,1
0,1,1
0,0,1
0,1,1
0,0,1
0,0,0
0,0,0
0,1,1
0,0,1
0,0,1
0,1,1
0,1,1
0,1,1
0,0,1
0,1,1
0,0,1
0,0,1
0,0,1
0,0,1
0,1,1
0,1,1
0,1,1
0,0,1
0,0,1
0,1,1
0,1,1
0,0,1
0,1,1
0,1,1
0,1,1
0,0,1
0,0,0
0,0.8612684,1
0,1,1
0,0,1
0,0,0
0,1,1
0,1,1
0,1,1
0,0,1
0,1,1
0,0,1
0,1,1
0,1,1
0,0.8633605,1
0,1,1
0,0,1
0,0,0
0,1,1
0,1,1
0,0,1
0,1,1
0,1,1
0,0,1
0,1,1
0,0,1
0,1,1
0,1,1
0,0,1
0,1,1
0,0.7210103,1
0,1,1
0,1,1
0,1,1
0,0,1
0,0,1
0,1,1
0,0.775535,1
0,1,1
0,0,1
0,0,1
0,1,1
0,1,1
0,0.9342524,1
0,1,1
0,1,1
0,0,1
0,1,1
0,1,1
0,1,1
0,0,0
0,0.8682624,1
0,0,1
0,0,1
0,0,1
0,1,1
0,1,1
0,0,1
0,0,1
0,1,1
0,0,1
0,0,0
0,0,0
0,1,1
0,1,1
0,1,1
0,0,1
0,0,1
0,1,1
0,1,1
0,1,1
0,0.8512477,1
0,0,1
0,0,0
0,0,1
0,1,1
0,1,1
0,1,1
0,1,1
0,0,1
0,0,1
0,0,1
0,1,1
0,0,1
0,0,0
0,1,1
0,0,1
0,0,1
0,1,1
0,0.8853368,1
0,1,1
0,0,0
0,0,1
0,1,1
0,0,1
0,0,0
0,1,1
0,0.8667282,1
0,1,1
0,1,1
0,0,1
0,0,1
0,0,1
0,0,0
0,1,1
0,0,0
0,1,1
0,1,1
0,1,1
0,1,1
0,0,1
0,1,1
0,1,1
0,0.8599414,1
0,0,0
0,0.8576595,1
0,1,1
0,0,1
0,1,1
0,1,1
0,1,1
0,1,1
0,0,0
0,1,1
0,1,1
0,0,1
0,1,1
0,1,1
0,1,1
0,0,0
0,1,1
0,1,1
0,0,1
0,1,1
0,0,0
0,1,1
0,0,1
0,1,1
0,0,1
0,0,1
0,0,1
0,0,1
0,0,1
0,0.8706739,1
0,0,1
0,0,0
0,1,1
0,0,0
0,1,1
0,1,1
0,1,1
0,1,1
0,1,1
0,0,1
0,1,1
0,0,1
0,0,1
0,1,1
0,0,1
0,1,1
0,0,1
0,1,1
0,1,1
0,0,1
0,1,1
0,1,1
0,0,1
0,1,1
0,0.8742899,1
0,0,1
0,1,1
0,1,1
0,1,1
0,0,1
0,0,1
0,1,1
0,0,1
0,0.8632444,1
0,1,1
0,0,1
0,1,1
0,1,1
0,1,1
0,0,0
0,1,1
0,1,1
0,0,1
0,1,1
0,0.8670069,1
0,1,1
0,1,1
0,1,1
0,1,1
0,0,0
0,1,1
0,0,0
0,1,1
0,1,1
0,0,1
0,0,1
0,1,1
0,0,0
0,0,1
0,1,1
0,1,1
0,0,1
0,0,0
0,0,0
0,1,1
0,1,1
0,1,1
0,0.8641173,1
0,0,1
0,0,1
0,1,1
0,1,1
0,1,1
0,1,1
0,0.8621019,1
0,1,1
0,0,1
0,1,1
0,0,0
0,1,1
0,0.8624696,1
0,0,1
0,1,1
0,0,0
0,0.8689226,1
0,1,1
0,1,1
0,0.868219,1
0,0.8661667,1
0,0,0
0,0,1
0,1,1
0,1,1
0,1,1
0,0,1
0,1,1
0,1,1
0,1,1
0,0,0
0,0,1
0,0,1
0,0,1
0,0,0
0,0,0
0,0,0
0,1,1
0,1,1
0,0,0
0,1,1
0,0,1
0,0.9512125,1
0,0,1
0,1,1
0,1,1
0,0,0
0,0,1
0,0,1
0,0.869887,1
0,1,1
0,0,1
0,0,0
0,1,1
0,1,1
0,1,1
0,1,1
0,0,1
0,0,1
0,0,1
0,0,0
0,1,1
0,0,1
0,1,1
0,0,0
0,0,1
0,1,1
0,1,1
0,1,1
0,0,0
0,0,1
0,0.8682101,1
0,1,1
0,1,1
0,1,1
0,0,1
0,0.8678368,1
0,0,1
0,0,1
0,1,1
0,1,1
0,0.8309065,1
0,0,1
0,0,1
0,0.861569,1
0,1,1
0,0,1
0,1,1
0,1,1
0,1,1
0,0,0
0,1,1
0,0,1
0,0,1
0,1,1
0,0,1
0,1,1
0,1,1
0,1,1
0,0,0
0,1,1
0,0,0
0,1,1
0,1,1
0,1,1
0,1,1
0,0,1
0,0,1
0,1,1
0,0,1
0,0,1
0,0,1
0,1,1
0,1,1
0,1,1
0,0.8709151,1
0,0,1
0,0,1
0,0,1
0,1,1
0,0,1
0,0,0
0,1,1
0,0,1
0,1,1
0,0,1
0,1,1
0,0,1
0,0,1
0,0.8621956,1
0,1,1
0,1,1
0,1,1
0,1,1
0,1,1
0,1,1
0,1,1
0,0,1
0,0,0
0,1,1
0,1,1
0,1,1
0,1,1
0,0,0
0,1,1
0,0,1
0,1,1
0,1,1
0,0,0
0,0,0
0,0,1
0,1,1
0,1,1
0,0,0
0,1,1
0,0,1
0,1,1
0,0.7068557,1
0,0.7288247,1
0,0,1
0,1,1
0,1,1
0,0.8653691,1
0,0,1
0,0,1
0,1,1
0,0,0
0,0,0
0,1,1
0,0,0
0,0,1
0,0,1
0,1,1
0,0,1
0,1,1
0,1,1
0,0,0
0,1,1
0,1,1
0,1,1
0,1,1
0,1,1
0,1,1
0,0,0
0,1,1
0,1,1
0,1,1
0,1,1
0,1,1
0,1,1
0,0,1
0,0,0
0,1,1
0,1,1
0,0,1
0,0,0
0,0,1
0,0,0
0,0,0
0,0,1
0,0,1
0,1,1
0,1,1
0,0,0
0,1,1
0,1,1
0,1,1
0,0,0
0,1,1
0,1,1
0,0,1
0,0,0
0,1,1
0,0,0
0,0,1
0,1,1
0,1,1
0,1,1
0,0,1
0,0,1
0,1,1
0,1,1
0,1,1
0,1,1
0,0,1
0,1,1
0,0,0
0,1,1
0,1,1
0,0,1
0,0,1
0,0,0
0,0,1
0,1,1
0,0,1
0,1,1
0,1,1
0,0,1
0,0.8583883,1
0,1,1
0,0.8765465,1
0,1,1
0,0,1
0,0,1
0,0,1
0,0,1
0,0,0
0,1,1
0,0,0
0,0,1
0,1,1
0,1,1
0,1,1
0,0.7952138,1
0,1,1
0,1,1
0,1,1
0,1,1
0,0,1
0,0,1
0,0,1
0,0,1
0,1,1
0,1,1
0,0,0
0,1,1
0,1,1
0,1,1
0,0,1
0,0.8656727,1
0,0,1
0,1,1
0,0,0
0,1,1
0,1,1
0,1,1
0,0,1
0,1,1
0,1,1
0,0.8557001,1
0,1,1
0,0,1
0,0,0
0,1,1
0,1,1
0,1,1
0,0.7535524,1
0,0,1
0,0,1
0,0,0
0,0,1
0,1,1
0,1,1
0,0,1
0,0,1
0,0,1
0,0.8584145,1
0,1,1
0,0.8655893,1
0,1,1
0,1,1
0,0.873268,1
0,1,1
0,0,1
0,0,1
0,0,1
0,1,1
0,0,1
0,1,1
0,1,1
0,1,1
0,1,1
0,0,1
0,1,1
0,0,1
0,1,1
0,1,1
0,0.7996117,1
0,0,0
0,0,1
0,1,1
0,1,1
0,1,1
0,0,0
0,1,1
0,0,1
0,0,1
0,0,1
0,1,1
0,1,1
0,1,1
0,0.8634565,1
0,1,1
0,0,1
0,1,1
0,0,1
0,1,1
0,1,1
0,1,1
0,0,1
0,0,1
0,0,1
0,1,1
0,1,1
0,1,1
0,1,1
0,0,1
0,1,1
0,1,1
0,0,1
0,1,1
0,0,0
0,1,1
0,0,0
0,0,0
0,1,1
0,1,1
0,0,1
0,1,1
0,1,1
0,0,1
0,1,1
0,0,1
0,0,1
0,0.8688188,1
0,1,1
0,0,1
0,1,1
0,1,1
0,0,1
0,1,1
0,1,1
0,1,1
0,1,1
0,1,1
0,1,1
0,1,1
0,0,0
0,0.8679796,1
0,0.8709989,1
0,0,1
0,1,1
0,1,1
0,1,1
0,0,1
0,1,1
0,0,1
0,1,1
0,0,1
0,1,1
0,1,1
0,1,1
0,0,1
0,1,1
0,0,1
0,0.7341844,1
0,1,1
0,1,1
0,1,1
0,1,1
0,0,1
0,0,1
0,0,0
0,1,1
0,1,1
0,0,1
0,1,1
0,1,1
0,0,1
0,1,1
0,0,1
0,1,1
0,1,1
0,1,1
0,0,1
0,1,1
0,1,1
0,1,1
0,1,1
0,0,0
0,0,0
0,0,0
0,0,0
0,0,1
0,0,1
0,0,0
0,0,1
0,1,1
0,0.8974262,1
0,1,1
0,1,1
0,1,1
0,0,0
0,1,1
0,1,1
0,0,1
0,1,1
0,1,1
0,1,1
0,0,1
0,1,1
0,0,1
0,0,0
0,0.8662366,1
0,1,1
0,0,1
0,1,1
0,1,1
0,1,1
0,0,1
0,0,1
0,1,1
0,0,1
0,1,1
0,1,1
0,1,1
0,0,0
0,1,1
0,0,1
0,1,1
0,1,1
0,1,1
0,0,0
0,1,1
0,1,1
0,0,1
0,1,1
0,1,1
0,0,0
0,0,1
0,1,1
0,0,1
0,0,1
0,0,0
0,0,1
0,1,1
0,1,1
0,0,0
0,0,0
0,1,1
0,1,1
0,1,1
0,0.8649362,1
0,0,1
0,1,1
0,0,0
0,1,1
0,1,1
0,0,1
0,0,1
0,0,1
0,0,1
0,1,1
0,1,1
0,0,0
0,0,1
0,0,1
0,0,1
0,1,1
0,0,0
0,1,1
0,1,1
0,0,1
0,1,1
0,0,0
0,0,0
0,1,1
0,0,1
0,0,0
0,0,1
0,0,1
0,1,1
0,0,0
0,0,1
0,0,1
0,0,0
0,0,0
0,0,0
0,1,1
0,0,1
0,0,0
0,1,1
0,1,1
0,1,1
0,0,1
0,0,0
0,1,1
0,0.8660804,1
0,1,1
0,0,1
0,1,1
0,0,1
0,0.7307903,1
0,0,1
0,1,1
0,1,1
0,1,1
0,1,1
0,1,1
0,0,0
0,0,1
0,1,1
0,0,1
0,0,1
0,1,1
0,1,1
0,1,1
0,1,1
0,0,1
0,0,1
0,1,1
0,0,1
0,1,1
0,1,1
0,1,1
0,0,0
0,0,1
0,0,1
0,1,1
0,1,1
0,1,1
0,0,1
0,0,1
0,0,1
0,0.7781091,1
0,1,1
0,0.8655642,1
0,1,1
0,0,1
0,0,1
0,1,1
0,1,1
0,1,1
0,0.8600367,1
0,0,0
0,0.862815,1
0,1,1
0,0,1
0,1,1
0,1,1
0,1,1
0,0,1
0,0,0
0,0,1
0,1,1
0,0,0
0,1,1
0,0,1
0,0,1
0,1,1
0,0.8589729,1
0,1,1
0,0,1
0,1,1
0,1,1
0,0,0
0,1,1
0,0,1
0,1,1
0,1,1
0,1,1
0,0,1
0,1,1
0,0,1
0,0,0
0,0.8775927,1
0,1,1
0,1,1
0,0.8598524,1
0,0,0
0,1,1
0,0,1
0,1,1
0,1,1
0,1,1
0,0,1
0,0.8612069,1
0,0,0
0,0,1
0,1,1
0,0,1
0,1,1
0,1,1
0,0,1
0,0,1
0,0.8074911,1
0,0,0
0,0,1
0,0,0
0,1,1
0,1,1
0,1,1
0,1,1
0,0.8560544,1
0,0,0
0,0,1
0,0.8569723,1
0,0,1
0,1,1
0,1,1
0,0,1
0,1,1
0,1,1
0,0,0
0,1,1
0,0,1
0,0,1
0,0,1
0,1,1
0,0,1
0,0,1
0,1,1
0,0,1
0,1,1
0,1,1
0,0,0
0,0,0
0,1,1
0,0,1
0,1,1
0,1,1
0,0,0
0,1,1
0,1,1
0,1,1
0,1,1
0,1,1
0,0,1
0,1,1
0,0,1
0,1,1
0,1,1
0,0,1
0,1,1
0,1,1
0,0.862945,1
0,1,1
0,1,1
0,1,1
0,1,1
0,1,1
0,1,1
0,1,1
0,0,1
0,1,1
0,0,1
0,0,0
0,1,1
0,0,0
0,1,1
0,1,1
0,0,0
0,0,0
0,0,0
0,0,1
0,0,0
0,1,1
0,0,1
0,1,1
0,1,1
0,0.8618381,1
0,1,1
0,0,1
0,1,1
0,1,1
0,0,1
0,0,1
0,1,1
0,0,1
0,0,1
0,0,1
0,1,1
0,0,1
0,0,1
0,0,1
0,1,1
0,1,1
0,0,0
0,1,1
0,1,1
0,0,1
0,0,0
0,0,1
0,0,0
0,0,0
0,0.8686503,1
0,0,0
0,0,1
0,0,1
0,0,0
0,0,1
0,1,1
0,0,1
0,0.8668631,1
0,0,1
0,0.8855826,1
0,0,1
0,0,1
0,0,1
0,1,1
0,1,1
0,0,0
0,0,1
0,0.8741153,1
0,0,1
0,0,1
0,1,1
0,1,1
0,1,1
0,1,1
0,1,1
0,1,1
0,1,1
0,0,1
0,0,1
0,0,0
0,1,1
0,1,1
0,1,1
0,1,1
0,0.8736378,1
0,1,1
0,1,1
0,0,1
0,1,1
0,0,0
0,1,1
0,1,1
0,1,1
0,1,1
0,1,1
0,1,1
0,0,1
0,0.8553747,1
0,0,0
0,1,1
0,1,1
0,0,1
0,0,1
0,0,1
0,1,1
0,0.8673588,1
0,1,1
0,1,1
0,1,1
0,0,1
0,1,1
0,1,1
0,1,1
0,1,1
0,0.8579917,1
0,1,1
0,1,1
0,1,1
0,1,1
0,0,1
0,0,1
0,0,1
0,0,1
0,0.8856279,1
0,0,1
0,1,1
0,0,0
0,1,1
0,0,1
0,1,1
0,1,1
0,1,1
0,1,1
0,1,1
0,0,1
0,1,1
0,1,1
0,1,1
0,1,1
0,0,1
0,1,1
0,0,1
0,0,1
0,0,0
0,0,1
0,0,1
0,0,1
0,0,1
0,0,1
0,1,1
0,1,1
0,1,1
0,0.8599495,1
0,0,1
0,1,1
0,0,1
0,1,1
0,0,0
0,1,1
0,1,1
0,1,1
0,1,1
0,0,1
0,1,1
0,0,1
0,1,1
0,1,1
0,1,1
0,0,0
0,0,1
0,1,1
0,1,1
0,0,1
0,0,0
0,0,1
0,1,1
0,0,1
0,0,1
0,1,1
0,1,1
0,0.8571271,1
0,0,0
0,0,0
0,0.8670465,1
0,0,0
0,0,1
0,0,1
0,1,1
0,0,0
0,0,1
0,1,1
0,0,1
0,0,1
0,1,1
0,0,1
0,1,1
0,0,1
0,0,1
0,0,1
0,1,1
0,1,1
0,1,1
0,0,0
0,1,1
0,1,1
0,0,1
0,1,1
0,1,1
0,1,1
0,0,1
0,1,1
0,1,1
0,1,1
0,1,1
0,0,1
0,1,1
0,1,1
0,1,1
0,0,1
0,1,1
0,1,1
0,0,1
0,0.7646164,1
0,0,0
0,1,1
0,0,0
0,1,1
0,1,1
0,1,1
0,0.8637223,1
0,0,1
0,1,1
0,1,1
0,1,1
0,1,1
0,1,1
0,0,1
0,0,1
0,0,1
0,1,1
0,0,1
0,1,1
0,0,1
0,1,1
0,1,1
0,1,1
0,1,1
0,0,0
0,0,1
0,1,1
0,1,1
0,1,1
0,1,1
0,1,1
0,1,1
0,0,1
0,1,1
0,1,1
0,0,1
0,0,0
0,0,1
0,0,1
0,1,1
0,1,1
0,1,1
0,0,0
0,0,1
0,0,1
0,1,1
0,1,1
0,0,1
0,1,1
0,1,1
0,0,1
0,0,0
0,0,1
0,1,1
0,1,1
0,1,1
0,1,1
0,0,1
0,0.8652509,1
0,0.8575591,1
0,0,1
0,0,0
0,0,1
0,0,1
0,0,0
0,1,1
0,0,1
0,0,0
0,0,1
0,1,1
0,0,1
0,0,1
0,0,1
0,1,1
0,1,1
0,0,0
0,0,1
0,1,1
0,1,1
0,0,1
0,0,1
0,1,1
0,0.8627611,1
0,0,1
0,1,1
0,1,1
0,1,1
0,1,1
0,1,1
0,1,1
0,1,1
0,1,1
0,0.882709,1
0,0,1
0,1,1
0,1,1
0,0,0
0,0,1
0,0.8634887,1
0,0,0
0,0,1
0,0,1
0,1,1
0,1,1
0,1,1
0,0,0
0,0,1
0,0,1
0,1,1
0,0,0
0,1,1
0,1,1
0,1,1
0,0,1
0,1,1
0,1,1
0,1,1
0,1,1
0,0,1
0,1,1
0,0,1
0,1,1
0,1,1
0,1,1
0,1,1
0,1,1
0,1,1
0,1,1
0,1,1
0,1,1
0,0,1
0,1,1
0,1,1
0,1,1
0,1,1
0,0,1
0,1,1
0,1,1
0,1,1
0,1,1
0,1,1
0,1,1
0,1,1
0,1,1
0,1,1
0,0,0
0,0.8602427,1
0,0,1
0,1,1
0,0,1
0,1,1
0,1,1
0,1,1
0,0,0
0,0,0
0,0,0
0,0,0
0,1,1
0,1,1
0,1,1
0,1,1
0,0,1
0,1,1
0,1,1
0,0,0
0,1,1
0,0,1
0,0,0
0,1,1
0,1,1
0,0,0
0,0,1
0,0,1
0,1,1
0,0.8731165,1
0,1,1
0,1,1
0,1,1
0,1,1
0,0,1
0,1,1
0,1,1
0,1,1
0,1,1
0,0.8586353,1
0,1,1
0,1,1
0,0,1
0,1,1
0,1,1
0,0.8577114,1
0,0,1
0,1,1
0,1,1
0,1,1
0,0,1
0,1,1
0,1,1
0,0.7615774,1
0,1,1
0,1,1
0,1,1
0,1,1
0,1,1
0,0,1
0,0,1
0,0,0
0,1,1
0,0,0
0,0,0
0,1,1
0,0,1
0,1,1
0,0,1
0,1,1
0,1,1
0,0,1
0,0,1
0,0,1
0,0.8759544,1
0,1,1
0,0,1
0,0,1
0,0,1
0,1,1
0,0,1
0,1,1
0,1,1
0,0,0
0,1,1
0,0,1
0,0,1
0,1,1
0,0.861055,1
0,1,1
0,0,1
0,0,1
0,0,0
0,1,1
0,0,1
0,1,1
0,1,1
0,0.8610506,1
0,0,1
0,0.8768592,1
0,1,1
0,1,1
0,0.8763549,1
0,0,1
0,1,1
0,1,1
0,0,1
0,0,1
0,0,0
0,0,1
0,0,0
0,0,0
0,0,1
0,0,0
0,1,1
0,0,0
0,0,0
0,0,1
0,0,0
0,0,0
0,1,1
0,1,1
0,0,1
0,1,1
0,1,1
0,1,1
0,1,1
0,0,0
0,0,1
0,1,1
0,1,1
0,0.8613843,1
0,1,1
0,1,1
0,1,1
0,1,1
0,1,1
0,1,1
0,1,1
0,0,1
0,0,0
0,0,1
0,0.8680823,1
0,0,1
0,1,1
0,0,1
0,1,1
0,1,1
0,1,1
0,0,1
0,1,1
0,1,1
0,1,1
0,1,1
0,0.8726422,1
0,1,1
0,1,1
0,0,0
0,1,1
0,1,1
0,0,0
0,1,1
0,1,1
0,1,1
0,0,0
0,1,1
0,1,1
0,0,1
0,1,1
0,0.8631982,1
0,0,1
0,1,1
0,1,1
0,0,1
0,1,1
0,0,0
0,0,1
0,1,1
0,1,1
0,0,1
0,0.8555754,1
0,0,1
0,1,1
0,1,1
0,0,1
0,1,1
0,1,1
0,1,1
0,0,1
0,1,1
0,0,1
0,1,1
0,1,1
0,1,1
0,1,1
0,1,1
0,1,1
0,0,0
0,1,1
0,0,1
0,0,1
0,1,1
0,0,1
0,1,1
0,0,0
0,1,1
0,0.8647457,1
0,1,1
0,1,1
0,1,1
0,0,1
0,0.8580443,1
0,1,1
0,0,1
0,1,1
0,1,1
0,1,1
0,0,0
0,1,1
0,1,1
0,1,1
0,0,1
0,1,1
0,1,1
0,0,1
0,0,1
0,0,1
0,1,1
0,0,1
0,1,1
0,0,1
0,1,1
0,0.8842925,1
0,1,1
0,1,1
0,0,1
0,0,1
0,1,1
0,0,1
0,1,1
0,1,1
0,0,1
0,1,1
0,0,1
0,0,1
0,1,1
0,1,1
0,0,1
0,1,1
0,1,1
0,1,1
0,0,0
0,0.7025325,1
0,1,1
0,1,1
0,1,1
0,0,0
0,0,1
0,0,1
0,0,1
0,0,1
0,1,1
0,0,0
0,0,0
0,1,1
0,1,1
0,1,1
0,0,1
0,1,1
0,0.867101,1
0,0,1
0,1,1
0,0.8580147,1
0,0,1
0,0,1
0,0,1
0,0,1
0,0,1
0,0,1
0,0,1
0,0,1
0,1,1
0,1,1
0,0,1
0,0,1
0,0,1
0,0,1
0,1,1
0,1,1
0,1,1
0,1,1
0,0,0
0,1,1
0,0,1
0,1,1
0,0,1
0,1,1
0,1,1
0,1,1
0,0,1
0,0,1
0,0,1
0,1,1
0,0,1
0,1,1
0,0,0
0,1,1
0,1,1
0,0,0
0,1,1
0,0,1
0,1,1
0,0,1
0,0,1
0,0,1
0,0,0
0,1,1
0,0,0
0,0,1
0,1,1
0,0,1
0,1,1
0,1,1
0,1,1
0,0,1
0,1,1
0,0,1
0,0,1
0,1,1
0,0,1
0,0,0
0,0,0
0,1,1
0,1,1
0,0,0
0,1,1
0,1,1
0,1,1
0,1,1
0,1,1
0,0,1
0,0,1
0,1,1
0,0,0
0,1,1
0,1,1
0,0,1
0,1,1
0,1,1
0,1,1
0,0,1
0,1,1
0,1,1
0,0,1
0,1,1
0,0.8841311,1
0,0,0
0,1,1
0,1,1
0,0,1
0,0,1
0,1,1
0,0,1
0,1,1
0,0,0
0,1,1
0,1,1
0,1,1
0,1,1
0,0,0
0,1,1
0,0,0
0,0,1
0,1,1
0,0,1
0,1,1
0,1,1
0,0,1
0,0,1
0,1,1
0,1,1
0,0.8580233,1
0,0.8719964,1
0,0,0
0,0,0
0,0,1
0,0,1
0,1,1
0,0.8691293,1
0,1,1
0,1,1
0,1,1
0,0,1
0,1,1
0,0,1
0,0,1
0,0,1
0,1,1
0,1,1
0,1,1
0,0,1
0,1,1
0,1,1
0,1,1
0,1,1
0,1,1
0,0,0
0,1,1
0,1,1
0,1,1
0,0,1
0,1,1
0,1,1
0,0,1
0,1,1
0,0,1
0,1,1
0,0,0
0,1,1
0,0,1
0,1,1
0,1,1
0,1,1
0,0,0
0,1,1
0,0,0
0,0,1
0,1,1
0,0,1
0,0,0
0,0.7052163,1
0,1,1
0,0.8506497,1
0,1,1
0,0,1
0,0,1
0,0,1
0,0,1
0,1,1
0,1,1
0,0,0
0,1,1
0,0,1
0,0,1
0,1,1
0,1,1
0,0,1
0,1,1
0,1,1
0,1,1
0,1,1
0,0,0
0,1,1
0,0,0
0,0,1
0,0,0
0,0,1
0,1,1
0,0,1
0,1,1
0,0.7306539,1
0,1,1
0,0,1
0,1,1
0,1,1
0,1,1
0,1,1
0,1,1
0,0,1
0,1,1
0,0,0
0,0.8603569,1
0,0,1
0,0,1
0,1,1
0,0,1
0,0,1
0,0,1
0,0,1
0,1,1
0,0,1
0,0,1
0,0,1
0,1,1
0,1,1
0,1,1
0,1,1
0,1,1
0,1,1
0,1,1
0,0,1
0,1,1
0,0,0
0,1,1
0,0,1
0,0.8686128,1
0,1,1
0,0.8681637,1
0,0,1
0,1,1
0,0,0
0,0,0
0,0,1
0,0,1
0,0,1
0,1,1
0,1,1
0,1,1
0,1,1
0,1,1
0,1,1
0,1,1
0,0,1
0,0,1
0,1,1
0,1,1
0,1,1
0,1,1
0,0,0
0,1,1
0,1,1
0,1,1
0,0,1
0,1,1
0,1,1
0,1,1
0,1,1
0,1,1
0,1,1
0,1,1
0,0,0
0,0,0
0,1,1
0,0.865333,1
0,0,1
0,0,1
0,1,1
0,1,1
0,1,1
0,0,1
0,1,1
0,0,1
0,0,1
0,1,1
0,1,1
0,1,1
0,1,1
0,1,1
0,0,1
0,1,1
0,1,1
0,0,0
0,1,1
0,0,1
0,1,1
0,0,0
0,0,1
0,0,0
0,1,1
0,1,1
0,0,1
0,1,1
0,1,1
0,0,1
0,0,1
0,0,1
0,0.8704388,1
0,0,0
0,0,0
0,0,1
0,0,0
0,1,1
0,1,1
0,1,1
0,0,1
0,0,1
0,1,1
0,0,1
0,0,1
0,1,1
0,0,1
0,0,1
0,1,1
0,1,1
0,1,1
0,1,1
0,1,1
0,0.8677335,1
0,1,1
0,1,1
0,0,0
0,1,1
0,1,1
0,0,1
0,1,1
0,0,0
0,0,1
0,0,0
0,0,0
0,1,1
0,1,1
0,0,1
0,0,1
0,0,0
0,1,1
0,0,1
0,0,0
0,1,1
0,0,1
0,1,1
0,0,1
0,0,0
0,1,1
0,0,0
0,1,1
0,1,1
0,1,1
0,1,1
0,1,1
0,0,1
0,1,1
0,1,1
0,1,1
0,1,1
0,0,1
0,0,1
0,1,1
0,0,1
0,1,1
0,0,1
0,0,1
0,0,0
0,1,1
0,1,1
0,1,1
0,0,1
0,1,1
0,0,0
0,0,1
0,1,1
0,1,1
0,1,1
0,0,1
0,0,0
0,1,1
0,0,1
0,0,0
0,0,1
0,1,1
0,1,1
0,0,1
0,0,0
0,0,1
0,0,1
0,0,1
0,1,1
0,0,1
0,0,1
0,0.8894361,1
0,1,1
0,0,1
0,0,0
0,0,1
0,1,1
0,0,1
0,0,0
0,0,1
0,1,1
0,0,1
0,0,0
0,1,1
0,0,1
0,1,1
0,1,1
0,1,1
0,1,1
0,0,1
0,0,1
0,0,0
0,0,1
0,1,1
0,0,1
0,1,1
0,0.8588004,1
0,0,0
0,1,1
0,0,1
0,0,0
0,0,0
0,0,1
0,0,0
0,0,1
0,1,1
0,1,1
0,0,1
0,1,1
0,0,1
0,0,1
0,0,1
0,0,0
0,0.8581272,1
0,1,1
0,1,1
0,0,1
0,0,1
0,1,1
0,1,1
0,0,1
0,1,1
0,1,1
0,0,1
0,0.8796146,1
0,1,1
0,0.868188,1
0,1,1
0,0,1
0,1,1
0,1,1
0,0,0
0,1,1
0,0,0
0,1,1
0,1,1
0,0,1
0,0,1
0,0,0
0,1,1
0,1,1
0,1,1
0,0,0
0,1,1
0,1,1
0,1,1
0,0.8575846,1
0,1,1
0,1,1
0,0,1
0,0,1
0,1,1
0,1,1
0,1,1
0,0,1
0,0,1
0,0,1
0,0,1
0,0,0
0,1,1
0,0,1
0,1,1
0,1,1
0,1,1
0,0.8557903,1
0,0,1
0,1,1
0,0,1
0,1,1
0,0,1
0,1,1
0,0,1
0,1,1
0,0,1
0,1,1
0,1,1
0,1,1
0,1,1
0,0,1
0,0,1
0,1,1
0,0.8688215,1
0,1,1
0,1,1
0,1,1
0,1,1
0,0,0
0,1,1
0,1,1
0,1,1
0,0,1
0,1,1
0,1,1
0,0,1
0,1,1
0,0,1
0,0,1
0,0,0
0,0,0
0,1,1
0,1,1
0,1,1
0,1,1
0,1,1
0,0,1
0,0,0
0,0,0
0,0.8576609,1
0,1,1
0,0,1
0,0,0
0,0,1
0,0,0
0,1,1
0,1,1
0,1,1
0,1,1
0,0.8613631,1
0,0,1
0,1,1
0,0,1
0,1,1
0,1,1
0,1,1
0,0.8572885,1
0,0,0
0,0,1
0,1,1
0,1,1
0,0,0
0,1,1
0,0,0
0,1,1
0,1,1
0,0,1
0,0.8612738,1
0,1,1
0,1,1
0,0,0
0,1,1
0,0,1
0,0,1
0,1,1
0,1,1
0,1,1
0,1,1
0,0,1
0,1,1
0,1,1
0,0,1
0,1,1
0,1,1
0,1,1
0,0,1
0,1,1
0,1,1
0,0,1
0,1,1
0,0,1
0,0.8586522,1
0,0,1
0,1,1
0,1,1
0,0,0
0,1,1
0,0,0
0,1,1
0,1,1
0,1,1
0,1,1
0,0,1
0,1,1
0,0,1
0,1,1
0,1,1
0,0,0
0,0.8581815,1
0,0.8730444,1
0,1,1
0,0,1
0,1,1
0,0,1
0,1,1
0,1,1
0,1,1
0,1,1
0,1,1
0,1,1
0,0,1
0,1,1
0,1,1
0,0,0
0,1,1
0,0,1
0,0,1
0,0,1
0,1,1
0,0,0
0,1,1
0,1,1
0,1,1
0,0,1
0,0,1
0,1,1
0,1,1
0,0,0
0,0,1
0,1,1
0,1,1
0,0,1
0,0.7481176,1
0,1,1
0,0,1
0,1,1
0,0,0
0,1,1
0,1,1
0,1,1
0,0,1
0,0,1
0,1,1
0,1,1
0,1,1
0,0,1
0,0,1
0,1,1
0,0,1
0,0,1
0,0,1
0,0,1
0,0,0
0,1,1
0,0.7431806,1
0,1,1
0,1,1
0,1,1
0,0,0
0,0,1
0,1,1
0,0.8657292,1
0,1,1
0,0,0
0,0,1
0,0,1
0,1,1
0,0,1
0,1,1
0,0,1
0,0,1
0,1,1
0,1,1
0,1,1
0,0,1
0,1,1
0,0,1
0,1,1
0,1,1
0,1,1
0,1,1
0,1,1
0,1,1
0,0,0
0,0.8653228,1
0,1,1
0,0,1
0,0,1
0,0,1
0,1,1
0,1,1
0,1,1
0,0,1
0,0.8514267,1
0,0,1
0,1,1
0,1,1
0,0,1
0,1,1
0,0,1
0,0,1
0,0,1
0,0,1
0,1,1
0,0,1
0,0,1
0,0,1
0,1,1
0,0,1
0,1,1
0,1,1
0,1,1
0,1,1
0,0,0
0,0,1
0,0,1
0,1,1
0,1,1
0,1,1
0,1,1
0,0,1
0,1,1
0,1,1
0,1,1
0,0.8675177,1
0,0.8619422,1
0,0.8699015,1
0,0,1
0,0,1
0,1,1
0,1,1
0,0.8635542,1
0,1,1
0,1,1
0,0,0
0,1,1
0,1,1
0,1,1
0,0,1
0,0,1
0,1,1
0,0,0
0,1,1
0,0,0
0,1,1
0,1,1
0,1,1
0,0,1
0,1,1
0,1,1
0,0,0
0,0,0
0,1,1
0,0,1
0,0,0
0,0,0
0,0,1
0,0,1
0,0.9129235,1
0,0,0
0,0,1
0,1,1
0,0,0
0,1,1
0,1,1
0,1,1
0,1,1
0,0,0
0,0,0
0,0,1
0,1,1
0,0,1
0,1,1
0,0.8661648,1
0,0.8687047,1
0,1,1
0,1,1
0,1,1
0,1,1
0,1,1
0,0,1
0,1,1
0,1,1
0,0,1
0,0.8592042,1
0,1,1
0,1,1
0,0,1
0,0,1
0,0.8618151,1
0,0,1
0,0.8620428,1
0,1,1
0,0.9055558,1
0,1,1
0,1,1
0,1,1
0,0,1
0,1,1
0,1,1
0,0,0
0,0,0
0,0,0
0,0,1
0,0,1
0,0,1
0,1,1
0,0,1
0,1,1
0,0,1
0,0,1
0,1,1
0,0,1
0,0,1
0,0,1
0,1,1
0,0,1
0,1,1
0,1,1
0,0,1
0,0.8602771,1
0,1,1
0,0,1
0,0,1
0,1,1
0,1,1
0,0,1
0,1,1
0,0,0
0,1,1
0,1,1
0,1,1
0,0,1
0,1,1
0,0,1
0,1,1
0,1,1
0,1,1
0,0,1
0,1,1
0,0,1
0,1,1
0,1,1
0,0,1
0,1,1
0,1,1
0,1,1
0,0,1
0,1,1
0,0,1
0,1,1
0,1,1
0,0,0
0,1,1
0,1,1
0,0,1
0,1,1
0,0,0
0,1,1
0,1,1
0,0,1
0,0,1
0,1,1
0,0,1
0,0,1
0,1,1
0,1,1
0,1,1
0,0,1
0,1,1
0,1,1
0,0,1
0,1,1
0,0,1
0,0,0
0,0,1
0,1,1
0,1,1
0,1,1
0,1,1
0,0,1
0,1,1
0,0,1
0,1,1
0,0,0
0,1,1
0,0.8771827,1
0,1,1
0,0,1
0,0,1
0,0,1
0,1,1
0,1,1
0,1,1
0,0.868929,1
0,0,0
0,0,0
0,1,1
0,0,1
0,1,1
0,1,1
0,0,1
0,0,1
0,0,1
0,1,1
0,1,1
0,0,0
0,0,1
0,0,1
0,0,1
0,1,1
0,0,0
0,0,1
0,1,1
0,1,1
0,0,0
0,1,1
0,1,1
0,1,1
0,0.8711963,1
0,1,1
0,1,1
0,1,1
0,0,1
0,1,1
0,1,1
0,0,0
0,0,1
0,1,1
0,0,1
0,1,1
0,1,1
0,0,1
0,1,1
0,1,1
0,0,1
0,0.9445001,1
0,1,1
0,0,1
0,1,1
0,1,1
0,0,1
0,1,1
0,1,1
0,1,1
0,1,1
0,0,1
0,0,1
0,1,1
0,1,1
0,0,1
0,0,1
0,1,1
0,1,1
0,1,1
0,1,1
0,1,1
0,0,0
0,1,1
0,0,1
0,1,1
0,0,1
0,1,1
0,0,1
0,0,0
0,0,1
0,1,1
0,0,1
0,1,1
0,1,1
0,1,1
0,0,1
0,1,1
0,0,1
0,0,1
0,0,1
0,1,1
0,1,1
0,1,1
0,0,0
0,1,1
0,1,1
0,1,1
0,0.8089657,1
0,0.8764746,1
0,1,1
0,1,1
0,1,1
0,0,1
0,0,1
0,0,1
0,0.8821021,1
0,0,0
0,0,1
0,0,1
0,1,1
0,0,0
0,0,0
0,0,0
0,0.881404,1
0,0,1
0,0,1
0,1,1
0,0,1
0,1,1
0,1,1
0,0.8663987,1
0,0,1
0,0,0
0,0,1
0,1,1
0,0,1
0,1,1
0,1,1
0,1,1
0,0,0
0,0,0
0,0,1
0,0,1
0,1,1
0,1,1
0,0,0
0,1,1
0,1,1
0,1,1
0,1,1
0,0,1
0,0,1
0,1,1
0,1,1
0,1,1
0,0,1
0,0,0
0,0,1
0,1,1
0,0,1
0,1,1
0,0,1
0,1,1
0,1,1
0,1,1
0,0,1
0,1,1
0,0,0
0,1,1
0,1,1
0,0,0
0,1,1
0,1,1
0,1,1
0,1,1
0,1,1
0,0,0
0,1,1
0,0,0
0,1,1
0,1,1
0,1,1
0,0,1
0,0,1
0,1,1
0,1,1
0,1,1
0,1,1
0,1,1
0,1,1
0,1,1
0,0,1
0,1,1
0,0,1
0,1,1
0,0.864756,1
0,1,1
0,1,1
0,1,1
0,1,1
0,0,1
0,1,1
0,1,1
0,1,1
0,0,1
0,1,1
0,1,1
0,1,1
0,1,1
0,1,1
0,1,1
0,0,1
0,1,1
0,1,1
0,1,1
0,0,1
0,0,1
0,0,0
0,0.8676723,1
0,0,1
0,1,1
0,1,1
0,0,1
0,1,1
0,0,0
0,0,1
0,1,1
0,1,1
0,1,1
0,1,1
0,0,0
0,0.8638521,1
0,0,1
0,1,1
0,1,1
0,0,1
0,1,1
0,1,1
0,0,1
0,1,1
0,1,1
0,0,1
0,1,1
0,0,0
0,1,1
0,1,1
0,0,0
0,1,1
0,0.8599169,1
0,1,1
0,0,1
0,0,1
0,1,1
0,1,1
0,0,1
0,0.8616356,1
0,0,1
0,0,1
0,1,1
0,1,1
0,0,1
0,0,1
0,1,1
0,1,1
0,1,1
0,1,1
0,0,0
0,1,1
0,1,1
0,0,1
0,0,1
0,1,1
0,0.8643621,1
0,1,1
0,0,1
0,1,1
0,1,1
0,0,1
0,1,1
0,0,1
0,0,0
0,1,1
0,0.8598958,1
0,1,1
0,1,1
0,1,1
0,0,1
0,1,1
0,1,1
0,1,1
0,0.8661309,1
0,1,1
0,0.8556327,1
0,0,1
0,1,1
0,0,1
0,1,1
0,0,1
0,1,1
0,0,0
0,0,1
0,1,1
0,0.8665792,1
0,1,1
0,0,0
0,1,1
0,1,1
0,1,1
0,0,1
0,1,1
0,1,1
0,1,1
0,0,1
0,0,1
0,0,1
0,1,1
0,0,0
0,1,1
0,1,1
0,0,0
0,0,1
0,0.8593372,1
0,0,1
0,1,1
0,1,1
0,1,1
0,0.8617014,1
0,0,1
0,0,1
0,0,0
0,1,1
0,1,1
0,1,1
0,0,1
0,1,1
0,0.7720811,1
0,1,1
0,0.7848984,1
0,0,1
0,1,1
0,1,1
0,1,1
0,0,1
0,1,1
0,1,1
0,0,0
0,1,1
0,1,1
0,1,1
0,1,1
0,1,1
0,0,1
0,1,1
0,0,0
0,1,1
0,0,0
0,0,1
0,0,1
0,1,1
0,1,1
0,1,1
0,1,1
0,0,1
0,1,1
0,0,1
0,0,1
0,1,1
0,0,1
0,0,0
0,0,1
0,1,1
0,1,1
0,0,0
0,0,1
0,0.8588842,1
0,0.8635082,1
0,0,1
0,0,1
0,1,1
0,0,0
0,1,1
0,1,1
0,0,1
0,0,0
0,1,1
0,0,0
0,1,1
0,0.7781345,1
0,0,1
0,1,1
0,1,1
0,1,1
0,1,1
0,0,1
0,0,1
0,0,0
0,1,1
0,1,1
0,0,1
0,1,1
0,0,1
0,1,1
0,0,1
0,1,1
0,0,0
0,1,1
0,1,1
0,0,1
0,1,1
0,0,0
0,1,1
0,0,1
0,1,1
0,0,1
0,0,1
0,0,1
0,0,1
0,1,1
0,1,1
0,0,1
0,1,1
0,1,1
0,1,1
0,1,1
0,1,1
0,1,1
0,0,1
0,0.8148669,1
0,0.8575616,1
0,0,1
0,1,1
0,0,1
0,1,1
0,0,1
0,1,1
0,1,1
0,1,1
0,0,1
0,1,1
0,1,1
0,0,1
0,0,1
0,1,1
0,0,1
0,1,1
0,1,1
0,1,1
0,0,1
0,0,1
0,1,1
0,1,1
0,1,1
0,1,1
0,1,1
0,1,1
0,1,1
0,1,1
0,0,1
0,1,1
0,1,1
0,1,1
0,1,1
0,1,1
0,0,1
0,0,1
0,0.8589021,1
0,1,1
0,1,1
0,0,1
0,0,1
0,1,1
0,0,1
0,0,1
0,0,1
0,1,1
0,0,0
0,1,1
0,0,1
0,1,1
0,1,1
0,0,0
0,1,1
0,1,1
0,0,1
0,1,1
0,1,1
0,1,1
0,1,1
0,1,1
0,0,1
0,1,1
0,0,1
0,1,1
0,0,1
0,0,1
0,0,0
0,1,1
0,0,1
0,0,1
0,1,1
0,0,0
0,0,1
0,1,1
0,1,1
0,1,1
0,1,1
0,0,1
0,1,1
0,0,1
0,0,1
0,0,0
0,1,1
0,1,1
0,1,1
0,1,1
0,0,1
0,0,1
0,1,1
0,1,1
0,1,1
0,1,1
0,0,1
0,0.8770503,1
0,0,1
0,1,1
0,1,1
0,0,0
0,0,1
0,0,0
0,1,1
0,1,1
0,0.8640748,1
0,1,1
0,0,0
0,1,1
0,1,1
0,0,1
0,1,1
0,1,1
0,1,1
0,0,1
0,1,1
0,0,1
0,0,1
0,1,1
0,1,1
0,1,1
0,0,1
0,1,1
0,1,1
0,1,1
0,1,1
0,0,0
0,0,0
0,1,1
0,0,0
0,0,1
0,1,1
0,1,1
0,1,1
0,1,1
0,1,1
0,0,0
0,0,1
0,1,1
0,1,1
0,0,1
0,0,1
0,0,0
0,1,1
0,1,1
0,1,1
0,1,1
0,0,1
0,1,1
0,0,0
0,1,1
0,0,1
0,0,1
0,1,1
0,0,1
0,1,1
0,0,0
0,1,1
0,1,1
0,0,1
0,0,1
0,0,0
0,0,0
0,1,1
0,1,1
0,1,1
0,0,1
0,1,1
0,1,1
0,0.8593295,1
0,1,1
0,1,1
0,0,1
0,1,1
0,0,1
0,0,1
0,1,1
0,0.7271515,1
0,0,1
0,1,1
0,0,1
0,0,1
0,1,1
0,0,0
0,1,1
0,1,1
0,1,1
0,0,1
0,1,1
0,1,1
0,1,1
0,1,1
0,0,0
0,0,1
0,0,0
0,0,1
0,0,0
0,1,1
0,0,0
0,0,1
0,1,1
0,0,1
0,1,1
0,0.7478672,1
0,1,1
0,1,1
0,1,1
0,1,1
0,1,1
0,1,1
0,1,1
0,0.8719854,1
0,1,1
0,0,1
0,1,1
0,1,1
0,1,1
0,0,1
0,1,1
0,1,1
0,0,1
0,0,0
0,1,1
0,1,1
0,1,1
0,1,1
0,0,0
0,1,1
0,0,0
0,0,1
0,1,1
0,1,1
0,1,1
0,0,0
0,0,1
0,1,1
0,1,1
0,1,1
0,0,1
0,0,1
0,0,1
0,1,1
0,1,1
0,1,1
0,0,1
0,1,1
0,0,1
0,1,1
0,0,1
0,1,1
0,1,1
0,1,1
0,1,1
0,0,1
0,1,1
0,0,1
0,0,1
0,0,1
0,1,1
0,1,1
0,0,1
0,1,1
0,1,1
0,0,0
0,1,1
0,1,1
0,1,1
0,1,1
0,0.8084301,1
0,0,1
0,1,1
0,0.8572226,1
0,0,1
0,1,1
0,0,0
0,0,0
0,0,1
0,1,1
0,1,1
0,0,1
0,1,1
0,1,1
0,1,1
0,0,1
0,1,1
0,0,1
0,1,1
0,1,1
0,0,1
0,1,1
0,1,1
0,1,1
0,1,1
0,1,1
0,1,1
0,0,1
0,1,1
0,1,1
0,0,1
0,1,1
0,1,1
0,0,1
0,1,1
0,1,1
0,1,1
0,1,1
0,0.8734971,1
0,1,1
0,0,1
0,1,1
0,1,1
0,1,1
0,0,0
0,1,1
0,1,1
0,0,1
0,1,1
0,0,1
0,1,1
0,1,1
0,0,1
0,1,1
0,1,1
0,1,1
0,1,1
0,0,0
0,1,1
0,1,1
0,1,1
0,0,1
0,0,1
0,0,1
0,0,1
0,0.8677887,1
0,1,1
0,1,1
0,1,1
0,0.8736016,1
0,1,1
0,0,1
0,0,1
0,1,1
0,1,1
0,0,0
0,0,1
0,0,1
0,0,0
0,1,1
0,0,0
0,0,0
0,1,1
0,1,1
0,0,1
0,0,1
0,1,1
0,1,1
0,0,1
0,1,1
0,1,1
0,1,1
0,1,1
0,0,1
0,1,1
0,1,1
0,1,1
0,0,1
0,0,1
0,1,1
0,1,1
0,1,1
0,1,1
0,0,0
0,1,1
0,1,1
0,0,1
0,1,1
0,0,0
0,1,1
0,0,1
0,0,1
0,1,1
0,0,1
0,0,0
0,1,1
0,0,0
0,0,0
0,0,1
0,1,1
0,1,1
0,0,0
0,1,1
0,1,1
0,1,1
0,1,1
0,0,0
0,1,1
0,1,1
0,1,1
0,0,0
0,0,0
0,1,1
0,0,1
0,0,0
0,0,1
0,1,1
0,1,1
0,0.865777,1
0,0,1
0,0,0
0,1,1
0,0,1
0,1,1
0,0,0
0,1,1
0,1,1
0,0,1
0,1,1
0,0,1
0,1,1
0,1,1
0,1,1
0,1,1
0,1,1
0,1,1
0,1,1
0,0,0
0,1,1
0,1,1
0,1,1
0,0,1
0,0,1
0,1,1
0,0,0
0,0,1
0,0,1
0,1,1
0,1,1
0,1,1
0,1,1
0,1,1
0,0,1
0,0,1
0,1,1
0,0,1
0,1,1
0,0,1
0,1,1
0,1,1
0,0,1
0,0,1
0,1,1
0,1,1
0,1,1
0,1,1
0,1,1
0,0,1
0,0,1
0,1,1
0,1,1
0,1,1
0,0,1
0,1,1
0,0,0
0,1,1
0,0,1
0,0,1
0,1,1
0,0,0
0,1,1
0,1,1
0,1,1
0,0,0
0,1,1
0,1,1
0,1,1
0,0.8596314,1
0,1,1
0,1,1
0,1,1
0,0.8417355,1
0,1,1
0,1,1
0,1,1
0,1,1
0,1,1
0,0,1
0,1,1
0,0,1
0,0,1
0,0,1
0,0,1
0,1,1
0,1,1
0,0,1
0,1,1
0,1,1
0,1,1
0,0,1
0,1,1
0,1,1
0,1,1
0,1,1
0,1,1
0,1,1
0,0,1
0,1,1
0,0,0
0,0,0
0,0,1
0,1,1
0,1,1
0,0,1
0,0,0
0,1,1
0,1,1
0,1,1
0,1,1
0,0,0
0,1,1
0,1,1
0,0,1
0,1,1
0,1,1
0,1,1
0,0,1
0,1,1
0,1,1
0,0,1
0,1,1
0,1,1
0,1,1
0,0,0
0,1,1
0,1,1
0,1,1
0,1,1
0,1,1
0,0,1
0,1,1
0,0,1
0,1,1
0,0,1
0,1,1
0,0.7148321,1
0,1,1
0,1,1
0,1,1
0,0,0
0,1,1
0,1,1
0,1,1
0,0,1
0,0.862614,1
0,0,1
0,0,1
0,0.8701633,1
0,1,1
0,1,1
0,0.8625797,1
0,0,0
0,1,1
0,1,1
0,0,1
0,1,1
0,1,1
0,0.861572,1
0,1,1
0,0,1
0,0,1
0,0,0
0,0,0
0,0,1
0,1,1
0,0,1
0,0,0
0,1,1
0,0,1
0,0,1
0,1,1
0,1,1
0,1,1
0,0,1
0,0,1
0,0,1
0,0,0
0,0,1
0,0,1
0,0.8605568,1
0,1,1
0,1,1
0,0,1
0,1,1
0,0,0
0,1,1
0,1,1
0,1,1
0,1,1
0,0,1
0,1,1
0,1,1
0,1,1
0,1,1
0,1,1
0,1,1
0,1,1
0,1,1
0,1,1
0,1,1
0,0,1
0,0,1
0,0,0
0,0,1
0,1,1
0,1,1
0,1,1
0,0,0
0,1,1
0,1,1
0,1,1
0,1,1
0,0,1
0,1,1
0,1,1
0,0,1
0,1,1
0,1,1
0,0,1
0,1,1
0,0.7298309,1
0,0,0
0,0,1
0,1,1
0,0,1
0,0,0
0,0,1
0,0,1
0,1,1
0,1,1
0,1,1
0,0,1
0,1,1
0,0,0
0,1,1
0,0,0
0,0,1
0,1,1
0,1,1
0,0,1
0,1,1
0,1,1
0,0,1
0,0,1
0,1,1
0,1,1
0,0,1
0,1,1
0,1,1
0,1,1
0,1,1
0,1,1
0,1,1
0,1,1
0,1,1
0,0,1
0,0.7297424,1
0,1,1
0,1,1
0,0,1
0,0,1
0,1,1
0,1,1
0,1,1
0,1,1
0,1,1
0,0,1
0,0,1
0,0,1
0,0,1
0,0,1
0,1,1
0,0,0
0,0,1
0,0.8594941,1
0,1,1
0,1,1
0,1,1
0,0,1
0,1,1
0,1,1
0,1,1
0,0,1
0,0,0
0,0,1
0,1,1
0,1,1
0,1,1
0,0,1
0,1,1
0,1,1
0,0,1
0,1,1
0,0,1
0,0,1
0,1,1
0,0,1
0,1,1
0,0,1
0,0,1
0,1,1
0,1,1
0,1,1
0,1,1
0,0,1
0,0,1
0,0,1
0,1,1
0,1,1
0,1,1
0,1,1
0,0,1
0,1,1
0,0,0
0,0,1
0,1,1
0,0,1
0,1,1
0,1,1
0,1,1
0,1,1
0,0,1
0,0,1
0,1,1
0,0,0
0,1,1
0,1,1
0,1,1
0,0,0
0,1,1
0,0,0
0,0,0
0,0,1
0,0,0
0,1,1
0,1,1
0,1,1
0,1,1
0,0,0
0,0,0
0,1,1
0,1,1
0,1,1
0,1,1
0,1,1
0,0,1
0,0,1
0,0,1
0,1,1
0,1,1
0,1,1
0,1,1
0,0,0
0,1,1
0,0,1
0,1,1
0,1,1
0,0,1
0,1,1
0,1,1
0,1,1
0,1,1
0,1,1
0,0,1
0,1,1
0,0,0
0,0,0
0,1,1
0,1,1
0,1,1
0,0,1
0,1,1
0,0,0
0,0,0
0,1,1
0,1,1
0,1,1
0,1,1
0,1,1
0,1,1
0,1,1
0,0,0
0,1,1
0,1,1
0,1,1
0,1,1
0,0,0
0,1,1
0,1,1
0,1,1
0,0,1
0,1,1
0,1,1
0,0,0
0,1,1
0,0,0
0,1,1
0,1,1
0,0,0
0,0,1
0,1,1
0,1,1
0,0,1
0,0,1
0,0,0
0,0,1
0,1,1
0,1,1
0,0,1
0,1,1
0,0,1
0,1,1
0,1,1
0,1,1
0,0,1
0,1,1
0,1,1
0,0,1
0,1,1
0,1,1
0,1,1
0,0,1
0,1,1
0,0,1
0,0,1
0,0,1
0,0,1
0,1,1
0,1,1
0,1,1
0,1,1
0,1,1
0,1,1
0,0.7946106,1
0,1,1
0,1,1
0,0,0
0,1,1
0,1,1
0,1,1
0,0,0
0,1,1
0,0,1
0,0,1
0,0,1
0,1,1
0,0.8678716,1
0,1,1
0,1,1
0,1,1
0,0,1
0,1,1
0,1,1
0,0,0
0,0,1
0,1,1
0,0,0
0,1,1
0,0,0
0,0,0
0,1,1
0,1,1
0,1,1
0,1,1
0,0.8708563,1
0,1,1
0,0,0
0,1,1
0,1,1
0,1,1
0,0.8632966,1
0,0,1
0,1,1
0,0,1
0,1,1
0,0,1
0,0.8594567,1
0,0,1
0,1,1
0,1,1
0,0,0
0,1,1
0,0,0
0,1,1
0,0,1
0,0,1
0,0,1
0,0,0
0,0,1
0,0,1
0,0.7645228,1
0,0,1
0,1,1
0,1,1
0,1,1
0,0,0
0,1,1
0,0,1
0,0,1
0,0,1
0,0,1
0,1,1
0,1,1
0,1,1
0,1,1
0,1,1
0,1,1
0,1,1
0,1,1
0,0,0
0,0,1
0,1,1
0,1,1
0,1,1
0,1,1
0,1,1
0,1,1
0,0,1
0,1,1
0,0,0
0,0,1
0,1,1
0,1,1
0,1,1
0,0,1
0,1,1
0,1,1
0,0.8602871,1
0,1,1
0,0,1
0,0,1
0,0,1
0,1,1
0,0,0
0,1,1
0,1,1
0,1,1
0,1,1
0,1,1
0,1,1
0,1,1
0,0,1
0,0,1
0,1,1
0,1,1
0,0,1
0,1,1
0,0,1
0,0,0
0,1,1
0,0,1
0,1,1
0,1,1
0,0,0
0,1,1
0,1,1
0,1,1
0,1,1
0,1,1
0,0,1
0,0,1
0,1,1
0,0.8202344,1
0,1,1
0,1,1
0,1,1
0,0,1
0,0,1
0,0,1
0,1,1
0,1,1
0,1,1
0,1,1
0,1,1
0,0,1
0,1,1
0,0.8592337,1
0,1,1
0,1,1
0,0,1
0,0,1
0,1,1
0,0,1
0,1,1
0,0,0
0,1,1
0,1,1
0,1,1
0,1,1
0,1,1
0,1,1
0,1,1
0,1,1
0,1,1
0,1,1
0,0,1
0,1,1
0,0,1
0,1,1
0,1,1
0,1,1
0,1,1
0,1,1
0,1,1
0,0,0
0,1,1
0,1,1
0,1,1
0,1,1
0,1,1
0,0,0
0,0,0
0,0,0
0,1,1
0,1,1
0,1,1
0,1,1
0,1,1
0,0,0
0,0,1
0,0,1
0,0.8730224,1
0,1,1
0,1,1
0,0,1
0,1,1
0,0,1
0,1,1
0,1,1
0,0,1
0,0,0
0,1,1
0,0,1
0,0,1
0,1,1
0,1,1
0,0.7112734,1
0,1,1
0,0,1
0,0.8612722,1
0,0,1
0,0.8633479,1
0,1,1
0,1,1
0,0,1
0,1,1
0,0,1
0,1,1
0,0,1
0,1,1
0,1,1
0,0,1
0,0,0
0,1,1
0,0.8730267,1
0,1,1
0,1,1
0,1,1
0,1,1
0,1,1
0,1,1
0,0,1
0,0,1
0,1,1
0,1,1
0,1,1
0,1,1
0,0,1
0,1,1
0,1,1
0,1,1
0,1,1
0,1,1
0,0,1
0,1,1
0,0,1
0,1,1
0,0,1
0,0,1
0,1,1
0,1,1
0,0,0
0,1,1
0,0,0
0,1,1
0,0,0
0,1,1
0,0,1
0,1,1
0,1,1
0,0,1
0,0.8649076,1
0,0,0
0,0,0
0,1,1
0,1,1
0,1,1
0,0.7843467,1
0,1,1
0,0.8766809,1
0,1,1
0,1,1
0,1,1
0,0,1
0,0,0
0,1,1
0,1,1
0,0,0
0,0,0
0,1,1
0,1,1
0,0,1
0,1,1
0,1,1
0,0,1
0,0,0
0,0,0
0,0.8638502,1
0,1,1
0,0,1
0,0,1
0,1,1
0,0,0
0,1,1
0,1,1
0,1,1
0,1,1
0,1,1
0,1,1
0,1,1
0,0,1
0,0,1
0,1,1
0,1,1
0,1,1
0,0,0
0,1,1
0,1,1
0,1,1
0,1,1
0,0,1
0,1,1
0,1,1
0,0,1
0,1,1
0,0.8714777,1
0,1,1
0,0.8657688,1
0,1,1
0,0,0
0,1,1
0,0,1
0,0,1
0,1,1
0,0,1
0,1,1
0,1,1
0,0,1
0,1,1
0,1,1
0,0,1
0,0.8554246,1
0,0.8625835,1
0,1,1
0,1,1
0,0,1
0,1,1
0,0,1
0,1,1
0,1,1
0,1,1
0,1,1
0,1,1
0,0,0
0,0,1
0,1,1
0,0,1
0,0,1
0,0,1
0,1,1
0,1,1
0,1,1
0,1,1
0,0,1
0,1,1
0,0,0
0,1,1
0,0,1
0,0,1
0,1,1
0,1,1
0,1,1
0,1,1
0,1,1
0,0,1
0,1,1
0,1,1
0,0,1
0,1,1
0,1,1
0,1,1
0,0,1
0,0,1
0,0,0
0,0,1
0,0,1
0,0,1
0,1,1
0,0,1
0,1,1
0,0,1
0,0,1
0,0,1
0,1,1
0,1,1
0,0,1
0,0,1
0,1,1
0,0,1
0,1,1
0,0,1
0,1,1
0,0,1
0,1,1
0,1,1
0,0,1
0,0,1
0,0,1
0,1,1
0,0.8597809,1
0,0.8637992,1
0,1,1
0,1,1
0,1,1
0,1,1
0,1,1
0,0,1
0,0,0
0,0,1
0,1,1
0,0.8630291,1
0,1,1
0,1,1
0,1,1
0,1,1
0,0,0
0,1,1
0,1,1
0,0,1
0,1,1
0,0,1
0,0,1
0,0,1
0,0.85803,1
0,0,1
0,0,1
0,1,1
0,0.8594452,1
0,1,1
0,1,1
0,1,1
0,1,1
0,1,1
0,0,1
0,1,1
0,0,1
0,0,1
0,0,1
0,1,1
0,0,0
0,0,1
0,1,1
0,0,1
0,1,1
0,1,1
0,1,1
0,1,1
0,1,1
0,0,0
0,0,1
0,1,1
0,1,1
0,1,1
0,0,0
0,1,1
0,1,1
0,0,0
0,1,1
0,1,1
0,1,1
0,1,1
0,0,1
0,0,1
0,1,1
0,1,1
0,1,1
0,0,0
0,1,1
0,0,1
0,0,0
0,1,1
0,0.8582307,1
0,0,1
0,1,1
0,1,1
0,1,1
0,1,1
0,0,1
0,1,1
0,0,0
0,0,1
0,1,1
0,1,1
0,0,0
0,0,0
0,1,1
0,1,1
0,1,1
0,1,1
0,1,1
0,1,1
0,1,1
0,1,1
0,1,1
0,1,1
0,1,1
0,1,1
0,0,1
0,0,1
0,0,0
0,0,0
0,1,1
0,0,1
0,1,1
0,1,1
0,0.8575116,1
0,0,1
0,1,1
0,1,1
0,1,1
0,1,1
0,0.8651317,1
0,1,1
0,1,1
0,1,1
0,1,1
0,1,1
0,1,1
0,1,1
0,1,1
0,1,1
0,1,1
0,1,1
0,1,1
0,1,1
0,0.8595592,1
0,1,1
0,0.8566364,1
0,1,1
0,0,1
0,1,1
0,1,1
0,1,1
0,1,1
0,0,0
0,0,1
0,1,1
0,1,1
0,1,1
0,0,1
0,0.8692861,1
0,1,1
0,0,1
0,1,1
0,1,1
0,1,1
0,0,1
0,0,0
0,0,0
0,0,0
0,1,1
0,1,1
0,1,1
0,0,1
0,0,0
0,1,1
0,0,1
0,0,1
0,0,0
0,1,1
0,0,1
0,0,1
0,0,0
0,1,1
0,0,1
0,0,1
0,0,1
0,1,1
0,1,1
0,1,1
0,1,1
0,0,1
0,0,1
0,1,1
0,0,1
0,1,1
0,0,1
0,1,1
0,1,1
0,1,1
0,1,1
0,0,1
0,1,1
0,1,1
0,0,1
0,0,1
0,0,1
0,1,1
0,1,1
0,0,1
0,1,1
0,0.8649031,1
0,1,1
0,1,1
0,1,1
0,1,1
0,0,0
0,1,1
0,0,1
0,0,1
0,0,1
0,0,1
0,1,1
0,1,1
0,0.8591294,1
0,1,1
0,1,1
0,1,1
0,0.8562226,1
0,1,1
0,1,1
0,1,1
0,1,1
0,1,1
0,1,1
0,1,1
0,1,1
0,0,1
0,1,1
0,0,1
0,1,1
0,1,1
0,0,1
0,1,1
0,1,1
0,1,1
0,0,1
0,0,1
0,1,1
0,1,1
0,1,1
0,0,1
0,1,1
0,0,0
0,1,1
0,0,1
0,0,1
0,1,1
0,1,1
0,0,1
0,0,1
0,0.860406,1
0,1,1
0,1,1
0,1,1
0,0,0
0,1,1
0,0,0
0,1,1
0,0,0
0,1,1
0,0,0
0,1,1
0,1,1
0,0,1
0,1,1
0,1,1
0,0.8360255,1
0,0,1
0,1,1
0,0,0
0,0,1
0,0,1
0,0,0
0,1,1
0,0,0
0,0,0
0,0,1
0,1,1
0,0,1
0,1,1
0,0,1
0,1,1
0,0,1
0,0,0
0,0,1
0,0,1
0,1,1
0,0,1
0,1,1
0,0,1
0,1,1
0,1,1
0,0,1
0,0,1
0,1,1
0,1,1
0,0,1
0,0,1
0,1,1
0,1,1
0,1,1
0,1,1
0,0,1
0,0,1
0,1,1
0,0,1
0,0,0
0,1,1
0,1,1
0,0,0
0,1,1
0,0,1
0,1,1
0,1,1
0,0,1
0,1,1
0,1,1
0,1,1
0,0,1
0,1,1
0,1,1
0,1,1
0,1,1
0,1,1
0,1,1
0,0.8590504,1
0,1,1
0,1,1
0,1,1
0,0,1
0,1,1
0,1,1
0,0,1
0,1,1
0,0,1
0,1,1
0,1,1
0,1,1
0,1,1
0,1,1
0,0,1
0,0,1
0,1,1
0,1,1
0,1,1
0,1,1
0,0,1
0,1,1
0,1,1
0,0,1
0,0,0
0,1,1
0,1,1
0,0,1
0,0,1
0,1,1
0,1,1
0,0,1
0,0,1
0,0,1
0,1,1
0,1,1
0,1,1
0,1,1
0,1,1
0,1,1
0,1,1
0,1,1
0,0,0
0,0,0
0,1,1
0,1,1
0,1,1
0,0,1
0,1,1
0,1,1
0,0,1
0,0,0
0,1,1
0,1,1
0,1,1
0,0,0
0,1,1
0,1,1
0,1,1
0,1,1
0,1,1
0,1,1
0,1,1
0,1,1
0,1,1
0,0,1
0,0,1
0,0,1
0,0,1
0,1,1
0,1,1
0,1,1
0,0,1
0,1,1
0,0,1
0,0,1
0,0,0
0,1,1
0,0,1
0,1,1
0,1,1
0,1,1
0,0,1
0,0,1
0,1,1
0,0,1
0,1,1
0,1,1
0,1,1
0,1,1
0,1,1
0,1,1
0,1,1
0,1,1
0,1,1
0,0,1
0,1,1
0,0,1
0,1,1
0,0,0
0,0,1
0,0,1
0,1,1
0,0,0
0,1,1
0,0,1
0,1,1
0,1,1
0,1,1
0,1,1
0,1,1
0,1,1
0,0,1
0,1,1
0,1,1
0,0,1
0,0,1
0,0,0
0,1,1
0,1,1
0,1,1
0,1,1
0,1,1
0,1,1
0,0,1
0,1,1
0,0.8622638,1
0,1,1
0,1,1
0,0,0
0,1,1
0,1,1
0,0,1
0,1,1
0,1,1
0,1,1
0,0,1
0,1,1
0,0.8652712,1
0,1,1
0,0,1
0,1,1
0,0,1
0,0,0
0,0,1
0,1,1
0,0,1
0,1,1
0,0,1
0,0.8549436,1
0,0,1
0,1,1
0,1,1
0,1,1
0,0.866272,1
0,1,1
0,0,1
0,1,1
0,1,1
0,0,1
0,1,1
0,1,1
0,1,1
0,1,1
0,1,1
0,1,1
0,1,1
0,0,1
0,1,1
0,0,1
0,1,1
0,1,1
0,1,1
0,1,1
0,1,1
0,0,0
0,1,1
0,1,1
0,1,1
0,0,1
0,0,0
0,0,1
0,0,1
0,0,0
0,0,1
0,1,1
0,1,1
0,1,1
0,1,1
0,1,1
0,1,1
0,1,1
0,1,1
0,0,1
0,1,1
0,1,1
0,1,1
0,0,1
0,1,1
0,0,0
0,0,1
0,1,1
0,0,1
0,0,0
0,1,1
0,0,1
0,1,1
0,1,1
0,1,1
0,1,1
0,0.8643101,1
0,0.8641092,1
0,1,1
0,1,1
0,0,1
0,1,1
0,1,1
0,1,1
0,1,1
0,1,1
0,0,0
0,1,1
0,1,1
0,1,1
0,0,0
0,0.8578583,1
0,1,1
0,1,1
0,1,1
0,1,1
0,1,1
0,0,1
0,1,1
0,0,1
0,1,1
0,1,1
0,0,0
0,0,1
0,0,0
0,1,1
0,1,1
0,0,1
0,0,1
0,1,1
0,0,1
0,0,0
0,0,1
0,1,1
0,1,1
0,1,1
0,0,0
0,1,1
0,1,1
0,1,1
0,1,1
0,1,1
0,1,1
0,0,0
0,1,1
0,1,1
0,0,0
0,0,1
0,0,0
0,1,1
0,0,1
0,1,1
0,0.8197891,1
0,0,1
0,0,1
0,0,1
0,1,1
0,1,1
0,1,1
0,0,1
0,1,1
0,1,1
0,0,1
0,0,1
0,0.8620138,1
0,1,1
0,1,1
0,1,1
0,0.8636549,1
0,0,1
0,1,1
0,1,1
0,1,1
0,1,1
0,1,1
0,1,1
0,1,1
0,0,0
0,1,1
0,0,0
0,1,1
0,1,1
0,1,1
0,0.7702404,1
0,1,1
0,1,1
0,1,1
0,1,1
0,1,1
0,1,1
0,0,1
0,0,0
0,0,1
0,0,1
0,1,1
0,0,0
0,0.8695,1
0,0,1
0,1,1
0,0,1
0,0,1
0,1,1
0,1,1
0,0.8648821,1
0,0,0
0,1,1
0,0,1
0,1,1
0,1,1
0,1,1
0,0,1
0,0,0
0,1,1
0,1,1
0,1,1
0,0,0
0,1,1
0,1,1
0,1,1
0,1,1
0,1,1
0,1,1
0,1,1
0,1,1
0,1,1
0,1,1
0,1,1
0,0,1
0,1,1
0,1,1
0,1,1
0,0,1
0,0,0
0,0,1
0,0,0
0,1,1
0,1,1
0,0,1
0,1,1
0,0,1
0,0,1
0,1,1
0,1,1
0,1,1
0,1,1
0,1,1
0,1,1
0,0,0
0,0,1
0,0.8581514,1
0,0,1
0,0,0
0,0,1
0,0,0
0,0,1
0,1,1
0,1,1
0,0,0
0,1,1
0,1,1
0,1,1
0,0,0
0,0,1
0,0,1
0,0,0
0,0,0
0,0,0
0,0,0
0,1,1
0,1,1
0,1,1
0,0,0
0,1,1
0,1,1
0,1,1
0,0.8728031,1
0,0,1
0,0.857283,1
0,1,1
0,1,1
0,1,1
0,1,1
0,1,1
0,0,1
0,1,1
0,0,0
0,1,1
0,1,1
0,1,1
0,1,1
0,1,1
0,0,0
0,1,1
0,1,1
0,0,0
0,0,0
0,0,1
0,1,1
0,0.860739,1
0,1,1
0,1,1
0,0,0
0,1,1
0,0,1
0,1,1
0,0,0
0,1,1
0,1,1
0,1,1
0,1,1
0,0,1
0,1,1
0,1,1
0,1,1
0,0,1
0,1,1
0,1,1
0,0,1
0,1,1
0,1,1
0,1,1
0,1,1
0,1,1
0,0,0
0,1,1
0,0.8743913,1
0,1,1
0,1,1
0,0,0
0,1,1
0,0,1
0,1,1
0,1,1
0,1,1
0,1,1
0,0,1
0,0,1
0,1,1
0,1,1
0,1,1
0,0,1
0,0,0
0,1,1
0,0,1
0,1,1
0,1,1
0,1,1
0,0,1
0,0,1
0,0.8633736,1
0,1,1
0,1,1
0,0,0
0,0,1
0,1,1
0,1,1
0,0,1
0,1,1
0,1,1
0,1,1
0,0,0
0,0,1
0,0,1
0,0,0
0,1,1
0,1,1
0,1,1
0,1,1
0,1,1
0,1,1
0,1,1
0,1,1
0,0,1
0,0.8580183,1
0,1,1
0,0,1
0,1,1
0,0,1
0,1,1
0,1,1
0,1,1
0,1,1
0,1,1
0,1,1
0,1,1
0,1,1
0,1,1
0,0,1
0,1,1
0,1,1
0,0.8628036,1
0,1,1
0,0.8618464,1
0,1,1
0,1,1
0,1,1
0,1,1
0,1,1
0,1,1
0,0,0
0,0,1
0,0,0
0,0,1
0,0,1
0,0,0
0,0,1
0,0,1
0,1,1
0,1,1
0,0,0
0,1,1
0,1,1
0,0,1
0,1,1
0,1,1
0,0,0
0,1,1
0,1,1
0,1,1
0,1,1
0,1,1
0,1,1
0,1,1
0,1,1
0,0,0
0,0.7349758,1
0,1,1
0,0,1
0,0,1
0,0,1
0,0.7293919,1
0,1,1
0,0,1
0,0,1
0,0,1
0,0,0
0,1,1
0,0,1
0,0,1
0,0,1
0,1,1
0,1,1
0,1,1
0,0,1
0,1,1
0,0,1
0,1,1
0,1,1
0,1,1
0,1,1
0,1,1
0,1,1
0,1,1
0,1,1
0,1,1
0,0,1
0,0,0
0,1,1
0,1,1
0,0,1
0,1,1
0,0,1
0,1,1
0,0,1
0,1,1
0,1,1
0,0,1
0,1,1
0,0,1
0,0,0
0,0,1
0,1,1
0,1,1
0,0,1
0,1,1
0,1,1
0,0,1
0,0,0
0,0,1
0,1,1
0,1,1
0,1,1
0,1,1
0,1,1
0,1,1
0,1,1
0,0,1
0,0,1
0,0,1
0,0,0
0,1,1
0,1,1
0,0,1
0,1,1
0,1,1
0,1,1
0,0,1
0,0,1
0,0,1
0,1,1
0,1,1
0,0,0
0,1,1
0,0,1
0,1,1
0,1,1
0,1,1
0,0.8587321,1
0,1,1
0,1,1
0,1,1
0,1,1
0,1,1
0,1,1
0,1,1
0,0,0
0,0,1
0,0,1
0,1,1
0,0,1
0,1,1
0,1,1
0,0,1
0,0,1
0,1,1
0,0,1
0,0,1
0,1,1
0,1,1
0,0.8967146,1
0,0,1
0,1,1
0,1,1
0,0,1
0,0,1
0,1,1
0,0,1
0,0,1
0,1,1
0,0,1
0,1,1
0,0,0
0,1,1
0,1,1
0,0,1
0,1,1
0,1,1
0,1,1
0,1,1
0,1,1
0,0,0
0,0,1
0,0.8997456,1
0,0,1
0,1,1
0,1,1
0,0,1
0,1,1
0,0,1
0,1,1
0,1,1
0,0,1
0,1,1
0,1,1
0,0.7517713,1
0,0,1
0,0,1
0,1,1
0,1,1
0,0,1
0,1,1
0,0.8613603,1
0,1,1
0,0,1
0,0,1
0,1,1
0,1,1
0,1,1
0,1,1
0,0,1
0,1,1
0,1,1
0,0,1
0,0,1
0,0,0
0,0,1
0,1,1
0,0,1
0,1,1
0,0.8667266,1
0,1,1
0,1,1
0,0,1
0,1,1
0,0,0
0,0,1
0,0,1
0,0,1
0,0,1
0,1,1
0,1,1
0,0,1
0,0,1
0,0,1
0,1,1
0,0,1
0,0.8834175,1
0,0,1
0,0,0
0,1,1
0,1,1
0,0,0
0,0,1
0,1,1
0,1,1
0,1,1
0,1,1
0,1,1
0,1,1
0,1,1
0,1,1
0,0,1
0,0,0
0,0,1
0,0,0
0,1,1
0,0,1
0,1,1
0,1,1
0,1,1
0,1,1
0,1,1
0,1,1
0,1,1
0,1,1
0,1,1
0,0,1
0,0,1
0,1,1
0,1,1
0,1,1
0,0,0
0,1,1
0,0,1
0,1,1
0,1,1
0,1,1
0,0,1
0,1,1
0,0,1
0,0.8672577,1
0,1,1
0,1,1
0,0.8630364,1
0,1,1
0,0,0
0,0,0
0,1,1
0,0,0
0,1,1
0,1,1
0,1,1
0,0,1
0,1,1
0,1,1
0,0,1
0,1,1
0,1,1
0,1,1
0,1,1
0,1,1
0,0,1
0,1,1
0,1,1
0,1,1
0,0,1
0,0,1
0,1,1
0,1,1
0,1,1
0,1,1
0,1,1
0,1,1
0,1,1
0,0,1
0,1,1
0,1,1
0,0,1
0,1,1
0,0,1
0,0.874561,1
0,1,1
0,1,1
0,1,1
0,1,1
0,1,1
0,1,1
0,1,1
0,1,1
0,0,0
0,1,1
0,1,1
0,1,1
0,1,1
0,1,1
0,1,1
0,1,1
0,1,1
0,0,1
0,1,1
0,1,1
0,0,0
0,0,0
0,0,1
0,0,1
0,1,1
0,0,1
0,0,1
0,1,1
0,1,1
0,1,1
0,1,1
0,1,1
0,0.7899235,1
0,0,0
0,1,1
0,1,1
0,0,0
0,0,1
0,0,0
0,0,0
0,0,0
0,0,1
0,1,1
0,1,1
0,1,1
0,0.8573532,1
0,1,1
0,0,0
0,1,1
0,1,1
0,1,1
0,1,1
0,1,1
0,1,1
0,0,1
0,1,1
0,0.8584701,1
0,1,1
0,1,1
0,1,1
0,1,1
0,1,1
0,1,1
0,1,1
0,1,1
0,1,1
0,1,1
0,1,1
0,1,1
0,1,1
0,1,1
0,0,1
0,0,0
0,0,1
0,0,1
0,1,1
0,1,1
0,1,1
0,1,1
0,1,1
0,0,1
0,1,1
0,1,1
0,1,1
0,0,0
0,1,1
0,1,1
0,0,1
0,0,1
0,0,1
0,1,1
0,1,1
0,0,1
0,0,1
0,1,1
0,0,1
0,1,1
0,1,1
0,1,1
0,1,1
0,0,1
0,1,1
0,1,1
0,1,1
0,1,1
0,1,1
0,1,1
0,1,1
0,1,1
0,1,1
0,1,1
0,0.8575534,1
0,1,1
0,0,1
0,1,1
0,1,1
0,0.8526541,1
0,1,1
0,1,1
0,1,1
0,0.8662941,1
0,1,1
0,1,1
0,1,1
0,0,1
0,0,0
0,0,1
0,0,1
0,0,0
0,0,1
0,0,1
0,1,1
0,0,1
0,1,1
0,0.8740708,1
0,0.860566,1
0,0,1
0,1,1
0,0,1
0,1,1
0,1,1
0,0,1
0,1,1
0,0,0
0,1,1
0,1,1
0,1,1
0,1,1
0,1,1
0,0,1
0,1,1
0,0,1
0,1,1
0,0,0
0,0,1
0,1,1
0,0,1
0,1,1
0,0,1
0,1,1
0,0,0
0,1,1
0,0,0
0,1,1
0,0,1
0,0,1
0,1,1
0,1,1
0,1,1
0,1,1
0,0,1
0,1,1
0,1,1
0,1,1
0,1,1
0,1,1
0,1,1
0,1,1
0,1,1
0,0.8659459,1
0,1,1
0,1,1
0,1,1
0,0,0
0,0,1
0,0,1
0,1,1
0,1,1
0,1,1
0,1,1
0,1,1
0,1,1
0,0,0
0,1,1
0,1,1
0,1,1
0,1,1
0,1,1
0,1,1
0,1,1
0,0,1
0,0.8611068,1
0,0.8607284,1
0,1,1
0,0,1
0,1,1
0,1,1
0,1,1
0,1,1
0,0,0
0,1,1
0,1,1
0,0,1
0,1,1
0,1,1
0,1,1
0,1,1
0,1,1
0,0,1
0,1,1
0,1,1
0,0,1
0,0,1
0,1,1
0,1,1
0,1,1
0,1,1
0,1,1
0,1,1
0,1,1
0,1,1
0,1,1
0,0,1
0,0,1
0,1,1
0,1,1
0,0.8628794,1
0,1,1
0,1,1
0,1,1
0,1,1
0,0,1
0,1,1
0,1,1
0,1,1
0,1,1
0,0,1
0,1,1
0,0,1
0,0,1
0,0.9921157,1
0,0,0
0,0.8629073,1
0,0,1
0,1,1
0,1,1
0,1,1
0,0.775472,1
0,1,1
0,0,1
0,0,0
0,1,1
0,0,0
0,1,1
0,0,1
0,1,1
0,0,1
0,1,1
0,0,0
0,1,1
0,0,1
0,1,1
0,0,1
0,0,0
0,0,1
0,1,1
0,0,0
0,0,1
0,1,1
0,0,0
0,1,1
0,1,1
0,1,1
0,1,1
0,0,0
0,1,1
0,1,1
0,0,1
0,1,1
0,0,1
0,1,1
0,1,1
0,0,1
0,1,1
0,0.8685411,1
0,1,1
0,0,1
0,0,1
0,1,1
0,0,1
0,0.8645356,1
0,0,1
0,1,1
0,0,1
0,0,1
0,0,1
0,1,1
0,1,1
0,0,1
0,1,1
0,1,1
0,1,1
0,1,1
0,1,1
0,0,1
0,1,1
0,1,1
0,1,1
0,1,1
0,1,1
0,1,1
0,1,1
0,0.8631078,1
0,0,1
0,0.868131,1
0,0,1
0,0.8671712,1
0,1,1
0,1,1
0,1,1
0,1,1
0,0.9521421,1
0,0,1
0,1,1
0,0,1
0,1,1
0,0,1
0,1,1
0,1,1
0,1,1
0,1,1
0,1,1
0,1,1
0,0,1
0,0,1
0,1,1
0,1,1
0,0,1
0,1,1
0,1,1
0,1,1
0,1,1
0,1,1
0,0,1
0,0,1
0,1,1
0,0,1
0,1,1
0,1,1
0,1,1
0,0,1
0,0,0
0,0,1
0,1,1
0,1,1
0,1,1
0,0,1
0,0,1
0,1,1
0,1,1
0,1,1
0,0,1
0,1,1
0,0,1
0,1,1
0,0,1
0,0.8693975,1
0,0,1
0,0,1
0,1,1
0,1,1
0,1,1
0,1,1
0,0.8636192,1
0,1,1
0,0,0
0,1,1
0,0,1
0,0,1
0,0,0
0,0.871695,1
0,0,1
0,1,1
0,1,1
0,0,1
0,1,1
0,0,0
0,1,1
0,0,1
0,1,1
0,1,1
0,1,1
0,1,1
0,1,1
0,0,0
0,0,0
0,0,1
0,0,1
0,1,1
0,0,1
0,1,1
0,1,1
0,0,1
0,1,1
0,0,1
0,0,1
0,0,0
0,1,1
0,1,1
0,1,1
0,0,1
0,1,1
0,0,1
0,0.7235273,1
0,0,1
0,0,0
0,1,1
0,1,1
0,0,1
0,0,0
0,1,1
0,1,1
0,1,1
0,0,1
0,1,1
0,1,1
0,0,1
0,1,1
0,0,1
0,1,1
0,1,1
0,0,1
0,1,1
0,0.8998756,1
0,0,1
0,1,1
0,1,1
0,1,1
0,0,1
0,1,1
0,1,1
0,1,1
0,0,1
0,1,1
0,0,1
0,1,1
0,1,1
0,1,1
0,1,1
0,1,1
0,1,1
0,0,1
0,0,1
0,1,1
0,1,1
0,0,1
0,0,1
0,1,1
0,1,1
0,0.8592857,1
0,1,1
0,1,1
0,1,1
0,1,1
0,0.8817393,1
0,0,0
0,0.8577709,1
0,0,1
0,0,0
0,1,1
0,0,1
0,1,1
0,1,1
0,0,0
0,1,1
0,0,1
0,0,1
0,1,1
0,1,1
0,1,1
0,0,0
0,0,1
0,1,1
0,0,1
0,0,1
0,0,0
0,0,0
0,0,0
0,1,1
0,1,1
0,0,0
0,1,1
0,1,1
0,0,0
0,1,1
0,1,1
0,0,0
0,0.7940204,1
0,0,0
0,0,1
0,1,1
0,1,1
0,1,1
0,1,1
0,1,1
0,0,0
0,1,1
0,1,1
0,1,1
0,1,1
0,1,1
0,0,1
0,1,1
0,1,1
0,1,1
0,1,1
0,1,1
0,1,1
0,0,1
0,1,1
0,0,1
0,1,1
0,1,1
0,0,1
0,1,1
0,0,1
0,1,1
0,1,1
0,0.8611953,1
0,1,1
0,1,1
0,0,1
0,0,1
0,1,1
0,1,1
0,0,0
0,1,1
0,1,1
0,1,1
0,1,1
0,0,1
0,1,1
0,1,1
0,0,1
0,1,1
0,0,0
0,1,1
0,0.8730606,1
0,0,0
0,0,1
0,1,1
0,1,1
0,1,1
0,1,1
0,0,1
0,0,1
0,0.8651944,1
0,1,1
0,1,1
0,0,0
0,1,1
0,1,1
0,0,0
0,0,1
0,1,1
0,1,1
0,1,1
0,0.858108,1
0,1,1
0,0,1
0,1,1
0,1,1
0,0,0
0,1,1
0,0,0
0,1,1
0,0,1
0,1,1
0,1,1
0,0,0
0,1,1
0,1,1
0,1,1
0,0,1
0,0,1
0,0,1
0,1,1
0,1,1
0,0.8658223,1
0,0,1
0,1,1
0,1,1
0,1,1
0,1,1
0,1,1
0,1,1
0,1,1
0,1,1
0,0,0
0,1,1
0,1,1
0,0,1
0,0,1
0,1,1
0,1,1
0,1,1
0,1,1
0,1,1
0,1,1
0,0,1
0,1,1
0,1,1
0,1,1
0,0,1
0,1,1
0,0,0
0,1,1
0,1,1
0,1,1
0,1,1
0,0,1
0,0,0
0,0,0
0,1,1
0,1,1
0,1,1
0,1,1
0,1,1
0,1,1
0,1,1
0,1,1
0,1,1
0,0,1
0,1,1
0,1,1
0,1,1
0,1,1
0,0,1
0,0,0
0,1,1
0,1,1
0,0,0
0,1,1
0,0,1
0,1,1
0,1,1
0,1,1
0,0,1
0,1,1
0,1,1
0,0,1
0,1,1
0,0,1
0,1,1
0,0,1
0,1,1
0,1,1
0,0,0
0,1,1
0,1,1
0,0,1
0,1,1
0,0,1
0,1,1
0,1,1
0,1,1
0,1,1
0,1,1
0,1,1
0,0,1
0,1,1
0,1,1
0,1,1
0,0,1
0,1,1
0,1,1
0,1,1
0,0,1
0,0,1
0,1,1
0,1,1
0,1,1
0,1,1
0,1,1
0,0,1
0,0,1
0,1,1
0,1,1
0,1,1
0,0,1
0,0,0
0,1,1
0,1,1
0,1,1
0,1,1
0,0.8615502,1
0,1,1
0,1,1
0,0,0
0,1,1
0,0,1
0,1,1
0,1,1
0,0,1
0,1,1
0,1,1
0,1,1
0,0,1
0,1,1
0,1,1
0,0,1
0,1,1
0,0,1
0,0,1
0,0,1
0,1,1
0,0,0
0,1,1
0,1,1
0,1,1
0,0,0
0,1,1
0,1,1
0,1,1
0,1,1
0,1,1
0,0,1
0,0,1
0,0,1
0,0,1
0,1,1
0,1,1
0,1,1
0,0,1
0,0,1
0,1,1
0,0,1
0,0,0
0,1,1
0,0,0
0,0,1
0,0,1
0,1,1
0,1,1
0,1,1
0,1,1
0,1,1
0,0,1
0,0,1
0,1,1
0,0,0
0,1,1
0,0,1
0,1,1
0,0,1
0,1,1
0,0,1
0,1,1
0,1,1
0,1,1
0,1,1
0,0.7827879,1
0,0,1
0,1,1
0,1,1
0,1,1
0,1,1
0,0,1
0,1,1
0,0,1
0,1,1
0,1,1
0,0,1
0,1,1
0,1,1
0,0,0
0,0,0
0,0,1
0,1,1
0,1,1
0,1,1
0,1,1
0,1,1
0,1,1
0,1,1
0,0,1
0,1,1
0,1,1
0,1,1
0,0,1
0,1,1
0,1,1
0,0,1
0,0.8607117,1
0,0,0
0,1,1
0,1,1
0,0,1
0,1,1
0,1,1
0,1,1
0,1,1
0,1,1
0,1,1
0,1,1
0,1,1
0,0,1
0,1,1
0,1,1
0,0.857597,1
0,1,1
0,1,1
0,1,1
0,1,1
0,1,1
0,1,1
0,0,1
0,0,1
0,0,0
0,1,1
0,1,1
0,0.7229288,1
0,1,1
0,0,1
0,1,1
0,0,0
0,0,1
0,1,1
0,1,1
0,1,1
0,0,1
0,1,1
0,1,1
0,1,1
0,1,1
0,1,1
0,1,1
0,1,1
0,1,1
0,0,1
0,1,1
0,0,0
0,1,1
0,0,1
0,0,1
0,1,1
0,0.8698119,1
0,1,1
0,1,1
0,1,1
0,1,1
0,1,1
0,1,1
0,0,0
0,1,1
0,0.8588265,1
0,1,1
0,1,1
0,1,1
0,0,1
0,0,0
0,0,1
0,1,1
0,1,1
0,0,1
0,1,1
0,1,1
0,1,1
0,1,1
0,1,1
0,0.8737041,1
0,0,0
0,1,1
0,0,1
0,1,1
0,0,1
0,1,1
0,0,1
0,1,1
0,1,1
0,0,1
0,1,1
0,1,1
0,1,1
0,1,1
0,0,1
0,0,0
0,1,1
0,0,1
0,1,1
0,0,1
0,0,1
0,0,1
0,1,1
0,1,1
0,0,0
0,1,1
0,1,1
0,1,1
0,0,1
0,1,1
0,1,1
0,1,1
0,1,1
0,1,1
0,1,1
0,0.7031351,1
0,0,1
0,1,1
0,1,1
0,1,1
0,1,1
0,1,1
0,1,1
0,1,1
0,0,1
0,0,0
0,1,1
0,0,1
0,0,1
0,0,1
0,1,1
0,1,1
0,1,1
0,0.8664407,1
0,1,1
0,1,1
0,1,1
0,0,0
0,1,1
0,0,0
0,0,0
0,0,1
0,1,1
0,0.8676115,1
0,1,1
0,0,0
0,1,1
0,0,0
0,0,1
0,1,1
0,1,1
0,1,1
0,1,1
0,0,1
0,0,0
0,1,1
0,1,1
0,1,1
0,1,1
0,0,1
0,0,0
0,0,0
0,1,1
0,0,0
0,0,0
0,1,1
0,0,1
0,0,1
0,1,1
0,1,1
0,0,1
0,1,1
0,0,1
0,0,1
0,1,1
0,0.8651503,1
0,1,1
0,0,1
0,1,1
0,1,1
0,0,1
0,1,1
0,1,1
0,0,1
0,1,1
0,1,1
0,0,1
0,0,1
0,1,1
0,1,1
0,0,1
0,1,1
0,0,0
0,1,1
0,0,1
0,1,1
0,1,1
0,1,1
0,0,0
0,0,1
0,1,1
0,1,1
0,1,1
0,1,1
0,0.8583983,1
0,1,1
0,1,1
0,1,1
0,1,1
0,1,1
0,0,1
0,1,1
0,1,1
0,1,1
0,1,1
0,1,1
0,0,1
0,0,0
0,1,1
0,1,1
0,0,1
0,1,1
0,0,1
0,0,0
0,0,1
0,1,1
0,1,1
0,1,1
0,1,1
0,1,1
0,1,1
0,1,1
0,1,1
0,1,1
0,0,1
0,1,1
0,1,1
0,0,1
0,1,1
0,0,1
0,1,1
0,1,1
0,1,1
0,1,1
0,1,1
0,1,1
0,0.8605641,1
0,0.8628066,1
0,1,1
0,1,1
0,0,1
0,1,1
0,0,1
0,1,1
0,0,1
0,1,1
0,0,1
0,0,1
0,1,1
0,0,1
0,1,1
0,0,0
0,1,1
0,0.8680123,1
0,1,1
0,1,1
0,0,1
0,1,1
0,1,1
0,1,1
0,0,0
0,1,1
0,1,1
0,1,1
0,1,1
0,1,1
0,1,1
0,1,1
0,0.7782347,1
0,0,0
0,0,1
0,0,0
0,1,1
0,1,1
0,0,1
0,1,1
0,1,1
0,0,0
0,0,0
0,1,1
0,0,1
0,0,1
0,1,1
0,1,1
0,1,1
0,1,1
0,0,1
0,0,1
0,1,1
0,0.8290393,1
0,0,1
0,1,1
0,1,1
0,0,1
0,0,1
0,1,1
0,0,1
0,0,1
0,1,1
0,0,1
0,1,1
0,1,1
0,1,1
0,0,1
0,1,1
0,1,1
0,0,1
0,0,1
0,1,1
0,0,1
0,1,1
0,1,1
0,1,1
0,1,1
0,1,1
0,1,1
0,1,1
0,1,1
0,0,1
0,0,1
0,0,1
0,1,1
0,0,0
0,1,1
0,0,0
0,1,1
0,0,1
0,1,1
0,0.8639593,1
0,0.8593222,1
0,0,1
0,0,0
0,1,1
0,1,1
0,0,1
0,0,1
0,0,1
0,1,1
0,0,1
0,0,1
0,1,1
0,1,1
0,1,1
0,0,1
0,1,1
0,1,1
0,0,1
0,0,1
0,0,1
0,1,1
0,0,1
0,0,1
0,1,1
0,1,1
0,1,1
0,0,1
0,1,1
0,0,1
0,1,1
0,1,1
0,1,1
0,0,1
0,1,1
0,0,1
0,1,1
0,1,1
0,1,1
0,1,1
0,0,1
0,1,1
0,0,1
0,0,1
0,0,1
0,0,1
0,0,1
0,1,1
0,1,1
0,0,1
0,1,1
0,1,1
0,0,0
0,0,1
0,0,0
0,1,1
0,1,1
0,1,1
0,0,0
0,0,1
0,0,1
0,0,1
0,0,1
0,0,1
0,1,1
0,0.8605109,1
0,0,1
0,0,0
0,1,1
0,0,1
0,1,1
0,1,1
0,1,1
0,0,1
0,1,1
0,1,1
0,1,1
0,1,1
0,1,1
0,1,1
0,1,1
0,1,1
0,0,1
0,0,1
0,0,1
0,0,0
0,0.867046,1
0,1,1
0,0,0
0,0,1
0,0.8686544,1
0,0,0
0,1,1
0,0,1
0,0,1
0,0,0
0,0,1
0,1,1
0,0,1
0,1,1
0,0.7606893,1
0,1,1
0,1,1
0,1,1
0,1,1
0,1,1
0,1,1
0,0,1
0,1,1
0,1,1
0,0,1
0,0,1
0,1,1
0,1,1
0,0,1
0,1,1
0,0.8647004,1
0,1,1
0,1,1
0,0,1
0,1,1
0,1,1
0,1,1
0,1,1
0,0,1
0,1,1
0,1,1
0,0,1
0,1,1
0,1,1
0,1,1
0,1,1
0,1,1
0,0,1
0,1,1
0,1,1
0,1,1
0,0,0
0,1,1
0,1,1
0,1,1
0,1,1
0,1,1
0,0,0
0,1,1
0,1,1
0,1,1
0,1,1
0,0,0
0,1,1
0,1,1
0,1,1
0,0,0
0,1,1
0,1,1
0,1,1
0,1,1
0,1,1
0,0,1
0,0.8666266,1
0,1,1
0,0,1
0,0,0
0,1,1
0,1,1
0,0.8579508,1
0,1,1
0,1,1
0,1,1
0,1,1
0,1,1
0,1,1
0,0,1
0,1,1
0,1,1
0,1,1
0,0,1
0,0,0
0,0,1
0,1,1
0,1,1
0,0,1
0,1,1
0,1,1
0,0.8522781,1
0,0,0
0,1,1
0,1,1
0,1,1
0,0,0
0,1,1
0,0,1
0,1,1
0,1,1
0,1,1
0,1,1
0,0,1
0,0,0
0,1,1
0,1,1
0,1,1
0,1,1
0,1,1
0,1,1
0,0,0
0,0,1
0,1,1
0,1,1
0,0.8577501,1
0,1,1
0,0,1
0,0,1
0,0,1
0,1,1
0,0,0
0,1,1
0,0,0
0,0,1
0,0,1
0,0,1
0,1,1
0,0,1
0,0,0
0,1,1
0,0.8743521,1
0,1,1
0,1,1
0,1,1
0,0,1
0,0,1
0,1,1
0,1,1
0,0,1
0,1,1
0,1,1
0,0.8636218,1
0,1,1
0,1,1
0,1,1
0,1,1
0,0,1
0,0,1
0,1,1
0,1,1
0,1,1
0,1,1
0,1,1
0,1,1
0,0,1
0,1,1
0,0,0
0,1,1
0,1,1
0,1,1
0,0.8518211,1
0,1,1
0,0,0
0,1,1
0,1,1
0,0,1
0,1,1
0,1,1
0,1,1
0,1,1
0,1,1
0,1,1
0,1,1
0,1,1
0,1,1
0,1,1
0,1,1
0,1,1
0,1,1
0,0,1
0,1,1
0,0,0
0,0,1
0,0,1
0,1,1
0,0,1
0,0.8012041,1
0,0,1
0,1,1
0,0,1
0,0,1
0,1,1
0,0,1
0,1,1
0,0,1
0,1,1
0,1,1
0,1,1
0,1,1
0,0,1
0,1,1
0,1,1
0,0,0
0,1,1
0,1,1
0,1,1
0,1,1
0,0,1
0,1,1
0,1,1
0,1,1
0,0,1
0,1,1
0,0,0
0,1,1
0,0,1
0,0,1
0,1,1
0,1,1
0,0,0
0,0,1
0,1,1
0,1,1
0,0,1
0,1,1
0,0,1
0,0,1
0,1,1
0,1,1
0,1,1
0,1,1
0,1,1
0,1,1
0,0,1
0,1,1
0,1,1
0,1,1
0,1,1
0,0,1
0,1,1
0,0,0
0,1,1
0,1,1
0,0,1
0,0,0
0,1,1
0,0,1
0,1,1
0,1,1
0,0,1
0,0,1
0,1,1
0,1,1
0,1,1
0,1,1
0,1,1
0,1,1
0,0,0
0,0,0
0,1,1
0,1,1
0,1,1
0,0,1
0,0,1
0,0,1
0,0,1
0,1,1
0,0.8600842,1
0,1,1
0,1,1
0,1,1
0,1,1
0,1,1
0,1,1
0,1,1
0,1,1
0,0,1
0,0,1
0,1,1
0,1,1
0,0.8598405,1
0,1,1
0,1,1
0,0,0
0,0,0
0,0,1
0,0,1
0,1,1
0,1,1
0,1,1
0,0,1
0,1,1
0,0,1
0,1,1
0,0,1
0,0.8614833,1
0,0,1
0,0,1
0,1,1
0,0,1
0,0.8556466,1
0,1,1
0,1,1
0,0,1
0,0,1
0,1,1
0,1,1
0,0,1
0,1,1
0,0,1
0,1,1
0,0,0
0,0,0
0,1,1
0,1,1
0,1,1
0,0,1
0,0,1
0,0,0
0,1,1
0,1,1
0,0,1
0,1,1
0,1,1
0,0.8677112,1
0,1,1
0,0,1
0,1,1
0,0,1
0,1,1
0,1,1
0,0,1
0,0,1
0,1,1
0,0,1
0,0,1
0,1,1
0,0,1
0,1,1
0,1,1
0,1,1
0,0,1
0,1,1
0,1,1
0,1,1
0,1,1
0,0,1
0,1,1
0,1,1
0,1,1
0,1,1
0,1,1
0,0,0
0,0,1
0,0,1
0,0,1
0,0,1
0,1,1
0,0,1
0,1,1
0,1,1
0,0,1
0,1,1
0,1,1
0,0.7491759,1
0,1,1
0,1,1
0,0,1
0,1,1
0,1,1
0,1,1
0,1,1
0,0,1
0,1,1
0,0,0
0,1,1
0,0,0
0,0,1
0,0,1
0,1,1
0,1,1
0,0,0
0,0,1
0,1,1
0,1,1
0,1,1
0,1,1
0,1,1
0,1,1
0,1,1
0,1,1
0,0,1
0,1,1
0,1,1
0,1,1
0,1,1
0,1,1
0,1,1
0,1,1
0,1,1
0,1,1
0,0.7372807,1
0,0,1
0,1,1
0,0,1
0,0,1
0,0,1
0,1,1
0,1,1
0,1,1
0,0,1
0,1,1
0,0,1
0,1,1
0,0,1
0,0,1
0,1,1
0,1,1
0,1,1
0,1,1
0,0,1
0,0,1
0,1,1
0,0,1
0,0.8614088,1
0,0,1
0,1,1
0,0,1
0,0.8645154,1
0,0,1
0,1,1
0,0,1
0,1,1
0,1,1
0,0,1
0,1,1
0,0,1
0,0,1
0,1,1
0,0,0
0,0.8587836,1
0,0,1
0,1,1
0,0,1
0,1,1
0,0,1
0,0.7040826,1
0,1,1
0,0,1
0,1,1
0,1,1
0,0,1
0,1,1
0,0,0
0,0,1
0,0,1
0,0,1
0,0.8685281,1
0,1,1
0,1,1
0,0,1
0,0,1
0,0,1
0,1,1
0,1,1
0,1,1
0,0,1
0,1,1
0,1,1
0,1,1
0,1,1
0,1,1
0,1,1
0,1,1
0,1,1
0,1,1
0,0,1
0,0,1
0,1,1
0,0,1
0,0,1
0,1,1
0,0,1
0,0,1
0,0,1
0,1,1
0,0.859778,1
0,0,1
0,1,1
0,0,0
0,0,0
0,0,0
0,1,1
0,0,1
0,0,1
0,0.8565222,1
0,0,0
0,0,1
0,1,1
0,1,1
0,0,1
0,1,1
0,0,1
0,1,1
0,1,1
0,0,1
0,1,1
0,1,1
0,1,1
0,1,1
0,1,1
0,1,1
0,0,1
0,0,1
0,0.8617152,1
0,1,1
0,1,1
0,0.8570145,1
0,1,1
0,0.8676192,1
0,1,1
0,0,1
0,0,1
0,0,1
0,0,0
0,1,1
0,0,1
0,0,1
0,0,0
0,1,1
0,1,1
0,0,1
0,0,0
0,0,1
0,1,1
0,0,1
0,1,1
0,1,1
0,0,1
0,1,1
0,1,1
0,1,1
0,0,1
0,0.8587118,1
0,1,1
0,1,1
0,1,1
0,1,1
0,1,1
0,0,1
0,1,1
0,0,1
0,1,1
0,1,1
0,1,1
0,1,1
0,1,1
0,0.859603,1
0,0,1
0,1,1
0,1,1
0,1,1
0,0,1
0,0,1
0,0,1
0,1,1
0,1,1
0,1,1
0,1,1
0,0,1
0,1,1
0,0.8583008,1
0,0,1
0,1,1
0,1,1
0,0,1
0,0,1
0,0,1
0,0,1
0,1,1
0,0,1
0,0,1
0,1,1
0,0,1
0,0,0
0,1,1
0,1,1
0,1,1
0,0,1
0,1,1
0,1,1
0,1,1
0,1,1
0,1,1
0,0,1
0,1,1
0,0,1
0,1,1
0,0,1
0,1,1
0,1,1
0,1,1
0,1,1
0,1,1
0,1,1
0,1,1
0,1,1
0,0,0
0,1,1
0,0,0
0,0,1
0,1,1
0,1,1
0,1,1
0,1,1
0,1,1
0,1,1
0,1,1
0,1,1
0,0,1
0,1,1
0,1,1
0,1,1
0,0,1
0,0,1
0,1,1
0,0,1
0,1,1
0,1,1
0,1,1
0,0,1
0,1,1
0,1,1
0,1,1
0,0.8644063,1
0,0,1
0,0,1
0,0,0
0,1,1
0,1,1
0,1,1
0,1,1
0,1,1
0,0,1
0,0,0
0,1,1
0,1,1
0,1,1
0,1,1
0,1,1
0,0,1
0,0,1
0,0,1
0,1,1
0,0,0
0,1,1
0,0,0
0,0,1
0,1,1
0,1,1
0,1,1
0,1,1
0,1,1
0,0,1
0,1,1
0,1,1
0,0,1
0,1,1
0,1,1
0,0,1
0,0,1
0,1,1
0,0,1
0,1,1
0,0,1
0,1,1
0,0,0
0,1,1
0,1,1
0,1,1
0,0,1
0,0,0
0,1,1
0,0,1
0,1,1
0,1,1
0,1,1
0,1,1
0,1,1
0,0.853187,1
0,0,1
0,1,1
0,1,1
0,1,1
0,1,1
0,0,1
0,1,1
0,0,1
0,1,1
0,0,0
0,1,1
0,0,1
0,1,1
0,1,1
0,1,1
0,1,1
0,1,1
0,0,1
0,0.8580006,1
0,0,1
0,1,1
0,1,1
0,1,1
0,1,1
0,1,1
0,1,1
0,1,1
0,0.8746085,1
0,0,1
0,0,1
0,0,1
0,1,1
0,0,1
0,1,1
0,1,1
0,1,1
0,1,1
0,0,1
0,0,0
0,0,0
0,0,1
0,1,1
0,1,1
0,1,1
0,1,1
0,0,0
0,0,1
0,1,1
0,1,1
0,1,1
0,1,1
0,0,0
0,1,1
0,0,1
0,1,1
0,0,0
0,0,1
0,1,1
0,1,1
0,1,1
0,1,1
0,0,1
0,1,1
0,1,1
0,1,1
0,0,1
0,0,1
0,1,1
0,0,1
0,1,1
0,0,1
0,1,1
0,1,1
0,1,1
0,0,1
0,0,0
0,1,1
0,1,1
0,1,1
0,0,0
0,1,1
0,0,1
0,0,0
0,0,1
0,1,1
0,1,1
0,0,1
0,1,1
0,1,1
0,0.8574725,1
0,1,1
0,1,1
0,1,1
0,0,0
0,1,1
0,0,1
0,1,1
0,0,1
0,1,1
0,1,1
0,1,1
0,1,1
0,0,0
0,1,1
0,1,1
0,1,1
0,1,1
0,1,1
0,1,1
0,0,1
0,1,1
0,0,1
0,0.8647165,1
0,0,1
0,1,1
0,0,1
0,1,1
0,1,1
0,0,1
0,1,1
0,1,1
0,0,1
0,1,1
0,0,1
0,0,1
0,1,1
0,1,1
0,1,1
0,1,1
0,1,1
0,1,1
0,0,1
0,1,1
0,1,1
0,0,1
0,1,1
0,1,1
0,1,1
0,1,1
0,1,1
0,1,1
0,1,1
0,0,0
0,1,1
0,1,1
0,0,1
0,1,1
0,1,1
0,0,1
0,1,1
0,1,1
0,0,1
0,1,1
0,1,1
0,1,1
0,0,1
0,1,1
0,0,1
0,1,1
0,1,1
0,1,1
0,0.8679547,1
0,0.7739576,1
0,1,1
0,0,0
0,0.8626051,1
0,1,1
0,1,1
0,1,1
0,1,1
0,0,1
0,1,1
0,1,1
0,1,1
0,0,1
0,0,1
0,0.8614858,1
0,1,1
0,1,1
0,1,1
0,1,1
0,0,1
0,0,0
0,0,1
0,0,1
0,0,1
0,0,1
0,0,1
0,1,1
0,1,1
0,1,1
0,1,1
0,1,1
0,1,1
0,1,1
0,0.7164258,1
0,0.8528192,1
0,1,1
0,1,1
0,0,0
0,1,1
0,1,1
0,1,1
0,0,0
0,0,0
0,1,1
0,1,1
0,1,1
0,0,1
0,0,1
0,1,1
0,0,1
0,1,1
0,1,1
0,0,1
0,0,1
0,0,1
0,0,1
0,1,1
0,1,1
0,1,1
0,1,1
0,1,1
0,1,1
0,1,1
0,1,1
0,1,1
0,0.8616252,1
0,1,1
0,1,1
0,1,1
0,1,1
0,0.7621311,1
0,1,1
0,1,1
0,1,1
0,1,1
0,0,1
0,1,1
0,1,1
0,1,1
0,0,1
0,1,1
0,1,1
0,0,0
0,0,1
0,1,1
0,1,1
0,1,1
0,1,1
0,1,1
0,1,1
0,0,1
0,1,1
0,0,1
0,1,1
0,1,1
0,0,1
0,0,1
0,0.8813008,1
0,1,1
0,1,1
0,1,1
0,1,1
0,1,1
0,0,1
0,1,1
0,1,1
0,1,1
0,0,1
0,0,1
0,1,1
0,1,1
0,1,1
0,1,1
0,1,1
0,1,1
0,1,1
0,1,1
0,1,1
0,1,1
0,0,1
0,1,1
0,1,1
0,1,1
0,1,1
0,0,1
0,1,1
0,0,1
0,1,1
0,1,1
0,1,1
0,1,1
0,0,1
0,1,1
0,0,0
0,0,1
0,0,1
0,1,1
0,1,1
0,1,1
0,0,1
0,0,1
0,1,1
0,1,1
0,1,1
0,1,1
0,0,0
0,1,1
0,0,0
0,1,1
0,0,1
0,1,1
0,1,1
0,0,1
0,1,1
0,0,1
0,1,1
0,1,1
0,1,1
0,1,1
0,1,1
0,1,1
0,1,1
0,1,1
0,1,1
0,1,1
0,0,1
0,0,1
0,0,1
0,1,1
0,1,1
0,0,1
0,1,1
0,1,1
0,1,1
0,1,1
0,1,1
0,0,1
0,1,1
0,1,1
0,1,1
0,1,1
0,1,1
0,1,1
0,1,1
0,0,0
0,1,1
0,1,1
0,0,1
0,0,1
0,0,0
0,0,1
0,0,1
0,1,1
0,0,1
0,0,1
0,1,1
0,1,1
0,1,1
0,0.8626077,1
0,0,0
0,0,1
0,1,1
0,1,1
0,1,1
0,0,1
0,1,1
0,1,1
0,0,1
0,1,1
0,1,1
0,0,1
0,0,0
0,1,1
0,1,1
0,1,1
0,0,0
0,0,1
0,1,1
0,0,1
0,0,1
0,1,1
0,0,0
0,1,1
0,1,1
0,0.8526033,1
0,0,1
0,1,1
0,1,1
0,1,1
0,1,1
0,0,1
0,0,0
0,0,1
0,0,1
0,1,1
0,0,1
0,1,1
0,1,1
0,1,1
0,1,1
0,0,1
0,1,1
0,0,1
0,1,1
0,0,1
0,1,1
0,0,1
0,1,1
0,0,1
0,1,1
0,0,1
0,1,1
0,1,1
0,1,1
0,1,1
0,0,1
0,0,1
0,0,1
0,1,1
0,1,1
0,0,0
0,0,1
0,1,1
0,0,0
0,1,1
0,1,1
0,1,1
0,0,1
0,1,1
0,1,1
0,1,1
0,1,1
0,1,1
0,1,1
0,1,1
0,1,1
0,0,1
0,1,1
0,1,1
0,0.7089945,1
0,1,1
0,1,1
0,0.87889,1
0,1,1
0,1,1
0,0,1
0,0,1
0,1,1
0,0,1
0,1,1
0,1,1
0,1,1
0,0,0
0,0,1
0,1,1
0,1,1
0,1,1
0,1,1
0,1,1
0,1,1
0,1,1
0,1,1
0,0,1
0,1,1
0,1,1
0,1,1
0,0,1
0,1,1
0,1,1
0,0,1
0,1,1
0,0,1
0,1,1
0,1,1
0,0,0
0,1,1
0,1,1
0,0,0
0,1,1
0,1,1
0,1,1
0,0,1
0,1,1
0,1,1
0,0,1
0,1,1
0,1,1
0,1,1
0,1,1
0,1,1
0,1,1
0,1,1
0,1,1
0,1,1
0,1,1
0,1,1
0,1,1
0,0,1
0,0,1
0,1,1
0,1,1
0,0,0
0,1,1
0,1,1
0,0,0
0,1,1
0,0,0
0,0,1
0,0,1
0,1,1
0,1,1
0,1,1
0,0,1
0,1,1
0,0,1
0,1,1
0,1,1
0,0,0
0,1,1
0,1,1
0,0,1
0,1,1
0,1,1
0,1,1
0,1,1
0,1,1
0,0.8567814,1
0,1,1
0,1,1
0,1,1
0,0,1
0,1,1
0,0,1
0,1,1
0,0,0
0,1,1
0,1,1
0,1,1
0,0,0
0,1,1
0,1,1
0,1,1
0,1,1
0,0,1
0,0,1
0,0,1
0,1,1
0,1,1
0,1,1
0,0,1
0,1,1
0,1,1
0,1,1
0,1,1
0,1,1
0,0,1
0,1,1
0,1,1
0,0,1
0,0,1
0,1,1
0,0,1
0,1,1
0,1,1
0,1,1
0,0,1
0,0,0
0,1,1
0,1,1
0,1,1
0,1,1
0,1,1
0,1,1
0,0,0
0,1,1
0,1,1
0,1,1
0,1,1
0,1,1
0,1,1
0,1,1
0,0,0
0,1,1
0,0.862626,1
0,0,1
0,0,1
0,1,1
0,1,1
0,1,1
0,0,1
0,0,1
0,1,1
0,0,1
0,1,1
0,1,1
0,1,1
0,1,1
0,1,1
0,1,1
0,1,1
0,1,1
0,1,1
0,0,1
0,0,1
0,1,1
0,1,1
0,1,1
0,1,1
0,0,1
0,1,1
0,0.8678772,1
0,0,1
0,1,1
0,0,1
0,0,0
0,1,1
0,0,1
0,0,1
0,1,1
0,1,1
0,0,0
0,1,1
0,0,1
0,1,1
0,1,1
0,1,1
0,1,1
0,1,1
0,0,1
0,1,1
0,1,1
0,0,0
0,0,0
0,1,1
0,1,1
0,1,1
0,1,1
0,1,1
0,0.8751637,1
0,1,1
0,1,1
0,0,1
0,1,1
0,0,1
0,1,1
0,1,1
0,1,1
0,1,1
0,1,1
0,1,1
0,0,0
0,1,1
0,0,1
0,0,1
0,1,1
0,1,1
0,1,1
0,0.8642319,1
0,1,1
0,0,1
0,1,1
0,0,0
0,1,1
0,0.8617827,1
0,0,1
0,1,1
0,1,1
0,1,1
0,0,1
0,1,1
0,1,1
0,1,1
0,1,1
0,1,1
0,1,1
0,1,1
0,1,1
0,1,1
0,1,1
0,0,1
0,0,1
0,0.8615621,1
0,0,1
0,1,1
0,0,1
0,0,1
0,0,1
0,0,1
0,1,1
0,1,1
0,1,1
0,1,1
0,1,1
0,1,1
0,1,1
0,0,1
0,1,1
0,1,1
0,1,1
0,0,1
0,0.8656005,1
0,1,1
0,1,1
0,1,1
0,0,0
0,1,1
0,1,1
0,1,1
0,1,1
0,1,1
0,0,1
0,0,1
0,1,1
0,1,1
0,1,1
0,1,1
0,1,1
0,1,1
0,1,1
0,1,1
0,0,1
0,0.8524206,1
0,1,1
0,0,1
0,0,1
0,1,1
0,1,1
0,1,1
0,1,1
0,0,1
0,1,1
0,0,1
0,1,1
0,1,1
0,1,1
0,1,1
0,1,1
0,0,0
0,1,1
0,0,0
0,1,1
0,0.8605245,1
0,0,0
0,1,1
0,1,1
0,1,1
0,0,1
0,1,1
0,1,1
0,1,1
0,1,1
0,1,1
0,1,1
0,1,1
0,1,1
0,1,1
0,0,1
0,0,1
0,1,1
0,1,1
0,1,1
0,0,1
0,1,1
0,1,1
0,1,1
0,1,1
0,0.8604928,1
0,1,1
0,0,0
0,0,0
0,1,1
0,1,1
0,1,1
0,1,1
0,1,1
0,1,1
0,0,1
0,0,1
0,0,1
0,0,1
0,0,1
0,0,1
0,1,1
0,1,1
0,0,0
0,0,1
0,0,1
0,1,1
0,1,1
0,0,1
0,1,1
0,0,0
0,1,1
0,1,1
0,0,1
0,0,0
0,1,1
0,0,0
0,1,1
0,1,1
0,1,1
0,1,1
0,0,0
0,1,1
0,0,1
0,1,1
0,1,1
0,1,1
0,0,1
0,0,1
0,1,1
0,0,1
0,1,1
0,1,1
0,0,1
0,1,1
0,0,1
0,1,1
0,1,1
0,1,1
0,1,1
0,1,1
0,0,1
0,0,0
0,1,1
0,0,1
0,0,1
0,1,1
0,0,1
0,0,1
0,0,1
0,0,1
0,1,1
0,0,0
0,1,1
0,1,1
0,0,1
0,1,1
0,1,1
0,0,0
0,1,1
0,1,1
0,0,1
0,0,1
0,0,1
0,0,1
0,0,1
0,1,1
0,0,0
0,0,1
0,0,1
0,1,1
0,1,1
0,1,1
0,1,1
0,0,1
0,0,1
0,0,1
0,1,1
0,1,1
0,1,1
0,1,1
0,1,1
0,1,1
0,0,1
0,1,1
0,1,1
0,1,1
0,1,1
0,0.8608993,1
0,1,1
0,1,1
0,1,1
0,0,1
0,1,1
0,1,1
0,0,0
0,1,1
0,1,1
0,0.7029427,1
0,0,1
0,0,0
0,1,1
0,1,1
0,0,1
0,1,1
0,1,1
0,1,1
0,0,0
0,0,0
0,0,1
0,1,1
0,0.864904,1
0,0,0
0,1,1
0,0,1
0,1,1
0,1,1
0,1,1
0,0,1
0,1,1
0,0,1
0,1,1
0,0,1
0,0,1
0,0.8550142,1
0,1,1
0,0,1
0,0,0
0,1,1
0,1,1
0,1,1
0,1,1
0,1,1
0,0,1
0,1,1
0,1,1
0,0,1
0,1,1
0,0,1
0,1,1
0,1,1
0,0,1
0,0,1
0,0,1
0,1,1
0,0,1
0,1,1
0,1,1
0,1,1
0,1,1
0,1,1
0,0,1
0,1,1
0,0,1
0,1,1
0,0,1
0,1,1
0,1,1
0,1,1
0,1,1
0,1,1
0,0,0
0,1,1
0,0,1
0,0,1
0,1,1
0,0,1
0,1,1
0,0,1
0,1,1
0,1,1
0,0,1
0,1,1
0,0,1
0,1,1
0,0,1
0,0,0
0,0,1
0,1,1
0,1,1
0,1,1
0,1,1
0,1,1
0,1,1
0,1,1
0,1,1
0,1,1
0,1,1
0,0.7872587,1
0,0,1
0,0.8621272,1
0,0,1
0,0,1
0,1,1
0,1,1
0,1,1
0,0,1
0,1,1
0,1,1
0,1,1
0,1,1
0,0.8595304,1
0,1,1
0,0,0
0,1,1
0,1,1
0,1,1
0,1,1
0,0,1
0,1,1
0,1,1
0,0,1
0,0,0
0,1,1
0,1,1
0,1,1
0,0,1
0,0,1
0,0,1
0,1,1
0,1,1
0,1,1
0,1,1
0,1,1
0,1,1
0,1,1
0,1,1
0,0,1
0,1,1
0,0,1
0,1,1
0,1,1
0,1,1
0,1,1
0,1,1
0,1,1
0,1,1
0,0,1
0,1,1
0,0,0
0,0,1
0,0,1
0,1,1
0,0,1
0,0,1
0,1,1
0,0,1
0,1,1
0,1,1
0,1,1
0,0,1
0,0,1
0,0,1
0,0.8663574,1
0,1,1
0,0,1
0,1,1
0,0,1
0,0,0
0,0,1
0,1,1
0,0,1
0,1,1
0,1,1
0,0,1
0,1,1
0,0,0
0,0,0
0,0,0
0,1,1
0,1,1
0,1,1
0,1,1
0,0,1
0,1,1
0,0,1
0,1,1
0,1,1
0,0,1
0,0,1
0,1,1
0,0,1
0,1,1
0,1,1
0,1,1
0,1,1
0,0,1
0,0,1
0,0,1
0,1,1
0,1,1
0,1,1
0,0,1
0,0.860797,1
0,1,1
0,1,1
0,0.8613707,1
0,0,1
0,1,1
0,1,1
0,1,1
0,0,0
0,0,1
0,1,1
0,1,1
0,1,1
0,1,1
0,0,1
0,1,1
0,0,0
0,0,0
0,0,1
0,1,1
0,0,0
0,1,1
0,1,1
0,1,1
0,1,1
0,0,0
0,0,1
0,1,1
0,0,0
0,0.8702232,1
0,1,1
0,1,1
0,0,1
0,1,1
0,1,1
0,1,1
0,1,1
0,1,1
0,1,1
0,0,1
0,1,1
0,1,1
0,0,0
0,1,1
0,1,1
0,0,1
0,1,1
0,1,1
0,1,1
0,1,1
0,1,1
0,1,1
0,0,1
0,1,1
0,1,1
0,1,1
0,1,1
0,1,1
0,1,1
0,0,1
0,0,1
0,1,1
0,0,0
0,1,1
0,0,0
0,1,1
0,1,1
0,1,1
0,0,1
0,1,1
0,0,1
0,1,1
0,1,1
0,1,1
0,1,1
0,1,1
0,1,1
0,1,1
0,0,1
0,1,1
0,0,1
0,1,1
0,1,1
0,0,0
0,0,1
0,1,1
0,0,0
0,1,1
0,1,1
0,1,1
0,1,1
0,1,1
0,1,1
0,0.8679825,1
0,0.8650314,1
0,1,1
0,1,1
0,0,1
0,1,1
0,1,1
0,1,1
0,1,1
0,0,1
0,0,1
0,1,1
0,1,1
0,1,1
0,0,0
0,1,1
0,1,1
0,0,1
0,1,1
0,0,0
0,1,1
0,1,1
0,0,1
0,0,1
0,0,1
0,1,1
0,1,1
0,1,1
0,1,1
0,1,1
0,0,0
0,1,1
0,0,1
0,1,1
0,1,1
0,0,1
0,1,1
0,0.865785,1
0,0,0
0,0,1
0,1,1
0,0.8707696,1
0,1,1
0,1,1
0,1,1
0,1,1
0,0,1
0,1,1
0,1,1
0,1,1
0,0,1
0,1,1
0,0,1
0,0,1
0,0,1
0,0,1
0,1,1
0,0.8566132,1
0,1,1
0,0,1
0,1,1
0,1,1
0,1,1
0,1,1
0,1,1
0,1,1
0,1,1
0,1,1
0,1,1
0,0,1
0,0,1
0,0,1
0,0,1
0,1,1
0,1,1
0,1,1
0,1,1
0,1,1
0,1,1
0,1,1
0,1,1
0,1,1
0,1,1
0,0,1
0,1,1
0,0,1
0,0,1
0,0,0
0,1,1
0,0,1
0,1,1
0,0,1
0,0,1
0,1,1
0,0.8660321,1
0,0,1
0,1,1
0,1,1
0,1,1
0,1,1
0,1,1
0,0.8796088,1
0,1,1
0,1,1
0,1,1
0,1,1
0,0,0
0,0,0
0,1,1
0,0,1
0,1,1
0,1,1
0,1,1
0,1,1
0,1,1
0,0,1
0,1,1
0,0,0
0,1,1
0,1,1
0,1,1
0,0,1
0,0,1
0,0.8684095,1
0,0,1
0,1,1
0,1,1
0,1,1
0,1,1
0,1,1
0,0,1
0,1,1
0,1,1
0,1,1
0,0,0
0,1,1
0,1,1
0,1,1
0,1,1
0,1,1
0,0,0
0,0,0
0,0,1
0,0,1
0,0,0
0,1,1
0,1,1
0,1,1
0,1,1
0,1,1
0,1,1
0,0,1
0,1,1
0,0,1
0,1,1
0,0,0
0,1,1
0,1,1
0,0,1
0,1,1
0,1,1
0,0,1
0,1,1
0,0,1
0,1,1
0,0,1
0,1,1
0,1,1
0,0,1
0,0.7381691,1
0,1,1
0,1,1
0,1,1
0,1,1
0,0,0
0,1,1
0,0,1
0,0,1
0,1,1
0,1,1
0,1,1
0,0,0
0,1,1
0,0.8598263,1
0,1,1
0,1,1
0,0,1
0,1,1
0,1,1
0,1,1
0,1,1
0,1,1
0,0,1
0,0,1
0,0,0
0,0,0
0,1,1
0,1,1
0,1,1
0,1,1
0,1,1
0,1,1
0,1,1
0,1,1
0,0,1
0,0,1
0,1,1
0,1,1
0,0,1
0,0,1
0,1,1
0,0,0
0,1,1
0,1,1
0,1,1
0,1,1
0,0.8671329,1
0,0,0
0,1,1
0,1,1
0,1,1
0,0,1
0,0,0
0,1,1
0,1,1
0,0,1
0,1,1
0,1,1
0,1,1
0,1,1
0,1,1
0,1,1
0,0,1
0,1,1
0,1,1
0,1,1
0,1,1
0,0,1
0,1,1
0,0.8637255,1
0,0,1
0,1,1
0,1,1
0,1,1
0,1,1
0,0.8806084,1
0,0,1
0,1,1
0,0,1
0,0,1
0,0,0
0,0,0
0,1,1
0,0,1
0,1,1
0,1,1
0,1,1
0,1,1
0,1,1
0,0,0
0,1,1
0,1,1
0,1,1
0,1,1
0,0,1
0,1,1
0,0,0
0,1,1
0,1,1
0,1,1
0,1,1
0,1,1
0,1,1
0,1,1
0,0,1
0,0,0
0,1,1
0,1,1
0,1,1
0,0,1
0,1,1
0,0,1
0,0,0
0,1,1
0,0,1
0,0,1
0,1,1
0,1,1
0,0,1
0,1,1
0,0,1
0,1,1
0,1,1
0,0,1
0,0,1
0,1,1
0,1,1
0,0.8605562,1
0,1,1
0,1,1
0,0,0
0,0,1
0,1,1
0,0,1
0,1,1
0,0,1
0,1,1
0,1,1
0,0,0
0,1,1
0,1,1
0,1,1
0,1,1
0,1,1
0,1,1
0,1,1
0,1,1
0,0,1
0,1,1
0,1,1
0,0,0
0,1,1
0,1,1
0,0,1
0,1,1
0,0,1
0,0.7615057,1
0,0,1
0,0,1
0,1,1
0,0,1
0,1,1
0,0,1
0,0,0
0,0,0
0,0.8704463,1
0,1,1
0,1,1
0,1,1
0,1,1
0,1,1
0,0,1
0,1,1
0,1,1
0,1,1
0,0,1
0,1,1
0,1,1
0,1,1
0,0.8566459,1
0,0,1
0,1,1
0,1,1
0,0,1
0,0,1
0,1,1
0,0,0
0,1,1
0,0,1
0,1,1
0,1,1
0,1,1
0,1,1
0,1,1
0,1,1
0,0.8615705,1
0,1,1
0,1,1
0,1,1
0,1,1
0,0,1
0,0,1
0,1,1
0,0,1
0,1,1
0,0,1
0,0,1
0,1,1
0,1,1
0,1,1
0,1,1
0,1,1
0,1,1
0,1,1
0,1,1
0,1,1
0,0,0
0,1,1
0,1,1
0,0,0
0,0,1
0,1,1
0,1,1
0,0,1
0,1,1
0,1,1
0,1,1
0,0,1
0,0,1
0,0,1
0,0,1
0,1,1
0,0,1
0,0,1
0,1,1
0,1,1
0,1,1
0,1,1
0,1,1
0,0,1
0,0,1
0,0,1
0,1,1
0,0,1
0,1,1
0,0,1
0,1,1
0,1,1
0,0,0
0,1,1
0,1,1
0,0,1
0,0,1
0,0,1
0,0,0
0,1,1
0,1,1
0,0,1
0,0.8634492,1
0,1,1
0,1,1
0,0,0
0,1,1
0,1,1
0,1,1
0,1,1
0,1,1
0,1,1
0,1,1
0,1,1
0,1,1
0,1,1
0,0,1
0,1,1
0,0,1
0,1,1
0,1,1
0,0,1
0,0,1
0,0.8647221,1
0,0,0
0,1,1
0,1,1
0,0,1
0,0,1
0,1,1
0,1,1
0,1,1
0,1,1
0,0,0
0,0,1
0,1,1
0,1,1
0,1,1
0,0.7678627,1
0,0,0
0,1,1
0,0,1
0,0,0
0,0,1
0,1,1
0,0,1
0,0,0
0,1,1
0,0,0
0,0,0
0,1,1
0,1,1
0,0,1
0,1,1
0,1,1
0,1,1
0,0,1
0,0,1
0,1,1
0,0,1
0,1,1
0,0,1
0,1,1
0,0,0
0,0,1
0,0,1
0,0,1
0,1,1
0,0.865206,1
0,1,1
0,1,1
0,0,0
0,0,0
0,1,1
0,1,1
0,1,1
0,1,1
0,1,1
0,0,0
0,1,1
0,0,1
0,1,1
0,0,1
0,0,1
0,1,1
0,1,1
0,1,1
0,0,1
0,1,1
0,0,1
0,0,0
0,1,1
0,1,1
0,0,1
0,0,1
0,1,1
0,1,1
0,1,1
0,1,1
0,0,1
0,1,1
0,1,1
0,0,1
0,1,1
0,1,1
0,0.8013252,1
0,1,1
0,0,0
0,1,1
0,1,1
0,0,1
0,0,0
0,1,1
0,0,1
0,0,1
0,0,1
0,1,1
0,1,1
0,0,1
0,1,1
0,1,1
0,1,1
0,1,1
0,1,1
0,1,1
0,0,1
0,1,1
0,1,1
0,1,1
0,0,1
0,0,1
0,0,0
0,0,1
0,1,1
0,0,0
0,0,0
0,0,1
0,0,1
0,1,1
0,1,1
0,1,1
0,0,1
0,1,1
0,0,1
0,0,1
0,0,0
0,0,1
0,0,1
0,1,1
0,0,1
0,0,1
0,1,1
0,1,1
0,0,0
0,0,1
0,0,1
0,0,1
0,0,1
0,0,1
0,1,1
0,0.86099,1
0,0,0
0,1,1
0,1,1
0,1,1
0,1,1
0,1,1
0,1,1
0,0,1
0,1,1
0,0,0
0,1,1
0,0,1
0,0,1
0,0,0
0,0,1
0,0,0
0,1,1
0,1,1
0,1,1
0,1,1
0,1,1
0,0,1
0,1,1
0,0,1
0,1,1
0,1,1
0,0,1
0,1,1
0,1,1
0,0,1
0,0,1
0,0,1
0,0,1
0,0,1
0,1,1
0,1,1
0,1,1
0,1,1
0,0,0
0,0.8579156,1
0,0,1
0,0,1
0,0,0
0,1,1
0,1,1
0,1,1
0,1,1
0,1,1
0,1,1
0,1,1
0,1,1
0,1,1
0,1,1
0,1,1
0,1,1
0,1,1
0,1,1
0,1,1
0,0,1
0,1,1
0,1,1
0,0,1
0,1,1
0,1,1
0,0,1
0,0,0
0,1,1
0,0,1
0,0,0
0,0.862501,1
0,1,1
0,0,0
0,1,1
0,1,1
0,1,1
0,1,1
0,1,1
0,1,1
0,1,1
0,1,1
0,1,1
0,1,1
0,1,1
0,1,1
0,1,1
0,1,1
0,1,1
0,1,1
0,0,1
0,0,1
0,0,1
0,1,1
0,1,1
0,0,0
0,0,1
0,0,1
0,1,1
0,1,1
0,1,1
0,1,1
0,0,0
0,1,1
0,1,1
0,0,1
0,1,1
0,1,1
0,0,0
0,1,1
0,1,1
0,0,1
0,0,1
0,1,1
0,0,0
0,1,1
0,1,1
0,0,1
0,1,1
0,1,1
0,1,1
0,1,1
0,1,1
0,0,1
0,1,1
0,1,1
0,1,1
0,1,1
0,1,1
0,1,1
0,0,1
0,0,1
0,1,1
0,1,1
0,1,1
0,0,1
0,1,1
0,1,1
0,1,1
0,1,1
0,1,1
0,1,1
0,0,1
0,0,1
0,0,1
0,1,1
0,0.8652083,1
0,1,1
0,1,1
0,1,1
0,1,1
0,1,1
0,0,1
0,1,1
0,0,1
0,1,1
0,0,1
0,1,1
0,1,1
0,0,1
0,1,1
0,1,1
0,1,1
0,0,1
0,1,1
0,1,1
0,1,1
0,1,1
0,1,1
0,1,1
0,1,1
0,1,1
0,0,1
0,1,1
0,0,0
0,0,1
0,1,1
0,0,1
0,0.8648009,1
0,1,1
0,0,0
0,1,1
0,1,1
0,1,1
0,1,1
0,1,1
0,1,1
0,1,1
0,0.886135,1
0,1,1
0,1,1
0,1,1
0,1,1
0,0.709113,1
0,0,1
0,0,1
0,1,1
0,0,1
0,1,1
0,1,1
0,1,1
0,1,1
0,1,1
0,0.7088758,1
0,1,1
0,1,1
0,1,1
0,1,1
0,1,1
0,1,1
0,1,1
0,0,1
0,0,1
0,1,1
0,1,1
0,0,0
0,0,0
0,1,1
0,1,1
0,1,1
0,1,1
0,1,1
0,0,1
0,1,1
0,0.8738902,1
0,0,0
0,1,1
0,0,0
0,1,1
0,0,1
0,1,1
0,1,1
0,1,1
0,1,1
0,1,1
0,1,1
0,1,1
0,0,1
0,1,1
0,1,1
0,1,1
0,1,1
0,0.8772959,1
0,1,1
0,1,1
0,1,1
0,0,1
0,1,1
0,1,1
0,0.7856036,1
0,0,0
0,1,1
0,1,1
0,0,0
0,1,1
0,1,1
0,1,1
0,0,1
0,1,1
0,1,1
0,0,1
0,1,1
0,1,1
0,1,1
0,1,1
0,1,1
0,0,0
0,1,1
0,1,1
0,0,1
0,0,1
0,1,1
0,1,1
0,0,0
0,1,1
0,1,1
0,0,1
0,1,1
0,0,1
0,1,1
0,0,1
0,0,1
0,0,1
0,1,1
0,1,1
0,0,1
0,0.8683628,1
0,0,0
0,1,1
0,0.7065061,1
0,1,1
0,1,1
0,1,1
0,1,1
0,1,1
0,1,1
0,1,1
0,1,1
0,0,1
0,0,1
0,1,1
0,0,1
0,1,1
0,1,1
0,1,1
0,0,0
0,1,1
0,1,1
0,1,1
0,0,1
0,0,1
0,0,1
0,1,1
0,1,1
0,0,1
0,0,1
0,0,1
0,1,1
0,0,1
0,1,1
0,0,1
0,1,1
0,1,1
0,0,1
0,1,1
0,1,1
0,1,1
0,0,1
0,1,1
0,0.864285,1
0,1,1
0,0,1
0,1,1
0,0,1
0,1,1
0,1,1
0,1,1
0,1,1
0,1,1
0,0,1
0,0,1
0,1,1
0,0,1
0,0,0
0,1,1
0,0,1
0,0,1
0,1,1
0,1,1
0,1,1
0,1,1
0,1,1
0,1,1
0,1,1
0,0,0
0,1,1
0,1,1
0,1,1
0,0,1
0,0,0
0,1,1
0,1,1
0,1,1
0,1,1
0,1,1
0,0,0
0,0,1
0,1,1
0,0,1
0,1,1
0,0,1
0,1,1
0,0,1
0,0,1
0,1,1
0,0,1
0,0.8221937,1
0,0,0
0,0,1
0,0,1
0,1,1
0,0,1
0,1,1
0,1,1
0,0,1
0,0,1
0,1,1
0,1,1
0,1,1
0,1,1
0,1,1
0,1,1
0,0,1
0,0,0
0,1,1
0,0,0
0,1,1
0,0,1
0,0,1
0,0,1
0,0,1
0,1,1
0,1,1
0,0,1
0,1,1
0,1,1
0,1,1
0,0,1
0,1,1
0,1,1
0,0,1
0,1,1
0,1,1
0,1,1
0,1,1
0,1,1
0,1,1
0,1,1
0,1,1
0,0,1
0,1,1
0,1,1
0,0,1
0,1,1
0,1,1
0,0,1
0,1,1
0,1,1
0,0,1
0,1,1
0,1,1
0,1,1
0,1,1
0,0,1
0,0,1
0,1,1
0,0,0
0,0,0
0,0,1
0,1,1
0,0,1
0,1,1
0,1,1
0,1,1
0,1,1
0,1,1
0,0,1
0,1,1
0,1,1
0,1,1
0,1,1
0,0,1
0,1,1
0,1,1
0,0.871184,1
0,1,1
0,1,1
0,0,1
0,0,1
0,1,1
0,0,1
0,1,1
0,1,1
0,1,1
0,1,1
0,0,0
0,1,1
0,1,1
0,1,1
0,0,1
0,1,1
0,1,1
0,1,1
0,1,1
0,1,1
0,1,1
0,1,1
0,1,1
0,1,1
0,1,1
0,1,1
0,1,1
0,1,1
0,0,1
0,0,0
0,1,1
0,1,1
0,1,1
0,0,1
0,0,1
0,1,1
0,1,1
0,1,1
0,1,1
0,0,1
0,0,0
0,0,1
0,1,1
0,0,1
0,1,1
0,0,1
0,1,1
0,1,1
0,0,1
0,1,1
0,1,1
0,1,1
0,1,1
0,1,1
0,0,1
0,1,1
0,1,1
0,1,1
0,1,1
0,1,1
0,0,1
0,0,0
0,0,1
0,1,1
0,1,1
0,0,1
0,0.8609966,1
0,1,1
0,1,1
0,1,1
0,1,1
0,1,1
0,1,1
0,0,1
0,1,1
0,1,1
0,1,1
0,1,1
0,1,1
0,0,1
0,0,1
0,0,1
0,1,1
0,0,1
0,1,1
0,1,1
0,1,1
0,1,1
0,0,1
0,1,1
0,1,1
0,0,1
0,0,1
0,0,0
0,1,1
0,1,1
0,0,1
0,1,1
0,0,1
0,1,1
0,0,1
0,1,1
0,1,1
0,1,1
0,1,1
0,0,1
0,1,1
0,0,0
0,1,1
0,0,1
0,1,1
0,1,1
0,1,1
0,0,1
0,1,1
0,1,1
0,1,1
0,1,1
0,1,1
0,1,1
0,1,1
0,1,1
0,0,1
0,1,1
0,0,0
0,1,1
0,1,1
0,0,1
0,1,1
0,1,1
0,0,1
0,1,1
0,0.8730969,1
0,1,1
0,1,1
0,1,1
0,0,1
0,1,1
0,1,1
0,1,1
0,1,1
0,1,1
0,1,1
0,1,1
0,0,1
0,1,1
0,0.8608687,1
0,1,1
0,0,1
0,1,1
0,1,1
0,0,1
0,0,0
0,1,1
0,1,1
0,1,1
0,0,0
0,0,1
0,0,1
0,1,1
0,1,1
0,1,1
0,1,1
0,0,1
0,0,1
0,1,1
0,1,1
0,1,1
0,1,1
0,0,1
0,1,1
0,1,1
0,0,0
0,0.7503864,1
0,0.8649801,1
0,1,1
0,1,1
0,1,1
0,1,1
0,1,1
0,0,1
0,1,1
0,1,1
0,0,1
0,1,1
0,0,1
0,0,1
0,0,0
0,0,0
0,1,1
0,0,1
0,1,1
0,0,1
0,1,1
0,0,1
0,1,1
0,1,1
0,1,1
0,1,1
0,0,1
0,1,1
0,0,0
0,0,1
0,1,1
0,1,1
0,0,0
0,1,1
0,1,1
0,1,1
0,1,1
0,1,1
0,1,1
0,1,1
0,1,1
0,1,1
0,1,1
0,1,1
0,1,1
0,1,1
0,1,1
0,0,1
0,0,1
0,0,1
0,1,1
0,1,1
0,1,1
0,0,1
0,1,1
0,0,1
0,1,1
0,1,1
0,1,1
0,1,1
0,1,1
0,1,1
0,0,1
0,0,1
0,1,1
0,1,1
0,1,1
0,0,1
0,1,1
0,1,1
0,0,0
0,1,1
0,1,1
0,1,1
0,1,1
0,0,0
0,1,1
0,1,1
0,1,1
0,0,1
0,0,1
0,1,1
0,0,1
0,1,1
0,1,1
0,1,1
0,1,1
0,1,1
0,1,1
0,0,1
0,0.8617063,1
0,0,0
0,1,1
0,1,1
0,1,1
0,1,1
0,1,1
0,0,1
0,1,1
0,1,1
0,1,1
0,1,1
0,1,1
0,1,1
0,1,1
0,0,0
0,1,1
0,0,1
0,1,1
0,1,1
0,1,1
0,1,1
0,1,1
0,1,1
0,0.8559909,1
0,1,1
0,0,1
0,1,1
0,1,1
0,1,1
0,1,1
0,1,1
0,1,1
0,1,1
0,1,1
0,1,1
0,0,0
0,1,1
0,1,1
0,1,1
0,1,1
0,1,1
0,1,1
0,0,1
0,1,1
0,1,1
0,0,0
0,1,1
0,0,1
0,1,1
0,1,1
0,1,1
0,1,1
0,0,1
0,1,1
0,1,1
0,1,1
0,1,1
0,1,1
0,1,1
0,1,1
0,1,1
0,1,1
0,1,1
0,1,1
0,1,1
0,1,1
0,1,1
0,1,1
0,0,1
0,1,1
0,0,1
0,1,1
0,1,1
0,1,1
0,1,1
0,1,1
0,1,1
0,0,1
0,0,1
0,0,0
0,1,1
0,1,1
0,1,1
0,1,1
0,1,1
0,1,1
0,0,1
0,1,1
0,1,1
0,1,1
0,1,1
0,1,1
0,1,1
0,0,1
0,1,1
0,1,1
0,1,1
0,1,1
0,1,1
0,0,1
0,1,1
0,1,1
0,1,1
0,0,1
0,1,1
0,1,1
0,1,1
0,1,1
0,1,1
0,0,0
0,1,1
0,1,1
0,1,1
0,1,1
0,0,1
0,0.7546965,1
0,0,1
0,1,1
0,1,1
0,1,1
0,1,1
0,0,1
0,1,1
0,1,1
0,1,1
0,1,1
0,0.8595021,1
0,0,1
0,1,1
0,0,1
0,1,1
0,1,1
0,0,1
0,1,1
0,1,1
0,0,1
0,1,1
0,0,1
0,1,1
0,1,1
0,0,1
0,0.8601342,1
0,1,1
0,1,1
0,1,1
0,0.8592077,1
0,0,1
0,1,1
0,0,0
0,1,1
0,1,1
0,1,1
0,1,1
0,1,1
0,1,1
0,1,1
0,0,1
0,0,1
0,1,1
0,0,1
0,1,1
0,0,1
0,1,1
0,1,1
0,0,1
0,1,1
0,1,1
0,0,1
0,1,1
0,0,1
0,1,1
0,0,1
0,1,1
0,0,0
0,1,1
0,1,1
0,0.8622741,1
0,1,1
0,0,1
0,0.8168579,1
0,1,1
0,0,1
0,1,1
0,0,1
0,1,1
0,1,1
0,1,1
0,1,1
0,1,1
0,0.7910763,1
0,1,1
0,1,1
0,0,1
0,0,0
0,0,1
0,0,0
0,1,1
0,0,1
0,1,1
0,1,1
0,1,1
0,0,0
0,1,1
0,0,1
0,0,1
0,0,0
0,1,1
0,1,1
0,1,1
0,1,1
0,1,1
0,1,1
0,1,1
0,1,1
0,1,1
0,1,1
0,0,1
0,1,1
0,0,1
0,0,1
0,0,1
0,1,1
0,0,1
0,0.8660439,1
0,0,0
0,1,1
0,1,1
0,1,1
0,0,1
0,1,1
0,0,0
0,0,1
0,1,1
0,1,1
0,1,1
0,0,1
0,1,1
0,1,1
0,0,1
0,1,1
0,1,1
0,1,1
0,1,1
0,0,1
0,0,1
0,0,1
0,1,1
0,1,1
0,1,1
0,1,1
0,0,1
0,1,1
0,0,1
0,0.8615494,1
0,1,1
0,0,1
0,1,1
0,1,1
0,1,1
0,0,1
0,0,1
0,1,1
0,1,1
0,1,1
0,1,1
0,0,0
0,0,1
0,0,0
0,1,1
0,1,1
0,1,1
0,0,1
0,0,1
0,0,1
0,0,1
0,1,1
0,0,0
0,0,0
0,0,1
0,1,1
0,0,1
0,1,1
0,0,1
0,1,1
0,0,1
0,0,1
0,1,1
0,1,1
0,0.8588263,1
0,1,1
0,0,1
0,1,1
0,0,1
0,1,1
0,0,1
0,1,1
0,1,1
0,0,0
0,1,1
0,1,1
0,1,1
0,0,1
0,1,1
0,0,1
0,1,1
0,0.9742835,1
0,1,1
0,0,1
0,1,1
0,1,1
0,0,1
0,1,1
0,0,1
0,1,1
0,1,1
0,0,1
0,1,1
0,1,1
0,0.7748474,1
0,1,1
0,0,1
0,1,1
0,1,1
0,1,1
0,0,1
0,1,1
0,1,1
0,1,1
0,1,1
0,1,1
0,1,1
0,1,1
0,1,1
0,0,1
0,1,1
0,0.8643862,1
0,0,1
0,0,1
0,0,0
0,0,1
0,1,1
0,0,1
0,1,1
0,1,1
0,1,1
0,0,1
0,0,0
0,0,1
0,0,1
0,0,1
0,1,1
0,1,1
0,1,1
0,0,1
0,0,1
0,1,1
0,1,1
0,1,1
0,0,0
0,1,1
0,1,1
0,1,1
0,0,0
0,1,1
0,0.8672739,1
0,1,1
0,1,1
0,0,1
0,0,1
0,1,1
0,1,1
0,1,1
0,0,1
0,1,1
0,1,1
0,1,1
0,0,1
0,0,1
0,1,1
0,1,1
0,1,1
0,0,1
0,0,1
0,1,1
0,1,1
0,1,1
0,1,1
0,1,1
0,0,0
0,0,1
0,0,1
0,0,1
0,1,1
0,1,1
0,1,1
0,1,1
0,1,1
0,1,1
0,0.8676978,1
0,0,1
0,1,1
0,1,1
0,0,0
0,1,1
0,1,1
0,1,1
0,0,0
0,1,1
0,0,1
0,0,1
0,0,0
0,1,1
0,0,1
0,1,1
0,0,1
0,1,1
0,1,1
0,1,1
0,1,1
0,1,1
0,1,1
0,1,1
0,1,1
0,1,1
0,1,1
0,1,1
0,1,1
0,0,0
0,0,1
0,0,1
0,1,1
0,1,1
0,1,1
0,1,1
0,0,1
0,0,1
0,1,1
0,0,0
0,1,1
0,0,1
0,0,1
0,1,1
0,1,1
0,1,1
0,1,1
0,0,1
0,0,1
0,1,1
0,1,1
0,1,1
0,1,1
0,0,1
0,1,1
0,1,1
0,1,1
0,0,1
0,0,1
0,1,1
0,1,1
0,0,0
0,1,1
0,0,0
0,0,1
0,1,1
0,0,1
0,0,0
0,1,1
0,0,1
0,1,1
0,0,1
0,1,1
0,1,1
0,1,1
0,1,1
0,1,1
0,1,1
0,1,1
0,0,1
0,1,1
0,0,1
0,1,1
0,1,1
0,0,0
0,1,1
0,0,1
0,1,1
0,1,1
0,0,0
0,1,1
0,1,1
0,0,1
0,0,1
0,1,1
0,1,1
0,1,1
0,0,0
0,1,1
0,0,1
0,1,1
0,1,1
0,0,1
0,1,1
0,1,1
0,1,1
0,1,1
0,1,1
0,1,1
0,1,1
0,0,1
0,0,1
0,0,1
0,0,0
0,1,1
0,0,1
0,0,1
0,1,1
0,1,1
0,1,1
0,0,1
0,1,1
0,1,1
0,1,1
0,0,0
0,0,1
0,1,1
0,0,0
0,0.8643584,1
0,1,1
0,1,1
0,1,1
0,1,1
0,0,1
0,1,1
0,1,1
0,1,1
0,1,1
0,1,1
0,1,1
0,1,1
0,1,1
0,0.8610197,1
0,0,1
0,0,1
0,1,1
0,1,1
0,1,1
0,1,1
0,0,1
0,1,1
0,0.87901,1
0,0,0
0,1,1
0,1,1
0,0,1
0,0,1
0,0,0
0,0,1
0,1,1
0,0,1
0,1,1
0,0,1
0,1,1
0,0,1
0,0,0
0,1,1
0,1,1
0,1,1
0,1,1
0,1,1
0,1,1
0,1,1
0,1,1
0,1,1
0,1,1
0,0,0
0,0,1
0,1,1
0,1,1
0,1,1
0,0,0
0,1,1
0,0,1
0,1,1
0,1,1
0,1,1
0,0,1
0,1,1
0,0,1
0,1,1
0,1,1
0,1,1
0,1,1
0,1,1
0,1,1
0,1,1
0,1,1
0,0,1
0,0,1
0,1,1
0,1,1
0,1,1
0,1,1
0,1,1
0,1,1
0,0,1
0,1,1
0,1,1
0,0,1
0,1,1
0,1,1
0,1,1
0,1,1
0,0,1
0,1,1
0,1,1
0,0,1
0,1,1
0,0,1
0,1,1
0,1,1
0,0,1
0,0,0
0,1,1
0,0,1
0,1,1
0,1,1
0,1,1
0,1,1
0,0,0
0,1,1
0,1,1
0,0.8540014,1
0,0,1
0,1,1
0,0.7000335,1
0,1,1
0,1,1
0,0,1
0,1,1
0,0,1
0,0,1
0,1,1
0,1,1
0,0.8627028,1
0,1,1
0,0,0
0,1,1
0,1,1
0,1,1
0,1,1
0,1,1
0,1,1
0,1,1
0,1,1
0,0,1
0,0,1
0,1,1
0,1,1
0,1,1
0,0,1
0,1,1
0,1,1
0,1,1
0,0,1
0,1,1
0,1,1
0,1,1
0,1,1
0,1,1
0,1,1
0,1,1
0,0,1
0,1,1
0,1,1
0,1,1
0,1,1
0,1,1
0,0,1
0,1,1
0,0.8646597,1
0,1,1
0,1,1
0,0,1
0,0,1
0,0,1
0,0,1
0,1,1
0,1,1
0,1,1
0,1,1
0,1,1
0,1,1
0,1,1
0,0,0
0,1,1
0,1,1
0,1,1
0,1,1
0,1,1
0,1,1
0,0,1
0,0,1
0,1,1
0,0,1
0,0,0
0,1,1
0,0,1
0,1,1
0,1,1
0,0,1
0,1,1
0,1,1
0,0,1
0,0,1
0,0.8692807,1
0,1,1
0,0,1
0,1,1
0,1,1
0,1,1
0,1,1
0,1,1
0,1,1
0,0,0
0,1,1
0,0,1
0,0.8595458,1
0,1,1
0,1,1
0,1,1
0,1,1
0,1,1
0,0,1
0,0,1
0,0,1
0,1,1
0,1,1
0,1,1
0,1,1
0,1,1
0,1,1
0,1,1
0,1,1
0,1,1
0,1,1
0,1,1
0,0.865581,1
0,0,1
0,0,1
0,0,1
0,0.8883055,1
0,0,1
0,0,1
0,0,1
0,1,1
0,0,0
0,0,1
0,0,1
0,0,1
0,1,1
0,0,0
0,1,1
0,1,1
0,1,1
0,0,1
0,1,1
0,0,1
0,1,1
0,0,0
0,1,1
0,0,1
0,1,1
0,1,1
0,0,1
0,1,1
0,1,1
0,0,0
0,1,1
0,1,1
0,0,1
0,0,1
0,1,1
0,1,1
0,1,1
0,1,1
0,0.8592739,1
0,0,1
0,0,1
0,1,1
0,1,1
0,0,1
0,0,0
0,1,1
0,1,1
0,1,1
0,1,1
0,0,1
0,1,1
0,1,1
0,1,1
0,0,1
0,1,1
0,1,1
0,1,1
0,1,1
0,0,1
0,0,1
0,0,0
0,0,1
0,1,1
0,1,1
0,0,0
0,1,1
0,0,1
0,1,1
0,1,1
0,1,1
0,0,1
0,1,1
0,1,1
0,0,1
0,1,1
0,0.8704672,1
0,1,1
0,1,1
0,1,1
0,1,1
0,1,1
0,0,0
0,1,1
0,1,1
0,1,1
0,0,1
0,0,0
0,1,1
0,0.8606439,1
0,1,1
0,1,1
0,0,1
0,1,1
0,1,1
0,0,1
0,0,1
0,0,0
0,0,1
0,0,1
0,1,1
0,0,1
0,0,1
0,0,1
0,1,1
0,1,1
0,1,1
0,1,1
0,0,1
0,1,1
0,1,1
0,1,1
0,0,1
0,1,1
0,1,1
0,1,1
0,1,1
0,1,1
0,1,1
0,1,1
0,0.8609382,1
0,1,1
0,0,1
0,1,1
0,1,1
0,1,1
0,1,1
0,1,1
0,1,1
0,1,1
0,0,1
0,1,1
0,0,1
0,0,1
0,1,1
0,1,1
0,1,1
0,1,1
0,0,0
0,1,1
0,1,1
0,1,1
0,1,1
0,1,1
0,0,1
0,0,1
0,1,1
0,1,1
0,1,1
0,1,1
0,1,1
0,1,1
0,0,1
0,1,1
0,0,1
0,0,1
0,1,1
0,1,1
0,0,1
0,1,1
0,0,1
0,1,1
0,1,1
0,0,1
0,0,1
0,1,1
0,1,1
0,0,1
0,1,1
0,1,1
0,1,1
0,1,1
0,0,1
0,1,1
0,1,1
0,0,1
0,1,1
0,1,1
0,1,1
0,1,1
0,1,1
0,1,1
0,1,1
0,1,1
0,1,1
0,1,1
0,0,1
0,0,0
0,1,1
0,1,1
0,0,1
0,0,0
0,0,1
0,0,1
0,0,1
0,1,1
0,1,1
0,1,1
0,1,1
0,0,0
0,0,1
0,1,1
0,0,1
0,0,1
0,0,1
0,0,1
0,0,1
0,1,1
0,0,1
0,0,1
0,1,1
0,0.7186087,1
0,0,1
0,1,1
0,1,1
0,0.8685259,1
0,1,1
0,0,1
0,0,0
0,0,1
0,1,1
0,1,1
0,1,1
0,1,1
0,0,1
0,1,1
0,1,1
0,1,1
0,1,1
0,1,1
0,1,1
0,1,1
0,1,1
0,1,1
0,1,1
0,1,1
0,1,1
0,0,1
0,0,1
0,1,1
0,1,1
0,1,1
0,1,1
0,1,1
0,0,1
0,0,1
0,1,1
0,1,1
0,0,1
0,0,1
0,1,1
0,1,1
0,1,1
0,0,1
0,1,1
0,1,1
0,1,1
0,0,1
0,1,1
0,1,1
0,1,1
0,1,1
0,1,1
0,1,1
0,1,1
0,1,1
0,1,1
0,1,1
0,0,1
0,0,1
0,1,1
0,1,1
0,1,1
0,1,1
0,1,1
0,1,1
0,0.8652371,1
0,1,1
0,0.762849,1
0,1,1
0,0,1
0,1,1
0,0,1
0,1,1
0,1,1
0,1,1
0,1,1
0,0,1
0,1,1
0,1,1
0,0,0
0,1,1
0,0,1
0,0,0
0,0,1
0,0,1
0,0,0
0,1,1
0,1,1
0,0,1
0,0,1
0,1,1
0,1,1
0,0,1
0,1,1
0,1,1
0,1,1
0,1,1
0,0,1
0,1,1
0,1,1
0,1,1
0,0,0
0,1,1
0,1,1
0,1,1
0,1,1
0,0,1
0,1,1
0,1,1
0,0,1
0,1,1
0,0,1
0,1,1
0,1,1
0,0,1
0,0.8713874,1
0,1,1
0,1,1
0,1,1
0,1,1
0,1,1
0,1,1
0,0,1
0,1,1
0,1,1
0,1,1
0,1,1
0,0,1
0,0,1
0,1,1
0,0,1
0,1,1
0,1,1
0,0.86211,1
0,0,1
0,1,1
0,0,1
0,1,1
0,0,1
0,1,1
0,1,1
0,1,1
0,1,1
0,0,1
0,1,1
0,0,1
0,0,0
0,1,1
0,1,1
0,1,1
0,1,1
0,1,1
0,1,1
0,1,1
0,1,1
0,1,1
0,1,1
0,0,1
0,1,1
0,0,1
0,0,1
0,1,1
0,1,1
0,1,1
0,0,1
0,1,1
0,0,1
0,0,0
0,1,1
0,1,1
0,1,1
0,1,1
0,1,1
0,1,1
0,1,1
0,0,1
0,0,1
0,0,0
0,1,1
0,1,1
0,1,1
0,1,1
0,0,1
0,1,1
0,0,0
0,0,0
0,1,1
0,1,1
0,1,1
0,1,1
0,1,1
0,1,1
0,0,0
0,0,1
0,0.7002741,1
0,0,1
0,1,1
0,0,1
0,1,1
0,0,1
0,1,1
0,1,1
0,1,1
0,1,1
0,0,1
0,1,1
0,1,1
0,1,1
0,1,1
0,0.8658102,1
0,1,1
0,0,1
0,1,1
0,1,1
0,0,1
0,1,1
0,1,1
0,1,1
0,1,1
0,0,1
0,0,1
0,1,1
0,1,1
0,0,0
0,1,1
0,0,1
0,0,1
0,0,1
0,0,1
0,1,1
0,1,1
0,1,1
0,1,1
0,1,1
0,1,1
0,1,1
0,1,1
0,1,1
0,1,1
0,1,1
0,1,1
0,0,1
0,1,1
0,0.8528236,1
0,0,1
0,1,1
0,0,0
0,1,1
0,0,1
0,1,1
0,0,1
0,1,1
0,1,1
0,1,1
0,1,1
0,1,1
0,1,1
0,1,1
0,0,1
0,0,1
0,1,1
0,0,1
0,1,1
0,1,1
0,0,0
0,1,1
0,0,1
0,1,1
0,0,0
0,0,1
0,1,1
0,1,1
0,0,1
0,0,1
0,1,1
0,0,0
0,1,1
0,1,1
0,0.8656379,1
0,0,1
0,1,1
0,0,1
0,1,1
0,1,1
0,0,1
0,1,1
0,1,1
0,1,1
0,1,1
0,1,1
0,0,1
0,1,1
0,1,1
0,0,1
0,1,1
0,0,1
0,1,1
0,1,1
0,1,1
0,1,1
0,0,1
0,0.8598944,1
0,1,1
0,1,1
0,1,1
0,1,1
0,0,1
0,0,1
0,1,1
0,1,1
0,1,1
0,1,1
0,1,1
0,1,1
0,0,1
0,1,1
0,1,1
0,1,1
0,1,1
0,1,1
0,0,1
0,1,1
0,1,1
0,1,1
0,1,1
0,0,1
0,1,1
0,0,1
0,1,1
0,1,1
0,0,0
0,1,1
0,1,1
0,0,1
0,1,1
0,1,1
0,1,1
0,0,1
0,1,1
0,1,1
0,0,1
0,1,1
0,1,1
0,1,1
0,1,1
0,1,1
0,1,1
0,0,0
0,1,1
0,0,1
0,0,1
0,1,1
0,0,0
0,1,1
0,0,0
0,1,1
0,1,1
0,0,0
0,1,1
0,1,1
0,0,1
0,1,1
0,1,1
0,0,1
0,0,1
0,1,1
0,1,1
0,1,1
0,1,1
0,0,0
0,1,1
0,1,1
0,0,1
0,1,1
0,1,1
0,0,1
0,1,1
0,0,1
0,0,1
0,0,1
0,1,1
0,1,1
0,1,1
0,1,1
0,0,1
0,1,1
0,1,1
0,1,1
0,1,1
0,1,1
0,1,1
0,0,1
0,0,1
0,1,1
0,0,0
0,1,1
0,0,1
0,1,1
0,0,1
0,1,1
0,1,1
0,1,1
0,1,1
0,1,1
0,1,1
0,1,1
0,1,1
0,0,1
0,0,1
0,0,0
0,1,1
0,1,1
0,1,1
0,0,1
0,0,1
0,0,1
0,1,1
0,0,1
0,1,1
0,1,1
0,0.8623124,1
0,1,1
0,1,1
0,1,1
0,1,1
0,1,1
0,1,1
0,1,1
0,1,1
0,1,1
0,1,1
0,0,1
0,1,1
0,1,1
0,1,1
0,1,1
0,0,1
0,1,1
0,0,1
0,0,1
0,1,1
0,0,1
0,1,1
0,0.8571481,1
0,1,1
0,1,1
0,1,1
0,0,0
0,1,1
0,0,1
0,0,1
0,0,1
0,1,1
0,1,1
0,1,1
0,1,1
0,1,1
0,1,1
0,1,1
0,1,1
0,0,0
0,0,0
0,1,1
0,1,1
0,1,1
0,1,1
0,0,1
0,1,1
0,1,1
0,0,0
0,0,1
0,1,1
0,1,1
0,1,1
0,1,1
0,0,1
0,1,1
0,0,1
0,1,1
0,1,1
0,1,1
0,0,0
0,1,1
0,1,1
0,1,1
0,0,1
0,1,1
0,0,1
0,1,1
0,1,1
0,1,1
0,1,1
0,1,1
0,1,1
0,1,1
0,1,1
0,0,0
0,1,1
0,1,1
0,1,1
0,0,1
0,1,1
0,1,1
0,1,1
0,1,1
0,0.8667029,1
0,1,1
0,1,1
0,1,1
0,0,1
0,0,0
0,1,1
0,1,1
0,1,1
0,0,1
0,1,1
0,1,1
0,1,1
0,1,1
0,1,1
0,0,1
0,1,1
0,1,1
0,1,1
0,1,1
0,1,1
0,0,0
0,1,1
0,0,1
0,0,1
0,1,1
0,1,1
0,1,1
0,1,1
0,1,1
0,0,1
0,1,1
0,1,1
0,1,1
0,0,1
0,1,1
0,1,1
0,0,0
0,1,1
0,0,1
0,0,0
0,1,1
0,1,1
0,0,1
0,0,1
0,0,1
0,0,1
0,1,1
0,1,1
0,0,1
0,1,1
0,1,1
0,1,1
0,1,1
0,0,1
0,1,1
0,1,1
0,1,1
0,1,1
0,1,1
0,1,1
0,1,1
0,1,1
0,1,1
0,0.9006578,1
0,0,1
0,1,1
0,1,1
0,1,1
0,1,1
0,1,1
0,1,1
0,0,1
0,1,1
0,0,1
0,1,1
0,1,1
0,0,1
0,1,1
0,0,1
0,1,1
0,1,1
0,0,0
0,0,1
0,1,1
0,1,1
0,1,1
0,0,1
0,1,1
0,1,1
0,1,1
0,1,1
0,0,1
0,0,0
0,1,1
0,1,1
0,0,1
0,1,1
0,0,1
0,1,1
0,0,1
0,0,0
0,1,1
0,0,0
0,1,1
0,0,1
0,1,1
0,0,0
0,0,0
0,0,0
0,0,0
0,1,1
0,1,1
0,0.8566869,1
0,0,1
0,0,1
0,1,1
0,1,1
0,1,1
0,0,0
0,0,1
0,1,1
0,0,0
0,0,1
0,1,1
0,1,1
0,1,1
0,0,1
0,1,1
0,1,1
0,0,1
0,1,1
0,0,1
0,1,1
0,1,1
0,1,1
0,1,1
0,0,1
0,1,1
0,1,1
0,1,1
0,0,1
0,0,1
0,1,1
0,0,1
0,1,1
0,1,1
0,1,1
0,1,1
0,1,1
0,1,1
0,0.8581156,1
0,0,1
0,1,1
0,1,1
0,1,1
0,1,1
0,0,1
0,0,1
0,1,1
0,1,1
0,1,1
0,1,1
0,1,1
0,0,1
0,1,1
0,1,1
0,0,1
0,1,1
0,1,1
0,0,0
0,1,1
0,0,1
0,1,1
0,1,1
0,0,0
0,0,1
0,1,1
0,1,1
0,1,1
0,0.8768326,1
0,0,1
0,0,0
0,1,1
0,0,1
0,0,0
0,1,1
0,1,1
0,0,1
0,0,1
0,0,1
0,1,1
0,1,1
0,1,1
0,1,1
0,1,1
0,0,1
0,1,1
0,1,1
0,1,1
0,1,1
0,0,1
0,0,1
0,0,1
0,0,0
0,1,1
0,1,1
0,1,1
0,1,1
0,1,1
0,1,1
0,1,1
0,0,1
0,1,1
0,0,1
0,0.8687708,1
0,0,1
0,0.8611095,1
0,1,1
0,1,1
0,0,0
0,1,1
0,0,1
0,1,1
0,0,1
0,1,1
0,1,1
0,0,1
0,1,1
0,1,1
0,0,1
0,0,1
0,1,1
0,1,1
0,1,1
0,1,1
0,1,1
0,1,1
0,0,1
0,1,1
0,1,1
0,1,1
0,0,0
0,1,1
0,1,1
0,1,1
0,0,0
0,0,1
0,1,1
0,1,1
0,0,1
0,1,1
0,0,0
0,0,1
0,1,1
0,1,1
0,1,1
0,1,1
0,0,1
0,0,1
0,1,1
0,1,1
0,1,1
0,0,1
0,0,0
0,0.8566417,1
0,1,1
0,1,1
0,1,1
0,1,1
0,1,1
0,1,1
0,1,1
0,1,1
0,1,1
0,1,1
0,1,1
0,0,1
0,1,1
0,0,1
0,1,1
0,0,1
0,1,1
0,0,1
0,1,1
0,1,1
0,1,1
0,1,1
0,0,1
0,1,1
0,1,1
0,0,1
0,1,1
0,0,1
0,0,1
0,1,1
0,1,1
0,1,1
0,0,1
0,1,1
0,1,1
0,1,1
0,0,1
0,0.8601667,1
0,0,1
0,1,1
0,0,1
0,1,1
0,1,1
0,0,1
0,0,0
0,1,1
0,1,1
0,1,1
0,0,1
0,0,0
0,1,1
0,1,1
0,1,1
0,1,1
0,1,1
0,1,1
0,1,1
0,1,1
0,1,1
0,1,1
0,1,1
0,1,1
0,0,1
0,0,1
0,0,1
0,1,1
0,1,1
0,1,1
0,0,0
0,1,1
0,0,1
0,1,1
0,1,1
0,1,1
0,1,1
0,0,1
0,1,1
0,0.8602735,1
0,1,1
0,0,1
0,0.7192515,1
0,1,1
0,1,1
0,0,0
0,1,1
0,1,1
0,1,1
0,1,1
0,0,1
0,0,1
0,1,1
0,0,1
0,1,1
0,1,1
0,0,0
0,1,1
0,1,1
0,1,1
0,0,1
0,1,1
0,1,1
0,1,1
0,1,1
0,1,1
0,0,0
0,1,1
0,1,1
0,1,1
0,1,1
0,1,1
0,1,1
0,0,1
0,1,1
0,1,1
0,1,1
0,1,1
0,0,1
0,1,1
0,0,1
0,1,1
0,1,1
0,1,1
0,0,0
0,1,1
0,1,1
0,1,1
0,0,1
0,1,1
0,0,1
0,1,1
0,0,1
0,1,1
0,0.8500525,1
0,1,1
0,1,1
0,1,1
0,1,1
0,1,1
0,1,1
0,1,1
0,1,1
0,1,1
0,1,1
0,0,1
0,1,1
0,1,1
0,1,1
0,0.8636256,1
0,1,1
0,0,0
0,1,1
0,1,1
0,0,1
0,0,1
0,1,1
0,0,1
0,0,1
0,0,1
0,1,1
0,1,1
0,0,1
0,0,0
0,1,1
0,0.8506565,1
0,1,1
0,1,1
0,1,1
0,1,1
0,0,1
0,1,1
0,1,1
0,0,0
0,1,1
0,0,1
0,1,1
0,1,1
0,1,1
0,0,1
0,1,1
0,1,1
0,1,1
0,1,1
0,1,1
0,1,1
0,0.8655459,1
0,1,1
0,1,1
0,1,1
0,0,1
0,1,1
0,0,0
0,1,1
0,1,1
0,0,1
0,1,1
0,1,1
0,0.856771,1
0,0,0
0,1,1
0,0,0
0,1,1
0,1,1
0,0,1
0,0,1
0,0,1
0,1,1
0,1,1
0,1,1
0,1,1
0,0,1
0,0,1
0,1,1
0,1,1
0,1,1
0,1,1
0,1,1
0,1,1
0,0,1
0,0,1
0,0,1
0,1,1
0,1,1
0,1,1
0,0,1
0,1,1
0,1,1
0,1,1
0,0,0
0,1,1
0,1,1
0,1,1
0,1,1
0,1,1
0,1,1
0,1,1
0,1,1
0,1,1
0,1,1
0,1,1
0,0,1
0,1,1
0,1,1
0,1,1
0,0,1
0,0,1
0,1,1
0,0,1
0,0,1
0,1,1
0,1,1
0,1,1
0,1,1
0,1,1
0,0,1
0,1,1
0,0,1
0,1,1
0,0,1
0,1,1
0,1,1
0,1,1
0,0,0
0,1,1
0,0.7336034,1
0,1,1
0,1,1
0,1,1
0,0,1
0,0,0
0,1,1
0,1,1
0,1,1
0,0,1
0,1,1
0,0.8681955,1
0,0,0
0,0.8624742,1
0,0,1
0,1,1
0,0,1
0,1,1
0,0,0
0,1,1
0,1,1
0,1,1
0,1,1
0,0,1
0,0,0
0,1,1
0,1,1
0,1,1
0,0,1
0,1,1
0,1,1
0,0,1
0,0,1
0,0.864283,1
0,1,1
0,1,1
0,0,1
0,1,1
0,1,1
0,1,1
0,0,1
0,0,1
0,1,1
0,1,1
0,1,1
0,1,1
0,0,1
0,1,1
0,0,1
0,0,0
0,1,1
0,0,1
0,1,1
0,1,1
0,1,1
0,0,0
0,0,0
0,0,1
0,0,0
0,0.8622624,1
0,1,1
0,0,1
0,0.8801833,1
0,1,1
0,1,1
0,1,1
0,1,1
0,1,1
0,0,1
0,1,1
0,1,1
0,1,1
0,1,1
0,0,1
0,0.8616546,1
0,0,1
0,1,1
0,0,1
0,1,1
0,0,1
0,1,1
0,1,1
0,1,1
0,0,0
0,1,1
0,1,1
0,1,1
0,1,1
0,0,0
0,1,1
0,1,1
0,1,1
0,1,1
0,0,1
0,1,1
0,0,1
0,0,1
0,0,1
0,0,0
0,1,1
0,1,1
0,1,1
0,1,1
0,0,1
0,0,1
0,1,1
0,1,1
0,1,1
0,1,1
0,0,1
0,1,1
0,0,1
0,1,1
0,1,1
0,1,1
0,0,0
0,1,1
0,1,1
0,1,1
0,1,1
0,1,1
0,0,1
0,1,1
0,1,1
0,0,0
0,1,1
0,1,1
0,1,1
0,1,1
0,1,1
0,0,0
0,0,0
0,0,1
0,0,0
0,1,1
0,1,1
0,1,1
0,1,1
0,0,1
0,1,1
0,1,1
0,1,1
0,1,1
0,1,1
0,1,1
0,0,0
0,0,1
0,1,1
0,1,1
0,1,1
0,0,1
0,1,1
0,1,1
0,1,1
0,1,1
0,0.8614156,1
0,1,1
0,1,1
0,0,1
0,1,1
0,1,1
0,0,1
0,1,1
0,1,1
0,1,1
0,1,1
0,1,1
0,1,1
0,1,1
0,1,1
0,0.8605772,1
0,1,1
0,1,1
0,1,1
0,0,1
0,1,1
0,1,1
0,1,1
0,1,1
0,1,1
0,0,0
0,1,1
0,1,1
0,0,0
0,1,1
0,1,1
0,0,1
0,1,1
0,1,1
0,1,1
0,0.8540938,1
0,0,1
0,1,1
0,0,1
0,1,1
0,1,1
0,0,1
0,0,1
0,1,1
0,1,1
0,1,1
0,0,0
0,0,1
0,0,1
0,1,1
0,1,1
0,0,1
0,1,1
0,1,1
0,0,1
0,1,1
0,0.8703628,1
0,1,1
0,1,1
0,0,1
0,1,1
0,0,1
0,1,1
0,1,1
0,1,1
0,1,1
0,1,1
0,1,1
0,1,1
0,0,0
0,0,1
0,1,1
0,1,1
0,1,1
0,0,1
0,0,0
0,1,1
0,1,1
0,1,1
0,1,1
0,1,1
0,0,0
0,1,1
0,0,1
0,0,0
0,1,1
0,1,1
0,0,1
0,1,1
0,0,1
0,1,1
0,0,1
0,1,1
0,0,1
0,1,1
0,1,1
0,1,1
0,0,1
0,0,0
0,0,0
0,0,1
0,0,0
0,0,0
0,0,0
0,0,0
0,0,0
0,0,0
0,0.8654395,1
0,0,0
0,0,0
0,0,0
0,0,0
0,0,0
0,0,0
0,1,1
0,0,0
0,0,0
0,0,1
0,0,1
0,0,0
0,0,0
0,0,1
0,1,1
0,0,0
0,1,1
0,0,0
0,0,0
0,0,0
0,0,1
0,1,1
0,1,1
0,1,1
0,1,1
0,1,1
0,0,1
0,0,0
0,0,0
0,0,1
0,0,1
0,0,0
0,0,0
0,0,1
0,1,1
0,1,1
0,0,0
0,1,1
0,0,1
0,1,1
0,0,0
0,0,1
0,1,1
0,0,1
0,0,1
0,0,0
0,1,1
0,0,1
0,0,0
0,1,1
0,1,1
0,0,0
0,0,1
0,1,1
0,0,1
0,0,0
0,1,1
0,0,1
0,1,1
0,1,1
0,0,0
0,1,1
0,1,1
0,1,1
0,0,1
0,1,1
0,1,1
0,1,1
0,1,1
0,1,1
0,0,1
0,1,1
0,1,1
0,1,1
0,1,1
0,1,1
0,1,1
0,1,1
0,0,1
0,1,1
0,0,0
0,1,1
0,0,1
0,0,1
0,1,1
0,0,1
0,1,1
0,1,1
0,1,1
0,1,1
0,1,1
0,1,1
0,1,1
0,1,1
0,1,1
0,1,1
0,0,1
0,1,1
0,0,1
0,1,1
0,1,1
0,0.8675977,1
0,1,1
0,1,1
0,0,1
0,0,1
0,1,1
0,1,1
0,1,1
0,0,1
0,0,1
0,0,1
0,1,1
0,1,1
0,1,1
0,1,1
0,1,1
0,0,1
0,0,0
0,1,1
0,0,1
0,1,1
0,1,1
0,1,1
0,0,0
0,1,1
0,1,1
0,0,1
0,1,1
0,0,1
0,1,1
0,0,1
0,1,1
0,1,1
0,1,1
0,0.8817331,1
0,0.8662859,1
0,0.8631256,1
0,0,0
0,0,0
0,0,1
0,0,0
0,1,1
0,1,1
0,0,0
0,0,0
0,0,0
0,0,1
0,0,0
0,0,1
0,0,0
0,1,1
0,0,1
0,0,0
0,0,0
0,0,0
0,0,0
0,0,0
0,0,0
0,0,0
0,1,1
0,1,1
0,0,0
0,0,0
0,0,1
0,1,1
0,0,0
0,0,1
0,0,1
0,1,1
0,0,0
0,0,0
0,1,1
0,1,1
0,0,1
0,1,1
0,1,1
0,0,0
0,0,0
0,0,1
0,0,0
0,1,1
0,0,0
0,1,1
0,1,1
0,0,1
0,1,1
0,1,1
0,1,1
0,0,0
0,0,1
0,1,1
0,0,0
0,0,1
0,0,1
0,0,0
0,0,1
0,1,1
0,0,1
0,1,1
0,1,1
0,0,0
0,1,1
0,0,0
0,0,1
0,0,0
0,1,1
0,1,1
0,1,1
0,0,1
0,0.8690295,1
0,1,1
0,0.8604256,1
0,0,1
0,1,1
0,0,1
0,1,1
0,0,1
0,1,1
0,0,1
0,0,1
0,0,1
0,0,1
0,0,1
0,1,1
0,1,1
0,0.858018,1
0,0,0
0,0,1
0,0,0
0,1,1
0,0,1
0,1,1
0,1,1
0,1,1
0,1,1
0,0,1
0,1,1
0,1,1
0,1,1
0,1,1
0,1,1
0,1,1
0,1,1
0,0,0
0,1,1
0,0,1
0,0,1
0,0,1
0,0,1
0,0,1
0,1,1
0,0,1
0,0,0
0,0,0
0,1,1
0,1,1
0,1,1
0,0,1
0,1,1
0,1,1
0,0,1
0,0,1
0,0,0
0,1,1
0,0,0
0,1,1
0,1,1
0,1,1
0,1,1
0,1,1
0,1,1
0,1,1
0,0,1
0,1,1
0,0,1
0,1,1
0,1,1
0,0,0
0,0,0
0,1,1
0,1,1
0,0,1
0,1,1
0,1,1
0,1,1
0,1,1
0,1,1
0,1,1
0,1,1
0,1,1
0,0,0
0,1,1
0,0,0
0,0,0
0,1,1
0,0,1
0,1,1
0,0.8246473,1
0,0,0
0,1,1
0,0,0
0,0,0
0,0,0
0,0.8557371,1
0,0,0
0,0,0
0,0,0
0,0,0
0,0,0
0,1,1
0,0,0
0,0,0
0,0,0
0,0,0
0,1,1
0,0,0
0,0,1
0,1,1
0,0,0
0,0,1
0,1,1
0,1,1
0,1,1
0,1,1
0,1,1
0,1,1
0,0,1
0,0,1
0,1,1
0,0,0
0,0,1
0,1,1
0,0,1
0,0.8672272,1
0,0.8611311,1
0,0,0
0,0,0
0,0,1
0,1,1
0,0,1
0,0,1
0,1,1
0,0,1
0,0,0
0,1,1
0,1,1
0,1,1
0,0,1
0,1,1
0,1,1
0,1,1
0,1,1
0,0,0
0,0,0
0,0,1
0,1,1
0,1,1
0,1,1
0,1,1
0,1,1
0,0,1
0,0,1
0,0,1
0,1,1
0,1,1
0,1,1
0,0.8639358,1
0,1,1
0,0,1
0,0,1
0,0,1
0,0,1
0,0.8573391,1
0,1,1
0,1,1
0,0,1
0,0,1
0,1,1
0,0,1
0,1,1
0,0,1
0,1,1
0,0,1
0,1,1
0,0,1
0,1,1
0,1,1
0,0,1
0,0.8713244,1
0,1,1
0,0,0
0,1,1
0,1,1
0,0,1
0,1,1
0,1,1
0,0,1
0,1,1
0,0,1
0,1,1
0,1,1
0,1,1
0,1,1
0,1,1
0,1,1
0,1,1
0,0,1
0,0,1
0,1,1
0,1,1
0,0,1
0,1,1
0,1,1
0,1,1
0,0,1
0,1,1
0,0.869248,1
0,0,0
0,0,1
0,1,1
0,1,1
0,1,1
0,0,1
0,0,1
0,1,1
0,1,1
0,1,1
0,1,1
0,0,1
0,1,1
0,0,1
0,0,1
0,0.863272,1
0,1,1
0,0,0
0,0,1
0,1,1
0,1,1
0,1,1
0,0,1
0,0,1
0,0,1
0,0,0
0,0,0
0,0,0
0,0.8599104,1
0,1,1
0,1,1
0,0.8627287,1
0,0,0
0,0,0
0,0,0
0,0.7132756,1
0,0,0
0,0,0
0,0,0
0,0,0
0,0,0
0,1,1
0,1,1
0,1,1
0,0,0
0,1,1
0,0,0
0,0,0
0,0,1
0,0,0
0,0,0
0,0,0
0,1,1
0,1,1
0,1,1
0,1,1
0,1,1
0,0,0
0,1,1
0,0.7693988,1
0,0,0
0,0,1
0,0,1
0,1,1
0,0,0
0,1,1
0,0,1
0,1,1
0,0,0
0,0,1
0,0,1
0,1,1
0,0,1
0,1,1
0,0,1
0,1,1
0,0,0
0,0,1
0,0,0
0,0,0
0,0,0
0,0,0
0,0.8732153,1
0,1,1
0,0,0
0,1,1
0,1,1
0,0,0
0,1,1
0,0.854895,1
0,0,1
0,1,1
0,1,1
0,1,1
0,0,1
0,0,0
0,1,1
0,0,1
0,0,1
0,0,0
0,1,1
0,1,1
0,1,1
0,1,1
0,1,1
0,1,1
0,1,1
0,0,1
0,1,1
0,0,1
0,1,1
0,1,1
0,1,1
0,0,0
0,1,1
0,1,1
0,1,1
0,1,1
0,1,1
0,1,1
0,0,1
0,0,0
0,1,1
0,1,1
0,1,1
0,0,1
0,1,1
0,0.8584913,1
0,1,1
0,1,1
0,1,1
0,1,1
0,0,1
0,1,1
0,1,1
0,1,1
0,0,1
0,0,0
0,1,1
0,1,1
0,0,1
0,1,1
0,1,1
0,0,1
0,1,1
0,0,0
0,1,1
0,1,1
0,1,1
0,1,1
0,1,1
0,1,1
0,0,0
0,0,1
0,0,0
0,1,1
0,1,1
0,0,1
0,1,1
0,0,0
0,0,0
0,1,1
0,1,1
0,0,1
0,1,1
0,1,1
0,1,1
0,0,0
0,0,0
0,1,1
0,1,1
0,0,0
0,1,1
0,0,1
0,0,1
0,1,1
0,0,0
0,0,1
0,1,1
0,0,1
0,1,1
0,1,1
0,0,0
0,1,1
0,0.8000867,1
0,0,0
0,1,1
0,0,1
0,1,1
0,0.857856,1
0,0,0
0,0,0
0,0,0
0,0,1
0,0,0
0,0.8640673,1
0,0,0
0,0,0
0,0,0
0,0,1
0,0,0
0,1,1
0,0,0
0,0,1
0,0,0
0,0,0
0,1,1
0,1,1
0,1,1
0,1,1
0,0,0
0,0,0
0,0,0
0,1,1
0,1,1
0,1,1
0,0,0
0,1,1
0,1,1
0,0.8636241,1
0,0,0
0,0,1
0,0,0
0,0,1
0,0,1
0,0,0
0,0,1
0,0,1
0,1,1
0,1,1
0,1,1
0,1,1
0,0,1
0,0,0
0,1,1
0,0,1
0,0,1
0,1,1
0,1,1
0,1,1
0,0,0
0,1,1
0,1,1
0,0,1
0,1,1
0,1,1
0,0,1
0,0,1
0,0,1
0,1,1
0,0,1
0,1,1
0,1,1
0,0,1
0,0,0
0,0,1
0,0,0
0,0,1
0,1,1
0,0,1
0,0.7273272,1
0,0,0
0,0,1
0,0,1
0,1,1
0,1,1
0,1,1
0,0,1
0,1,1
0,0,1
0,0,0
0,0,0
0,0,0
0,1,1
0,1,1
0,0,1
0,1,1
0,1,1
0,1,1
0,1,1
0,0,1
0,1,1
0,1,1
0,1,1
0,1,1
0,1,1
0,1,1
0,1,1
0,0,1
0,0,1
0,0,0
0,0,1
0,1,1
0,0.8691252,1
0,1,1
0,1,1
0,1,1
0,0,0
0,1,1
0,0,0
0,1,1
0,1,1
0,1,1
0,1,1
0,1,1
0,1,1
0,1,1
0,0,1
0,1,1
0,0,0
0,0.8576616,1
0,1,1
0,1,1
0,1,1
0,0,0
0,1,1
0,1,1
0,1,1
0,1,1
0,1,1
0,1,1
0,1,1
0,0,1
0,1,1
0,0,1
0,0,0
0,0,0
0,0,0
0,0,0
0,0,0
0,1,1
0,0,0
0,1,1
0,0,0
0,0,1
0,1,1
0,0,0
0,1,1
0,0,0
0,1,1
0,0,0
0,0,0
0,0,0
0,0,1
0,0,0
0,0,1
0,0,0
0,1,1
0,1,1
0,1,1
0,0,0
0,0,1
0,0,1
0,0,1
0,0,0
0,0,0
0,1,1
0,0,1
0,0,0
0,0,1
0,0,1
0,0,0
0,1,1
0,1,1
0,0,0
0,0,0
0,1,1
0,1,1
0,1,1
0,1,1
0,1,1
0,1,1
0,1,1
0,0,0
0,0,1
0,0.8644177,1
0,0,1
0,0,0
0,0,0
0,0,0
0,0,1
0,0,0
0,1,1
0,1,1
0,1,1
0,0.7491623,1
0,1,1
0,1,1
0,0,1
0,1,1
0,0,1
0,0.8568898,1
0,0,1
0,0,1
0,0,1
0,0,0
0,1,1
0,0,1
0,0,0
0,1,1
0,0,0
0,1,1
0,1,1
0,1,1
0,0,1
0,0,0
0,0,1
0,0.8601651,1
0,0.7028358,1
0,1,1
0,0.7482471,1
0,1,1
0,1,1
0,1,1
0,1,1
0,1,1
0,0.8547021,1
0,1,1
0,1,1
0,1,1
0,1,1
0,0,1
0,1,1
0,1,1
0,1,1
0,1,1
0,1,1
0,0,0
0,0.858199,1
0,0.8635956,1
0,0,1
0,1,1
0,1,1
0,1,1
0,1,1
0,1,1
0,0.8638295,1
0,0,1
0,0,1
0,0,1
0,0,0
0,1,1
0,0,0
0,0,1
0,1,1
0,0,1
0,0,1
0,0,1
0,0,1
0,0.8676649,1
0,0,0
0,1,1
0,1,1
0,1,1
0,1,1
0,0,0
0,1,1
0,1,1
0,0,1
0,0,0
0,0,1
0,0,1
0,0,0
0,0,0
0,1,1
0,1,1
0,0,0
0,1,1
0,0,0
0,1,1
0,1,1
0,1,1
0,1,1
0,0,0
0,1,1
0,0,0
0,0,1
0,0,0
0,1,1
0,1,1
0,1,1
0,0,0
0,1,1
0,0,0
0,0,0
0,0,0
0,0,0
0,1,1
0,0,0
0,0,0
0,1,1
0,0.7205392,1
0,0,1
0,1,1
0,0,0
0,0,0
0,0,0
0,0,1
0,0,1
0,0,1
0,0,0
0,0,1
0,1,1
0,0,1
0,0,1
0,0,0
0,1,1
0,0,0
0,0,0
0,0,0
0,0.7920532,1
0,0,0
0,1,1
0,0,0
0,1,1
0,0.7044585,1
0,1,1
0,0,0
0,1,1
0,0,0
0,0.8582073,1
0,1,1
0,1,1
0,0,0
0,0,0
0,0,0
0,1,1
0,1,1
0,1,1
0,1,1
0,0,1
0,1,1
0,0,1
0,0,1
0,1,1
0,0,1
0,0,1
0,0,1
0,1,1
0,1,1
0,0,0
0,0.8652216,1
0,1,1
0,1,1
0,1,1
0,1,1
0,1,1
0,0,1
0,0,1
0,1,1
0,1,1
0,0,1
0,1,1
0,1,1
0,0.7416729,1
0,0,1
0,0,0
0,1,1
0,0,1
0,1,1
0,1,1
0,0,1
0,1,1
0,1,1
0,0,0
0,0,1
0,1,1
0,1,1
0,0,1
0,1,1
0,0,0
0,1,1
0,1,1
0,0,1
0,0,0
0,1,1
0,1,1
0,1,1
0,0,1
0,1,1
0,0,0
0,1,1
0,0,1
0,1,1
0,0,1
0,1,1
0,0,1
0,1,1
0,0.8688186,1
0,0,0
0,1,1
0,0,1
0,0,0
0,0,0
0,1,1
0,1,1
0,1,1
0,0,1
0,1,1
0,0,0
0,1,1
0,0,1
0,1,1
0,1,1
0,0,1
0,0,0
0,0.8651973,1
0,0,1
0,1,1
0,0,0
0,1,1
0,1,1
0,0,1
0,0,1
0,1,1
0,0.8424376,1
0,0,0
0,1,1
0,1,1
0,0,1
0,1,1
0,1,1
0,1,1
0,0,1
0,0,1
0,0,0
0,0,0
0,0,0
0,0,1
0,0,0
0,0,1
0,0,0
0,0.8622438,1
0,1,1
0,0,1
0,0,0
0,0,1
0,0.738112,1
0,0,0
0,1,1
0,0,0
0,0,0
0,0,0
0,0,0
0,1,1
0,0.8703793,1
0,0,0
0,0,0
0,0,0
0,0,1
0,0,1
0,0,0
0,1,1
0,0,0
0,0,0
0,0,1
0,0,1
0,0,0
0,1,1
0,0,0
0,1,1
0,1,1
0,0,0
0,1,1
0,0,0
0,0,1
0,0,1
0,0,0
0,0,1
0,0,0
0,0,1
0,1,1
0,0,0
0,1,1
0,0,1
0,0,0
0,0,1
0,1,1
0,0.7868727,1
0,0,1
0,0,0
0,0,0
0,1,1
0,0,1
0,1,1
0,0,1
0,0,1
0,0,0
0,0,1
0,1,1
0,1,1
0,1,1
0,0.8636733,1
0,1,1
0,1,1
0,0,1
0,0,0
0,0,0
0,1,1
0,0,1
0,1,1
0,0,1
0,0.8610994,1
0,1,1
0,0,1
0,1,1
0,1,1
0,1,1
0,0,0
0,0.8595035,1
0,0.8706404,1
0,1,1
0,1,1
0,1,1
0,0.8753759,1
0,1,1
0,1,1
0,1,1
0,1,1
0,0,1
0,1,1
0,0,1
0,1,1
0,1,1
0,1,1
0,1,1
0,0.8609341,1
0,1,1
0,0,1
0,0,1
0,0,0
0,0,1
0,0,0
0,1,1
0,0,1
0,1,1
0,1,1
0,0,1
0,1,1
0,1,1
0,0,0
0,0,1
0,0.854436,1
0,0,1
0,0,1
0,1,1
0,0,0
0,0,0
0,1,1
0,1,1
0,1,1
0,0,1
0,0,0
0,1,1
0,1,1
0,1,1
0,1,1
0,0,0
0,0,1
0,1,1
0,0,0
0,0.8639878,1
0,0.9140152,1
0,0.8747791,1
0,0,1
0,0,0
0,0,1
0,0,0
0,0.8563291,1
0,1,1
0,0,1
0,0.7030351,1
0,1,1
0,0,0
0,1,1
0,0,0
0,0,0
0,1,1
0,0,0
0,0,0
0,0.8634375,1
0,0.8664867,1
0,0.8600593,1
0,1,1
0,0,1
0,1,1
0,1,1
0,0,0
0,0,0
0,0,1
0,1,1
0,1,1
0,0,0
0,0,1
0,1,1
0,0,1
0,1,1
0,0,0
0,1,1
0,1,1
0,0,0
0,0,0
0,0,0
0,0,0
0,0,0
0,1,1
0,1,1
0,0,1
0,1,1
0,1,1
0,0,1
0,1,1
0,0,0
0,1,1
0,0,0
0,0,0
0,0,0
0,0.729304,1
0,0,1
0,0,1
0,0,1
0,0,1
0,0,1
0,0,0
0,0,1
0,0,0
0,0,1
0,0,0
0,0,0
0,1,1
0,1,1
0,0,1
0,1,1
0,0,1
0,1,1
0,1,1
0,0.8627946,1
0,0,1
0,0.8666345,1
0,0,0
0,1,1
0,0,0
0,0,0
0,0,0
0,1,1
0,1,1
0,0,1
0,0,1
0,1,1
0,1,1
0,0,0
0,1,1
0,0,1
0,0,1
0,0,0
0,0,0
0,0,1
0,0,1
0,1,1
0,1,1
0,1,1
0,0,1
0,1,1
0,1,1
0,0,1
0,0,1
0,1,1
0,1,1
0,0,1
0,1,1
0,0,0
0,0,1
0,1,1
0,1,1
0,0,1
0,0.7685646,1
0,0,1
0,0,1
0,0,1
0,1,1
0,0.8625458,1
0,0,1
0,1,1
0,1,1
0,1,1
0,0,0
0,1,1
0,0,0
0,0,1
0,1,1
0,1,1
0,1,1
0,0.7221104,1
0,1,1
0,0,0
0,0,1
0,1,1
0,1,1
0,0,1
0,1,1
0,1,1
0,0,1
0,0,0
0,0,0
0,1,1
0,1,1
0,1,1
0,0,0
0,1,1
0,1,1
0,0,0
0,0.7760319,1
0,1,1
0,0,1
0,0,0
0,0,0
0,1,1
0,0,1
0,0,1
0,1,1
0,0,0
0,0,1
0,0,1
0,1,1
0,1,1
0,0,0
0,0,0
0,0,0
0,0,0
0,0,0
0,0,1
0,0,0
0,0,1
0,1,1
0,0,0
0,0,1
0,1,1
0,1,1
0,0,1
0,0,1
0,0,0
0,1,1
0,0,0
0,0,1
0,1,1
0,1,1
0,1,1
0,0,1
0,0.8668135,1
0,0,0
0,0,0
0,0,1
0,0,1
0,0,1
0,0,0
0,0,1
0,0,0
0,0,1
0,1,1
0,0,1
0,0,0
0,0,0
0,0,1
0,0,1
0,1,1
0,0,0
0,0,0
0,0,0
0,0,1
0,0,0
0,1,1
0,1,1
0,0.7508157,1
0,0,0
0,1,1
0,0,0
0,0.8689266,1
0,1,1
0,0,0
0,1,1
0,1,1
0,0,0
0,0,1
0,1,1
0,0,0
0,1,1
0,0.7803406,1
0,0,1
0,1,1
0,0,1
0,0,1
0,1,1
0,0,1
0,1,1
0,0,0
0,1,1
0,1,1
0,0,0
0,0,1
0,1,1
0,1,1
0,0,1
0,0,0
0,0,1
0,1,1
0,1,1
0,1,1
0,1,1
0,1,1
0,1,1
0,0,0
0,1,1
0,1,1
0,1,1
0,1,1
0,1,1
0,1,1
0,1,1
0,1,1
0,1,1
0,1,1
0,0.8676708,1
0,1,1
0,1,1
0,1,1
0,0,0
0,0,1
0,1,1
0,0,0
0,1,1
0,1,1
0,0,1
0,0,0
0,0,0
0,1,1
0,1,1
0,1,1
0,0,1
0,0,1
0,1,1
0,0,0
0,0,0
0,1,1
0,0,0
0,1,1
0,0,0
0,1,1
0,1,1
0,0,0
0,1,1
0,1,1
0,0,0
0,1,1
0,1,1
0,1,1
0,1,1
0,1,1
0,0,1
0,0,1
0,1,1
0,1,1
0,0,0
0,0,1
0,0,0
0,0,1
0,1,1
0,1,1
0,1,1
0,0,1
0,0,0
0,0,0
0,1,1
0,0,0
0,1,1
0,1,1
0,0,0
0,1,1
0,1,1
0,0.8677477,1
0,0,1
0,1,1
0,1,1
0,0.8635412,1
0,0,1
0,0,0
0,0,1
0,1,1
0,0,1
0,1,1
0,1,1
0,1,1
0,0,0
0,0,0
0,0,0
0,0,0
0,0,0
0,0,0
0,0,0
0,1,1
0,0.8621862,1
0,1,1
0,0,0
0,1,1
0,0,0
0,0,1
0,0,0
0,0,0
0,0,1
0,1,1
0,0,1
0,0,0
0,0,1
0,0,1
0,0,1
0,0,0
0,0,0
0,0.8606998,1
0,1,1
0,1,1
0,1,1
0,1,1
0,0,1
0,1,1
0,1,1
0,1,1
0,1,1
0,1,1
0,0,1
0,0,0
0,0,0
0,0,0
0,1,1
0,1,1
0,1,1
0,0,0
0,0,0
0,0,1
0,1,1
0,1,1
0,0,1
0,1,1
0,1,1
0,1,1
0,1,1
0,0,1
0,1,1
0,0,0
0,0,1
0,0,0
0,1,1
0,1,1
0,0.8618985,1
0,1,1
0,0,1
0,1,1
0,1,1
0,0,1
0,1,1
0,1,1
0,0,0
0,1,1
0,1,1
0,1,1
0,1,1
0,1,1
0,1,1
0,1,1
0,1,1
0,1,1
0,1,1
0,0,1
0,1,1
0,1,1
0,0,1
0,0,1
0,0,1
0,1,1
0,1,1
0,0.866609,1
0,1,1
0,0,1
0,1,1
0,1,1
0,0,0
0,0,1
0,1,1
0,1,1
0,0,0
0,0,1
0,1,1
0,1,1
0,1,1
0,1,1
0,0,1
0,0,1
0,0,1
0,0,0
0,1,1
0,0,1
0,0,0
0,1,1
0,0,1
0,0.8615336,1
0,1,1
0,0,1
0,1,1
0,1,1
0,1,1
0,1,1
0,1,1
0,0,0
0,0,1
0,1,1
0,0,0
0,1,1
0,1,1
0,0,0
0,0,0
0,1,1
0,0,0
0,1,1
0,0,1
0,1,1
0,1,1
0,0,1
0,0,1
0,1,1
0,1,1
0,1,1
0,0,1
0,1,1
0,1,1
0,0,0
0,0,1
0,0,0
0,1,1
0,0,1
0,1,1
0,0,1
0,0,0
0,0,1
0,1,1
0,0,1
0,0,0
0,1,1
0,0,0
0,0,0
0,1,1
0,0,1
0,1,1
0,0,0
0,0,0
0,0,1
0,0,1
0,0.8608463,1
0,0,1
0,0,1
0,1,1
0,0,0
0,0,0
0,0,0
0,0,0
0,0,1
0,0,1
0,1,1
0,0,0
0,1,1
0,0,0
0,1,1
0,0,1
0,0,0
0,0.8646411,1
0,1,1
0,0.8659312,1
0,1,1
0,0,1
0,1,1
0,0,0
0,0,1
0,0,0
0,1,1
0,0,0
0,1,1
0,1,1
0,0.8685359,1
0,1,1
0,0.8667485,1
0,1,1
0,1,1
0,1,1
0,0,1
0,1,1
0,0,1
0,1,1
0,1,1
0,1,1
0,0,0
0,0,1
0,0,1
0,1,1
0,0,1
0,1,1
0,1,1
0,0,1
0,1,1
0,0,0
0,0,1
0,0,0
0,0,1
0,1,1
0,0,1
0,1,1
0,0,1
0,0,0
0,0,1
0,1,1
0,0,1
0,0,1
0,1,1
0,1,1
0,1,1
0,0,0
0,1,1
0,0,1
0,1,1
0,0,1
0,0.8706449,1
0,1,1
0,0,0
0,1,1
0,1,1
0,1,1
0,1,1
0,0,0
0,0.8608612,1
0,1,1
0,0,0
0,1,1
0,1,1
0,0,0
0,1,1
0,1,1
0,1,1
0,0,0
0,0,1
0,1,1
0,1,1
0,0,0
0,1,1
0,1,1
0,1,1
0,1,1
0,0,0
0,1,1
0,0,1
0,1,1
0,0,0
0,1,1
0,0,1
0,1,1
0,1,1
0,1,1
0,1,1
0,0,0
0,1,1
0,0,1
0,0,1
0,0,0
0,1,1
0,1,1
0,0,1
0,0,0
0,0,1
0,1,1
0,0,0
0,0,0
0,0,0
0,1,1
0,1,1
0,0,0
0,1,1
0,1,1
0,0,0
0,1,1
0,0,0
0,1,1
0,0,0
0,0,0
0,1,1
0,1,1
0,0,0
0,1,1
0,0,0
0,1,1
0,0.8598725,1
0,1,1
0,0,0
0,1,1
0,0,0
0,0,1
0,0,0
0,0,1
0,1,1
0,0.8610047,1
0,0,0
0,0,0
0,1,1
0,0,0
0,0,1
0,0,0
0,1,1
0,1,1
0,1,1
0,1,1
0,0,0
0,1,1
0,0,1
0,1,1
0,0,1
0,0,1
0,1,1
0,0,1
0,1,1
0,0,1
0,1,1
0,1,1
0,1,1
0,1,1
0,0,0
0,0,0
0,1,1
0,1,1
0,1,1
0,0,1
0,0,0
0,1,1
0,1,1
0,1,1
0,0,0
0,0,1
0,1,1
0,0,1
0,0,0
0,0,0
0,0,1
0,0,0
0,1,1
0,1,1
0,0,0
0,0,1
0,0,0
0,1,1
0,0,0
0,1,1
0,0,0
0,0,1
0,1,1
0,1,1
0,1,1
0,1,1
0,0,1
0,0,1
0,1,1
0,0,1
0,1,1
0,1,1
0,1,1
0,1,1
0,1,1
0,1,1
0,0,0
0,1,1
0,1,1
0,0,1
0,1,1
0,1,1
0,0,0
0,1,1
0,0,1
0,1,1
0,1,1
0,0,1
0,0,0
0,1,1
0,1,1
0,1,1
0,0,0
0,1,1
0,1,1
0,0,1
0,0,0
0,1,1
0,1,1
0,1,1
0,1,1
0,1,1
0,0,0
0,1,1
0,0,1
0,1,1
0,1,1
0,1,1
0,0,0
0,1,1
0,0,1
0,0,0
0,1,1
0,1,1
0,1,1
0,1,1
0,1,1
0,1,1
0,0,1
0,0,1
0,0,0
0,1,1
0,1,1
0,1,1
0,0,1
0,0,1
0,0,1
0,1,1
0,1,1
0,0,0
0,0,0
0,0,0
0,1,1
0,1,1
0,1,1
0,0.7024491,1
0,0.8708577,1
0,0,1
0,0,0
0,1,1
0,1,1
0,0,0
0,0,1
0,1,1
0,1,1
0,1,1
0,1,1
0,0,1
0,1,1
0,1,1
0,1,1
0,1,1
0,0,0
0,1,1
0,1,1
0,1,1
0,0,0
0,0,1
0,0,0
0,0,1
0,0,0
0,1,1
0,1,1
0,0,0
0,1,1
0,1,1
0,0,0
0,0,0
0,0,1
0,1,1
0,0,0
0,0,0
0,0.8688622,1
0,0,1
0,0,1
0,1,1
0,0,0
0,1,1
0,1,1
0,0,0
0,0,0
0,0,0
0,0,0
0,1,1
0,1,1
0,1,1
0,0,0
0,1,1
0,0,0
0,0,0
0,0,1
0,1,1
0,0,0
0,1,1
0,1,1
0,0.8669909,1
0,0,0
0,1,1
0,0,0
0,1,1
0,0.8753422,1
0,1,1
0,1,1
0,0,1
0,1,1
0,1,1
0,0,1
0,1,1
0,1,1
0,1,1
0,0,1
0,0,0
0,0,0
0,1,1
0,1,1
0,0,1
0,1,1
0,0,0
0,1,1
0,1,1
0,1,1
0,1,1
0,1,1
0,1,1
0,1,1
0,1,1
0,0.8727697,1
0,1,1
0,1,1
0,0,1
0,1,1
0,1,1
0,1,1
0,0,1
0,1,1
0,1,1
0,1,1
0,1,1
0,1,1
0,1,1
0,1,1
0,1,1
0,1,1
0,1,1
0,0,0
0,1,1
0,1,1
0,0,0
0,0,1
0,1,1
0,0,0
0,1,1
0,1,1
0,1,1
0,0,1
0,0.7192191,1
0,0,1
0,0,0
0,1,1
0,1,1
0,1,1
0,1,1
0,0,1
0,0,1
0,0,1
0,1,1
0,0,1
0,1,1
0,1,1
0,1,1
0,0,0
0,0,0
0,1,1
0,0.9995669,1
0,1,1
0,0,1
0,1,1
0,0,1
0,0,0
0,0,0
0,1,1
0,1,1
0,0,0
0,0,1
0,1,1
0,0,0
0,0,1
0,1,1
0,0.8797735,1
0,0,1
0,1,1
0,1,1
0,1,1
0,0,1
0,1,1
0,1,1
0,0.8576698,1
0,0,0
0,0,1
0,0.8623394,1
0,0,0
0,0,0
0,0,0
0,1,1
0,0,0
0,1,1
0,0,0
0,0,0
0,1,1
0,0,0
0,0,1
0,1,1
0,0,0
0,1,1
0,0,0
0,0,0
0,1,1
0,1,1
0,1,1
0,0,0
0,1,1
0,0,1
0,1,1
0,0,0
0,1,1
0,0.8600512,1
0,1,1
0,1,1
0,0,0
0,1,1
0,1,1
0,1,1
0,1,1
0,1,1
0,0,0
0,0,0
0,0,1
0,1,1
0,1,1
0,1,1
0,0,0
0,0,0
0,1,1
0,0,1
0,1,1
0,1,1
0,1,1
0,0.8733989,1
0,1,1
0,1,1
0,0,1
0,0,0
0,0,0
0,1,1
0,0,0
0,1,1
0,1,1
0,1,1
0,1,1
0,0,0
0,0,0
0,1,1
0,1,1
0,1,1
0,0,0
0,0,1
0,1,1
0,1,1
0,1,1
0,0,1
0,0,0
0,0,1
0,1,1
0,0,0
0,0,1
0,0,0
0,0,1
0,1,1
0,0,1
0,0,1
0,1,1
0,1,1
0,1,1
0,1,1
0,0,1
0,0,1
0,0,1
0,0,0
0,1,1
0,1,1
0,1,1
0,0,1
0,1,1
0,1,1
0,1,1
0,1,1
0,1,1
0,0,1
0,0,0
0,0,1
0,0,0
0,1,1
0,1,1
0,0,0
0,0.8681663,1
0,1,1
0,1,1
0,1,1
0,0,0
0,1,1
0,0,1
0,1,1
0,0,0
0,1,1
0,0,0
0,1,1
0,0,0
0,0,0
0,1,1
0,1,1
0,0,0
0,0,1
0,0,1
0,0,1
0,0,0
0,1,1
0,1,1
0,1,1
0,0.8528543,1
0,0,0
0,1,1
0,0,0
0,0,0
0,0,1
0,1,1
0,0,0
0,1,1
0,1,1
0,0,0
0,0.8791921,1
0,0,1
0,1,1
0,0,0
0,0,0
0,0,1
0,0,1
0,1,1
0,0.8631853,1
0,0,1
0,1,1
0,0,0
0,0,1
0,1,1
0,0,1
0,0,1
0,1,1
0,1,1
0,0,0
0,1,1
0,1,1
0,0,0
0,1,1
0,0,1
0,1,1
0,0,1
0,0,0
0,1,1
0,0,0
0,0,0
0,0,0
0,0,0
0,0,1
0,0,0
0,1,1
0,1,1
0,0,1
0,1,1
0,1,1
0,1,1
0,0,0
0,0,0
0,1,1
0,0,0
0,1,1
0,0,0
0,1,1
0,1,1
0,1,1
0,1,1
0,1,1
0,1,1
0,1,1
0,0.8607196,1
0,0.7893004,1
0,0,0
0,0,0
0,1,1
0,0,0
0,1,1
0,1,1
0,1,1
0,0,1
0,0,0
0,1,1
0,1,1
0,0,0
0,1,1
0,0,0
0,0,0
0,1,1
0,0,0
0,0,1
0,1,1
0,0,1
0,0,1
0,0,0
0,0,1
0,0,0
0,0,1
0,0,0
0,1,1
0,1,1
0,0,1
0,1,1
0,1,1
0,1,1
0,0,0
0,0,0
0,1,1
0,1,1
0,1,1
0,1,1
0,1,1
0,0,0
0,1,1
0,0,0
0,0,1
0,1,1
0,0,1
0,1,1
0,1,1
0,0,1
0,0,1
0,1,1
0,1,1
0,1,1
0,0,1
0,1,1
0,0,0
0,1,1
0,1,1
0,1,1
0,0,0
0,1,1
0,1,1
0,0.8801057,1
0,0,0
0,1,1
0,0,1
0,0,1
0,0.7784964,1
0,1,1
0,0,0
0,1,1
0,0,0
0,0,0
0,0,1
0,1,1
0,0,1
0,1,1
0,1,1
0,0.7004402,1
0,0,1
0,1,1
0,0,0
0,0,0
0,1,1
0,0,1
0,0,0
0,1,1
0,1,1
0,1,1
0,0,1
0,0,1
0,0.8571831,1
0,1,1
0,0,1
0,1,1
0,0,1
0,1,1
0,0,1
0,1,1
0,1,1
0,1,1
0,1,1
0,1,1
0,0,1
0,0,0
0,0,1
0,1,1
0,1,1
0,0,0
0,1,1
0,1,1
0,1,1
0,1,1
0,1,1
0,1,1
0,1,1
0,1,1
0,0,0
0,0,1
0,0,0
0,1,1
0,0,1
0,0,1
0,0.8762697,1
0,0,0
0,1,1
0,0.8750731,1
0,1,1
0,0,1
0,0,1
0,1,1
0,0,0
0,0,1
0,0,1
0,0,0
0,0,1
0,1,1
0,0,1
0,1,1
0,1,1
0,0,0
0,1,1
0,1,1
0,1,1
0,1,1
0,1,1
0,0,1
0,1,1
0,1,1
0,1,1
0,0,1
0,0,1
0,0,0
0,0,1
0,1,1
0,0,0
0,0,1
0,1,1
0,1,1
0,1,1
0,1,1
0,0,0
0,0.8629369,1
0,0,0
0,1,1
0,1,1
0,1,1
0,0,1
0,1,1
0,0,0
0,0,0
0,0,1
0,1,1
0,1,1
0,1,1
0,1,1
0,1,1
0,1,1
0,1,1
0,0,0
0,0,0
0,1,1
0,0,1
0,1,1
0,0,1
0,0.8680418,1
0,0,0
0,1,1
0,0,1
0,0,1
0,1,1
0,1,1
0,0,0
0,1,1
0,1,1
0,1,1
0,0,1
0,0,0
0,1,1
0,1,1
0,0.8605257,1
0,1,1
0,1,1
0,0.8554481,1
0,1,1
0,1,1
0,0,0
0,0,1
0,0,0
0,0,1
0,0,1
0,0,1
0,1,1
0,0,1
0,1,1
0,1,1
0,0,0
0,0,0
0,0,1
0,0,0
0,0,0
0,0,1
0,1,1
0,1,1
0,1,1
0,0,0
0,0,1
0,0,1
0,0,1
0,1,1
0,1,1
0,1,1
0,0,0
0,0,0
0,1,1
0,0,0
0,0,0
0,0,0
0,1,1
0,1,1
0,1,1
0,0.7878397,1
0,1,1
0,0,0
0,1,1
0,1,1
0,1,1
0,0,0
0,0,0
0,0,1
0,0,0
0,1,1
0,0,1
0,0,0
0,1,1
0,0.7295611,1
0,0,0
0,1,1
0,0,1
0,0,0
0,0,1
0,1,1
0,0,1
0,0.8476967,1
0,0,0
0,0,0
0,0,0
0,0,1
0,0,0
0,1,1
0,0,0
0,1,1
0,0,0
0,0,0
0,1,1
0,1,1
0,0.7227441,1
0,1,1
0,0,1
0,0,0
0,0,1
0,1,1
0,0,1
0,1,1
0,0,1
0,0,0
0,1,1
0,0,0
0,1,1
0,0,0
0,1,1
0,0.8623637,1
0,0,0
0,1,1
0,1,1
0,1,1
0,1,1
0,0,1
0,0,0
0,1,1
0,1,1
0,1,1
0,1,1
0,1,1
0,0.7016605,1
0,0,1
0,1,1
0,1,1
0,0,1
0,1,1
0,0,1
0,1,1
0,0,1
0,1,1
0,1,1
0,0.9131351,1
0,0,0
0,1,1
0,1,1
0,1,1
0,1,1
0,1,1
0,1,1
0,1,1
0,1,1
0,1,1
0,1,1
0,0,1
0,0.7405938,1
0,1,1
0,1,1
0,0,1
0,1,1
0,0,0
0,0.8610499,1
0,1,1
0,1,1
0,1,1
0,0,1
0,1,1
0,1,1
0,1,1
0,0,1
0,0,1
0,0,0
0,0,0
0,1,1
0,1,1
0,1,1
0,1,1
0,0,0
0,1,1
0,1,1
0,1,1
0,0,1
0,0,0
0,0.9930794,1
0,1,1
0,0,1
0,0,0
0,1,1
0,1,1
0,0,1
0,1,1
0,1,1
0,0,0
0,0,0
0,0,1
0,0,0
0,1,1
0,0,0
0,1,1
0,0,0
0,0,0
0,1,1
0,1,1
0,1,1
0,0,0
0,1,1
0,1,1
0,0,1
0,1,1
0,0,1
0,0,0
0,0,0
0,0,0
0,1,1
0,1,1
0,0,0
0,0,0
0,0,1
0,0,0
0,0,0
0,0,1
0,1,1
0,1,1
0,0,0
0,1,1
0,0,1
0,1,1
0,0,0
0,1,1
0,0.7766923,1
0,1,1
0,1,1
0,0,0
0,0,0
0,0,0
0,0,0
0,1,1
0,1,1
0,1,1
0,0,1
0,1,1
0,0,0
0,0,0
0,0,0
0,0,1
0,0,0
0,0,0
0,0,0
0,0,1
0,0,0
0,1,1
0,1,1
0,0,0
0,1,1
0,0,0
0,0,0
0,0.8503307,1
0,0,0
0,1,1
0,1,1
0,0.8724244,1
0,0,0
0,0,1
0,0,1
0,0,0
0,1,1
0,0,0
0,0,0
0,1,1
0,0,1
0,1,1
0,1,1
0,1,1
0,0,0
0,1,1
0,1,1
0,1,1
0,0,0
0,0.8595392,1
0,1,1
0,1,1
0,0,0
0,1,1
0,0,1
0,0,1
0,1,1
0,0,1
0,1,1
0,1,1
0,0,0
0,0,1
0,1,1
0,0,1
0,1,1
0,1,1
0,0,0
0,0,0
0,0,1
0,0,1
0,0,0
0,1,1
0,1,1
0,0,0
0,1,1
0,1,1
0,1,1
0,1,1
0,0,0
0,1,1
0,1,1
0,1,1
0,1,1
0,1,1
0,0.8625562,1
0,1,1
0,1,1
0,1,1
0,0,1
0,1,1
0,1,1
0,1,1
0,1,1
0,1,1
0,0,1
0,0,0
0,0,0
0,1,1
0,1,1
0,1,1
0,1,1
0,0,0
0,0,0
0,0,0
0,0,0
0,0,1
0,1,1
0,0,0
0,0,1
0,1,1
0,0,0
0,0,0
0,1,1
0,1,1
0,1,1
0,0,1
0,1,1
0,1,1
0,1,1
0,0,0
0,0,0
0,0,0
0,1,1
0,0,0
0,1,1
0,1,1
0,0,1
0,0,0
0,1,1
0,0,1
0,0,0
0,1,1
0,0.8512535,1
0,0,1
0,0,0
0,1,1
0,1,1
0,0,0
0,1,1
0,1,1
0,0,0
0,0,1
0,1,1
0,0,1
0,0,0
0,1,1
0,1,1
0,1,1
0,0,1
0,0.8685491,1
0,0,0
0,0,1
0,0,1
0,0,1
0,0,1
0,0,0
0,1,1
0,1,1
0,0,0
0,0,0
0,0.8569938,1
0,1,1
0,0,1
0,0,0
0,1,1
0,1,1
0,0,0
0,1,1
0,0,0
0,1,1
0,0,0
0,0,0
0,0,1
0,1,1
0,1,1
0,0.8644216,1
0,0,1
0,0,0
0,0,0
0,0,1
0,1,1
0,0,1
0,1,1
0,1,1
0,0,0
0,1,1
0,0,0
0,1,1
0,0,1
0,0,0
0,0,1
0,1,1
0,0,1
0,1,1
0,1,1
0,1,1
0,0,0
0,0,1
0,1,1
0,0,0
0,1,1
0,1,1
0,0,1
0,1,1
0,1,1
0,1,1
0,1,1
0,1,1
0,0,1
0,1,1
0,1,1
0,1,1
0,1,1
0,0,0
0,0,0
0,1,1
0,1,1
0,0,1
0,0,1
0,1,1
0,1,1
0,1,1
0,1,1
0,0,1
0,1,1
0,1,1
0,1,1
0,0,1
0,1,1
0,1,1
0,0,1
0,1,1
0,0,1
0,1,1
0,1,1
0,1,1
0,0.8774124,1
0,0,0
0,0,1
0,1,1
0,1,1
0,0,1
0,0,1
0,0.8641318,1
0,0,0
0,1,1
0,1,1
0,1,1
0,1,1
0,1,1
0,1,1
0,1,1
0,0,1
0,0,0
0,0,1
0,0,1
0,0,0
0,0,1
0,1,1
0,1,1
0,1,1
0,0,1
0,1,1
0,1,1
0,0,1
0,0.8594178,1
0,1,1
0,0,0
0,0,1
0,0,0
0,1,1
0,0,1
0,0,1
0,1,1
0,0,0
0,0,0
0,0,1
0,1,1
0,1,1
0,1,1
0,0,0
0,0,0
0,0,1
0,1,1
0,0,0
0,0,0
0,0,0
0,1,1
0,1,1
0,0,0
0,1,1
0,1,1
0,0,0
0,1,1
0,1,1
0,1,1
0,0,0
0,0,0
0,0,0
0,1,1
0,1,1
0,0,0
0,0.8773955,1
0,0,1
0,0,1
0,1,1
0,1,1
0,0,0
0,0,1
0,0,0
0,0,0
0,1,1
0,0,0
0,1,1
0,1,1
0,0,1
0,0,1
0,0,0
0,0,1
0,1,1
0,0,0
0,0,0
0,0,0
0,0,1
0,1,1
0,0,0
0,1,1
0,0,1
0,1,1
0,1,1
0,0,1
0,0.8635286,1
0,0,1
0,0,0
0,0,1
0,0,0
0,1,1
0,1,1
0,1,1
0,1,1
0,1,1
0,1,1
0,1,1
0,1,1
0,0,0
0,1,1
0,1,1
0,1,1
0,0,1
0,0,1
0,1,1
0,1,1
0,1,1
0,1,1
0,0,0
0,1,1
0,1,1
0,1,1
0,0,1
0,1,1
0,0.8591374,1
0,1,1
0,0,0
0,1,1
0,0,1
0,0,0
0,1,1
0,0,0
0,0,0
0,0,1
0,1,1
0,1,1
0,1,1
0,0.8715152,1
0,0,1
0,0,1
0,0.8703486,1
0,0,0
0,1,1
0,1,1
0,0,1
0,0,1
0,1,1
0,0,1
0,0,0
0,1,1
0,1,1
0,1,1
0,1,1
0,1,1
0,1,1
0,0,1
0,1,1
0,1,1
0,1,1
0,1,1
0,0,1
0,0,0
0,1,1
0,1,1
0,0,0
0,0,0
0,1,1
0,1,1
0,0,0
0,1,1
0,0,1
0,1,1
0,1,1
0,1,1
0,1,1
0,1,1
0,0,0
0,0,0
0,1,1
0,0,1
0,0,1
0,1,1
0,1,1
0,1,1
0,1,1
0,1,1
0,0,0
0,1,1
0,1,1
0,0,0
0,0,0
0,1,1
0,1,1
0,0,1
0,0,1
0,0,0
0,0,0
0,0,0
0,0,0
0,0,0
0,0,1
0,0,1
0,0,1
0,1,1
0,0,1
0,0,0
0,0,0
0,1,1
0,0,1
0,0,0
0,1,1
0,0,0
0,0,0
0,0,1
0,0,0
0,1,1
0,0,0
0,0,0
0,0,0
0,0,1
0,1,1
0,1,1
0,0,0
0,0,0
0,0,0
0,0,0
0,0,0
0,1,1
0,0,1
0,0,1
0,1,1
0,0,1
0,1,1
0,0,0
0,0,0
0,0,1
0,1,1
0,0,0
0,0.8726978,1
0,1,1
0,0,1
0,0,0
0,0,1
0,0,0
0,0,1
0,1,1
0,0.8653296,1
0,1,1
0,1,1
0,1,1
0,1,1
0,0.7709714,1
0,0,0
0,0,1
0,0,1
0,1,1
0,1,1
0,0,0
0,0,1
0,1,1
0,1,1
0,0.8546865,1
0,0,1
0,1,1
0,0,0
0,1,1
0,1,1
0,0.8623861,1
0,1,1
0,0,1
0,0,0
0,1,1
0,0,0
0,1,1
0,0,1
0,1,1
0,0,1
0,0,1
0,1,1
0,1,1
0,1,1
0,1,1
0,1,1
0,0,1
0,1,1
0,1,1
0,0,0
0,0,1
0,0,0
0,0,0
0,1,1
0,0,0
0,0,0
0,1,1
0,1,1
0,1,1
0,1,1
0,0,1
0,0.8633572,1
0,0,1
0,1,1
0,1,1
0,1,1
0,1,1
0,0,1
0,1,1
0,0,0
0,0,1
0,0,0
0,0,0
0,1,1
0,0,0
0,1,1
0,0,0
0,1,1
0,1,1
0,1,1
0,0,1
0,0,1
0,1,1
0,0,0
0,1,1
0,1,1
0,1,1
0,0,1
0,1,1
0,0,0
0,1,1
0,1,1
0,1,1
0,0,0
0,0,0
0,1,1
0,1,1
0,0,0
0,1,1
0,1,1
0,1,1
0,1,1
0,0,0
0,1,1
0,1,1
0,0,0
0,1,1
0,0,0
0,1,1
0,0,1
0,1,1
0,0.7914187,1
0,1,1
0,1,1
0,1,1
0,0,1
0,0,0
0,1,1
0,1,1
0,0,0
0,0,1
0,0,0
0,0,0
0,1,1
0,1,1
0,1,1
0,0,1
0,1,1
0,0,0
0,1,1
0,1,1
0,0,0
0,0,0
0,0,0
0,0,1
0,1,1
0,1,1
0,0,0
0,0.773729,1
0,1,1
0,1,1
0,1,1
0,0,1
0,0,0
0,1,1
0,0,0
0,0,1
0,1,1
0,0,1
0,0,1
0,0,0
0,0,1
0,0,0
0,0.8838235,1
0,1,1
0,0,1
0,1,1
0,0,1
0,1,1
0,1,1
0,1,1
0,0.8633589,1
0,1,1
0,0,0
0,0,0
0,0,0
0,0,0
0,1,1
0,0,1
0,0,1
0,0,1
0,1,1
0,0,0
0,0,0
0,1,1
0,1,1
0,1,1
0,0,0
0,1,1
0,1,1
0,0,0
0,1,1
0,1,1
0,0,1
0,1,1
0,1,1
0,1,1
0,1,1
0,0,1
0,1,1
0,1,1
0,0,0
0,1,1
0,1,1
0,0,0
0,0,1
0,1,1
0,1,1
0,1,1
0,1,1
0,0,0
0,1,1
0,1,1
0,1,1
0,1,1
0,0,0
0,0,1
0,0,1
0,1,1
0,1,1
0,1,1
0,1,1
0,1,1
0,0.8567675,1
0,1,1
0,0,1
0,0,0
0,1,1
0,1,1
0,1,1
0,0,1
0,0,0
0,0,0
0,0,0
0,1,1
0,0,0
0,0,0
0,1,1
0,1,1
0,0,0
0,1,1
0,0,1
0,1,1
0,1,1
0,1,1
0,0,0
0,1,1
0,0,0
0,1,1
0,0,0
0,1,1
0,0,0
0,0,0
0,0,1
0,1,1
0,1,1
0,1,1
0,1,1
0,1,1
0,0,1
0,0,1
0,0,0
0,0,1
0,1,1
0,1,1
0,0,1
0,0,0
0,0,1
0,0,1
0,1,1
0,0,1
0,0,1
0,1,1
0,1,1
0,0,1
0,1,1
0,0,1
0,1,1
0,1,1
0,0,1
0,0,0
0,1,1
0,0,0
0,1,1
0,0.7891301,1
0,0,0
0,0,0
0,0,1
0,0,1
0,0,1
0,0,0
0,1,1
0,0,0
0,1,1
0,1,1
0,1,1
0,0,0
0,1,1
0,0,0
0,1,1
0,1,1
0,0,0
0,1,1
0,1,1
0,0,1
0,0.8598351,1
0,0.752483,1
0,0.7938837,1
0,0,0
0,0,1
0,1,1
0,0,1
0,1,1
0,0,1
0,1,1
0,1,1
0,0,1
0,1,1
0,1,1
0,1,1
0,1,1
0,1,1
0,0,1
0,0.8682646,1
0,1,1
0,1,1
0,0,1
0,1,1
0,1,1
0,1,1
0,0,1
0,0,0
0,1,1
0,0,1
0,1,1
0,1,1
0,0,1
0,0,0
0,0,0
0,0,1
0,0,0
0,1,1
0,1,1
0,1,1
0,1,1
0,0,1
0,0,1
0,1,1
0,1,1
0,1,1
0,0,1
0,0,0
0,1,1
0,1,1
0,1,1
0,0,1
0,1,1
0,1,1
0,1,1
0,1,1
0,1,1
0,1,1
0,1,1
0,0,0
0,1,1
0,0,0
0,1,1
0,0,1
0,0,0
0,0,1
0,1,1
0,1,1
0,0,1
0,1,1
0,1,1
0,1,1
0,0,1
0,0,0
0,0.867329,1
0,1,1
0,1,1
0,0,1
0,1,1
0,1,1
0,1,1
0,0,0
0,1,1
0,0,1
0,0,0
0,1,1
0,0,1
0,0,0
0,0,0
0,0,0
0,1,1
0,1,1
0,0,1
0,1,1
0,1,1
0,1,1
0,1,1
0,0,0
0,1,1
0,1,1
0,0,0
0,0,0
0,1,1
0,1,1
0,0,0
0,1,1
0,0,0
0,1,1
0,0.8634,1
0,0,1
0,0,0
0,1,1
0,1,1
0,0,0
0,0,1
0,0,0
0,0,1
0,0,1
0,0,0
0,0,0
0,1,1
0,0,0
0,1,1
0,1,1
0,0,1
0,1,1
0,0,0
0,0,0
0,0,0
0,0,0
0,1,1
0,1,1
0,0,0
0,0,0
0,1,1
0,0.86333,1
0,1,1
0,1,1
0,1,1
0,0,0
0,1,1
0,0,1
0,0,0
0,0,1
0,1,1
0,0,1
0,1,1
0,0,0
0,0,1
0,0,1
0,1,1
0,1,1
0,1,1
0,1,1
0,1,1
0,0,0
0,0,0
0,0,0
0,0,0
0,1,1
0,0,1
0,0,0
0,1,1
0,0,0
0,1,1
0,1,1
0,1,1
0,0,1
0,0,1
0,0,1
0,1,1
0,0,0
0,0,1
0,0,1
0,0.8669769,1
0,1,1
0,0,1
0,1,1
0,0,0
0,0.8624247,1
0,0,0
0,0,0
0,0,0
0,1,1
0,1,1
0,0,1
0,0,0
0,1,1
0,1,1
0,1,1
0,0,1
0,1,1
0,1,1
0,1,1
0,1,1
0,0,1
0,0.8743774,1
0,1,1
0,1,1
0,0,1
0,1,1
0,0,0
0,1,1
0,1,1
0,0,1
0,0,1
0,1,1
0,0,1
0,1,1
0,1,1
0,0,1
0,1,1
0,0,0
0,0.8664056,1
0,1,1
0,0.7410442,1
0,0,1
0,1,1
0,1,1
0,1,1
0,0,1
0,1,1
0,1,1
0,0,0
0,1,1
0,0,1
0,0,1
0,1,1
0,1,1
0,0,1
0,0,0
0,0,0
0,0,0
0,0,1
0,0,0
0,1,1
0,1,1
0,1,1
0,1,1
0,0,0
0,0,0
0,0,1
0,0,1
0,0,1
0,0.8601556,1
0,0,0
0,0,0
0,0,0
0,0,0
0,1,1
0,1,1
0,1,1
0,1,1
0,1,1
0,0,0
0,0,0
0,1,1
0,1,1
0,0,1
0,1,1
0,1,1
0,0,0
0,1,1
0,0,1
0,1,1
0,1,1
0,1,1
0,1,1
0,1,1
0,1,1
0,0,0
0,1,1
0,1,1
0,1,1
0,0,0
0,1,1
0,0,1
0,0,0
0,0,0
0,1,1
0,0,0
0,0,0
0,0,0
0,0,0
0,1,1
0,0,0
0,0,1
0,1,1
0,0,0
0,0,0
0,0,0
0,0,1
0,1,1
0,1,1
0,0,1
0,0,0
0,1,1
0,1,1
0,1,1
0,0,0
0,1,1
0,0,0
0,0,0
0,1,1
0,0,0
0,0,1
0,0,1
0,0.8651613,1
0,0,1
0,0,1
0,1,1
0,0,1
0,0,0
0,0,1
0,1,1
0,0,0
0,0,1
0,1,1
0,0,1
0,0,0
0,0,1
0,0,0
0,1,1
0,0,0
0,1,1
0,0,0
0,0,1
0,1,1
0,0,0
0,1,1
0,1,1
0,1,1
0,1,1
0,1,1
0,1,1
0,1,1
0,1,1
0,1,1
0,1,1
0,0,0
0,1,1
0,1,1
0,0,1
0,1,1
0,0,1
0,0,1
0,1,1
0,1,1
0,1,1
0,0.7443665,1
0,0,1
0,1,1
0,0,0
0,1,1
0,1,1
0,1,1
0,1,1
0,0,1
0,1,1
0,1,1
0,0,1
0,1,1
0,1,1
0,1,1
0,1,1
0,0,0
0,0,0
0,1,1
0,1,1
0,1,1
0,0,1
0,0,1
0,0,1
0,1,1
0,0,1
0,1,1
0,0.8627714,1
0,1,1
0,1,1
0,0,0
0,0,0
0,1,1
0,0,1
0,1,1
0,1,1
0,1,1
0,0,0
0,0,0
0,1,1
0,1,1
0,1,1
0,0,0
0,0,0
0,1,1
0,1,1
0,0.89157,1
0,1,1
0,0,0
0,1,1
0,0,0
0,0,1
0,0,0
0,1,1
0,1,1
0,1,1
0,1,1
0,1,1
0,1,1
0,0,1
0,1,1
0,1,1
0,0,0
0,0,1
0,1,1
0,0,0
0,0,0
0,0,1
0,0,0
0,0,1
0,1,1
0,1,1
0,0,0
0,0,0
0,1,1
0,0,0
0,0,0
0,1,1
0,0,0
0,0,0
0,0,1
0,1,1
0,0,1
0,0,0
0,0,0
0,0,0
0,0,0
0,0,0
0,0,0
0,0,1
0,0,1
0,0,0
0,0,0
0,0,0
0,0,1
0,0,1
0,0,1
0,0,1
0,1,1
0,0,0
0,1,1
0,0,0
0,1,1
0,0,0
0,0,1
0,1,1
0,1,1
0,0,0
0,0,1
0,1,1
0,1,1
0,0,0
0,1,1
0,0,0
0,1,1
0,1,1
0,1,1
0,0,0
0,0,1
0,1,1
0,1,1
0,1,1
0,1,1
0,1,1
0,1,1
0,1,1
0,0,0
0,1,1
0,1,1
0,1,1
0,1,1
0,0,1
0,1,1
0,0,1
0,1,1
0,0,1
0,0,1
0,0,0
0,1,1
0,1,1
0,1,1
0,0,1
0,1,1
0,0,1
0,0,0
0,0,1
0,0.8746015,1
0,0,0
0,0,0
0,0,1
0,0,1
0,0,1
0,0,1
0,1,1
0,1,1
0,1,1
0,1,1
0,1,1
0,0,0
0,1,1
0,1,1
0,1,1
0,0,0
0,0.8629687,1
0,1,1
0,0.7602717,1
0,1,1
0,1,1
0,0,1
0,1,1
0,0,0
0,0,1
0,0,1
0,0,0
0,0,1
0,1,1
0,1,1
0,1,1
0,1,1
0,0,1
0,1,1
0,1,1
0,0,1
0,0,1
0,1,1
0,0,0
0,0,1
0,1,1
0,0,1
0,0,1
0,1,1
0,1,1
0,1,1
0,0,0
0,0,1
0,1,1
0,1,1
0,0,1
0,1,1
0,1,1
0,0,0
0,0,0
0,1,1
0,0,1
0,1,1
0,0,0
0,1,1
0,0,1
0,0,0
0,1,1
0,1,1
0,0.8629628,1
0,1,1
0,1,1
0,1,1
0,0,1
0,1,1
0,0,0
0,0,0
0,0.8067623,1
0,0,1
0,1,1
0,0,1
0,1,1
0,0,0
0,0,0
0,0.8589944,1
0,0,0
0,1,1
0,1,1
0,0,0
0,0,0
0,0,0
0,0,1
0,1,1
0,1,1
0,0,0
0,0,0
0,0,0
0,1,1
0,1,1
0,0,1
0,0,0
0,0,0
0,0,0
0,0,1
0,0,0
0,0,1
0,0,0
0,1,1
0,1,1
0,0,1
0,0,0
0,1,1
0,1,1
0,1,1
0,0,0
0,0,0
0,0,0
0,1,1
0,0.7206763,1
0,0,0
0,0,1
0,0,1
0,0,1
0,1,1
0,0,0
0,0,1
0,0,0
0,1,1
0,0.8666576,1
0,1,1
0,0,1
0,0,0
0,1,1
0,0,1
0,1,1
0,0,0
0,1,1
0,0,1
0,0,0
0,0,1
0,0,1
0,1,1
0,1,1
0,0,0
0,0,1
0,1,1
0,1,1
0,0,1
0,1,1
0,0,0
0,0,1
0,0,0
0,1,1
0,0,1
0,1,1
0,0,1
0,1,1
0,1,1
0,1,1
0,1,1
0,1,1
0,0.8690103,1
0,0.8566738,1
0,0,1
0,0,0
0,1,1
0,1,1
0,1,1
0,1,1
0,1,1
0,1,1
0,0,0
0,1,1
0,1,1
0,1,1
0,1,1
0,0,0
0,1,1
0,0,1
0,0,0
0,0,1
0,0,1
0,0,1
0,1,1
0,1,1
0,0,0
0,1,1
0,0,1
0,1,1
0,1,1
0,0,1
0,1,1
0,0,1
0,0,0
0,1,1
0,1,1
0,0,0
0,0,0
0,1,1
0,1,1
0,0.8596116,1
0,0,0
0,1,1
0,1,1
0,1,1
0,1,1
0,1,1
0,1,1
0,0,0
0,1,1
0,0,0
0,0,0
0,1,1
0,1,1
0,0,1
0,0,0
0,0.8556155,1
0,0,1
0,1,1
0,0,1
0,1,1
0,1,1
0,1,1
0,1,1
0,0,1
0,1,1
0,0,0
0,1,1
0,1,1
0,0,0
0,0,0
0,1,1
0,0,0
0,1,1
0,0,1
0,0,0
0,1,1
0,0,1
0,0,1
0,1,1
0,0,0
0,0,0
0,1,1
0,0,0
0,1,1
0,1,1
0,0,1
0,1,1
0,0,0
0,1,1
0,0,0
0,0,0
0,0,0
0,0,0
0,1,1
0,0,0
0,0,0
0,0,0
0,0,0
0,0,0
0,1,1
0,1,1
0,0,0
0,0,0
0,1,1
0,1,1
0,0,0
0,0,1
0,1,1
0,0,0
0,0,1
0,1,1
0,0,0
0,1,1
0,0,0
0,1,1
0,0,1
0,0,0
0,1,1
0,0,1
0,0,1
0,0,1
0,0,0
0,0,0
0,0,1
0,1,1
0,1,1
0,0.8676393,1
0,1,1
0,0,0
0,1,1
0,1,1
0,1,1
0,0.8583424,1
0,1,1
0,1,1
0,1,1
0,0,0
0,1,1
0,1,1
0,0,1
0,0,0
0,1,1
0,0,0
0,1,1
0,0.8640254,1
0,0.8691915,1
0,1,1
0,0,1
0,1,1
0,1,1
0,0,1
0,0,0
0,1,1
0,0.8642557,1
0,0,1
0,0,0
0,1,1
0,1,1
0,1,1
0,0,0
0,0,1
0,1,1
0,0,0
0,1,1
0,0,0
0,0,0
0,0,0
0,0,0
0,1,1
0,0,0
0,0,1
0,0,1
0,1,1
0,1,1
0,0,0
0,0,1
0,0,0
0,1,1
0,0,0
0,1,1
0,0,0
0,0,0
0,0,0
0,1,1
0,0,1
0,1,1
0,0,0
0,1,1
0,1,1
0,0,1
0,0,1
0,1,1
0,0,1
0,0,1
0,1,1
0,0,0
0,0,0
0,0,0
0,0,0
0,1,1
0,1,1
0,0,1
0,0,0
0,1,1
0,1,1
0,1,1
0,1,1
0,0.8591031,1
0,0,0
0,0,0
0,1,1
0,0,0
0,0,1
0,0,1
0,1,1
0,1,1
0,0,1
0,0,0
0,1,1
0,1,1
0,0,0
0,0,0
0,0,0
0,1,1
0,0,0
0,0,1
0,0,0
0,1,1
0,0,0
0,1,1
0,0,0
0,0,0
0,1,1
0,1,1
0,0,0
0,1,1
0,0,0
0,0,1
0,0,1
0,0,1
0,0,1
0,1,1
0,0,0
0,0,1
0,0,0
0,0,1
0,0,0
0,0,1
0,0,0
0,0,0
0,0,0
0,0,1
0,1,1
0,1,1
0,1,1
0,1,1
0,1,1
0,1,1
0,0,0
0,1,1
0,0,1
0,0,1
0,0.8306149,1
0,0,1
0,0,1
0,0,0
0,0,0
0,1,1
0,1,1
0,1,1
0,0,1
0,0,1
0,0,0
0,1,1
0,0,1
0,1,1
0,0,1
0,1,1
0,0.7838426,1
0,0,0
0,1,1
0,1,1
0,0,1
0,0,1
0,1,1
0,0,1
0,1,1
0,1,1
0,1,1
0,0,1
0,1,1
0,0,0
0,1,1
0,0.8558918,1
0,1,1
0,0,1
0,0,1
0,1,1
0,0,0
0,1,1
0,0,0
0,0,1
0,0,1
0,1,1
0,0,1
0,1,1
0,0,0
0,0,0
0,1,1
0,0,1
0,1,1
0,0,0
0,0,0
0,0,1
0,1,1
0,1,1
0,0,0
0,0,1
0,0,0
0,0,0
0,1,1
0,1,1
0,1,1
0,0,1
0,1,1
0,0,1
0,0,1
0,0,0
0,0,1
0,1,1
0,1,1
0,1,1
0,1,1
0,0,0
0,0,0
0,1,1
0,0,1
0,0,0
0,1,1
0,0,1
0,0,1
0,0,0
0,0,1
0,0,1
0,1,1
0,1,1
0,1,1
0,0,1
0,0,0
0,0,0
0,0,0
0,1,1
0,1,1
0,1,1
0,1,1
0,0,0
0,1,1
0,0,0
0,0,0
0,1,1
0,0.8557739,1
0,1,1
0,0,0
0,0,1
0,1,1
0,0,0
0,0,1
0,0,1
0,0,0
0,1,1
0,0,1
0,0,0
0,1,1
0,1,1
0,0,0
0,1,1
0,0,0
0,0,0
0,0,0
0,0,0
0,0,0
0,0,0
0,0,0
0,1,1
0,1,1
0,1,1
0,0,1
0,0,0
0,1,1
0,0,0
0,0,1
0,1,1
0,1,1
0,0,1
0,0,0
0,0,0
0,1,1
0,1,1
0,0,0
0,1,1
0,0,0
0,0,0
0,0,1
0,0,1
0,1,1
0,0,0
0,1,1
0,1,1
0,1,1
0,0,1
0,1,1
0,0,0
0,0,0
0,0,1
0,0,1
0,0,0
0,0,0
0,0,1
0,1,1
0,0,0
0,1,1
0,0,1
0,1,1
0,0,1
0,0,0
0,0,1
0,0,0
0,1,1
0,1,1
0,0,1
0,1,1
0,1,1
0,0.8638655,1
0,0,1
0,1,1
0,1,1
0,1,1
0,1,1
0,0,0
0,0,1
0,1,1
0,0,1
0,0,0
0,1,1
0,0,1
0,0,0
0,1,1
0,1,1
0,0,0
0,0,1
0,1,1
0,1,1
0,1,1
0,1,1
0,1,1
0,0,1
0,0.8530893,1
0,0,1
0,0.8650371,1
0,1,1
0,0,0
0,1,1
0,0,0
0,0,1
0,0.8650326,1
0,0,0
0,0,0
0,1,1
0,1,1
0,1,1
0,1,1
0,0,1
0,0,0
0,1,1
0,0,0
0,0,0
0,1,1
0,0,0
0,0,1
0,0.7855114,1
0,0.8685579,1
0,1,1
0,1,1
0,1,1
0,0,1
0,0.8663837,1
0,1,1
0,1,1
0,0,1
0,1,1
0,1,1
0,1,1
0,1,1
0,0,0
0,1,1
0,0,0
0,0,0
0,1,1
0,0,0
0,0,1
0,1,1
0,0,1
0,1,1
0,0,0
0,1,1
0,1,1
0,0,0
0,1,1
0,1,1
0,0,1
0,0,1
0,1,1
0,1,1
0,0,0
0,0,0
0,0,0
0,1,1
0,0,1
0,0,0
0,0,0
0,0,0
0,0,1
0,1,1
0,1,1
0,1,1
0,1,1
0,0,0
0,0,1
0,1,1
0,1,1
0,0,0
0,0,1
0,0,0
0,0,1
0,1,1
0,0,1
0,1,1
0,1,1
0,1,1
0,0,0
0,0,0
0,0,0
0,0,0
0,0,1
0,0,1
0,1,1
0,0,0
0,0,0
0,0,1
0,0,0
0,0,0
0,0,0
0,0,1
0,0,1
0,0,1
0,1,1
0,1,1
0,1,1
0,0,1
0,1,1
0,1,1
0,1,1
0,0,1
0,0,1
0,0,0
0,0,1
0,1,1
0,0,1
0,0,0
0,1,1
0,1,1
0,0,1
0,1,1
0,1,1
0,0,0
0,1,1
0,0,1
0,1,1
0,0,0
0,0,1
0,0,1
0,1,1
0,1,1
0,0,0
0,1,1
0,1,1
0,0,1
0,0,1
0,1,1
0,1,1
0,1,1
0,0,0
0,1,1
0,1,1
0,1,1
0,1,1
0,1,1
0,0.8808106,1
0,1,1
0,0.8640852,1
0,0,0
0,1,1
0,1,1
0,1,1
0,1,1
0,1,1
0,0,0
0,1,1
0,1,1
0,0,0
0,1,1
0,0,0
0,0,1
0,0,1
0,0.8667601,1
0,0,0
0,1,1
0,0,1
0,1,1
0,0,1
0,0,1
0,1,1
0,0,0
0,1,1
0,1,1
0,0,0
0,0,1
0,0,0
0,1,1
0,1,1
0,1,1
0,1,1
0,0,0
0,0,1
0,0,0
0,1,1
0,1,1
0,1,1
0,0,1
0,1,1
0,0,0
0,1,1
0,1,1
0,0,1
0,0,0
0,1,1
0,1,1
0,0,1
0,1,1
0,1,1
0,1,1
0,1,1
0,0,1
0,0,0
0,1,1
0,1,1
0,0.8589953,1
0,0,1
0,0,1
0,0,0
0,1,1
0,1,1
0,1,1
0,0,1
0,1,1
0,0,0
0,1,1
0,1,1
0,1,1
0,1,1
0,1,1
0,0,1
0,1,1
0,0,0
0,1,1
0,0,0
0,0,0
0,0,1
0,0,0
0,0,0
0,1,1
0,0,0
0,0,1
0,0,1
0,1,1
0,0,0
0,0,1
0,1,1
0,0,0
0,1,1
0,0,0
0,0,0
0,0.7136234,1
0,1,1
0,0,1
0,1,1
0,0,1
0,1,1
0,1,1
0,0,0
0,0,0
0,0,0
0,0,1
0,1,1
0,0,1
0,1,1
0,1,1
0,0,1
0,0.8541822,1
0,0,0
0,1,1
0,0,0
0,1,1
0,1,1
0,1,1
0,0,1
0,0,1
0,0,1
0,0.7541678,1
0,0,1
0,1,1
0,0,0
0,0,0
0,1,1
0,0,1
0,1,1
0,1,1
0,1,1
0,1,1
0,1,1
0,1,1
0,0.8793613,1
0,1,1
0,0,0
0,0,1
0,1,1
0,1,1
0,0,0
0,0,1
0,0,0
0,1,1
0,1,1
0,0,1
0,0,0
0,1,1
0,0,1
0,1,1
0,1,1
0,1,1
0,1,1
0,1,1
0,0,0
0,1,1
0,1,1
0,1,1
0,1,1
0,0.8698393,1
0,0,1
0,0,1
0,0,0
0,0.7670463,1
0,0,1
0,0,0
0,0,0
0,1,1
0,1,1
0,1,1
0,0,1
0,0,1
0,0,0
0,0.8253163,1
0,0,0
0,1,1
0,1,1
0,0,0
0,0,0
0,0,1
0,1,1
0,1,1
0,0,0
0,1,1
0,1,1
0,0,1
0,1,1
0,1,1
0,0.8709403,1
0,0,0
0,1,1
0,1,1
0,1,1
0,1,1
0,0,1
0,1,1
0,0,1
0,0,0
0,0,1
0,1,1
0,1,1
0,1,1
0,0,0
0,0,1
0,0,1
0,0,1
0,0,1
0,1,1
0,0,0
0,1,1
0,1,1
0,0,1
0,1,1
0,1,1
0,1,1
0,0,1
0,1,1
0,1,1
0,1,1
0,1,1
0,1,1
0,0,0
0,0,1
0,0,0
0,0.8656439,1
0,0,1
0,0,0
0,1,1
0,0,0
0,0,0
0,0,0
0,1,1
0,1,1
0,0,0
0,1,1
0,1,1
0,0,1
0,1,1
0,1,1
0,1,1
0,1,1
0,0,0
0,1,1
0,0,0
0,0,1
0,0,1
0,0,1
0,0,0
0,1,1
0,1,1
0,1,1
0,1,1
0,1,1
0,1,1
0,0,0
0,0,0
0,1,1
0,0,0
0,0,1
0,0,0
0,0,1
0,1,1
0,0,1
0,0,0
0,0,0
0,1,1
0,1,1
0,0,0
0,1,1
0,0,1
0,0,0
0,0,1
0,0,0
0,1,1
0,0,0
0,1,1
0,0,1
0,0,0
0,0,1
0,1,1
0,0,0
0,1,1
0,0,1
0,1,1
0,0,0
0,0.8496873,1
0,1,1
0,0,0
0,1,1
0,0,0
0,0,0
0,0,0
0,1,1
0,0,1
0,0,0
0,1,1
0,1,1
0,0,1
0,0,1
0,0,0
0,0,0
0,1,1
0,0,0
0,0,0
0,0,1
0,0,1
0,0,1
0,0,1
0,1,1
0,0,1
0,0.9018866,1
0,1,1
0,1,1
0,0,1
0,1,1
0,0.8621929,1
0,0,0
0,0,1
0,1,1
0,1,1
0,1,1
0,1,1
0,0,0
0,1,1
0,0,0
0,0,1
0,1,1
0,0,0
0,1,1
0,0,1
0,1,1
0,0,0
0,1,1
0,1,1
0,1,1
0,1,1
0,1,1
0,0,1
0,0,0
0,0,1
0,0,1
0,1,1
0,1,1
0,1,1
0,0,1
0,0,1
0,0,1
0,1,1
0,1,1
0,0,1
0,1,1
0,0,0
0,1,1
0,0,0
0,1,1
0,0,0
0,1,1
0,1,1
0,1,1
0,1,1
0,1,1
0,1,1
0,0,0
0,1,1
0,1,1
0,0,0
0,1,1
0,1,1
0,0,0
0,1,1
0,1,1
0,0,0
0,1,1
0,1,1
0,0,1
0,0,1
0,1,1
0,0,0
0,1,1
0,0,0
0,0,0
0,0,1
0,1,1
0,0,0
0,1,1
0,1,1
0,0.854113,1
0,1,1
0,1,1
0,1,1
0,1,1
0,1,1
0,1,1
0,0,0
0,0,0
0,0,0
0,0,0
0,0,0
0,0,1
0,1,1
0,0,1
0,0,0
0,0,0
0,0.8551967,1
0,0,1
0,0,1
0,1,1
0,0,0
0,1,1
0,0,0
0,0,0
0,1,1
0,0,0
0,0,1
0,1,1
0,1,1
0,0,0
0,1,1
0,0,1
0,0,1
0,1,1
0,1,1
0,1,1
0,1,1
0,0,1
0,1,1
0,1,1
0,0,1
0,0,0
0,1,1
0,1,1
0,1,1
0,1,1
0,0,1
0,0,1
0,0,1
0,0.865249,1
0,1,1
0,0,1
0,1,1
0,1,1
0,1,1
0,0,0
0,0,0
0,0,0
0,0,0
0,1,1
0,1,1
0,1,1
0,0,0
0,0,1
0,1,1
0,1,1
0,1,1
0,0,0
0,0,0
0,1,1
0,1,1
0,1,1
0,1,1
0,1,1
0,0,0
0,0,1
0,0.8676776,1
0,0,1
0,0.9188911,1
0,0,1
0,1,1
0,0.8582722,1
0,1,1
0,0,1
0,1,1
0,1,1
0,1,1
0,1,1
0,0,1
0,0,0
0,0,0
0,1,1
0,1,1
0,0,1
0,0,1
0,1,1
0,0,1
0,0,1
0,1,1
0,0,0
0,0,0
0,0,1
0,0,1
0,1,1
0,0,0
0,1,1
0,0,1
0,1,1
0,1,1
0,0,1
0,1,1
0,1,1
0,1,1
0,1,1
0,0,0
0,1,1
0,1,1
0,1,1
0,0,1
0,1,1
0,0,1
0,1,1
0,1,1
0,0,0
0,0,0
0,1,1
0,1,1
0,1,1
0,0.7762128,1
0,0,1
0,1,1
0,0,0
0,1,1
0,1,1
0,1,1
0,0,1
0,1,1
0,1,1
0,1,1
0,0,1
0,0,0
0,1,1
0,0,1
0,1,1
0,0.8608927,1
0,0,0
0,1,1
0,0,1
0,1,1
0,0,1
0,0,0
0,1,1
0,0,1
0,0,0
0,0,0
0,0,1
0,0,0
0,0,0
0,0,1
0,0,0
0,1,1
0,1,1
0,0,1
0,1,1
0,1,1
0,1,1
0,1,1
0,0,0
0,1,1
0,0,0
0,0,0
0,1,1
0,0,0
0,1,1
0,1,1
0,1,1
0,0,0
0,1,1
0,1,1
0,0,1
0,1,1
0,1,1
0,0,1
0,1,1
0,1,1
0,0,1
0,0,0
0,0,0
0,0,1
0,1,1
0,1,1
0,0,1
0,1,1
0,0,1
0,0.8719906,1
0,1,1
0,1,1
0,0,0
0,0,1
0,0,0
0,1,1
0,1,1
0,0,1
0,0,1
0,1,1
0,1,1
0,1,1
0,0,1
0,0,1
0,0,0
0,0,1
0,0,1
0,0,1
0,0,1
0,0,0
0,0,1
0,1,1
0,0,1
0,0,0
0,0,0
0,1,1
0,0,1
0,0,1
0,0,1
0,1,1
0,1,1
0,1,1
0,1,1
0,1,1
0,1,1
0,0,1
0,0,1
0,1,1
0,0.8597199,1
0,0,0
0,1,1
0,1,1
0,0,0
0,0,0
0,0,0
0,1,1
0,0,0
0,0,0
0,0,1
0,1,1
0,0,0
0,0,0
0,1,1
0,1,1
0,0,1
0,1,1
0,0,0
0,1,1
0,1,1
0,1,1
0,0,1
0,0,0
0,1,1
0,0,1
0,0,1
0,1,1
0,1,1
0,1,1
0,0,0
0,1,1
0,0,0
0,0,0
0,1,1
0,0,1
0,0,0
0,1,1
0,0,0
0,0,0
0,1,1
0,1,1
0,0,1
0,1,1
0,1,1
0,1,1
0,0,0
0,1,1
0,0.8632771,1
0,1,1
0,0.8687406,1
0,0,1
0,1,1
0,1,1
0,1,1
0,0,1
0,1,1
0,1,1
0,1,1
0,0,0
0,1,1
0,1,1
0,0,0
0,0,0
0,1,1
0,1,1
0,0,0
0,1,1
0,1,1
0,1,1
0,0,0
0,0,0
0,0,0
0,0,0
0,1,1
0,1,1
0,0,0
0,0,1
0,0,0
0,0,0
0,1,1
0,0,0
0,0,0
0,1,1
0,0,0
0,0,0
0,0,0
0,1,1
0,1,1
0,0,1
0,1,1
0,1,1
0,0,0
0,1,1
0,1,1
0,0,1
0,1,1
0,0,0
0,0.8660489,1
0,0,1
0,0,0
0,1,1
0,0,1
0,1,1
0,1,1
0,0,0
0,0.8837579,1
0,1,1
0,1,1
0,1,1
0,0,0
0,0,1
0,1,1
0,0,1
0,1,1
0,0,0
0,1,1
0,0,0
0,1,1
0,1,1
0,0,0
0,0,1
0,0.8605294,1
0,1,1
0,1,1
0,1,1
0,1,1
0,0,0
0,0,0
0,0,0
0,0,0
0,1,1
0,1,1
0,1,1
0,0,1
0,0,0
0,1,1
0,1,1
0,1,1
0,0,1
0,0,0
0,0,1
0,0.7436179,1
0,0,1
0,1,1
0,1,1
0,0,1
0,1,1
0,1,1
0,1,1
0,1,1
0,1,1
0,1,1
0,1,1
0,0,0
0,1,1
0,0,0
0,0,1
0,1,1
0,1,1
0,1,1
0,0,0
0,0,0
0,0,1
0,1,1
0,0,1
0,1,1
0,1,1
0,1,1
0,1,1
0,0.8562988,1
0,1,1
0,0,1
0,1,1
0,1,1
0,0,0
0,1,1
0,1,1
0,1,1
0,1,1
0,1,1
0,1,1
0,1,1
0,0,1
0,1,1
0,1,1
0,0,1
0,0,0
0,0,1
0,1,1
0,0,0
0,1,1
0,0,1
0,0,1
0,1,1
0,1,1
0,1,1
0,1,1
0,0,0
0,0,1
0,1,1
0,1,1
0,0,1
0,1,1
0,1,1
0,0,0
0,0,0
0,1,1
0,0,0
0,0,0
0,0,1
0,0.7486632,1
0,0,0
0,0,0
0,1,1
0,1,1
0,1,1
0,0,1
0,1,1
0,1,1
0,0,0
0,0,0
0,1,1
0,0,0
0,0,1
0,0,0
0,0,1
0,0,0
0,1,1
0,0,1
0,1,1
0,1,1
0,1,1
0,0,1
0,0,0
0,0,0
0,1,1
0,0,0
0,1,1
0,0,0
0,0,1
0,1,1
0,0,0
0,1,1
0,0,0
0,1,1
0,0.8789061,1
0,1,1
0,0,0
0,1,1
0,1,1
0,0,0
0,0,0
0,0,1
0,1,1
0,0,0
0,1,1
0,0,1
0,1,1
0,1,1
0,1,1
0,0,1
0,0,1
0,1,1
0,1,1
0,1,1
0,1,1
0,0,1
0,1,1
0,0,0
0,0,1
0,0,0
0,0,0
0,1,1
0,1,1
0,0.8654742,1
0,1,1
0,1,1
0,0,1
0,1,1
0,0,0
0,1,1
0,1,1
0,0,0
0,0,1
0,0,1
0,1,1
0,0,1
0,0,0
0,1,1
0,1,1
0,0,0
0,0,1
0,0,0
0,1,1
0,0,0
0,0,1
0,0,1
0,1,1
0,0,0
0,0,1
0,0,1
0,1,1
0,1,1
0,0,0
0,1,1
0,1,1
0,0.8633684,1
0,1,1
0,1,1
0,1,1
0,1,1
0,0,0
0,1,1
0,0,1
0,1,1
0,0,0
0,0,1
0,0,1
0,1,1
0,1,1
0,0,0
0,1,1
0,1,1
0,0.8681093,1
0,0,1
0,1,1
0,1,1
0,0,0
0,0,1
0,0,1
0,1,1
0,1,1
0,1,1
0,0,1
0,1,1
0,0,0
0,1,1
0,1,1
0,0,0
0,1,1
0,1,1
0,1,1
0,1,1
0,0,0
0,1,1
0,1,1
0,0,0
0,0,0
0,1,1
0,0,0
0,0,0
0,0,1
0,1,1
0,0,0
0,1,1
0,0,1
0,1,1
0,1,1
0,1,1
0,1,1
0,1,1
0,0,0
0,0,0
0,0,0
0,0.861995,1
0,1,1
0,1,1
0,0,1
0,1,1
0,1,1
0,1,1
0,0,1
0,0,0
0,0,1
0,0,0
0,1,1
0,0,1
0,1,1
0,1,1
0,0,0
0,0,0
0,0,1
0,0,0
0,0.7275542,1
0,1,1
0,0,1
0,0,1
0,0,1
0,1,1
0,1,1
0,0,1
0,0,1
0,1,1
0,1,1
0,1,1
0,1,1
0,0,0
0,0,0
0,0,1
0,0,0
0,0,1
0,0,0
0,1,1
0,0,1
0,1,1
0,0,0
0,1,1
0,1,1
0,1,1
0,0,1
0,1,1
0,0,0
0,0,1
0,1,1
0,0,1
0,1,1
0,0,0
0,1,1
0,1,1
0,1,1
0,0,0
0,0,0
0,1,1
0,1,1
0,1,1
0,0.8179969,1
0,1,1
0,1,1
0,1,1
0,0,0
0,1,1
0,0,0
0,1,1
0,0,1
0,0,0
0,1,1
0,0,0
0,1,1
0,0,0
0,1,1
0,0,1
0,1,1
0,0,1
0,0,0
0,0,1
0,0,0
0,1,1
0,1,1
0,0,0
0,1,1
0,1,1
0,0,0
0,0,0
0,1,1
0,1,1
0,0,0
0,0.8571926,1
0,1,1
0,1,1
0,1,1
0,1,1
0,1,1
0,0,0
0,1,1
0,1,1
0,1,1
0,1,1
0,1,1
0,1,1
0,1,1
0,1,1
0,0,1
0,1,1
0,1,1
0,1,1
0,1,1
0,0,0
0,1,1
0,0,1
0,1,1
0,1,1
0,1,1
0,0,0
0,1,1
0,0,0
0,0,0
0,1,1
0,1,1
0,1,1
0,1,1
0,0,1
0,0,0
0,0,0
0,1,1
0,0,1
0,0,1
0,1,1
0,0,0
0,0,0
0,1,1
0,1,1
0,0,0
0,0,0
0,0,0
0,1,1
0,0,1
0,0,0
0,0,1
0,0,1
0,1,1
0,1,1
0,1,1
0,0,1
0,1,1
0,1,1
0,0,0
0,1,1
0,1,1
0,0,0
0,0,0
0,0.874033,1
0,1,1
0,1,1
0,1,1
0,1,1
0,0,0
0,1,1
0,0,0
0,0,1
0,0.8439927,1
0,0,0
0,0,1
0,1,1
0,1,1
0,0,0
0,1,1
0,0,0
0,1,1
0,0.8659292,1
0,0,1
0,1,1
0,0,0
0,1,1
0,0,0
0,0,0
0,0,0
0,1,1
0,1,1
0,0,0
0,0,1
0,1,1
0,1,1
0,0,1
0,1,1
0,1,1
0,0,0
0,0,0
0,0,1
0,0,1
0,1,1
0,0,0
0,1,1
0,1,1
0,1,1
0,1,1
0,0,0
0,1,1
0,1,1
0,0.8582859,1
0,1,1
0,0,0
0,0,1
0,1,1
0,1,1
0,1,1
0,0,0
0,1,1
0,0,1
0,0,0
0,1,1
0,1,1
0,1,1
0,0,0
0,0,0
0,0,1
0,0,1
0,0,1
0,1,1
0,0,1
0,0,1
0,0,0
0,1,1
0,1,1
0,0,0
0,1,1
0,1,1
0,1,1
0,0,1
0,1,1
0,1,1
0,1,1
0,0,0
0,1,1
0,1,1
0,1,1
0,0,1
0,1,1
0,0,0
0,0,0
0,0,1
0,0,1
0,0,1
0,0,0
0,1,1
0,1,1
0,1,1
0,0,0
0,1,1
0,1,1
0,1,1
0,0,1
0,1,1
0,0.8594491,1
0,1,1
0,0,0
0,0,0
0,0,1
0,1,1
0,0,0
0,0,1
0,0.8716985,1
0,0,0
0,0,0
0,0,1
0,0,1
0,1,1
0,1,1
0,1,1
0,0,1
0,1,1
0,1,1
0,0.8572263,1
0,0,0
0,0,1
0,0,0
0,0,1
0,0,0
0,0,0
0,1,1
0,1,1
0,0,0
0,0,1
0,0,1
0,1,1
0,1,1
0,1,1
0,0,1
0,1,1
0,0,1
0,0,1
0,1,1
0,1,1
0,1,1
0,0,0
0,0,0
0,0.8742977,1
0,0,1
0,1,1
0,1,1
0,1,1
0,1,1
0,1,1
0,0,1
0,0,0
0,0,0
0,0,0
0,0,0
0,1,1
0,1,1
0,0,1
0,1,1
0,1,1
0,0.8548793,1
0,0,1
0,1,1
0,1,1
0,1,1
0,0,0
0,1,1
0,0,0
0,1,1
0,1,1
0,0,0
0,0,1
0,0,0
0,0,1
0,0,0
0,0,1
0,0,0
0,1,1
0,1,1
0,1,1
0,0,1
0,1,1
0,1,1
0,0,1
0,1,1
0,0,1
0,1,1
0,0,1
0,0,0
0,1,1
0,1,1
0,0,1
0,1,1
0,1,1
0,1,1
0,1,1
0,0,1
0,0,1
0,1,1
0,1,1
0,0,1
0,0,1
0,1,1
0,1,1
0,1,1
0,0,0
0,1,1
0,0,1
0,1,1
0,1,1
0,1,1
0,1,1
0,0,1
0,0,0
0,0,0
0,1,1
0,0,1
0,1,1
0,0,1
0,0,1
0,1,1
0,1,1
0,0,1
0,1,1
0,1,1
0,0,1
0,0,0
0,0,1
0,1,1
0,1,1
0,0,0
0,1,1
0,0,1
0,1,1
0,0,1
0,1,1
0,1,1
0,0.8632978,1
0,0,1
0,0,0
0,1,1
0,0,1
0,0,1
0,0,0
0,1,1
0,1,1
0,1,1
0,1,1
0,1,1
0,1,1
0,0,0
0,1,1
0,1,1
0,0,0
0,1,1
0,0,1
0,1,1
0,1,1
0,1,1
0,0,1
0,0,0
0,1,1
0,1,1
0,1,1
0,1,1
0,0,1
0,0,0
0,0,0
0,1,1
0,1,1
0,1,1
0,1,1
0,0,1
0,1,1
0,0.712274,1
0,0,0
0,0,1
0,0,0
0,1,1
0,0,0
0,1,1
0,0,0
0,1,1
0,1,1
0,1,1
0,1,1
0,1,1
0,1,1
0,1,1
0,1,1
0,1,1
0,1,1
0,0,0
0,0,0
0,1,1
0,0,0
0,0,0
0,1,1
0,0,0
0,0,0
0,1,1
0,1,1
0,1,1
0,0,0
0,0,1
0,1,1
0,0,0
0,1,1
0,1,1
0,1,1
0,0,0
0,0,0
0,0,0
0,1,1
0,1,1
0,0,0
0,1,1
0,1,1
0,1,1
0,1,1
0,0,0
0,0,1
0,0,0
0,0,1
0,0,0
0,0,0
0,1,1
0,0.8636767,1
0,1,1
0,1,1
0,1,1
0,1,1
0,0,1
0,1,1
0,0,1
0,1,1
0,0,1
0,1,1
0,0,1
0,0,1
0,1,1
0,1,1
0,0,0
0,1,1
0,1,1
0,1,1
0,1,1
0,0,0
0,1,1
0,1,1
0,1,1
0,1,1
0,1,1
0,0,1
0,0,0
0,1,1
0,1,1
0,0,1
0,0,1
0,0.8613468,1
0,0,1
0,0,0
0,0,0
0,0,0
0,1,1
0,1,1
0,1,1
0,0.8628315,1
0,0,1
0,0.7376939,1
0,0.8675816,1
0,1,1
0,0,0
0,0,1
0,0,0
0,1,1
0,1,1
0,0,0
0,1,1
0,0,0
0,1,1
0,1,1
0,1,1
0,0.867515,1
0,1,1
0,1,1
0,1,1
0,0,0
0,0,1
0,0,1
0,1,1
0,0,1
0,1,1
0,1,1
0,0,1
0,0,1
0,0,0
0,1,1
0,0,1
0,1,1
0,1,1
0,1,1
0,0,0
0,1,1
0,0,0
0,1,1
0,1,1
0,1,1
0,1,1
0,1,1
0,1,1
0,0,1
0,0,0
0,1,1
0,0,0
0,1,1
0,0,0
0,0,1
0,1,1
0,0,1
0,1,1
0,0,1
0,0.8678774,1
0,0.8662349,1
0,1,1
0,0,0
0,0,0
0,1,1
0,0,0
0,1,1
0,0,1
0,0,1
0,0,0
0,1,1
0,1,1
0,0,0
0,0.8620632,1
0,0,1
0,1,1
0,0,1
0,1,1
0,1,1
0,1,1
0,1,1
0,1,1
0,0,1
0,1,1
0,0,0
0,1,1
0,0,0
0,1,1
0,0,0
0,1,1
0,1,1
0,0,0
0,0,0
0,1,1
0,0,0
0,1,1
0,0,0
0,1,1
0,1,1
0,0,1
0,0,1
0,1,1
0,1,1
0,1,1
0,0,0
0,0,0
0,0,0
0,0,0
0,0,1
0,1,1
0,1,1
0,0,0
0,0,0
0,1,1
0,1,1
0,0,0
0,1,1
0,1,1
0,0,0
0,1,1
0,0,1
0,0,1
0,0,0
0,1,1
0,1,1
0,0,1
0,1,1
0,1,1
0,1,1
0,0,0
0,1,1
0,0,1
0,0,1
0,0,1
0,0,1
0,1,1
0,0,1
0,1,1
0,1,1
0,0,0
0,0,0
0,1,1
0,0.8661395,1
0,1,1
0,1,1
0,1,1
0,1,1
0,1,1
0,0,1
0,0,1
0,1,1
0,1,1
0,1,1
0,1,1
0,1,1
0,0,1
0,0,0
0,1,1
0,0.7629344,1
0,1,1
0,1,1
0,0,1
0,1,1
0,0,1
0,1,1
0,1,1
0,1,1
0,1,1
0,1,1
0,1,1
0,0,1
0,0,0
0,0,1
0,0,0
0,1,1
0,0,0
0,1,1
0,0,0
0,0,0
0,1,1
0,1,1
0,1,1
0,1,1
0,1,1
0,1,1
0,0,0
0,1,1
0,0,0
0,1,1
0,1,1
0,0,0
0,1,1
0,0,1
0,0,1
0,0,0
0,0,0
0,1,1
0,1,1
0,1,1
0,0,0
0,1,1
0,0,1
0,1,1
0,0,1
0,0,0
0,1,1
0,0.8617076,1
0,0,1
0,1,1
0,1,1
0,1,1
0,0.8689877,1
0,1,1
0,1,1
0,1,1
0,0,0
0,1,1
0,1,1
0,0.7519449,1
0,0,0
0,1,1
0,1,1
0,1,1
0,1,1
0,0,0
0,1,1
0,0,1
0,1,1
0,0,1
0,1,1
0,1,1
0,0,1
0,1,1
0,1,1
0,1,1
0,0,0
0,1,1
0,0,0
0,1,1
0,1,1
0,0.8733956,1
0,0.8676857,1
0,0,0
0,1,1
0,1,1
0,0.8701285,1
0,1,1
0,1,1
0,0,0
0,1,1
0,0,1
0,0,0
0,0,1
0,1,1
0,0,1
0,1,1
0,0.8681,1
0,1,1
0,0,1
0,1,1
0,1,1
0,0,0
0,1,1
0,0,0
0,1,1
0,1,1
0,1,1
0,0,0
0,0,1
0,1,1
0,1,1
0,1,1
0,0,1
0,1,1
0,1,1
0,1,1
0,0,0
0,0,0
0,1,1
0,1,1
0,1,1
0,0,0
0,1,1
0,1,1
0,0,0
0,0,1
0,0,1
0,1,1
0,1,1
0,1,1
0,0,1
0,1,1
0,1,1
0,0,0
0,1,1
0,0,0
0,0,1
0,1,1
0,0,1
0,0,1
0,1,1
0,0,1
0,0,1
0,1,1
0,0,0
0,1,1
0,0,0
0,1,1
0,1,1
0,1,1
0,0,0
0,1,1
0,0,0
0,1,1
0,1,1
0,0,1
0,1,1
0,0,0
0,0,0
0,1,1
0,1,1
0,0,0
0,1,1
0,1,1
0,1,1
0,1,1
0,0,0
0,0,0
0,1,1
0,0,0
0,1,1
0,0,1
0,1,1
0,0,0
0,1,1
0,1,1
0,0,0
0,1,1
0,1,1
0,1,1
0,0,0
0,0,0
0,0,0
0,0,0
0,0,1
0,1,1
0,1,1
0,0.7032946,1
0,1,1
0,1,1
0,1,1
0,0,0
0,0,1
0,1,1
0,1,1
0,0,1
0,0,1
0,1,1
0,0,0
0,1,1
0,0,0
0,1,1
0,1,1
0,1,1
0,0,1
0,0,1
0,1,1
0,0,1
0,0,0
0,0,0
0,0,0
0,0,1
0,0,0
0,0,0
0,1,1
0,0,0
0,1,1
0,0,0
0,1,1
0,0,1
0,1,1
0,1,1
0,1,1
0,0,0
0,0,1
0,0,1
0,1,1
0,0,1
0,1,1
0,0,0
0,0,0
0,1,1
0,0,0
0,0,0
0,1,1
0,0,1
0,1,1
0,0,0
0,1,1
0,1,1
0,0,0
0,0,0
0,0,0
0,0,0
0,0,1
0,1,1
0,1,1
0,0,0
0,0,1
0,1,1
0,1,1
0,0,0
0,1,1
0,0,1
0,1,1
0,1,1
0,1,1
0,0,1
0,0,1
0,1,1
0,0.8601178,1
0,0,1
0,1,1
0,1,1
0,1,1
0,1,1
0,1,1
0,1,1
0,1,1
0,1,1
0,0,1
0,1,1
0,0,0
0,1,1
0,0,0
0,0.8624493,1
0,0,1
0,0,0
0,0,0
0,1,1
0,0,1
0,1,1
0,1,1
0,0,1
0,1,1
0,0,1
0,1,1
0,0,0
0,1,1
0,0,0
0,1,1
0,0,1
0,0,1
0,1,1
0,1,1
0,0,0
0,0,0
0,0,1
0,0,1
0,1,1
0,0,0
0,0,0
0,0,1
0,1,1
0,1,1
0,1,1
0,0,0
0,0,1
0,0,1
0,1,1
0,1,1
0,0,0
0,1,1
0,0,1
0,1,1
0,0,0
0,1,1
0,1,1
0,0,1
0,1,1
0,0,0
0,1,1
0,1,1
0,1,1
0,0,1
0,1,1
0,1,1
0,1,1
0,1,1
0,1,1
0,1,1
0,0,0
0,0,0
0,0,0
0,0,0
0,0.8644069,1
0,1,1
0,0,1
0,0,1
0,1,1
0,1,1
0,0,0
0,1,1
0,1,1
0,0,0
0,0.9078153,1
0,1,1
0,1,1
0,1,1
0,0,0
0,0,1
0,0,1
0,1,1
0,0,0
0,1,1
0,0.8601841,1
0,1,1
0,0,0
0,0,1
0,1,1
0,1,1
0,1,1
0,1,1
0,0,0
0,0,1
0,0,0
0,1,1
0,0,0
0,1,1
0,1,1
0,0,1
0,0,0
0,1,1
0,0,0
0,1,1
0,1,1
0,1,1
0,0.8641058,1
0,0.858555,1
0,1,1
0,0,0
0,0,0
0,1,1
0,1,1
0,1,1
0,0,0
0,1,1
0,0,0
0,0,1
0,0,0
0,0,1
0,1,1
0,0,0
0,1,1
0,0,1
0,0,1
0,0,1
0,1,1
0,0,1
0,0,1
0,0,0
0,0,1
0,0,0
0,0.8639916,1
0,1,1
0,0,0
0,0,1
0,1,1
0,0,0
0,0,1
0,1,1
0,0,1
0,1,1
0,0,1
0,1,1
0,1,1
0,1,1
0,0,0
0,1,1
0,1,1
0,0,1
0,1,1
0,1,1
0,0,0
0,0,0
0,0,0
0,0,0
0,1,1
0,1,1
0,1,1
0,0,1
0,0,1
0,1,1
0,1,1
0,1,1
0,0,0
0,0,1
0,1,1
0,1,1
0,0,0
0,1,1
0,1,1
0,0,1
0,1,1
0,1,1
0,0,0
0,1,1
0,1,1
0,0,1
0,0,0
0,1,1
0,1,1
0,0,0
0,0,1
0,0,1
0,0,0
0,0,1
0,0,0
0,1,1
0,1,1
0,1,1
0,0,0
0,1,1
0,1,1
0,0,0
0,1,1
0,0,0
0,0,1
0,1,1
0,0,0
0,1,1
0,0,0
0,0,0
0,1,1
0,1,1
0,0,1
0,1,1
0,0,1
0,0,1
0,0,1
0,1,1
0,1,1
0,1,1
0,1,1
0,0,1
0,0,1
0,0,1
0,0,1
0,1,1
0,1,1
0,0,0
0,1,1
0,1,1
0,0,1
0,0.8656219,1
0,0,0
0,1,1
0,0,0
0,0,0
0,0,1
0,0,1
0,1,1
0,0,1
0,1,1
0,1,1
0,0,1
0,1,1
0,0,0
0,0,0
0,0,0
0,1,1
0,0,0
0,0.8633593,1
0,0,0
0,0,0
0,1,1
0,1,1
0,1,1
0,0,0
0,1,1
0,0.8608929,1
0,0,1
0,1,1
0,1,1
0,0.8734058,1
0,0,0
0,0,0
0,0,1
0,0,0
0,0,0
0,1,1
0,0,0
0,0,1
0,0,1
0,1,1
0,1,1
0,0,0
0,1,1
0,1,1
0,1,1
0,0,1
0,1,1
0,0,0
0,1,1
0,0,1
0,1,1
0,0,0
0,1,1
0,0,1
0,0.8684403,1
0,0,0
0,0,0
0,0,0
0,0,1
0,1,1
0,1,1
0,1,1
0,0,0
0,0,1
0,0,1
0,1,1
0,0,0
0,0,1
0,1,1
0,0,1
0,1,1
0,0,1
0,0,0
0,0,1
0,1,1
0,1,1
0,1,1
0,1,1
0,0.8626024,1
0,1,1
0,1,1
0,0,1
0,1,1
0,1,1
0,1,1
0,0,0
0,1,1
0,1,1
0,0,1
0,1,1
0,1,1
0,1,1
0,0,0
0,0,1
0,1,1
0,1,1
0,1,1
0,0,0
0,0,1
0,1,1
0,1,1
0,1,1
0,0,1
0,0,0
0,0,1
0,1,1
0,1,1
0,1,1
0,1,1
0,0,0
0,0,1
0,1,1
0,1,1
0,1,1
0,1,1
0,0,0
0,0,1
0,1,1
0,0,1
0,0,1
0,1,1
0,0.8654453,1
0,1,1
0,1,1
0,1,1
0,0,1
0,1,1
0,1,1
0,1,1
0,1,1
0,0,1
0,1,1
0,0,0
0,1,1
0,1,1
0,1,1
0,0,1
0,0,1
0,0,0
0,1,1
0,1,1
0,1,1
0,0,0
0,0,0
0,0,1
0,1,1
0,0,0
0,1,1
0,0,0
0,0,1
0,0,0
0,0,0
0,1,1
0,0,1
0,1,1
0,0,0
0,0,1
0,0,1
0,0,1
0,0.855456,1
0,1,1
0,1,1
0,1,1
0,0,0
0,0.7244135,1
0,0,0
0,1,1
0,0,0
0,1,1
0,1,1
0,0,0
0,0,1
0,1,1
0,0,0
0,0,0
0,1,1
0,1,1
0,1,1
0,1,1
0,0,0
0,1,1
0,0,0
0,1,1
0,1,1
0,1,1
0,0,0
0,0,0
0,0,0
0,1,1
0,1,1
0,0,0
0,1,1
0,1,1
0,1,1
0,1,1
0,1,1
0,1,1
0,0,1
0,0,0
0,0,1
0,1,1
0,0,0
0,0,0
0,1,1
0,0,1
0,0,0
0,0,0
0,0.7563792,1
0,0,1
0,1,1
0,1,1
0,1,1
0,0,1
0,0,1
0,0,0
0,0,0
0,1,1
0,1,1
0,1,1
0,0,1
0,1,1
0,0,0
0,0,0
0,0,1
0,0,1
0,1,1
0,1,1
0,1,1
0,1,1
0,1,1
0,1,1
0,1,1
0,0,1
0,1,1
0,0,0
0,1,1
0,0,0
0,0,0
0,1,1
0,1,1
0,1,1
0,0,1
0,0,0
0,1,1
0,1,1
0,1,1
0,0,0
0,0,0
0,0,0
0,0,1
0,1,1
0,1,1
0,1,1
0,0,0
0,1,1
0,1,1
0,1,1
0,0,0
0,0,1
0,1,1
0,1,1
0,1,1
0,0,1
0,0,0
0,1,1
0,1,1
0,1,1
0,0,0
0,0,1
0,0,0
0,1,1
0,1,1
0,0,1
0,1,1
0,0,1
0,0,0
0,1,1
0,1,1
0,1,1
0,1,1
0,0,1
0,0,0
0,1,1
0,1,1
0,0,1
0,0,1
0,0,1
0,0,1
0,0,0
0,0,0
0,0,0
0,1,1
0,1,1
0,0,0
0,0,0
0,0,0
0,1,1
0,1,1
0,1,1
0,1,1
0,0,1
0,0,0
0,1,1
0,0,0
0,1,1
0,1,1
0,0,0
0,1,1
0,0,0
0,0,1
0,1,1
0,1,1
0,0,0
0,1,1
0,1,1
0,1,1
0,1,1
0,0,1
0,0,0
0,0,0
0,0,0
0,0,0
0,0,1
0,1,1
0,0,1
0,1,1
0,1,1
0,0,0
0,1,1
0,0.8694298,1
0,1,1
0,0,0
0,1,1
0,0,1
0,1,1
0,1,1
0,1,1
0,0,0
0,0,1
0,1,1
0,0,1
0,1,1
0,1,1
0,0,0
0,0,0
0,0,1
0,0,0
0,1,1
0,1,1
0,0,0
0,0,0
0,1,1
0,0,1
0,0.9390559,1
0,1,1
0,0,1
0,1,1
0,0,0
0,0,1
0,1,1
0,0,1
0,0.7533993,1
0,1,1
0,1,1
0,0,0
0,1,1
0,1,1
0,1,1
0,0.7957045,1
0,1,1
0,1,1
0,0,0
0,0.8625159,1
0,1,1
0,1,1
0,1,1
0,1,1
0,0,0
0,1,1
0,0,1
0,0,1
0,1,1
0,0,0
0,0,1
0,1,1
0,0,0
0,1,1
0,1,1
0,1,1
0,1,1
0,1,1
0,0,1
0,0,0
0,1,1
0,0,1
0,0,0
0,1,1
0,0,1
0,0,0
0,0,1
0,1,1
0,1,1
0,0,0
0,0,1
0,1,1
0,0,0
0,1,1
0,0.8678049,1
0,0,0
0,0,0
0,1,1
0,0,0
0,1,1
0,1,1
0,0,1
0,0.7756032,1
0,1,1
0,1,1
0,0,0
0,0,1
0,0,1
0,0,1
0,0,1
0,1,1
0,0,1
0,1,1
0,0,0
0,1,1
0,1,1
0,1,1
0,0,0
0,1,1
0,0,1
0,1,1
0,0,1
0,1,1
0,0,0
0,1,1
0,1,1
0,1,1
0,1,1
0,1,1
0,1,1
0,0,1
0,1,1
0,1,1
0,1,1
0,0,0
0,1,1
0,0,1
0,0,1
0,0,1
0,1,1
0,0,0
0,1,1
0,0,1
0,0,1
0,0,0
0,0,0
0,0,0
0,0,0
0,1,1
0,0,0
0,0,1
0,1,1
0,1,1
0,1,1
0,0,1
0,0,0
0,1,1
0,1,1
0,0,0
0,0,0
0,0,1
0,0,1
0,0,0
0,0,0
0,0,1
0,0,1
0,1,1
0,1,1
0,1,1
0,0,0
0,1,1
0,0,0
0,1,1
0,0,1
0,1,1
0,1,1
0,0,0
0,1,1
0,1,1
0,0,0
0,0,1
0,0.8639718,1
0,0,1
0,0,0
0,1,1
0,0,0
0,1,1
0,0,0
0,0,0
0,1,1
0,1,1
0,0,1
0,0.8657001,1
0,1,1
0,0,0
0,1,1
0,0.8587908,1
0,0,1
0,0,1
0,1,1
0,0,0
0,0,1
0,0,0
0,1,1
0,0,1
0,1,1
0,1,1
0,0.8640445,1
0,0,1
0,1,1
0,0,0
0,1,1
0,1,1
0,1,1
0,1,1
0,1,1
0,1,1
0,1,1
0,1,1
0,1,1
0,0,0
0,1,1
0,1,1
0,0,1
0,0,1
0,0,0
0,0,0
0,1,1
0,1,1
0,1,1
0,1,1
0,1,1
0,1,1
0,1,1
0,0,0
0,0,0
0,0.8018061,1
0,0,0
0,0,0
0,0,0
0,0,0
0,1,1
0,0,0
0,1,1
0,1,1
0,1,1
0,0,0
0,0,0
0,0,0
0,1,1
0,0,1
0,1,1
0,0,1
0,0,1
0,1,1
0,0,1
0,0,1
0,0,1
0,1,1
0,1,1
0,0,0
0,1,1
0,1,1
0,0,0
0,1,1
0,0,0
0,1,1
0,1,1
0,0,1
0,1,1
0,1,1
0,1,1
0,1,1
0,0,0
0,1,1
0,1,1
0,0,1
0,1,1
0,1,1
0,1,1
0,1,1
0,1,1
0,1,1
0,1,1
0,1,1
0,0,1
0,0,0
0,1,1
0,1,1
0,1,1
0,0,0
0,1,1
0,1,1
0,1,1
0,1,1
0,1,1
0,0,0
0,1,1
0,0,0
0,0,0
0,1,1
0,0,0
0,1,1
0,1,1
0,1,1
0,0,0
0,1,1
0,1,1
0,0,0
0,1,1
0,1,1
0,0,0
0,1,1
0,1,1
0,1,1
0,1,1
0,1,1
0,1,1
0,1,1
0,0.8639065,1
0,1,1
0,0,1
0,0,0
0,1,1
0,0,0
0,0,0
0,0,0
0,1,1
0,0,0
0,0,0
0,1,1
0,0,0
0,0,1
0,1,1
0,1,1
0,1,1
0,0,0
0,0,0
0,1,1
0,1,1
0,1,1
0,0,0
0,1,1
0,1,1
0,1,1
0,1,1
0,1,1
0,1,1
0,1,1
0,1,1
0,0,0
0,1,1
0,1,1
0,1,1
0,0,0
0,1,1
0,1,1
0,0,0
0,0,0
0,1,1
0,0,1
0,0.8601985,1
0,1,1
0,1,1
0,0,0
0,1,1
0,0,0
0,0,1
0,0,0
0,0,1
0,0,0
0,0,0
0,1,1
0,1,1
0,0,0
0,1,1
0,1,1
0,1,1
0,0,1
0,1,1
0,1,1
0,1,1
0,0,0
0,0,0
0,0.8606218,1
0,1,1
0,0.8595127,1
0,0,1
0,1,1
0,0,0
0,1,1
0,0,0
0,0.8574235,1
0,1,1
0,1,1
0,1,1
0,1,1
0,0,0
0,0,0
0,1,1
0,1,1
0,1,1
0,0,1
0,1,1
0,0,0
0,1,1
0,0,0
0,0,1
0,1,1
0,0,1
0,1,1
0,1,1
0,0,0
0,0,1
0,0,0
0,1,1
0,0,1
0,1,1
0,1,1
0,1,1
0,0,1
0,1,1
0,1,1
0,0,1
0,0,1
0,1,1
0,1,1
0,1,1
0,0,1
0,1,1
0,0,0
0,0,1
0,1,1
0,1,1
0,0,1
0,0,0
0,1,1
0,0,1
0,0,0
0,0,0
0,0,0
0,1,1
0,0,0
0,1,1
0,0,0
0,0,0
0,0.8567401,1
0,1,1
0,1,1
0,0,0
0,1,1
0,0,1
0,0,0
0,0,1
0,0,0
0,1,1
0,1,1
0,0,0
0,1,1
0,0,0
0,1,1
0,0,1
0,1,1
0,0,1
0,1,1
0,1,1
0,0,0
0,0,0
0,0,0
0,1,1
0,0,0
0,1,1
0,0,0
0,0,1
0,0,0
0,0.8037285,1
0,0,0
0,0,0
0,1,1
0,1,1
0,1,1
0,0,1
0,1,1
0,1,1
0,1,1
0,0,0
0,0,0
0,0,0
0,0,0
0,1,1
0,1,1
0,1,1
0,0,1
0,1,1
0,0,1
0,0,0
0,0.9438152,1
0,0,1
0,0,0
0,1,1
0,0,1
0,0,0
0,1,1
0,1,1
0,1,1
0,0,0
0,0,1
0,0,1
0,0,1
0,0,0
0,0,0
0,1,1
0,1,1
0,1,1
0,0,0
0,0,0
0,0,0
0,1,1
0,0,1
0,1,1
0,0,0
0,0,0
0,0,0
0,1,1
0,1,1
0,1,1
0,0,1
0,0.8729638,1
0,0,1
0,1,1
0,0,0
0,1,1
0,1,1
0,1,1
0,1,1
0,0,1
0,1,1
0,0,0
0,0,0
0,1,1
0,0,1
0,1,1
0,1,1
0,0,0
0,1,1
0,1,1
0,1,1
0,0,0
0,0,1
0,1,1
0,0,0
0,1,1
0,0,1
0,1,1
0,1,1
0,0,0
0,1,1
0,0,0
0,1,1
0,1,1
0,0,1
0,1,1
0,1,1
0,1,1
0,0,1
0,0,0
0,0,1
0,0,1
0,1,1
0,0,0
0,0.8459376,1
0,1,1
0,0,1
0,1,1
0,0,1
0,0,1
0,0,0
0,1,1
0,1,1
0,1,1
0,0,1
0,1,1
0,1,1
0,1,1
0,0,1
0,0,1
0,0,0
0,0,1
0,1,1
0,0,0
0,0,1
0,1,1
0,1,1
0,0,1
0,0,1
0,0,1
0,0,1
0,1,1
0,0,0
0,0,1
0,1,1
0,0,0
0,0,0
0,0,1
0,0,0
0,0,0
0,0,1
0,1,1
0,1,1
0,1,1
0,0,0
0,1,1
0,1,1
0,0,0
0,0,0
0,1,1
0,0.7416337,1
0,1,1
0,1,1
0,1,1
0,1,1
0,0,0
0,0,1
0,0,1
0,1,1
0,1,1
0,1,1
0,0,1
0,0,0
0,0,1
0,0,0
0,0,0
0,0,1
0,0,1
0,0,0
0,1,1
0,1,1
0,0,0
0,0,0
0,0,0
0,1,1
0,1,1
0,1,1
0,0,1
0,1,1
0,0,0
0,0,1
0,1,1
0,1,1
0,0,1
0,1,1
0,1,1
0,1,1
0,0,0
0,0,1
0,1,1
0,1,1
0,0,0
0,1,1
0,1,1
0,1,1
0,1,1
0,0,0
0,1,1
0,1,1
0,0,1
0,0,0
0,1,1
0,0,1
0,0,1
0,0,0
0,0,0
0,1,1
0,1,1
0,1,1
0,1,1
0,0,0
0,0,1
0,1,1
0,0,1
0,0,0
0,0,1
0,0,0
0,1,1
0,1,1
0,0,1
0,1,1
0,1,1
0,0,1
0,0,0
0,1,1
0,1,1
0,0,0
0,1,1
0,0,0
0,0.7083217,1
0,0,1
0,0,0
0,1,1
0,1,1
0,1,1
0,0,0
0,1,1
0,0,1
0,0,1
0,1,1
0,1,1
0,1,1
0,1,1
0,0,0
0,1,1
0,1,1
0,0,0
0,1,1
0,0,1
0,0,0
0,0,0
0,0,1
0,0,0
0,0.8678641,1
0,1,1
0,1,1
0,0.7541752,1
0,1,1
0,0,0
0,1,1
0,1,1
0,1,1
0,0,0
0,1,1
0,0,1
0,1,1
0,0,1
0,1,1
0,1,1
0,1,1
0,1,1
0,1,1
0,0.8566628,1
0,0,0
0,1,1
0,0,1
0,0.7322191,1
0,1,1
0,1,1
0,0,0
0,0,0
0,1,1
0,1,1
0,0,0
0,1,1
0,1,1
0,1,1
0,1,1
0,1,1
0,1,1
0,0,0
0,1,1
0,0,0
0,0,0
0,1,1
0,1,1
0,0,1
0,0,0
0,1,1
0,1,1
0,0,0
0,1,1
0,1,1
0,1,1
0,0,1
0,1,1
0,0,0
0,0,0
0,1,1
0,1,1
0,0,1
0,0,0
0,1,1
0,1,1
0,0,1
0,0,0
0,0,1
0,0,0
0,0,1
0,1,1
0,1,1
0,0,0
0,0.7522612,1
0,1,1
0,1,1
0,0.8469836,1
0,1,1
0,1,1
0,0,1
0,1,1
0,1,1
0,0.77871,1
0,1,1
0,1,1
0,0,0
0,0,1
0,0,1
0,1,1
0,1,1
0,0,1
0,1,1
0,0,1
0,0,0
0,0,0
0,0,0
0,1,1
0,1,1
0,0,1
0,0,0
0,1,1
0,1,1
0,1,1
0,1,1
0,0,1
0,0,0
0,1,1
0,1,1
0,0,0
0,1,1
0,0,0
0,1,1
0,0,1
0,1,1
0,1,1
0,0,1
0,0,0
0,0,1
0,0,0
0,0,0
0,1,1
0,0,0
0,1,1
0,0,0
0,0,1
0,0,1
0,1,1
0,0,0
0,1,1
0,1,1
0,0,0
0,1,1
0,1,1
0,0,1
0,1,1
0,1,1
0,0,0
0,0.8633691,1
0,0,0
0,0,0
0,1,1
0,1,1
0,0,1
0,0,0
0,1,1
0,1,1
0,0,0
0,0,1
0,1,1
0,1,1
0,0,1
0,0,0
0,0,1
0,1,1
0,1,1
0,1,1
0,0,0
0,1,1
0,1,1
0,1,1
0,0,0
0,0,0
0,0,0
0,1,1
0,1,1
0,0.7990843,1
0,0,0
0,1,1
0,1,1
0,1,1
0,0,0
0,0,0
0,0,0
0,1,1
0,1,1
0,0,1
0,0,0
0,0,0
0,1,1
0,1,1
0,1,1
0,1,1
0,0,1
0,0,1
0,0.824788,1
0,1,1
0,0,1
0,1,1
0,0,0
0,0,0
0,1,1
0,1,1
0,0,0
0,0,1
0,0,1
0,1,1
0,0,0
0,0,0
0,0,0
0,0,0
0,1,1
0,0,0
0,1,1
0,1,1
0,0,0
0,0,0
0,1,1
0,1,1
0,1,1
0,0,1
0,1,1
0,0,0
0,1,1
0,0,0
0,0,1
0,0,0
0,0,0
0,0,0
0,0,1
0,1,1
0,0,1
0,0,0
0,1,1
0,1,1
0,1,1
0,1,1
0,0,1
0,0,0
0,1,1
0,0,0
0,0,0
0,0,0
0,0,0
0,1,1
0,1,1
0,0,1
0,1,1
0,1,1
0,1,1
0,0,1
0,1,1
0,1,1
0,1,1
0,1,1
0,0,1
0,0,1
0,0.7247387,1
0,0,0
0,0,1
0,0,1
0,0,0
0,1,1
0,0,0
0,1,1
0,1,1
0,0,1
0,0,0
0,1,1
0,0,1
0,0,0
0,1,1
0,0,0
0,0,0
0,0,1
0,1,1
0,1,1
0,0,0
0,1,1
0,1,1
0,1,1
0,1,1
0,0,0
0,0,0
0,1,1
0,1,1
0,0,0
0,1,1
0,0,0
0,0,0
0,0,1
0,0,1
0,0,0
0,0,0
0,1,1
0,0,1
0,0,1
0,1,1
0,0.8990198,1
0,1,1
0,0,1
0,0,0
0,1,1
0,0,0
0,1,1
0,1,1
0,0,1
0,1,1
0,0,1
0,1,1
0,1,1
0,0,0
0,1,1
0,1,1
0,1,1
0,0,1
0,0,0
0,1,1
0,1,1
0,1,1
0,1,1
0,0,1
0,1,1
0,1,1
0,1,1
0,0,1
0,1,1
0,1,1
0,0,0
0,1,1
0,1,1
0,0,0
0,1,1
0,1,1
0,0,0
0,1,1
0,0,0
0,0,0
0,1,1
0,1,1
0,0,1
0,1,1
0,1,1
0,1,1
0,1,1
0,1,1
0,1,1
0,1,1
0,1,1
0,1,1
0,0,0
0,1,1
0,0,1
0,1,1
0,0,1
0,0,0
0,0,1
0,0,0
0,1,1
0,1,1
0,0,0
0,1,1
0,1,1
0,0,0
0,1,1
0,1,1
0,1,1
0,1,1
0,1,1
0,0,1
0,1,1
0,0,0
0,0.748243,1
0,0,1
0,0,1
0,1,1
0,0,0
0,1,1
0,0,0
0,1,1
0,1,1
0,1,1
0,0.7121767,1
0,0,0
0,0,0
0,1,1
0,1,1
0,0,1
0,0,0
0,0,0
0,1,1
0,1,1
0,1,1
0,1,1
0,0,1
0,0,1
0,0,0
0,0,0
0,1,1
0,0,0
0,1,1
0,1,1
0,0,1
0,1,1
0,1,1
0,0,1
0,0,0
0,0,1
0,0,0
0,0,0
0,1,1
0,0,0
0,0,0
0,1,1
0,1,1
0,0,1
0,1,1
0,0,0
0,0,1
0,1,1
0,0,0
0,1,1
0,1,1
0,1,1
0,1,1
0,0,1
0,1,1
0,0,0
0,1,1
0,0,1
0,1,1
0,0,0
0,0,0
0,0,0
0,1,1
0,0,0
0,1,1
0,1,1
0,1,1
0,0,0
0,0,1
0,1,1
0,0,0
0,0,0
0,0,0
0,1,1
0,1,1
0,0,0
0,1,1
0,0,0
0,1,1
0,1,1
0,0,0
0,1,1
0,0,0
0,1,1
0,0.8797799,1
0,0,1
0,1,1
0,1,1
0,1,1
0,1,1
0,0,1
0,1,1
0,1,1
0,1,1
0,0,1
0,1,1
0,1,1
0,0,0
0,1,1
0,1,1
0,1,1
0,1,1
0,1,1
0,1,1
0,0,0
0,0,0
0,0,1
0,0,0
0,1,1
0,0,0
0,1,1
0,1,1
0,0,1
0,0,1
0,1,1
0,1,1
0,1,1
0,0,0
0,0,0
0,1,1
0,1,1
0,1,1
0,0.8619112,1
0,0,1
0,0,1
0,0,0
0,1,1
0,1,1
0,0,1
0,1,1
0,1,1
0,0,0
0,1,1
0,0,0
0,0,0
0,0,1
0,0,0
0,0,0
0,1,1
0,1,1
0,0.8616945,1
0,1,1
0,1,1
0,1,1
0,0,0
0,1,1
0,1,1
0,0,0
0,0,0
0,0,0
0,0,0
0,1,1
0,1,1
0,1,1
0,1,1
0,1,1
0,1,1
0,1,1
0,0,0
0,0,1
0,0,1
0,0,1
0,0,0
0,0,1
0,0,0
0,0.8628291,1
0,1,1
0,1,1
0,0,0
0,1,1
0,1,1
0,1,1
0,0,1
0,0,1
0,1,1
0,0,0
0,0,1
0,1,1
0,1,1
0,0,0
0,1,1
0,1,1
0,1,1
0,1,1
0,1,1
0,0,1
0,0,1
0,1,1
0,0,0
0,0,0
0,1,1
0,1,1
0,0,0
0,0,1
0,1,1
0,1,1
0,0,1
0,0,0
0,0,1
0,1,1
0,1,1
0,1,1
0,1,1
0,1,1
0,1,1
0,0,0
0,1,1
0,0,0
0,0,1
0,1,1
0,1,1
0,0,1
0,0,1
0,0,0
0,1,1
0,0,1
0,1,1
0,1,1
0,0,0
0,0,0
0,1,1
0,1,1
0,0,1
0,1,1
0,0,0
0,1,1
0,0,0
0,1,1
0,1,1
0,0,1
0,1,1
0,0,1
0,1,1
0,0,1
0,1,1
0,1,1
0,0.8334643,1
0,1,1
0,0,0
0,1,1
0,0,1
0,1,1
0,1,1
0,1,1
0,1,1
0,1,1
0,0,0
0,1,1
0,1,1
0,1,1
0,1,1
0,0,0
0,0,0
0,1,1
0,0,0
0,1,1
0,0,0
0,0,1
0,0.8572294,1
0,0,0
0,0,0
0,1,1
0,1,1
0,1,1
0,1,1
0,0,0
0,0.8518773,1
0,0,0
0,0,1
0,0,0
0,0,0
0,1,1
0,0,1
0,1,1
0,1,1
0,0,0
0,1,1
0,1,1
0,1,1
0,0,1
0,0,0
0,0,1
0,1,1
0,1,1
0,0,1
0,1,1
0,1,1
0,0,0
0,1,1
0,0,0
0,1,1
0,0.8873917,1
0,0,0
0,0,0
0,1,1
0,0,0
0,1,1
0,1,1
0,1,1
0,0.8780556,1
0,0,0
0,1,1
0,1,1
0,0,0
0,0,0
0,0,0
0,0,0
0,1,1
0,0,0
0,1,1
0,0,0
0,0,1
0,0,0
0,1,1
0,0,1
0,0.8710247,1
0,1,1
0,1,1
0,1,1
0,1,1
0,1,1
0,0,1
0,0,1
0,1,1
0,1,1
0,0,0
0,0,0
0,0,0
0,1,1
0,1,1
0,1,1
0,1,1
0,1,1
0,1,1
0,1,1
0,1,1
0,0,0
0,0,0
0,0,1
0,0,1
0,0,0
0,1,1
0,1,1
0,1,1
0,1,1
0,0,0
0,1,1
0,0,1
0,0,1
0,0,1
0,0,0
0,1,1
0,1,1
0,0,1
0,0,1
0,1,1
0,1,1
0,1,1
0,0,0
0,0,0
0,1,1
0,0,0
0,1,1
0,1,1
0,0.8601638,1
0,0,0
0,1,1
0,1,1
0,1,1
0,0,1
0,0,0
0,0,0
0,1,1
0,0,1
0,1,1
0,0,0
0,0,1
0,0,0
0,0,0
0,0,0
0,0,1
0,0,0
0,1,1
0,1,1
0,1,1
0,0,0
0,1,1
0,1,1
0,1,1
0,0.8621978,1
0,1,1
0,0.8006624,1
0,0,1
0,1,1
0,1,1
0,1,1
0,1,1
0,0,0
0,1,1
0,1,1
0,1,1
0,1,1
0,1,1
0,1,1
0,0,1
0,1,1
0,1,1
0,1,1
0,0,1
0,1,1
0,1,1
0,0,1
0,1,1
0,0,0
0,0,1
0,0,0
0,1,1
0,1,1
0,1,1
0,1,1
0,0,1
0,0,0
0,1,1
0,1,1
0,0,0
0,0,0
0,1,1
0,0,1
0,1,1
0,0,0
0,1,1
0,0,0
0,0,1
0,1,1
0,1,1
0,0.7432841,1
0,1,1
0,0,1
0,1,1
0,0,0
0,0,0
0,0,0
0,0.8610655,1
0,1,1
0,1,1
0,1,1
0,0,0
0,1,1
0,0,0
0,1,1
0,0,1
0,1,1
0,1,1
0,0,0
0,0,1
0,0,0
0,0,0
0,1,1
0,1,1
0,1,1
0,1,1
0,1,1
0,1,1
0,0,0
0,1,1
0,0,0
0,1,1
0,0,1
0,0,0
0,1,1
0,1,1
0,1,1
0,0,1
0,1,1
0,1,1
0,0,1
0,1,1
0,0,0
0,1,1
0,1,1
0,0,1
0,0.9582028,1
0,1,1
0,1,1
0,1,1
0,0,0
0,0,0
0,1,1
0,1,1
0,0,0
0,0,0
0,0,1
0,1,1
0,0,0
0,1,1
0,0,1
0,1,1
0,0,0
0,1,1
0,1,1
0,1,1
0,0.7744678,1
0,0,0
0,0,1
0,1,1
0,1,1
0,1,1
0,1,1
0,0,1
0,0,1
0,0,1
0,0,0
0,0.8807551,1
0,0,0
0,0,1
0,0,1
0,0,1
0,1,1
0,0,1
0,0,0
0,1,1
0,0,1
0,0,1
0,0,0
0,0,0
0,0,0
0,0,1
0,1,1
0,0,0
0,1,1
0,1,1
0,1,1
0,0,1
0,0,1
0,1,1
0,0,0
0,1,1
0,0,1
0,1,1
0,0,1
0,0,1
0,1,1
0,1,1
0,1,1
0,0,0
0,0,0
0,1,1
0,0,1
0,0,0
0,0.8591655,1
0,1,1
0,0,0
0,1,1
0,1,1
0,1,1
0,1,1
0,1,1
0,1,1
0,0,1
0,0,0
0,1,1
0,0.8637029,1
0,1,1
0,0,0
0,1,1
0,1,1
0,0,0
0,0,1
0,1,1
0,1,1
0,1,1
0,0,1
0,0,0
0,1,1
0,1,1
0,0,0
0,0,0
0,1,1
0,0,0
0,0,0
0,1,1
0,1,1
0,1,1
0,1,1
0,1,1
0,0,0
0,0,0
0,1,1
0,0,0
0,0,0
0,0,0
0,0,0
0,1,1
0,0,0
0,0,1
0,1,1
0,0,0
0,0,1
0,1,1
0,1,1
0,0,0
0,0,0
0,1,1
0,1,1
0,0,0
0,1,1
0,0,0
0,1,1
0,0,1
0,0,0
0,1,1
0,1,1
0,0,0
0,0,1
0,1,1
0,0,1
0,1,1
0,0.8658762,1
0,1,1
0,1,1
0,1,1
0,0.8595536,1
0,1,1
0,0,0
0,0,0
0,1,1
0,1,1
0,0,1
0,0,1
0,0,0
0,1,1
0,1,1
0,0,0
0,1,1
0,0,0
0,0,0
0,1,1
0,1,1
0,1,1
0,0,0
0,1,1
0,0,0
0,1,1
0,1,1
0,1,1
0,0,0
0,1,1
0,1,1
0,0,1
0,1,1
0,0.7397549,1
0,1,1
0,0,0
0,1,1
0,1,1
0,0,0
0,0,0
0,0,0
0,1,1
0,0,0
0,1,1
0,0,1
0,0,1
0,0,1
0,0,1
0,0,0
0,0,1
0,1,1
0,0,1
0,1,1
0,0,0
0,0,0
0,1,1
0,0,1
0,1,1
0,0,0
0,0.8633673,1
0,0,0
0,1,1
0,1,1
0,1,1
0,1,1
0,1,1
0,0,1
0,0,1
0,0,1
0,0.8641742,1
0,1,1
0,1,1
0,1,1
0,1,1
0,1,1
0,1,1
0,0.8594944,1
0,0,1
0,0,0
0,0,1
0,1,1
0,0,1
0,1,1
0,1,1
0,1,1
0,0,0
0,1,1
0,0,0
0,0,0
0,1,1
0,1,1
0,1,1
0,1,1
0,1,1
0,1,1
0,1,1
0,0.9287633,1
0,1,1
0,1,1
0,1,1
0,0,0
0,0,0
0,0,1
0,0.8602206,1
0,0,1
0,0,1
0,0,1
0,1,1
0,0,1
0,0.8628742,1
0,1,1
0,0,0
0,0,1
0,1,1
0,0,1
0,0,0
0,1,1
0,1,1
0,0,0
0,1,1
0,0,1
0,1,1
0,0,0
0,1,1
0,0,0
0,0,1
0,0,0
0,1,1
0,0,0
0,1,1
0,0,1
0,1,1
0,1,1
0,0.8635392,1
0,0,0
0,1,1
0,0,0
0,0,0
0,1,1
0,0,0
0,0,0
0,1,1
0,1,1
0,0,0
0,0,1
0,1,1
0,0,0
0,0,0
0,0.8663701,1
0,1,1
0,0,0
0,1,1
0,1,1
0,0,1
0,1,1
0,0.8704606,1
0,1,1
0,0,0
0,1,1
0,1,1
0,0,0
0,0,0
0,1,1
0,0,1
0,0,1
0,1,1
0,1,1
0,1,1
0,0,1
0,0,1
0,1,1
0,1,1
0,0,0
0,1,1
0,0,0
0,0,1
0,1,1
0,0,0
0,0,1
0,0,1
0,1,1
0,0,0
0,1,1
0,1,1
0,1,1
0,1,1
0,1,1
0,1,1
0,0,0
0,0.8624777,1
0,0,0
0,0.8625139,1
0,0,0
0,0,0
0,0,1
0,0,0
0,1,1
0,0,0
0,0,1
0,0,0
0,0,0
0,1,1
0,1,1
0,1,1
0,0,1
0,0,0
0,1,1
0,0,1
0,0,1
0,0,0
0,1,1
0,1,1
0,1,1
0,0,0
0,1,1
0,0,1
0,0,1
0,1,1
0,1,1
0,0,0
0,1,1
0,0.8563294,1
0,1,1
0,0,1
0,0,0
0,1,1
0,1,1
0,0,0
0,0,1
0,1,1
0,0,0
0,1,1
0,1,1
0,0,1
0,0,1
0,1,1
0,0,0
0,0,0
0,0,0
0,1,1
0,0,1
0,1,1
0,1,1
0,0,0
0,1,1
0,1,1
0,1,1
0,0,1
0,1,1
0,0.8610162,1
0,0,1
0,0,1
0,0,1
0,1,1
0,1,1
0,0,1
0,1,1
0,1,1
0,0,1
0,0,0
0,0,1
0,0,1
0,0,0
0,0,1
0,0,1
0,0,0
0,0,0
0,1,1
0,0,0
0,1,1
0,1,1
0,1,1
0,1,1
0,0,0
0,1,1
0,0,1
0,0,1
0,0.875764,1
0,0,0
0,0,1
0,0,0
0,1,1
0,0,1
0,0,1
0,0,1
0,1,1
0,0,1
0,0,0
0,0,0
0,1,1
0,1,1
0,1,1
0,0.8638591,1
0,0,0
0,1,1
0,1,1
0,1,1
0,0,0
0,1,1
0,1,1
0,0,0
0,1,1
0,0,1
0,0,1
0,1,1
0,1,1
0,1,1
0,1,1
0,0,0
0,0,0
0,1,1
0,1,1
0,1,1
0,0,1
0,1,1
0,0,0
0,1,1
0,1,1
0,0,0
0,1,1
0,0,1
0,0,0
0,1,1
0,1,1
0,0,0
0,0,0
0,1,1
0,0,1
0,1,1
0,0,0
0,0.867251,1
0,1,1
0,0,1
0,1,1
0,0,0
0,1,1
0,1,1
0,0,0
0,1,1
0,1,1
0,1,1
0,0,0
0,0.867422,1
0,1,1
0,1,1
0,0,1
0,0,0
0,1,1
0,1,1
0,0,0
0,1,1
0,0,0
0,0,0
0,0,0
0,1,1
0,1,1
0,0,1
0,1,1
0,1,1
0,1,1
0,1,1
0,1,1
0,1,1
0,0,1
0,0,1
0,1,1
0,0,1
0,1,1
0,0,0
0,0.8717655,1
0,1,1
0,0.8563995,1
0,0,1
0,1,1
0,1,1
0,0,1
0,1,1
0,1,1
0,0,1
0,0,1
0,1,1
0,1,1
0,1,1
0,0,1
0,0,0
0,1,1
0,0,1
0,1,1
0,0,0
0,1,1
0,1,1
0,0,0
0,0,0
0,1,1
0,0,1
0,0,0
0,1,1
0,1,1
0,1,1
0,0,0
0,0,0
0,1,1
0,1,1
0,1,1
0,1,1
0,1,1
0,1,1
0,0,0
0,1,1
0,1,1
0,0,1
0,1,1
0,1,1
0,0,1
0,0,1
0,0,0
0,0,0
0,0,0
0,0,0
0,0,0
0,1,1
0,1,1
0,0,1
0,0,0
0,0,0
0,1,1
0,1,1
0,0,0
0,0,1
0,0,0
0,1,1
0,0,1
0,1,1
0,0,0
0,1,1
0,0,0
0,0,1
0,1,1
0,1,1
0,0,0
0,1,1
0,1,1
0,0,0
0,0,0
0,0,1
0,1,1
0,0,1
0,0,1
0,1,1
0,1,1
0,1,1
0,1,1
0,0,0
0,0,1
0,0,1
0,0,0
0,1,1
0,0,0
0,0,1
0,1,1
0,1,1
0,0,0
0,1,1
0,0,0
0,0,1
0,1,1
0,1,1
0,1,1
0,1,1
0,1,1
0,0,1
0,1,1
0,0,0
0,0,1
0,0,0
0,1,1
0,0,0
0,0,1
0,1,1
0,1,1
0,1,1
0,1,1
0,0,1
0,1,1
0,1,1
0,0,0
0,0,1
0,1,1
0,1,1
0,0,0
0,0,1
0,1,1
0,1,1
0,1,1
0,1,1
0,0,0
0,1,1
0,1,1
0,0,1
0,1,1
0,1,1
0,1,1
0,1,1
0,0,0
0,1,1
0,0,0
0,1,1
0,0,0
0,1,1
0,1,1
0,1,1
0,1,1
0,1,1
0,0.8574957,1
0,1,1
0,1,1
0,0,1
0,0.8750057,1
0,1,1
0,1,1
0,0,0
0,0,1
0,0,0
0,0,0
0,1,1
0,1,1
0,1,1
0,0,1
0,0,0
0,0,0
0,0,1
0,1,1
0,0,1
0,1,1
0,1,1
0,1,1
0,0,0
0,1,1
0,0,0
0,1,1
0,0,0
0,1,1
0,1,1
0,1,1
0,0,1
0,1,1
0,0,1
0,0,0
0,1,1
0,0,1
0,1,1
0,1,1
0,1,1
0,1,1
0,1,1
0,0,0
0,0,0
0,1,1
0,1,1
0,1,1
0,0,1
0,0,0
0,1,1
0,1,1
0,1,1
0,0,0
0,0,0
0,0,0
0,1,1
0,1,1
0,1,1
0,1,1
0,0,1
0,0,0
0,1,1
0,1,1
0,0,0
0,1,1
0,1,1
0,0.8619884,1
0,0,1
0,0,1
0,0,1
0,1,1
0,1,1
0,0,0
0,1,1
0,1,1
0,1,1
0,1,1
0,1,1
0,1,1
0,0,0
0,1,1
0,1,1
0,1,1
0,1,1
0,0,0
0,0,1
0,0,0
0,1,1
0,1,1
0,1,1
0,0,0
0,0,0
0,1,1
0,1,1
0,1,1
0,1,1
0,0,0
0,0,1
0,0,1
0,1,1
0,0,0
0,0,0
0,1,1
0,0,0
0,1,1
0,1,1
0,1,1
0,1,1
0,1,1
0,0,0
0,0,1
0,0,1
0,0,0
0,1,1
0,0,1
0,0,0
0,1,1
0,1,1
0,0,0
0,1,1
0,0,1
0,0,1
0,1,1
0,0,1
0,0,1
0,1,1
0,1,1
0,1,1
0,1,1
0,1,1
0,1,1
0,0,0
0,0,1
0,1,1
0,1,1
0,0,0
0,1,1
0,1,1
0,0,1
0,1,1
0,0,1
0,1,1
0,1,1
0,0,1
0,1,1
0,0,0
0,0,0
0,1,1
0,1,1
0,0,1
0,0,0
0,0,0
0,0,1
0,1,1
0,1,1
0,1,1
0,1,1
0,0,0
0,0,0
0,0,1
0,0,0
0,0,1
0,0,0
0,1,1
0,0,0
0,0,0
0,0,1
0,1,1
0,0,1
0,0,1
0,0,1
0,1,1
0,1,1
0,1,1
0,1,1
0,1,1
0,1,1
0,1,1
0,0,1
0,0,0
0,1,1
0,1,1
0,0,1
0,0,1
0,1,1
0,0,1
0,0,1
0,1,1
0,1,1
0,1,1
0,0,1
0,1,1
0,0,0
0,0,1
0,0,1
0,0,1
0,1,1
0,0,0
0,1,1
0,0,1
0,0,0
0,0,1
0,1,1
0,1,1
0,1,1
0,0,1
0,1,1
0,0,0
0,1,1
0,0,0
0,1,1
0,1,1
0,1,1
0,0,1
0,1,1
0,1,1
0,1,1
0,1,1
0,0,1
0,0,0
0,0,0
0,0,1
0,1,1
0,0,0
0,0,0
0,1,1
0,0,0
0,1,1
0,0,1
0,0,1
0,0,0
0,1,1
0,0.8609396,1
0,1,1
0,0,1
0,0,0
0,0,1
0,1,1
0,0,1
0,0,0
0,1,1
0,1,1
0,0,1
0,0,0
0,1,1
0,0,1
0,1,1
0,1,1
0,0,0
0,1,1
0,0,0
0,1,1
0,1,1
0,0.8602649,1
0,1,1
0,1,1
0,0,1
0,0,1
0,0,1
0,1,1
0,1,1
0,0.8690611,1
0,0,0
0,0,1
0,0,0
0,0,0
0,0,0
0,0,1
0,0,0
0,0,0
0,0,1
0,1,1
0,0,1
0,0,1
0,0.7973638,1
0,1,1
0,1,1
0,1,1
0,1,1
0,0,1
0,1,1
0,1,1
0,1,1
0,1,1
0,0,1
0,0,1
0,0,0
0,0,0
0,1,1
0,1,1
0,0,0
0,1,1
0,0,0
0,0,1
0,1,1
0,0,1
0,0,1
0,1,1
0,1,1
0,1,1
0,0.8538345,1
0,0,0
0,1,1
0,1,1
0,0,0
0,1,1
0,0,1
0,1,1
0,0,0
0,0,1
0,1,1
0,1,1
0,1,1
0,1,1
0,0,0
0,1,1
0,1,1
0,0,0
0,0,0
0,0,0
0,0,1
0,0,0
0,1,1
0,1,1
0,0,0
0,1,1
0,1,1
0,1,1
0,1,1
0,0,0
0,0,0
0,1,1
0,1,1
0,1,1
0,0,0
0,1,1
0,1,1
0,0,0
0,1,1
0,1,1
0,1,1
0,0,0
0,1,1
0,0,0
0,1,1
0,0,0
0,0,1
0,0,1
0,0,1
0,1,1
0,1,1
0,1,1
0,0,1
0,1,1
0,0,1
0,1,1
0,0.955772,1
0,0,0
0,0,0
0,0,1
0,1,1
0,1,1
0,0,1
0,0,0
0,1,1
0,0,0
0,1,1
0,0.8557438,1
0,1,1
0,0,1
0,1,1
0,1,1
0,1,1
0,0,0
0,0,0
0,0,0
0,1,1
0,1,1
0,1,1
0,0,0
0,0,0
0,1,1
0,1,1
0,1,1
0,0,1
0,0,1
0,1,1
0,0,1
0,1,1
0,0,1
0,0.7113947,1
0,1,1
0,1,1
0,0,1
0,0,0
0,1,1
0,0,1
0,0,1
0,0,0
0,1,1
0,1,1
0,1,1
0,0,0
0,0,0
0,0,0
0,0,0
0,1,1
0,1,1
0,1,1
0,1,1
0,0,1
0,0,0
0,1,1
0,1,1
0,1,1
0,0,1
0,1,1
0,0,0
0,1,1
0,0,0
0,1,1
0,0,1
0,1,1
0,1,1
0,1,1
0,1,1
0,1,1
0,0.8831764,1
0,1,1
0,1,1
0,1,1
0,1,1
0,1,1
0,0,0
0,1,1
0,0,0
0,0,1
0,1,1
0,0,1
0,0,1
0,0,1
0,0.8969176,1
0,0,1
0,0,1
0,0,1
0,1,1
0,0,0
0,0,1
0,1,1
0,1,1
0,0.8548878,1
0,0,1
0,0,1
0,1,1
0,1,1
0,1,1
0,0,0
0,0,1
0,0,0
0,1,1
0,1,1
0,1,1
0,1,1
0,0,1
0,1,1
0,1,1
0,0,0
0,1,1
0,1,1
0,0,1
0,1,1
0,1,1
0,1,1
0,1,1
0,0,1
0,1,1
0,0,0
0,0,1
0,1,1
0,0.86859,1
0,0,1
0,1,1
0,1,1
0,1,1
0,0,0
0,0.8958589,1
0,1,1
0,1,1
0,0,0
0,0,1
0,1,1
0,1,1
0,0,1
0,1,1
0,1,1
0,1,1
0,1,1
0,1,1
0,1,1
0,1,1
0,0,0
0,1,1
0,1,1
0,1,1
0,0,1
0,0,1
0,1,1
0,1,1
0,0,0
0,0,1
0,0,0
0,0,0
0,0,0
0,1,1
0,0,0
0,1,1
0,1,1
0,1,1
0,0,1
0,1,1
0,0,1
0,0.8644753,1
0,1,1
0,0,1
0,0,0
0,0,0
0,0,0
0,0.8628387,1
0,1,1
0,1,1
0,0,1
0,0,1
0,1,1
0,0,0
0,0.8645277,1
0,1,1
0,0,1
0,1,1
0,1,1
0,1,1
0,1,1
0,1,1
0,1,1
0,0,0
0,1,1
0,0,1
0,0,1
0,0,1
0,0,0
0,0,0
0,1,1
0,1,1
0,0,0
0,0,1
0,1,1
0,0,1
0,1,1
0,1,1
0,1,1
0,1,1
0,1,1
0,1,1
0,0,0
0,1,1
0,0,0
0,0,0
0,1,1
0,0,1
0,1,1
0,1,1
0,0,1
0,1,1
0,0,0
0,1,1
0,1,1
0,0,1
0,1,1
0,1,1
0,1,1
0,0,0
0,1,1
0,1,1
0,1,1
0,1,1
0,1,1
0,0,1
0,1,1
0,0,0
0,1,1
0,1,1
0,0,0
0,1,1
0,1,1
0,1,1
0,1,1
0,1,1
0,1,1
0,1,1
0,1,1
0,1,1
0,1,1
0,1,1
0,1,1
0,0,0
0,1,1
0,0,1
0,0,0
0,0,0
0,0,0
0,0,1
0,0,1
0,0,0
0,1,1
0,1,1
0,1,1
0,0,0
0,1,1
0,0,1
0,0.8765708,1
0,1,1
0,1,1
0,1,1
0,0,0
0,1,1
0,0,1
0,0,0
0,0.8589615,1
0,0,0
0,0,1
0,1,1
0,0,1
0,0,0
0,1,1
0,0,0
0,0,0
0,1,1
0,0,0
0,0,0
0,0,0
0,1,1
0,0,1
0,1,1
0,0.8584205,1
0,0,0
0,0,1
0,1,1
0,1,1
0,0,0
0,0,1
0,1,1
0,1,1
0,1,1
0,0,0
0,1,1
0,0,1
0,0,0
0,0,1
0,1,1
0,1,1
0,0,0
0,1,1
0,1,1
0,0.8750118,1
0,1,1
0,0,0
0,0,0
0,1,1
0,1,1
0,0,0
0,1,1
0,0,0
0,0,0
0,0,1
0,1,1
0,0,1
0,0,0
0,1,1
0,1,1
0,0,0
0,1,1
0,1,1
0,1,1
0,0,0
0,0,1
0,0.857927,1
0,1,1
0,1,1
0,0.8692032,1
0,0,0
0,0,0
0,0,0
0,1,1
0,1,1
0,1,1
0,0,1
0,1,1
0,1,1
0,1,1
0,0,1
0,0,0
0,0,0
0,0,0
0,0,0
0,1,1
0,0,0
0,1,1
0,0,0
0,0,1
0,0,0
0,0,0
0,1,1
0,0.8556923,1
0,1,1
0,1,1
0,1,1
0,0,0
0,1,1
0,1,1
0,1,1
0,1,1
0,0,0
0,1,1
0,1,1
0,0,1
0,1,1
0,1,1
0,1,1
0,1,1
0,1,1
0,1,1
0,0,0
0,1,1
0,1,1
0,1,1
0,1,1
0,1,1
0,0,0
0,0.864612,1
0,1,1
0,1,1
0,0,1
0,1,1
0,0,0
0,1,1
0,0,1
0,1,1
0,0,1
0,0,1
0,0,0
0,0,0
0,1,1
0,1,1
0,0.861205,1
0,1,1
0,1,1
0,0,1
0,0,0
0,0,0
0,0,1
0,1,1
0,0,0
0,1,1
0,1,1
0,1,1
0,1,1
0,1,1
0,1,1
0,1,1
0,0,1
0,1,1
0,1,1
0,0,0
0,0,0
0,1,1
0,0,1
0,1,1
0,1,1
0,1,1
0,1,1
0,0,0
0,0,0
0,0,1
0,0,0
0,1,1
0,1,1
0,1,1
0,0,1
0,1,1
0,1,1
0,1,1
0,0.8573978,1
0,0,1
0,0,0
0,0,0
0,1,1
0,0,1
0,0,0
0,1,1
0,1,1
0,0,0
0,0,0
0,0,0
0,1,1
0,0,0
0,1,1
0,1,1
0,1,1
0,0,0
0,1,1
0,0,1
0,1,1
0,1,1
0,0,1
0,1,1
0,0,0
0,0,0
0,0,0
0,1,1
0,1,1
0,1,1
0,0,0
0,1,1
0,1,1
0,1,1
0,0,1
0,0.7074432,1
0,0,1
0,1,1
0,0,1
0,0,1
0,0,0
0,0,1
0,1,1
0,0,1
0,0,0
0,0,1
0,0,0
0,0.7546136,1
0,1,1
0,1,1
0,0,0
0,0,0
0,0,0
0,1,1
0,0,0
0,1,1
0,0,1
0,1,1
0,1,1
0,0,0
0,0,0
0,1,1
0,0,0
0,1,1
0,0,1
0,0,1
0,0,0
0,0,0
0,1,1
0,1,1
0,1,1
0,1,1
0,0,1
0,1,1
0,1,1
0,1,1
0,1,1
0,1,1
0,0,0
0,1,1
0,0,0
0,1,1
0,0,1
0,1,1
0,1,1
0,0,1
0,1,1
0,1,1
0,0,1
0,0,0
0,1,1
0,1,1
0,1,1
0,1,1
0,0,0
0,1,1
0,0,0
0,1,1
0,0,1
0,0.8671719,1
0,0,1
0,1,1
0,1,1
0,1,1
0,1,1
0,0,1
0,0,0
0,0,1
0,0,0
0,1,1
0,1,1
0,1,1
0,0,1
0,1,1
0,1,1
0,0,0
0,0,1
0,1,1
0,1,1
0,1,1
0,1,1
0,0,0
0,0,0
0,0,0
0,0.8569685,1
0,0,0
0,1,1
0,1,1
0,1,1
0,0,0
0,0,0
0,0,0
0,1,1
0,0,1
0,1,1
0,1,1
0,0,0
0,1,1
0,0,1
0,0,1
0,1,1
0,0,0
0,0,0
0,0,1
0,1,1
0,0,0
0,0,0
0,0,0
0,0,1
0,1,1
0,0,1
0,0,0
0,1,1
0,0,1
0,1,1
0,1,1
0,1,1
0,0,0
0,0,0
0,1,1
0,0,1
0,0,0
0,0,1
0,1,1
0,0,1
0,0,1
0,1,1
0,0,1
0,0,1
0,0,0
0,1,1
0,1,1
0,1,1
0,1,1
0,0,1
0,1,1
0,0,1
0,0,1
0,0,0
0,1,1
0,1,1
0,0,0
0,1,1
0,0,0
0,1,1
0,1,1
0,0,0
0,1,1
0,1,1
0,1,1
0,0,0
0,1,1
0,1,1
0,1,1
0,0.863346,1
0,0,1
0,1,1
0,0,1
0,1,1
0,1,1
0,0,0
0,0,1
0,0,0
0,0.8628768,1
0,0,0
0,1,1
0,0,0
0,1,1
0,0,0
0,1,1
0,1,1
0,0,1
0,0,1
0,1,1
0,1,1
0,0.8644985,1
0,0,1
0,0,0
0,0,0
0,0,0
0,0,0
0,0,0
0,1,1
0,1,1
0,1,1
0,1,1
0,1,1
0,1,1
0,1,1
0,0,1
0,0,1
0,0,1
0,1,1
0,1,1
0,0,1
0,1,1
0,1,1
0,0,1
0,1,1
0,1,1
0,0,0
0,1,1
0,0,0
0,1,1
0,0,1
0,1,1
0,1,1
0,1,1
0,1,1
0,1,1
0,0.8530469,1
0,0,0
0,1,1
0,0,0
0,1,1
0,1,1
0,0,1
0,0,1
0,0.8571829,1
0,0,1
0,1,1
0,0,1
0,1,1
0,0,0
0,1,1
0,0.7358884,1
0,0,0
0,1,1
0,0.8561181,1
0,1,1
0,0,0
0,0,0
0,1,1
0,1,1
0,0,0
0,0,0
0,0,0
0,0.8642007,1
0,0,0
0,1,1
0,1,1
0,1,1
0,1,1
0,1,1
0,0,1
0,1,1
0,1,1
0,1,1
0,1,1
0,0,1
0,1,1
0,1,1
0,0,0
0,0,1
0,1,1
0,1,1
0,0,1
0,1,1
0,0,0
0,0,1
0,1,1
0,1,1
0,1,1
0,0.7759452,1
0,0.8543469,1
0,0,0
0,0,0
0,0,1
0,1,1
0,0,0
0,1,1
0,0,0
0,1,1
0,1,1
0,1,1
0,1,1
0,1,1
0,0,1
0,1,1
0,0,0
0,0,0
0,1,1
0,0,0
0,1,1
0,0,0
0,0,0
0,0,1
0,1,1
0,0,0
0,1,1
0,0,0
0,0,1
0,0,0
0,0,1
0,1,1
0,0,1
0,1,1
0,0,1
0,1,1
0,1,1
0,1,1
0,1,1
0,1,1
0,1,1
0,1,1
0,0,0
0,0,1
0,1,1
0,1,1
0,1,1
0,0,1
0,0.7157391,1
0,1,1
0,0,0
0,1,1
0,0.8617433,1
0,1,1
0,1,1
0,0,0
0,0,0
0,0.7105907,1
0,0,1
0,1,1
0,1,1
0,0,0
0,0,0
0,0,1
0,0.8713821,1
0,1,1
0,0,0
0,1,1
0,0,0
0,0,0
0,0.8548609,1
0,0,1
0,1,1
0,1,1
0,1,1
0,1,1
0,0,1
0,0,0
0,0,0
0,0,1
0,1,1
0,1,1
0,1,1
0,1,1
0,1,1
0,0,1
0,1,1
0,0,0
0,1,1
0,1,1
0,1,1
0,1,1
0,1,1
0,0,1
0,0,0
0,1,1
0,1,1
0,1,1
0,1,1
0,1,1
0,1,1
0,0.866179,1
0,1,1
0,0,1
0,0,1
0,1,1
0,1,1
0,0,0
0,0,0
0,0,0
0,0,0
0,1,1
0,1,1
0,0,1
0,0,1
0,1,1
0,0,0
0,1,1
0,1,1
0,1,1
0,1,1
0,1,1
0,1,1
0,0,0
0,0,1
0,1,1
0,0,1
0,1,1
0,0,0
0,0,0
0,0,1
0,1,1
0,0,0
0,0,0
0,1,1
0,0,0
0,1,1
0,0,0
0,0,0
0,0,1
0,1,1
0,1,1
0,1,1
0,1,1
0,1,1
0,0,0
0,1,1
0,1,1
0,0.8477858,1
0,0,1
0,1,1
0,0,0
0,1,1
0,1,1
0,1,1
0,0.8684736,1
0,1,1
0,0,0
0,1,1
0,1,1
0,1,1
0,0,0
0,0,1
0,1,1
0,0,0
0,0.8672335,1
0,1,1
0,0,1
0,1,1
0,1,1
0,1,1
0,1,1
0,0,1
0,1,1
0,0,0
0,0,1
0,1,1
0,0.864725,1
0,1,1
0,1,1
0,1,1
0,1,1
0,1,1
0,0,0
0,1,1
0,1,1
0,1,1
0,1,1
0,0.8369335,1
0,0,0
0,0.7868148,1
0,1,1
0,0,1
0,0,1
0,0,0
0,1,1
0,1,1
0,1,1
0,0,0
0,1,1
0,1,1
0,0,1
0,1,1
0,0,1
0,0,1
0,1,1
0,1,1
0,1,1
0,0,0
0,0,1
0,0,0
0,1,1
0,0.8746232,1
0,0.8601571,1
0,1,1
0,1,1
0,1,1
0,0,0
0,0,0
0,0,0
0,1,1
0,1,1
0,0,0
0,0,1
0,0,1
0,1,1
0,0,1
0,0,1
0,0,1
0,0,0
0,0,0
0,1,1
0,1,1
0,0,1
0,0,1
0,0,0
0,0,1
0,1,1
0,1,1
0,0,0
0,0,0
0,1,1
0,0,0
0,1,1
0,0,1
0,0,1
0,1,1
0,1,1
0,0,1
0,0,0
0,0,1
0,0.8715609,1
0,0,0
0,1,1
0,1,1
0,1,1
0,0,0
0,0,0
0,1,1
0,1,1
0,1,1
0,0,1
0,0,0
0,1,1
0,0,1
0,1,1
0,0,0
0,0,0
0,0,0
0,0,0
0,1,1
0,0,0
0,1,1
0,0,1
0,1,1
0,1,1
0,1,1
0,1,1
0,1,1
0,1,1
0,0,0
0,0,0
0,0,1
0,0,1
0,0,1
0,1,1
0,1,1
0,0,0
0,0,0
0,1,1
0,0,0
0,0,1
0,1,1
0,1,1
0,1,1
0,0,0
0,0,1
0,1,1
0,0,0
0,0,1
0,1,1
0,1,1
0,0,1
0,1,1
0,0,1
0,1,1
0,0.7434642,1
0,0,0
0,1,1
0,0,0
0,1,1
0,1,1
0,1,1
0,0,1
0,1,1
0,0,1
0,0,1
0,1,1
0,1,1
0,1,1
0,0,0
0,0,0
0,0,0
0,0,0
0,0,1
0,1,1
0,1,1
0,0,1
0,1,1
0,1,1
0,1,1
0,1,1
0,0,1
0,1,1
0,1,1
0,0,1
0,0,0
0,0,1
0,0,1
0,0,0
0,0,0
0,1,1
0,1,1
0,0,0
0,0,0
0,0.8545392,1
0,1,1
0,0,1
0,1,1
0,0,1
0,1,1
0,0,0
0,0,0
0,0,1
0,0,0
0,1,1
0,1,1
0,0,0
0,1,1
0,0,0
0,0,0
0,0,1
0,0,0
0,1,1
0,0,1
0,0,0
0,0,0
0,1,1
0,0,0
0,0,0
0,1,1
0,1,1
0,1,1
0,0,1
0,0,1
0,0,0
0,0,0
0,1,1
0,0,1
0,1,1
0,1,1
0,1,1
0,1,1
0,0,0
0,0,1
0,0,1
0,1,1
0,0,0
0,1,1
0,1,1
0,1,1
0,0,0
0,1,1
0,0,1
0,1,1
0,1,1
0,0,1
0,0,0
0,1,1
0,1,1
0,1,1
0,1,1
0,1,1
0,1,1
0,1,1
0,0,1
0,1,1
0,0,1
0,1,1
0,1,1
0,0,0
0,1,1
0,1,1
0,1,1
0,0,1
0,0,0
0,0.8670021,1
0,1,1
0,0.8512614,1
0,1,1
0,1,1
0,1,1
0,1,1
0,0,1
0,0,1
0,1,1
0,1,1
0,0,1
0,0,0
0,1,1
0,1,1
0,0,0
0,0.8650841,1
0,1,1
0,1,1
0,0,1
0,0.8685308,1
0,1,1
0,1,1
0,1,1
0,1,1
0,1,1
0,0,0
0,1,1
0,1,1
0,0,0
0,0,1
0,1,1
0,0,0
0,1,1
0,0,0
0,1,1
0,1,1
0,0,1
0,1,1
0,1,1
0,0,1
0,1,1
0,1,1
0,1,1
0,1,1
0,1,1
0,1,1
0,0,0
0,0,0
0,0,0
0,0,1
0,1,1
0,0.8630244,1
0,1,1
0,1,1
0,1,1
0,1,1
0,0,1
0,1,1
0,1,1
0,0,0
0,1,1
0,0,0
0,1,1
0,0,1
0,0,0
0,1,1
0,1,1
0,1,1
0,0,1
0,1,1
0,1,1
0,0,0
0,1,1
0,0,0
0,0,1
0,1,1
0,1,1
0,0,0
0,1,1
0,0,1
0,1,1
0,0,0
0,1,1
0,1,1
0,1,1
0,0.7494166,1
0,0,0
0,0,0
0,1,1
0,0.8633103,1
0,0,0
0,1,1
0,0,1
0,1,1
0,1,1
0,1,1
0,1,1
0,0,1
0,1,1
0,1,1
0,1,1
0,1,1
0,1,1
0,0,0
0,1,1
0,1,1
0,0,1
0,0,0
0,0,1
0,0,1
0,0,1
0,1,1
0,0,0
0,0,0
0,1,1
0,0,1
0,0,0
0,1,1
0,0,1
0,0,1
0,0,0
0,0.8210994,1
0,1,1
0,1,1
0,1,1
0,1,1
0,1,1
0,0,0
0,1,1
0,1,1
0,0,1
0,1,1
0,1,1
0,0,0
0,0,0
0,1,1
0,0,1
0,0,1
0,0,0
0,0,1
0,0,0
0,0,0
0,1,1
0,1,1
0,0,1
0,1,1
0,1,1
0,1,1
0,1,1
0,1,1
0,1,1
0,0,0
0,1,1
0,1,1
0,1,1
0,0,1
0,1,1
0,0,0
0,1,1
0,0,1
0,1,1
0,1,1
0,0.855666,1
0,1,1
0,1,1
0,0,0
0,1,1
0,1,1
0,1,1
0,0,0
0,1,1
0,1,1
0,1,1
0,0,1
0,1,1
0,0,0
0,0,0
0,1,1
0,1,1
0,1,1
0,0,1
0,1,1
0,0,1
0,0,0
0,1,1
0,1,1
0,0,0
0,0,0
0,0,1
0,0,0
0,0,0
0,0,0
0,0,1
0,0,1
0,0,0
0,1,1
0,1,1
0,1,1
0,1,1
0,0,1
0,0,0
0,1,1
0,0.8464693,1
0,0,0
0,1,1
0,0,0
0,0,0
0,1,1
0,0.8653828,1
0,1,1
0,1,1
0,0,0
0,1,1
0,1,1
0,0,0
0,0,0
0,1,1
0,1,1
0,1,1
0,0,0
0,0,1
0,0,0
0,1,1
0,1,1
0,1,1
0,1,1
0,1,1
0,0,1
0,1,1
0,1,1
0,1,1
0,1,1
0,1,1
0,0,1
0,0,0
0,1,1
0,0,1
0,1,1
0,1,1
0,1,1
0,0,0
0,0,0
0,0,1
0,1,1
0,0,0
0,1,1
0,0,0
0,1,1
0,1,1
0,1,1
0,0,0
0,0,0
0,1,1
0,1,1
0,1,1
0,0,1
0,1,1
0,1,1
0,1,1
0,1,1
0,0.8658019,1
0,1,1
0,0,1
0,1,1
0,0,0
0,1,1
0,1,1
0,1,1
0,1,1
0,1,1
0,0.9734224,1
0,1,1
0,1,1
0,1,1
0,1,1
0,1,1
0,1,1
0,1,1
0,0,1
0,1,1
0,0,0
0,0,1
0,1,1
0,0,1
0,1,1
0,0,0
0,0,1
0,1,1
0,1,1
0,0.7516786,1
0,0,1
0,1,1
0,0,0
0,0,1
0,0,0
0,1,1
0,1,1
0,1,1
0,0,0
0,1,1
0,0,1
0,0,0
0,1,1
0,0,0
0,1,1
0,0,0
0,0,1
0,0.8598722,1
0,0,1
0,0,0
0,1,1
0,0,1
0,0,1
0,1,1
0,0,1
0,1,1
0,0,0
0,0,0
0,0,0
0,1,1
0,1,1
0,0,1
0,0,0
0,1,1
0,1,1
0,1,1
0,1,1
0,0,0
0,0,0
0,0,1
0,1,1
0,1,1
0,1,1
0,1,1
0,1,1
0,0,0
0,0,0
0,1,1
0,1,1
0,0,0
0,0,1
0,0,0
0,1,1
0,1,1
0,0.8675991,1
0,1,1
0,1,1
0,1,1
0,1,1
0,1,1
0,1,1
0,1,1
0,1,1
0,1,1
0,0,0
0,1,1
0,0,0
0,1,1
0,1,1
0,0,0
0,0.8579478,1
0,1,1
0,1,1
0,0,0
0,0,0
0,1,1
0,0,1
0,0,0
0,1,1
0,1,1
0,1,1
0,1,1
0,1,1
0,0,1
0,1,1
0,0,1
0,0,1
0,0,1
0,0,1
0,1,1
0,1,1
0,0,0
0,1,1
0,0,0
0,0,0
0,1,1
0,1,1
0,1,1
0,1,1
0,1,1
0,0,1
0,0,1
0,1,1
0,1,1
0,0,0
0,1,1
0,1,1
0,1,1
0,0,1
0,1,1
0,0,0
0,0,0
0,1,1
0,1,1
0,1,1
0,0,0
0,1,1
0,1,1
0,1,1
0,0,1
0,1,1
0,0,1
0,1,1
0,0,1
0,1,1
0,0,1
0,1,1
0,0,0
0,1,1
0,1,1
0,1,1
0,1,1
0,0,1
0,1,1
0,0,1
0,1,1
0,1,1
0,1,1
0,0,1
0,0,1
0,1,1
0,1,1
0,1,1
0,1,1
0,0,0
0,1,1
0,0.8619262,1
0,1,1
0,0,0
0,1,1
0,0,0
0,1,1
0,1,1
0,1,1
0,1,1
0,1,1
0,1,1
0,0,0
0,1,1
0,0,1
0,0,0
0,1,1
0,0,1
0,0,0
0,0,0
0,1,1
0,1,1
0,0,1
0,1,1
0,0,0
0,0,1
0,0,0
0,0,0
0,1,1
0,1,1
0,0,0
0,0,1
0,1,1
0,1,1
0,0,1
0,0,0
0,1,1
0,0,1
0,1,1
0,0,1
0,1,1
0,0,0
0,1,1
0,0,1
0,1,1
0,0,0
0,1,1
0,0.8815482,1
0,1,1
0,0,1
0,1,1
0,1,1
0,0,0
0,0,0
0,0,0
0,1,1
0,0,0
0,0,0
0,1,1
0,0,0
0,1,1
0,0,0
0,1,1
0,1,1
0,0,0
0,1,1
0,1,1
0,1,1
0,0.8626584,1
0,1,1
0,1,1
0,1,1
0,1,1
0,1,1
0,1,1
0,1,1
0,1,1
0,1,1
0,1,1
0,0,1
0,1,1
0,0,0
0,0,0
0,1,1
0,1,1
0,1,1
0,0.7060391,1
0,1,1
0,1,1
0,0,0
0,1,1
0,0,0
0,1,1
0,1,1
0,0,0
0,1,1
0,0,1
0,1,1
0,1,1
0,1,1
0,0,1
0,0,0
0,0,1
0,1,1
0,1,1
0,1,1
0,1,1
0,1,1
0,1,1
0,1,1
0,1,1
0,0,0
0,0,0
0,0,0
0,1,1
0,1,1
0,1,1
0,1,1
0,1,1
0,1,1
0,0,0
0,0,1
0,1,1
0,1,1
0,1,1
0,1,1
0,0,0
0,1,1
0,1,1
0,0,0
0,0,0
0,0,0
0,0.8729669,1
0,0,1
0,0.8638183,1
0,1,1
0,0,0
0,1,1
0,1,1
0,1,1
0,1,1
0,0,0
0,1,1
0,1,1
0,0,0
0,1,1
0,1,1
0,1,1
0,1,1
0,1,1
0,1,1
0,0,1
0,0,0
0,0,0
0,1,1
0,0,1
0,0,0
0,0,0
0,1,1
0,0,1
0,0,1
0,0,1
0,0,0
0,0,1
0,0,0
0,0,1
0,1,1
0,0,0
0,0,1
0,0,1
0,0,0
0,1,1
0,1,1
0,0,0
0,0,0
0,0,1
0,0,0
0,0,0
0,0,1
0,1,1
0,1,1
0,1,1
0,0,1
0,1,1
0,1,1
0,0,1
0,1,1
0,0,1
0,1,1
0,0.8910928,1
0,1,1
0,0,0
0,1,1
0,0,0
0,0,0
0,0,0
0,1,1
0,0,1
0,0,1
0,0.8648071,1
0,0,1
0,0,0
0,1,1
0,0,1
0,0,0
0,1,1
0,1,1
0,0,0
0,0,1
0,0,1
0,0,1
0,0,0
0,1,1
0,1,1
0,1,1
0,1,1
0,1,1
0,1,1
0,1,1
0,1,1
0,0,1
0,1,1
0,0,0
0,0,1
0,0,1
0,1,1
0,0,0
0,1,1
0,1,1
0,0,0
0,0,1
0,1,1
0,1,1
0,1,1
0,1,1
0,1,1
0,0,1
0,1,1
0,1,1
0,1,1
0,0,0
0,1,1
0,1,1
0,0,1
0,0,1
0,1,1
0,1,1
0,0,0
0,1,1
0,0,0
0,1,1
0,1,1
0,1,1
0,1,1
0,0,1
0,0,1
0,1,1
0,1,1
0,0,0
0,1,1
0,1,1
0,0,0
0,1,1
0,0,0
0,0,0
0,1,1
0,1,1
0,1,1
0,0,1
0,0,0
0,1,1
0,1,1
0,1,1
0,0,0
0,1,1
0,0,0
0,1,1
0,0,0
0,1,1
0,0,0
0,0,1
0,1,1
0,0,1
0,0,0
0,1,1
0,1,1
0,1,1
0,0,0
0,0,0
0,0,1
0,0,1
0,1,1
0,1,1
0,1,1
0,1,1
0,0,0
0,0,1
0,1,1
0,0,0
0,1,1
0,0,0
0,1,1
0,1,1
0,0,1
0,0,0
0,1,1
0,1,1
0,0,1
0,1,1
0,1,1
0,0,1
0,1,1
0,0,1
0,0,1
0,0.8582298,1
0,1,1
0,0,0
0,1,1
0,1,1
0,1,1
0,1,1
0,1,1
0,0,0
0,0,0
0,1,1
0,0,1
0,1,1
0,0,0
0,1,1
0,1,1
0,0,1
0,0,1
0,0,0
0,1,1
0,0,1
0,0,1
0,1,1
0,0,0
0,0,0
0,1,1
0,1,1
0,1,1
0,1,1
0,1,1
0,0,0
0,1,1
0,0,0
0,0,1
0,0,0
0,1,1
0,1,1
0,1,1
0,1,1
0,1,1
0,1,1
0,0,0
0,1,1
0,0,0
0,1,1
0,0,1
0,0,1
0,0.7748016,1
0,1,1
0,0,0
0,1,1
0,0,0
0,1,1
0,1,1
0,1,1
0,1,1
0,1,1
0,0,1
0,1,1
0,1,1
0,0,0
0,1,1
0,0,0
0,1,1
0,0,0
0,0,0
0,0,0
0,1,1
0,1,1
0,1,1
0,0,1
0,1,1
0,0,0
0,0,0
0,0,1
0,0,1
0,0,0
0,1,1
0,1,1
0,1,1
0,1,1
0,0,0
0,1,1
0,1,1
0,1,1
0,0,0
0,0.8672861,1
0,0,0
0,1,1
0,1,1
0,0,0
0,1,1
0,0,0
0,1,1
0,1,1
0,1,1
0,1,1
0,0,0
0,0,1
0,1,1
0,1,1
0,0,1
0,1,1
0,1,1
0,1,1
0,0,1
0,0,1
0,1,1
0,1,1
0,1,1
0,0,1
0,0,1
0,1,1
0,0,1
0,1,1
0,1,1
0,1,1
0,0,1
0,1,1
0,1,1
0,1,1
0,1,1
0,0,0
0,1,1
0,1,1
0,0,0
0,0,1
0,0,1
0,0,1
0,0,1
0,1,1
0,0,0
0,1,1
0,1,1
0,0,0
0,1,1
0,1,1
0,1,1
0,0,1
0,1,1
0,1,1
0,1,1
0,0,1
0,1,1
0,1,1
0,0,0
0,1,1
0,0,1
0,0,0
0,0,1
0,1,1
0,1,1
0,1,1
0,1,1
0,1,1
0,1,1
0,1,1
0,1,1
0,1,1
0,1,1
0,1,1
0,0,0
0,1,1
0,1,1
0,1,1
0,0,0
0,0,1
0,0,0
0,0,0
0,1,1
0,1,1
0,1,1
0,1,1
0,1,1
0,0,1
0,1,1
0,1,1
0,1,1
0,0.8772707,1
0,1,1
0,0,1
0,1,1
0,1,1
0,0,0
0,1,1
0,1,1
0,1,1
0,0,0
0,1,1
0,0,0
0,1,1
0,0,0
0,1,1
0,0,0
0,1,1
0,0,0
0,1,1
0,1,1
0,1,1
0,0,1
0,0,0
0,1,1
0,1,1
0,0,0
0,0,0
0,0,1
0,1,1
0,0,0
0,1,1
0,1,1
0,0,1
0,0,1
0,1,1
0,1,1
0,0,1
0,0,1
0,1,1
0,1,1
0,0,1
0,1,1
0,1,1
0,1,1
0,1,1
0,1,1
0,1,1
0,1,1
0,1,1
0,0,0
0,0.8963245,1
0,1,1
0,0,0
0,0,1
0,1,1
0,0,0
0,0,0
0,1,1
0,1,1
0,1,1
0,1,1
0,1,1
0,1,1
0,1,1
0,0,0
0,1,1
0,0,0
0,1,1
0,0,0
0,0,0
0,1,1
0,1,1
0,1,1
0,1,1
0,1,1
0,1,1
0,1,1
0,1,1
0,0,1
0,1,1
0,0.8644607,1
0,0,0
0,1,1
0,1,1
0,0,0
0,1,1
0,1,1
0,0,1
0,1,1
0,1,1
0,1,1
0,0,0
0,1,1
0,1,1
0,0.8262864,1
0,1,1
0,1,1
0,0,1
0,1,1
0,1,1
0,0.7937433,1
0,0,1
0,1,1
0,0,0
0,0.860647,1
0,1,1
0,0.7473966,1
0,0,1
0,0,0
0,0,0
0,1,1
0,1,1
0,0,0
0,1,1
0,1,1
0,1,1
0,0,0
0,0,1
0,0,0
0,0,0
0,1,1
0,1,1
0,1,1
0,0,1
0,1,1
0,0,1
0,0,1
0,1,1
0,0,0
0,0.824957,1
0,0,0
0,1,1
0,1,1
0,0,0
0,1,1
0,0.8180863,1
0,1,1
0,1,1
0,1,1
0,0.8633543,1
0,1,1
0,1,1
0,0,1
0,1,1
0,1,1
0,0,1
0,0,1
0,0,0
0,0,0
0,1,1
0,1,1
0,0,0
0,0,0
0,1,1
0,0,0
0,1,1
0,1,1
0,1,1
0,1,1
0,1,1
0,1,1
0,1,1
0,0,0
0,1,1
0,0,0
0,1,1
0,0,0
0,0,0
0,0,0
0,1,1
0,0,0
0,1,1
0,1,1
0,1,1
0,1,1
0,0,0
0,1,1
0,1,1
0,0,1
0,0,0
0,0,0
0,1,1
0,1,1
0,0,0
0,1,1
0,0,0
0,1,1
0,1,1
0,0.859852,1
0,0,1
0,1,1
0,0,1
0,0,0
0,0,0
0,1,1
0,1,1
0,1,1
0,1,1
0,1,1
0,1,1
0,0,0
0,1,1
0,1,1
0,0,1
0,1,1
0,1,1
0,1,1
0,1,1
0,0,0
0,0,1
0,1,1
0,0,1
0,1,1
0,1,1
0,1,1
0,1,1
0,1,1
0,1,1
0,0,0
0,0,1
0,1,1
0,1,1
0,1,1
0,1,1
0,1,1
0,0,0
0,1,1
0,1,1
0,0,1
0,1,1
0,0,1
0,1,1
0,1,1
0,1,1
0,0,0
0,0,0
0,0,0
0,0,1
0,1,1
0,1,1
0,1,1
0,1,1
0,1,1
0,1,1
0,1,1
0,1,1
0,1,1
0,0.8656245,1
0,0,1
0,0,0
0,1,1
0,0,0
0,0,1
0,0,0
0,1,1
0,0,1
0,0,0
0,1,1
0,0,1
0,0,0
0,0,0
0,0,1
0,1,1
0,1,1
0,0,0
0,0,0
0,0,0
0,0,1
0,0,0
0,1,1
0,1,1
0,1,1
0,0,0
0,0,0
0,1,1
0,0,0
0,0,1
0,1,1
0,1,1
0,0,0
0,1,1
0,1,1
0,0,0
0,0,1
0,1,1
0,1,1
0,1,1
0,0,0
0,1,1
0,0,0
0,0,1
0,0,0
0,0,1
0,1,1
0,0,1
0,0,1
0,0,1
0,0,1
0,1,1
0,1,1
0,1,1
0,1,1
0,1,1
0,0,0
0,0,1
0,0,0
0,1,1
0,0,1
0,1,1
0,0,0
0,1,1
0,1,1
0,1,1
0,1,1
0,1,1
0,0,0
0,1,1
0,0,0
0,0,1
0,1,1
0,1,1
0,1,1
0,1,1
0,1,1
0,0,0
0,1,1
0,0,0
0,0,0
0,1,1
0,0.7251872,1
0,1,1
0,0,0
0,0,0
0,0,1
0,1,1
0,1,1
0,0,1
0,1,1
0,1,1
0,1,1
0,0,1
0,1,1
0,0.8552898,1
0,1,1
0,1,1
0,0,0
0,1,1
0,0,1
0,1,1
0,1,1
0,1,1
0,1,1
0,0.8615273,1
0,0,1
0,0,1
0,0,1
0,1,1
0,1,1
0,1,1
0,1,1
0,1,1
0,0.7417208,1
0,0,1
0,0,1
0,0,1
0,0,0
0,0,0
0,1,1
0,0,0
0,1,1
0,1,1
0,0,1
0,1,1
0,1,1
0,1,1
0,1,1
0,1,1
0,1,1
0,0,1
0,0,0
0,1,1
0,1,1
0,0,0
0,1,1
0,1,1
0,0,0
0,0,1
0,0.8036165,1
0,0,0
0,0,1
0,0,1
0,1,1
0,0.7597023,1
0,0,1
0,0,0
0,0,0
0,1,1
0,1,1
0,1,1
0,1,1
0,1,1
0,0,0
0,0,1
0,1,1
0,0,1
0,0,1
0,0,0
0,1,1
0,0,0
0,1,1
0,1,1
0,1,1
0,1,1
0,1,1
0,0,0
0,0,0
0,1,1
0,1,1
0,1,1
0,0,0
0,1,1
0,1,1
0,0,1
0,0,0
0,0,0
0,1,1
0,1,1
0,1,1
0,0,1
0,0,0
0,1,1
0,1,1
0,0,1
0,1,1
0,0,0
0,1,1
0,0,1
0,1,1
0,0,0
0,0,1
0,1,1
0,0,0
0,1,1
0,1,1
0,1,1
0,0,1
0,1,1
0,1,1
0,1,1
0,1,1
0,1,1
0,0,0
0,0,0
0,0,0
0,0,0
0,1,1
0,0,1
0,0,0
0,0,1
0,1,1
0,1,1
0,1,1
0,1,1
0,0,1
0,1,1
0,0,0
0,1,1
0,0,0
0,1,1
0,1,1
0,1,1
0,1,1
0,0,0
0,1,1
0,0,0
0,1,1
0,0,0
0,1,1
0,1,1
0,1,1
0,0,0
0,0,1
0,1,1
0,0,1
0,1,1
0,1,1
0,0,1
0,1,1
0,1,1
0,1,1
0,1,1
0,0,1
0,0,0
0,0,1
0,1,1
0,0,1
0,0,0
0,1,1
0,1,1
0,1,1
0,1,1
0,0,1
0,1,1
0,1,1
0,1,1
0,1,1
0,0,0
0,0,0
0,0,0
0,1,1
0,0,0
0,1,1
0,0,1
0,0,1
0,1,1
0,0,1
0,0,0
0,1,1
0,0,1
0,0,1
0,1,1
0,0,0
0,1,1
0,0,1
0,0,0
0,1,1
0,0,1
0,1,1
0,1,1
0,1,1
0,1,1
0,0.8629578,1
0,1,1
0,1,1
0,1,1
0,1,1
0,1,1
0,1,1
0,0,0
0,0,0
0,0,0
0,0,1
0,1,1
0,0,0
0,1,1
0,1,1
0,1,1
0,1,1
0,1,1
0,1,1
0,1,1
0,1,1
0,1,1
0,0,0
0,0,1
0,1,1
0,0,0
0,0,0
0,0,0
0,0,0
0,0,1
0,1,1
0,1,1
0,1,1
0,0,0
0,0.8172127,1
0,0,1
0,0,0
0,1,1
0,0.8656837,1
0,1,1
0,0,1
0,1,1
0,0,1
0,0,0
0,1,1
0,0,1
0,1,1
0,0.8570272,1
0,0,0
0,0,0
0,1,1
0,0,1
0,0,0
0,1,1
0,1,1
0,1,1
0,0,0
0,0,0
0,0,0
0,0,1
0,1,1
0,0,0
0,1,1
0,1,1
0,1,1
0,1,1
0,0,1
0,1,1
0,0,0
0,0,1
0,1,1
0,0,1
0,0,0
0,0,0
0,0,0
0,1,1
0,0,0
0,0,0
0,1,1
0,0,1
0,0,0
0,1,1
0,1,1
0,0,0
0,0,1
0,1,1
0,0,0
0,1,1
0,0,1
0,1,1
0,1,1
0,1,1
0,1,1
0,1,1
0,1,1
0,0.8596417,1
0,1,1
0,1,1
0,1,1
0,0,0
0,1,1
0,0.85807,1
0,0,0
0,0,1
0,1,1
0,1,1
0,1,1
0,1,1
0,0,1
0,0,1
0,0,0
0,0,0
0,1,1
0,1,1
0,0,1
0,1,1
0,1,1
0,1,1
0,1,1
0,1,1
0,1,1
0,1,1
0,0,0
0,0,0
0,0,1
0,0,0
0,0,1
0,1,1
0,1,1
0,0,1
0,0,0
0,1,1
0,0,0
0,1,1
0,1,1
0,0,1
0,0,1
0,1,1
0,0,0
0,0,0
0,1,1
0,0,0
0,1,1
0,1,1
0,0.8674659,1
0,1,1
0,1,1
0,0,0
0,1,1
0,1,1
0,0.8614165,1
0,0,1
0,0,0
0,0,1
0,1,1
0,1,1
0,0,0
0,1,1
0,1,1
0,1,1
0,0,1
0,1,1
0,1,1
0,0,1
0,0,0
0,0,0
0,1,1
0,0,0
0,0,1
0,0,1
0,0,1
0,0,1
0,1,1
0,0,1
0,0.8606696,1
0,1,1
0,1,1
0,1,1
0,1,1
0,0.8644849,1
0,0,0
0,0,1
0,0,1
0,0,1
0,1,1
0,0,0
0,0,1
0,0,0
0,0,0
0,0,1
0,1,1
0,0,0
0,0,0
0,1,1
0,1,1
0,0,0
0,1,1
0,0,0
0,1,1
0,0,0
0,0,0
0,1,1
0,0,0
0,1,1
0,1,1
0,1,1
0,0,1
0,1,1
0,1,1
0,1,1
0,1,1
0,1,1
0,1,1
0,1,1
0,1,1
0,0,0
0,0,1
0,1,1
0,0,0
0,0,1
0,0,1
0,1,1
0,0,0
0,0,0
0,0,0
0,0,1
0,0,0
0,1,1
0,0,1
0,0,0
0,1,1
0,0,0
0,0,1
0,0,1
0,1,1
0,1,1
0,0,1
0,1,1
0,0,0
0,0,0
0,1,1
0,1,1
0,0,0
0,0,1
0,1,1
0,0,0
0,1,1
0,1,1
0,1,1
0,1,1
0,0,0
0,0,1
0,1,1
0,1,1
0,0,0
0,0,1
0,1,1
0,0,0
0,1,1
0,0,1
0,0,1
0,1,1
0,1,1
0,1,1
0,1,1
0,1,1
0,1,1
0,1,1
0,1,1
0,1,1
0,0,1
0,1,1
0,0,0
0,1,1
0,1,1
0,0,0
0,0,1
0,0,0
0,1,1
0,1,1
0,1,1
0,0,1
0,0,1
0,0,0
0,0,1
0,1,1
0,1,1
0,1,1
0,1,1
0,1,1
0,1,1
0,1,1
0,0,0
0,1,1
0,1,1
0,1,1
0,0,1
0,0,0
0,0,0
0,0,1
0,0,0
0,1,1
0,0,0
0,1,1
0,0,1
0,0,1
0,0,0
0,1,1
0,0,0
0,0,0
0,0,0
0,1,1
0,1,1
0,1,1
0,0,1
0,0,0
0,1,1
0,0,1
0,0,1
0,1,1
0,1,1
0,1,1
0,0,1
0,1,1
0,0,0
0,1,1
0,0,1
0,0,1
0,0,1
0,0,1
0,1,1
0,0,0
0,0,0
0,0,1
0,1,1
0,1,1
0,1,1
0,1,1
0,0,1
0,0,0
0,0,1
0,0,1
0,1,1
0,1,1
0,0,1
0,0,1
0,0,1
0,1,1
0,0,0
0,1,1
0,0,1
0,0,0
0,1,1
0,1,1
0,0,0
0,0,0
0,0,0
0,0,1
0,1,1
0,1,1
0,1,1
0,1,1
0,1,1
0,0,1
0,0,0
0,1,1
0,1,1
0,1,1
0,0,0
0,0,1
0,1,1
0,1,1
0,1,1
0,1,1
0,0,0
0,0,0
0,0,0
0,0,0
0,0,1
0,1,1
0,0,1
0,0,1
0,1,1
0,1,1
0,0,0
0,0,1
0,1,1
0,0,0
0,0,1
0,0,0
0,1,1
0,1,1
0,1,1
0,0,0
0,0,0
0,0.8792825,1
0,0,0
0,1,1
0,0,1
0,1,1
0,1,1
0,1,1
0,0,0
0,1,1
0,0,0
0,0,1
0,0,0
0,0,1
0,1,1
0,1,1
0,1,1
0,1,1
0,0,1
0,1,1
0,1,1
0,1,1
0,1,1
0,0,1
0,1,1
0,0,0
0,1,1
0,1,1
0,1,1
0,1,1
0,1,1
0,1,1
0,0,1
0,0,0
0,1,1
0,1,1
0,0,1
0,1,1
0,1,1
0,0,0
0,0.7453599,1
0,1,1
0,1,1
0,0,0
0,1,1
0,1,1
0,0,0
0,1,1
0,1,1
0,0,0
0,1,1
0,1,1
0,1,1
0,1,1
0,0,1
0,0,0
0,0,1
0,1,1
0,1,1
0,1,1
0,1,1
0,0,0
0,0.7866005,1
0,1,1
0,1,1
0,0,1
0,0,1
0,1,1
0,1,1
0,1,1
0,1,1
0,0.8615838,1
0,1,1
0,1,1
0,1,1
0,1,1
0,0,0
0,0,0
0,1,1
0,0,0
0,1,1
0,1,1
0,0,0
0,1,1
0,0,0
0,0.8608867,1
0,1,1
0,0,0
0,0,0
0,0,0
0,0,0
0,1,1
0,1,1
0,1,1
0,0,0
0,1,1
0,0,0
0,0,1
0,1,1
0,0,0
0,1,1
0,1,1
0,0,0
0,1,1
0,1,1
0,1,1
0,1,1
0,0,0
0,1,1
0,1,1
0,1,1
0,0,0
0,1,1
0,1,1
0,1,1
0,0,1
0,1,1
0,0,1
0,0,0
0,0,0
0,1,1
0,0,0
0,0,0
0,1,1
0,0,1
0,1,1
0,1,1
0,0,0
0,1,1
0,0,0
0,0,1
0,0,0
0,1,1
0,0,0
0,0,0
0,1,1
0,0,0
0,0,1
0,0,0
0,1,1
0,1,1
0,1,1
0,0,1
0,0,1
0,0,0
0,1,1
0,1,1
0,0,0
0,0.8658954,1
0,0,0
0,0,1
0,1,1
0,1,1
0,0,1
0,1,1
0,1,1
0,1,1
0,1,1
0,1,1
0,1,1
0,1,1
0,0.859363,1
0,0,0
0,1,1
0,0,0
0,0,0
0,0,1
0,1,1
0,0,1
0,1,1
0,0,0
0,0,0
0,1,1
0,1,1
0,1,1
0,1,1
0,1,1
0,1,1
0,0,0
0,1,1
0,0,0
0,1,1
0,0,0
0,1,1
0,1,1
0,0,0
0,1,1
0,0.8651112,1
0,1,1
0,1,1
0,0.8606902,1
0,1,1
0,0,1
0,1,1
0,1,1
0,0,1
0,0,1
0,0,0
0,1,1
0,1,1
0,0.8664783,1
0,0,0
0,0,0
0,1,1
0,1,1
0,1,1
0,0,1
0,1,1
0,1,1
0,0,0
0,0,1
0,1,1
0,0,1
0,0,0
0,0,0
0,0,1
0,1,1
0,1,1
0,0,0
0,1,1
0,0,0
0,0.8781905,1
0,1,1
0,1,1
0,0,0
0,0,1
0,0,1
0,0,1
0,0,1
0,0,0
0,1,1
0,1,1
0,1,1
0,1,1
0,1,1
0,0,1
0,0,0
0,1,1
0,1,1
0,1,1
0,0,0
0,0,0
0,0,1
0,1,1
0,1,1
0,0,0
0,1,1
0,1,1
0,1,1
0,1,1
0,1,1
0,0,0
0,1,1
0,1,1
0,0,1
0,0,1
0,0,1
0,1,1
0,1,1
0,1,1
0,0,0
0,0,0
0,0,0
0,0,0
0,1,1
0,1,1
0,1,1
0,1,1
0,0,1
0,1,1
0,1,1
0,0,1
0,1,1
0,0,1
0,0.8666842,1
0,0,1
0,0,0
0,1,1
0,0,0
0,1,1
0,1,1
0,0.8609961,1
0,1,1
0,0,0
0,1,1
0,0,1
0,0,0
0,1,1
0,0,0
0,0.8750428,1
0,1,1
0,0,0
0,0,0
0,0,1
0,1,1
0,1,1
0,1,1
0,1,1
0,0,0
0,1,1
0,0,0
0,0,1
0,0,1
0,1,1
0,0,0
0,1,1
0,1,1
0,0,1
0,0,1
0,1,1
0,1,1
0,1,1
0,0,1
0,1,1
0,1,1
0,1,1
0,1,1
0,1,1
0,0,0
0,1,1
0,1,1
0,1,1
0,0,1
0,1,1
0,1,1
0,1,1
0,0,1
0,1,1
0,1,1
0,1,1
0,1,1
0,1,1
0,1,1
0,1,1
0,0,1
0,1,1
0,1,1
0,1,1
0,1,1
0,0,1
0,0,0
0,1,1
0,0,1
0,0,1
0,1,1
0,1,1
0,1,1
0,1,1
0,1,1
0,1,1
0,1,1
0,0,0
0,1,1
0,1,1
0,0,0
0,0,0
0,0,0
0,0,1
0,0,1
0,1,1
0,1,1
0,0,1
0,0,0
0,1,1
0,0,1
0,0,0
0,0,0
0,0,1
0,0,0
0,0,1
0,0,1
0,0,0
0,0,1
0,0,0
0,1,1
0,0,0
0,0,0
0,0,1
0,0,0
0,1,1
0,0,0
0,0,1
0,1,1
0,1,1
0,0,0
0,1,1
0,1,1
0,0,0
0,0,1
0,1,1
0,0,0
0,1,1
0,1,1
0,0,1
0,1,1
0,0,0
0,0,0
0,0,1
0,1,1
0,0,0
0,1,1
0,1,1
0,1,1
0,1,1
0,0,1
0,1,1
0,0,0
0,1,1
0,0,0
0,1,1
0,0,1
0,1,1
0,1,1
0,1,1
0,1,1
0,0,1
0,1,1
0,0,0
0,1,1
0,1,1
0,0,0
0,0,0
0,1,1
0,0.7418617,1
0,1,1
0,0.8627062,1
0,0,1
0,1,1
0,0,0
0,0,0
0,0,0
0,1,1
0,1,1
0,0,1
0,0,0
0,1,1
0,0,1
0,1,1
0,0,1
0,1,1
0,1,1
0,0,1
0,0,1
0,0,0
0,1,1
0,1,1
0,1,1
0,1,1
0,0.8695132,1
0,0,1
0,0,0
0,0,1
0,1,1
0,0,0
0,1,1
0,0,1
0,1,1
0,0,0
0,1,1
0,0,0
0,0,0
0,0,0
0,1,1
0,1,1
0,0,1
0,0,1
0,0,1
0,0,1
0,0,0
0,1,1
0,1,1
0,1,1
0,1,1
0,0,1
0,1,1
0,1,1
0,1,1
0,0,1
0,1,1
0,1,1
0,1,1
0,1,1
0,1,1
0,1,1
0,1,1
0,1,1
0,0,1
0,1,1
0,0,1
0,1,1
0,1,1
0,1,1
0,1,1
0,1,1
0,1,1
0,0,1
0,0.7902368,1
0,0,1
0,0,1
0,1,1
0,0,0
0,1,1
0,0,1
0,0,1
0,1,1
0,0,1
0,1,1
0,0,0
0,1,1
0,0,1
0,0,0
0,1,1
0,1,1
0,1,1
0,0,0
0,0,0
0,0,0
0,1,1
0,1,1
0,1,1
0,0,0
0,1,1
0,1,1
0,0,0
0,1,1
0,0,0
0,0,1
0,1,1
0,1,1
0,0,1
0,1,1
0,0,1
0,1,1
0,1,1
0,0,1
0,1,1
0,1,1
0,0,1
0,1,1
0,0,1
0,0,0
0,1,1
0,0,0
0,1,1
0,1,1
0,0,1
0,1,1
0,0,0
0,0,0
0,1,1
0,1,1
0,0,1
0,0,0
0,1,1
0,1,1
0,0,0
0,0,0
0,0,0
0,1,1
0,0,0
0,0,1
0,1,1
0,0,0
0,1,1
0,1,1
0,1,1
0,0,0
0,0,1
0,1,1
0,0,0
0,0,0
0,1,1
0,1,1
0,0,0
0,1,1
0,0,0
0,1,1
0,1,1
0,0,0
0,0,1
0,0,0
0,1,1
0,1,1
0,0,0
0,0,0
0,1,1
0,0,1
0,1,1
0,0,0
0,0,0
0,1,1
0,0.8660539,1
0,1,1
0,0,1
0,0,0
0,1,1
0,0,1
0,1,1
0,1,1
0,1,1
0,0,0
0,1,1
0,0,0
0,1,1
0,1,1
0,1,1
0,1,1
0,1,1
0,1,1
0,1,1
0,1,1
0,0.8585948,1
0,1,1
0,1,1
0,0.8621967,1
0,1,1
0,1,1
0,1,1
0,0,0
0,0,0
0,1,1
0,1,1
0,1,1
0,0,0
0,0,1
0,1,1
0,0,0
0,1,1
0,1,1
0,0,1
0,0,1
0,0,0
0,1,1
0,1,1
0,1,1
0,0,1
0,1,1
0,1,1
0,1,1
0,1,1
0,0,1
0,1,1
0,0,0
0,1,1
0,0,0
0,1,1
0,1,1
0,0,1
0,1,1
0,0,1
0,0.7410239,1
0,0,0
0,1,1
0,0,0
0,0,1
0,0,0
0,0,0
0,0,1
0,1,1
0,1,1
0,1,1
0,0,1
0,1,1
0,0,0
0,1,1
0,1,1
0,0,1
0,0,0
0,0,0
0,0.8678604,1
0,1,1
0,1,1
0,1,1
0,1,1
0,1,1
0,1,1
0,0,1
0,1,1
0,1,1
0,0,0
0,0,0
0,0,0
0,0,1
0,0,1
0,1,1
0,0.8709749,1
0,1,1
0,0,1
0,1,1
0,1,1
0,1,1
0,0,0
0,0,0
0,1,1
0,0,0
0,0.8629373,1
0,0,1
0,0.8652955,1
0,0,0
0,1,1
0,0,0
0,1,1
0,0,0
0,0,0
0,0,0
0,0.7029215,1
0,1,1
0,1,1
0,1,1
0,0,0
0,1,1
0,1,1
0,0,0
0,1,1
0,1,1
0,0,0
0,0,0
0,0,0
0,0,0
0,1,1
0,0.8618723,1
0,1,1
0,1,1
0,0,1
0,0,0
0,1,1
0,1,1
0,0,0
0,0,1
0,1,1
0,1,1
0,0,0
0,1,1
0,0,0
0,0,0
0,1,1
0,0,0
0,0,0
0,0,0
0,1,1
0,1,1
0,0,1
0,1,1
0,1,1
0,1,1
0,1,1
0,0.8624448,1
0,1,1
0,0,1
0,0,0
0,1,1
0,1,1
0,0,1
0,0,1
0,1,1
0,0,0
0,1,1
0,1,1
0,1,1
0,1,1
0,1,1
0,1,1
0,1,1
0,1,1
0,1,1
0,0,1
0,1,1
0,1,1
0,1,1
0,1,1
0,0,0
0,1,1
0,1,1
0,1,1
0,1,1
0,1,1
0,0,1
0,1,1
0,1,1
0,0,1
0,0,1
0,1,1
0,1,1
0,0.8624161,1
0,0,1
0,0,0
0,0,1
0,1,1
0,0,0
0,1,1
0,1,1
0,1,1
0,1,1
0,0,0
0,0,1
0,1,1
0,1,1
0,1,1
0,1,1
0,1,1
0,1,1
0,0,0
0,1,1
0,0,0
0,0,0
0,1,1
0,1,1
0,0,0
0,0,1
0,1,1
0,0,1
0,0,0
0,0,1
0,0,1
0,1,1
0,1,1
0,1,1
0,0,0
0,1,1
0,0,0
0,1,1
0,1,1
0,0,0
0,0,0
0,0.8573374,1
0,1,1
0,1,1
0,0,0
0,0,1
0,0,0
0,1,1
0,1,1
0,0,0
0,1,1
0,0,0
0,0,0
0,0,1
0,0,0
0,0,0
0,0,0
0,0,0
0,1,1
0,0,1
0,1,1
0,1,1
0,0,0
0,0,0
0,1,1
0,0,0
0,1,1
0,0,0
0,0,1
0,0,0
0,1,1
0,1,1
0,1,1
0,0,1
0,1,1
0,0,0
0,0,0
0,0,1
0,1,1
0,0,0
0,0,1
0,0,0
0,1,1
0,1,1
0,0,1
0,0,1
0,1,1
0,0,1
0,0,1
0,1,1
0,0,1
0,0,1
0,1,1
0,0,0
0,1,1
0,0,0
0,0,1
0,1,1
0,0,1
0,0,1
0,1,1
0,0,1
0,0,1
0,1,1
0,1,1
0,0,1
0,0.8687176,1
0,1,1
0,1,1
0,0,0
0,1,1
0,1,1
0,1,1
0,1,1
0,1,1
0,1,1
0,0,1
0,1,1
0,0,0
0,1,1
0,1,1
0,1,1
0,0,0
0,1,1
0,1,1
0,1,1
0,0,0
0,0,1
0,0,1
0,1,1
0,1,1
0,1,1
0,0,0
0,0,0
0,1,1
0,1,1
0,1,1
0,1,1
0,1,1
0,1,1
0,1,1
0,1,1
0,1,1
0,0,0
0,1,1
0,0,0
0,0,0
0,1,1
0,1,1
0,1,1
0,1,1
0,1,1
0,0,0
0,1,1
0,1,1
0,0,1
0,1,1
0,1,1
0,1,1
0,1,1
0,1,1
0,1,1
0,1,1
0,1,1
0,0,1
0,0,0
0,0,0
0,1,1
0,1,1
0,1,1
0,0,0
0,1,1
0,1,1
0,0,0
0,1,1
0,0,0
0,0,0
0,1,1
0,1,1
0,1,1
0,0,0
0,1,1
0,1,1
0,1,1
0,0,1
0,0,0
0,0,1
0,0,0
0,1,1
0,1,1
0,1,1
0,0,0
0,0,0
0,0,0
0,1,1
0,1,1
0,0,0
0,0,1
0,1,1
0,0,0
0,0,0
0,1,1
0,0.8667988,1
0,0,0
0,0,0
0,1,1
0,0,1
0,0,0
0,1,1
0,1,1
0,1,1
0,0,0
0,0,0
0,1,1
0,1,1
0,1,1
0,0,1
0,0,1
0,1,1
0,0.8737038,1
0,1,1
0,1,1
0,1,1
0,1,1
0,1,1
0,0,1
0,0,1
0,1,1
0,1,1
0,1,1
0,1,1
0,1,1
0,0,0
0,1,1
0,0,1
0,1,1
0,0,1
0,0.8835657,1
0,1,1
0,1,1
0,0,1
0,1,1
0,0,0
0,0,1
0,0,0
0,0,1
0,0,0
0,0.8746051,1
0,1,1
0,1,1
0,0,0
0,1,1
0,0,1
0,0.7480624,1
0,1,1
0,0,1
0,1,1
0,1,1
0,1,1
0,1,1
0,1,1
0,1,1
0,1,1
0,0,0
0,0,1
0,1,1
0,0,1
0,1,1
0,1,1
0,0,0
0,0,1
0,1,1
0,0,1
0,1,1
0,0,1
0,1,1
0,0.8533927,1
0,1,1
0,0,0
0,1,1
0,0,0
0,1,1
0,1,1
0,1,1
0,1,1
0,0,1
0,1,1
0,0,1
0,1,1
0,1,1
0,1,1
0,1,1
0,1,1
0,1,1
0,1,1
0,1,1
0,1,1
0,1,1
0,0,0
0,1,1
0,1,1
0,1,1
0,1,1
0,0,0
0,1,1
0,1,1
0,1,1
0,1,1
0,1,1
0,1,1
0,0,0
0,1,1
0,1,1
0,0,0
0,0,0
0,1,1
0,0,0
0,0,0
0,1,1
0,1,1
0,0,1
0,1,1
0,1,1
0,1,1
0,0,1
0,0,0
0,0,0
0,1,1
0,0,0
0,1,1
0,1,1
0,1,1
0,0,0
0,0,0
0,0,1
0,0.8574033,1
0,1,1
0,0.8593539,1
0,0,0
0,1,1
0,0,1
0,0,0
0,0,0
0,0,1
0,0,0
0,0,0
0,0,1
0,1,1
0,0,0
0,1,1
0,1,1
0,1,1
0,1,1
0,0,1
0,0,0
0,1,1
0,0,0
0,1,1
0,1,1
0,1,1
0,0,1
0,0,0
0,1,1
0,0,0
0,1,1
0,0,0
0,1,1
0,0,1
0,1,1
0,0,1
0,1,1
0,0,1
0,1,1
0,0,0
0,1,1
0,0,1
0,0,0
0,1,1
0,1,1
0,1,1
0,0,0
0,0,1
0,0,1
0,0,0
0,1,1
0,1,1
0,0,0
0,0,0
0,0,1
0,1,1
0,1,1
0,0,0
0,0,1
0,0.8981369,1
0,0,1
0,1,1
0,0,0
0,1,1
0,0,0
0,0,1
0,0,1
0,0,0
0,1,1
0,1,1
0,0,1
0,1,1
0,0,1
0,1,1
0,0,1
0,1,1
0,0,0
0,1,1
0,1,1
0,1,1
0,1,1
0,0,1
0,1,1
0,1,1
0,0.8583931,1
0,0,0
0,0,1
0,1,1
0,0,1
0,1,1
0,0,0
0,1,1
0,0,1
0,1,1
0,0,0
0,1,1
0,1,1
0,1,1
0,0,1
0,1,1
0,1,1
0,0,0
0,1,1
0,0,0
0,0,1
0,1,1
0,0,1
0,1,1
0,1,1
0,1,1
0,1,1
0,1,1
0,0,1
0,1,1
0,0,0
0,1,1
0,0,0
0,1,1
0,1,1
0,1,1
0,0,1
0,1,1
0,1,1
0,1,1
0,0,1
0,1,1
0,0,0
0,0,1
0,0.8597873,1
0,1,1
0,0,0
0,1,1
0,1,1
0,0,1
0,1,1
0,1,1
0,1,1
0,0,0
0,1,1
0,1,1
0,1,1
0,0,1
0,1,1
0,0,0
0,0,0
0,1,1
0,0,0
0,0,0
0,1,1
0,1,1
0,0,0
0,0,1
0,0,1
0,0,1
0,1,1
0,1,1
0,0,1
0,0,0
0,1,1
0,0,1
0,1,1
0,1,1
0,0,1
0,0,0
0,1,1
0,1,1
0,1,1
0,1,1
0,0,1
0,1,1
0,0,0
0,0,0
0,0,1
0,0.9196011,1
0,0,0
0,0,0
0,1,1
0,1,1
0,1,1
0,0,1
0,0,0
0,1,1
0,1,1
0,1,1
0,1,1
0,0,1
0,0,0
0,0,1
0,0,1
0,0,1
0,1,1
0,0,1
0,0,1
0,1,1
0,1,1
0,0,0
0,0,0
0,1,1
0,1,1
0,0,1
0,1,1
0,0,1
0,1,1
0,1,1
0,1,1
0,0,1
0,0,0
0,1,1
0,0,1
0,0.8738635,1
0,0,1
0,0,0
0,0,0
0,0,1
0,1,1
0,1,1
0,1,1
0,1,1
0,1,1
0,1,1
0,1,1
0,1,1
0,0,0
0,1,1
0,1,1
0,1,1
0,0,0
0,1,1
0,0,1
0,1,1
0,1,1
0,1,1
0,1,1
0,0,1
0,0,0
0,1,1
0,0,1
0,0,0
0,1,1
0,1,1
0,0,1
0,1,1
0,1,1
0,0,0
0,0,1
0,1,1
0,1,1
0,0,1
0,1,1
0,1,1
0,1,1
0,1,1
0,1,1
0,0,1
0,1,1
0,0,0
0,1,1
0,1,1
0,1,1
0,1,1
0,0,1
0,1,1
0,1,1
0,1,1
0,1,1
0,1,1
0,1,1
0,1,1
0,1,1
0,0,1
0,1,1
0,1,1
0,1,1
0,0,0
0,0,0
0,1,1
0,1,1
0,0,1
0,1,1
0,0.8651822,1
0,1,1
0,0,1
0,1,1
0,0,0
0,1,1
0,0,0
0,1,1
0,1,1
0,1,1
0,0,1
0,0,0
0,0,1
0,0,0
0,0,0
0,1,1
0,1,1
0,1,1
0,0,1
0,0,0
0,0,1
0,0,0
0,1,1
0,1,1
0,0,0
0,0.8597063,1
0,1,1
0,0,1
0,0,0
0,1,1
0,0,0
0,0,1
0,0,1
0,0,0
0,1,1
0,0,0
0,0,1
0,0,0
0,0,1
0,0,1
0,1,1
0,0,0
0,1,1
0,0,0
0,1,1
0,0,1
0,0,0
0,0,0
0,1,1
0,1,1
0,1,1
0,0,0
0,1,1
0,1,1
0,1,1
0,1,1
0,1,1
0,1,1
0,0,0
0,1,1
0,0,1
0,1,1
0,0.8650169,1
0,0,1
0,1,1
0,1,1
0,0,0
0,0.8537786,1
0,0,1
0,1,1
0,1,1
0,0,0
0,0,1
0,0,1
0,0,1
0,1,1
0,0,1
0,1,1
0,1,1
0,1,1
0,1,1
0,1,1
0,1,1
0,1,1
0,0,1
0,1,1
0,0,0
0,0,0
0,0,0
0,1,1
0,0,1
0,1,1
0,1,1
0,1,1
0,0,0
0,0,0
0,0,1
0,1,1
0,1,1
0,0,0
0,0,0
0,1,1
0,0,0
0,0,0
0,1,1
0,0,1
0,1,1
0,0,1
0,1,1
0,1,1
0,1,1
0,1,1
0,0.8671902,1
0,0,1
0,1,1
0,1,1
0,1,1
0,1,1
0,1,1
0,0,0
0,1,1
0,1,1
0,0,1
0,1,1
0,1,1
0,1,1
0,1,1
0,1,1
0,1,1
0,1,1
0,0,1
0,1,1
0,1,1
0,1,1
0,1,1
0,0,1
0,0,1
0,1,1
0,0,1
0,0,0
0,1,1
0,0,1
0,1,1
0,1,1
0,1,1
0,1,1
0,0,1
0,1,1
0,1,1
0,0,1
0,0,1
0,0,1
0,0,1
0,1,1
0,0,0
0,1,1
0,1,1
0,0,1
0,1,1
0,1,1
0,1,1
0,0,0
0,1,1
0,1,1
0,1,1
0,1,1
0,0,0
0,0,1
0,0,0
0,1,1
0,1,1
0,0,0
0,1,1
0,0,0
0,1,1
0,1,1
0,1,1
0,0,1
0,0,0
0,0.8552386,1
0,1,1
0,1,1
0,1,1
0,1,1
0,0,0
0,0,1
0,1,1
0,1,1
0,0,1
0,0,0
0,0,1
0,1,1
0,0,0
0,0,0
0,0,1
0,0,0
0,1,1
0,0,0
0,1,1
0,0,0
0,0,0
0,1,1
0,0,1
0,1,1
0,0,1
0,0,0
0,1,1
0,1,1
0,1,1
0,1,1
0,0,1
0,0,1
0,0,0
0,1,1
0,1,1
0,1,1
0,1,1
0,1,1
0,1,1
0,0,0
0,0,1
0,0,1
0,1,1
0,1,1
0,1,1
0,1,1
0,0,0
0,1,1
0,0,0
0,1,1
0,0,0
0,0,0
0,0,1
0,1,1
0,0,1
0,0,0
0,1,1
0,1,1
0,1,1
0,0,0
0,0,1
0,0,0
0,1,1
0,0,0
0,0,1
0,0,1
0,0,1
0,1,1
0,0,0
0,0,1
0,1,1
0,1,1
0,0,0
0,0,1
0,1,1
0,0,1
0,1,1
0,1,1
0,0,0
0,1,1
0,0,0
0,0,1
0,0,1
0,0,0
0,0,0
0,1,1
0,1,1
0,0,1
0,1,1
0,1,1
0,0,0
0,1,1
0,1,1
0,1,1
0,1,1
0,0,0
0,0,1
0,1,1
0,1,1
0,1,1
0,1,1
0,0,1
0,1,1
0,1,1
0,0,1
0,1,1
0,1,1
0,1,1
0,1,1
0,0,0
0,1,1
0,0,1
0,0,1
0,0,0
0,0,0
0,1,1
0,1,1
0,1,1
0,0,0
0,0,0
0,0,0
0,1,1
0,1,1
0,1,1
0,1,1
0,0,1
0,1,1
0,0,1
0,1,1
0,1,1
0,0.7435809,1
0,1,1
0,1,1
0,0,0
0,0,0
0,1,1
0,0,1
0,0,0
0,1,1
0,0,1
0,0,1
0,0,0
0,1,1
0,1,1
0,0,0
0,0,1
0,1,1
0,1,1
0,1,1
0,0,0
0,0,0
0,0,0
0,0,1
0,0,0
0,0,0
0,1,1
0,1,1
0,1,1
0,1,1
0,1,1
0,1,1
0,0,1
0,0,0
0,0,1
0,1,1
0,0,0
0,0,0
0,0.8858949,1
0,0,0
0,0,1
0,0,1
0,1,1
0,1,1
0,1,1
0,1,1
0,0,0
0,1,1
0,1,1
0,1,1
0,1,1
0,1,1
0,1,1
0,1,1
0,0.8581406,1
0,1,1
0,0,1
0,1,1
0,0,0
0,0,1
0,0,1
0,1,1
0,0,1
0,0,1
0,1,1
0,1,1
0,1,1
0,0,0
0,1,1
0,0,0
0,0,1
0,0,1
0,0,0
0,1,1
0,0,0
0,0,0
0,0,0
0,1,1
0,0,1
0,1,1
0,1,1
0,1,1
0,1,1
0,1,1
0,1,1
0,0.8657634,1
0,1,1
0,0,0
0,0.8590616,1
0,1,1
0,0,1
0,1,1
0,0,0
0,1,1
0,0,0
0,1,1
0,0,1
0,1,1
0,0,0
0,0,1
0,0,1
0,1,1
0,1,1
0,1,1
0,0,1
0,1,1
0,0,1
0,0,0
0,1,1
0,0,1
0,0,1
0,1,1
0,1,1
0,1,1
0,1,1
0,1,1
0,1,1
0,0,1
0,0,1
0,0,0
0,0,1
0,1,1
0,1,1
0,1,1
0,0,1
0,1,1
0,0,1
0,1,1
0,0.8689657,1
0,0.8813764,1
0,1,1
0,1,1
0,1,1
0,1,1
0,0,1
0,0,0
0,1,1
0,0,0
0,1,1
0,1,1
0,1,1
0,1,1
0,0,1
0,1,1
0,0,0
0,1,1
0,0,0
0,0,0
0,1,1
0,0,1
0,0,1
0,0,1
0,1,1
0,0,0
0,1,1
0,1,1
0,0,0
0,0.8547617,1
0,0,0
0,1,1
0,0,1
0,1,1
0,0,0
0,1,1
0,1,1
0,0,0
0,0,1
0,0.8599974,1
0,0,1
0,0,1
0,0,0
0,0,0
0,1,1
0,0,0
0,1,1
0,0,1
0,0,1
0,1,1
0,0,1
0,0,1
0,0,0
0,0,0
0,1,1
0,1,1
0,0,1
0,1,1
0,1,1
0,1,1
0,0,0
0,1,1
0,0,1
0,0,0
0,1,1
0,1,1
0,1,1
0,1,1
0,1,1
0,0,1
0,0,0
0,1,1
0,1,1
0,0,1
0,0,0
0,0,0
0,0,0
0,1,1
0,0,1
0,0,1
0,0,1
0,0,0
0,1,1
0,1,1
0,0,0
0,0,1
0,1,1
0,0,0
0,1,1
0,1,1
0,0,0
0,0,1
0,0,1
0,1,1
0,1,1
0,1,1
0,0,0
0,0,1
0,1,1
0,0,0
0,1,1
0,0,0
0,0.8619069,1
0,1,1
0,1,1
0,0,1
0,1,1
0,1,1
0,1,1
0,1,1
0,1,1
0,0,1
0,1,1
0,1,1
0,0,0
0,1,1
0,0,0
0,1,1
0,0,1
0,0,1
0,0.7472543,1
0,1,1
0,1,1
0,1,1
0,1,1
0,1,1
0,1,1
0,0,1
0,1,1
0,1,1
0,1,1
0,1,1
0,1,1
0,0,0
0,0,0
0,1,1
0,0,0
0,1,1
0,0,1
0,0,1
0,1,1
0,1,1
0,1,1
0,1,1
0,1,1
0,1,1
0,0,0
0,0,0
0,1,1
0,1,1
0,1,1
0,1,1
0,1,1
0,1,1
0,1,1
0,1,1
0,0,0
0,0,1
0,1,1
0,0,0
0,1,1
0,1,1
0,0,1
0,1,1
0,1,1
0,0,0
0,0,0
0,0,1
0,1,1
0,1,1
0,0,1
0,0,1
0,1,1
0,1,1
0,0.8961331,1
0,0,0
0,1,1
0,1,1
0,1,1
0,1,1
0,0,1
0,0,0
0,1,1
0,1,1
0,1,1
0,0,0
0,0,0
0,1,1
0,0,0
0,0,1
0,0,0
0,1,1
0,0,1
0,1,1
0,0,1
0,0,1
0,1,1
0,0,1
0,1,1
0,0,0
0,1,1
0,0.8587075,1
0,0,1
0,1,1
0,0,1
0,1,1
0,1,1
0,1,1
0,1,1
0,1,1
0,0,0
0,1,1
0,0,1
0,1,1
0,1,1
0,0,1
0,0,0
0,1,1
0,0,1
0,1,1
0,1,1
0,0,1
0,1,1
0,1,1
0,1,1
0,0,0
0,1,1
0,1,1
0,0,1
0,0,1
0,1,1
0,1,1
0,0.722663,1
0,0,1
0,1,1
0,1,1
0,0,1
0,1,1
0,0,0
0,1,1
0,1,1
0,1,1
0,1,1
0,1,1
0,0,1
0,1,1
0,1,1
0,0,1
0,1,1
0,0,0
0,1,1
0,0,1
0,1,1
0,0,0
0,0,0
0,1,1
0,1,1
0,1,1
0,0,1
0,1,1
0,1,1
0,0,1
0,0,1
0,0,1
0,1,1
0,1,1
0,1,1
0,0,1
0,0,0
0,1,1
0,0,1
0,0,1
0,1,1
0,0,1
0,0,1
0,1,1
0,0,1
0,1,1
0,1,1
0,0,1
0,1,1
0,1,1
0,1,1
0,1,1
0,1,1
0,1,1
0,1,1
0,1,1
0,0,0
0,0,1
0,1,1
0,1,1
0,1,1
0,1,1
0,0,1
0,1,1
0,0,0
0,1,1
0,1,1
0,1,1
0,0,1
0,0,1
0,1,1
0,1,1
0,1,1
0,1,1
0,0,0
0,0,1
0,1,1
0,1,1
0,0,1
0,1,1
0,0,0
0,0,0
0,1,1
0,1,1
0,1,1
0,0,0
0,1,1
0,1,1
0,1,1
0,0,1
0,0,0
0,0,1
0,1,1
0,0,0
0,1,1
0,0,0
0,0,0
0,1,1
0,1,1
0,1,1
0,0,0
0,1,1
0,0,1
0,1,1
0,1,1
0,0,0
0,0,1
0,0,0
0,1,1
0,0,1
0,0,1
0,1,1
0,1,1
0,0,0
0,0,1
0,1,1
0,0,1
0,0,0
0,1,1
0,1,1
0,0,1
0,1,1
0,1,1
0,1,1
0,1,1
0,1,1
0,0,0
0,1,1
0,0,0
0,1,1
0,1,1
0,0,0
0,0,0
0,1,1
0,0,0
0,0,0
0,1,1
0,1,1
0,1,1
0,0,0
0,1,1
0,1,1
0,0,0
0,0,1
0,0,1
0,0,1
0,0,1
0,1,1
0,1,1
0,1,1
0,1,1
0,0,1
0,1,1
0,0,0
0,1,1
0,0.8609954,1
0,0.7438247,1
0,1,1
0,1,1
0,1,1
0,0,0
0,0,0
0,0,1
0,1,1
0,1,1
0,1,1
0,0.7386669,1
0,1,1
0,1,1
0,0,1
0,1,1
0,1,1
0,0,1
0,0,0
0,1,1
0,1,1
0,0,1
0,1,1
0,0,1
0,0,1
0,1,1
0,0,0
0,0,1
0,1,1
0,0,1
0,0,1
0,1,1
0,1,1
0,1,1
0,1,1
0,0,0
0,0,1
0,0,0
0,1,1
0,0,1
0,1,1
0,1,1
0,1,1
0,1,1
0,1,1
0,1,1
0,0,0
0,1,1
0,0,1
0,1,1
0,1,1
0,1,1
0,1,1
0,1,1
0,1,1
0,1,1
0,1,1
0,1,1
0,1,1
0,0,1
0,1,1
0,1,1
0,1,1
0,1,1
0,1,1
0,1,1
0,0,1
0,0,1
0,0,1
0,1,1
0,0,1
0,1,1
0,1,1
0,0,0
0,0,0
0,1,1
0,1,1
0,0,1
0,0,1
0,1,1
0,1,1
0,0,0
0,0,0
0,0,1
0,1,1
0,1,1
0,0,1
0,0,0
0,0,1
0,0,0
0,0,0
0,1,1
0,1,1
0,0,0
0,0,0
0,0,0
0,0.793892,1
0,1,1
0,0.8598541,1
0,1,1
0,1,1
0,1,1
0,0,1
0,1,1
0,0,0
0,1,1
0,0,0
0,1,1
0,1,1
0,0,1
0,1,1
0,0,0
0,0,1
0,1,1
0,1,1
0,0,0
0,1,1
0,1,1
0,0,0
0,0,0
0,1,1
0,0,1
0,0,0
0,1,1
0,0,0
0,1,1
0,1,1
0,0,0
0,1,1
0,0.9126879,1
0,0,0
0,1,1
0,0,1
0,0,1
0,1,1
0,1,1
0,1,1
0,1,1
0,0,1
0,0,0
0,1,1
0,1,1
0,1,1
0,1,1
0,0,0
0,0,0
0,1,1
0,1,1
0,1,1
0,1,1
0,1,1
0,1,1
0,1,1
0,1,1
0,1,1
0,1,1
0,0,1
0,1,1
0,0,1
0,0,0
0,0,1
0,1,1
0,1,1
0,0,0
0,1,1
0,1,1
0,0,0
0,0,0
0,1,1
0,1,1
0,1,1
0,1,1
0,0,0
0,0,0
0,1,1
0,0,1
0,1,1
0,1,1
0,0,1
0,0.8573463,1
0,1,1
0,0,0
0,1,1
0,1,1
0,1,1
0,0,0
0,1,1
0,1,1
0,1,1
0,0,0
0,1,1
0,1,1
0,0,1
0,0,1
0,1,1
0,1,1
0,0,1
0,0,1
0,1,1
0,1,1
0,0,0
0,0,0
0,1,1
0,1,1
0,0,0
0,0,1
0,1,1
0,1,1
0,0,1
0,0.8793001,1
0,0,0
0,1,1
0,1,1
0,1,1
0,1,1
0,1,1
0,1,1
0,1,1
0,0,1
0,0,0
0,0,1
0,0,1
0,1,1
0,0,1
0,1,1
0,0,1
0,0,1
0,0,0
0,1,1
0,1,1
0,1,1
0,0,1
0,0,1
0,0,1
0,1,1
0,1,1
0,1,1
0,0,0
0,0,0
0,1,1
0,1,1
0,0,0
0,1,1
0,0,0
0,0,0
0,0,1
0,1,1
0,0,0
0,1,1
0,1,1
0,1,1
0,0,1
0,0.8616034,1
0,0,0
0,1,1
0,1,1
0,1,1
0,1,1
0,1,1
0,1,1
0,1,1
0,0,0
0,1,1
0,1,1
0,0,1
0,1,1
0,1,1
0,1,1
0,1,1
0,1,1
0,1,1
0,0,1
0,1,1
0,0,1
0,1,1
0,0,1
0,0,0
0,0,1
0,1,1
0,1,1
0,0,1
0,0.8485059,1
0,0,1
0,1,1
0,1,1
0,0,1
0,0.7284435,1
0,1,1
0,0,0
0,0,1
0,1,1
0,1,1
0,1,1
0,1,1
0,0.8616761,1
0,1,1
0,0.732241,1
0,0,1
0,1,1
0,1,1
0,1,1
0,1,1
0,0,0
0,1,1
0,1,1
0,1,1
0,1,1
0,1,1
0,0,0
0,0,0
0,1,1
0,0,1
0,1,1
0,0.7358583,1
0,0,0
0,1,1
0,0,1
0,1,1
0,0,1
0,1,1
0,1,1
0,1,1
0,1,1
0,1,1
0,1,1
0,0,0
0,1,1
0,0,0
0,0,0
0,0,0
0,0,0
0,1,1
0,0,1
0,0,1
0,1,1
0,1,1
0,0,1
0,1,1
0,0,1
0,1,1
0,1,1
0,1,1
0,0,1
0,0,0
0,0.8638195,1
0,1,1
0,0,0
0,1,1
0,1,1
0,1,1
0,1,1
0,1,1
0,1,1
0,1,1
0,1,1
0,1,1
0,0,0
0,1,1
0,1,1
0,1,1
0,1,1
0,1,1
0,1,1
0,1,1
0,0,0
0,1,1
0,1,1
0,1,1
0,0,0
0,0,0
0,0,0
0,0.9320034,1
0,0,1
0,0,0
0,1,1
0,0,0
0,0,1
0,1,1
0,0,1
0,1,1
0,0,0
0,0,0
0,1,1
0,1,1
0,0,0
0,1,1
0,0,0
0,1,1
0,0,0
0,1,1
0,0,1
0,0,1
0,0,0
0,0,1
0,0,0
0,0,0
0,1,1
0,0,0
0,0,1
0,0,0
0,0,1
0,0,1
0,0.7885281,1
0,0,1
0,1,1
0,0,0
0,1,1
0,0,0
0,0,0
0,0,0
0,1,1
0,0,0
0,0,0
0,1,1
0,0,1
0,0,1
0,1,1
0,1,1
0,0.8574899,1
0,1,1
0,1,1
0,1,1
0,0,1
0,1,1
0,0,1
0,1,1
0,1,1
0,0,1
0,0,0
0,1,1
0,1,1
0,1,1
0,0.9565723,1
0,1,1
0,1,1
0,0,1
0,1,1
0,1,1
0,0.857986,1
0,1,1
0,0,0
0,1,1
0,0,1
0,0,0
0,1,1
0,1,1
0,0,1
0,1,1
0,0,1
0,0,0
0,0,0
0,0,0
0,0,1
0,0,0
0,0,0
0,0,0
0,0.8662018,1
0,1,1
0,0,0
0,0,0
0,0,0
0,1,1
0,1,1
0,0,1
0,1,1
0,0,0
0,0,1
0,1,1
0,1,1
0,1,1
0,1,1
0,0,1
0,0.7179662,1
0,1,1
0,1,1
0,0,1
0,0,1
0,1,1
0,1,1
0,1,1
0,1,1
0,0,1
0,1,1
0,0,0
0,1,1
0,0,1
0,0,0
0,1,1
0,1,1
0,0,0
0,0,0
0,0,0
0,1,1
0,1,1
0,1,1
0,0.861303,1
0,1,1
0,0,1
0,0,1
0,1,1
0,0,1
0,1,1
0,1,1
0,0,1
0,1,1
0,1,1
0,0,1
0,0,0
0,1,1
0,1,1
0,1,1
0,1,1
0,1,1
0,0.8168689,1
0,1,1
0,0,0
0,1,1
0,0,0
0,1,1
0,1,1
0,0,1
0,0,1
0,1,1
0,1,1
0,0,1
0,0,1
0,0,0
0,1,1
0,0,0
0,1,1
0,1,1
0,0,0
0,1,1
0,0,1
0,0,1
0,0,1
0,1,1
0,1,1
0,0,1
0,0,1
0,0,1
0,0,0
0,1,1
0,1,1
0,0,1
0,0,1
0,1,1
0,1,1
0,1,1
0,0,1
0,0,0
0,1,1
0,0.8606666,1
0,0,1
0,0,0
0,0,0
0,0,1
0,0.858898,1
0,0,0
0,1,1
0,1,1
0,1,1
0,0,0
0,0,1
0,1,1
0,1,1
0,0,1
0,1,1
0,1,1
0,0,1
0,0,0
0,0,1
0,1,1
0,1,1
0,0.8614029,1
0,0.8547481,1
0,0,1
0,0,0
0,0,1
0,1,1
0,0,0
0,1,1
0,1,1
0,1,1
0,0,0
0,1,1
0,1,1
0,1,1
0,1,1
0,0,0
0,0,1
0,0,0
0,1,1
0,1,1
0,1,1
0,0,1
0,0,1
0,1,1
0,1,1
0,1,1
0,0,1
0,0,0
0,0,1
0,1,1
0,0,1
0,0,0
0,0,1
0,1,1
0,0,0
0,1,1
0,0,0
0,0,0
0,0,0
0,1,1
0,1,1
0,0,0
0,1,1
0,1,1
0,1,1
0,1,1
0,0,0
0,0,1
0,1,1
0,0,0
0,0,0
0,0,0
0,0,1
0,1,1
0,1,1
0,1,1
0,1,1
0,0,0
0,0,0
0,1,1
0,0,0
0,0,0
0,0.8555781,1
0,1,1
0,0,1
0,0,1
0,1,1
0,0,1
0,1,1
0,1,1
0,1,1
0,1,1
0,1,1
0,1,1
0,1,1
0,0,1
0,1,1
0,0,1
0,1,1
0,1,1
0,1,1
0,1,1
0,1,1
0,1,1
0,1,1
0,0,1
0,1,1
0,1,1
0,0,1
0,0,0
0,1,1
0,1,1
0,1,1
0,1,1
0,0,1
0,1,1
0,1,1
0,1,1
0,1,1
0,0,1
0,0,0
0,1,1
0,1,1
0,1,1
0,1,1
0,1,1
0,0,0
0,0,1
0,1,1
0,1,1
0,0,1
0,1,1
0,0.7946202,1
0,1,1
0,0,0
0,1,1
0,0.8595089,1
0,1,1
0,1,1
0,0,1
0,0,0
0,0,0
0,1,1
0,0,0
0,0,1
0,1,1
0,0,0
0,0,1
0,1,1
0,0,1
0,1,1
0,0,1
0,0,0
0,0,0
0,1,1
0,1,1
0,0,0
0,1,1
0,0,0
0,1,1
0,1,1
0,1,1
0,0.867299,1
0,1,1
0,0,0
0,0,0
0,1,1
0,1,1
0,1,1
0,1,1
0,1,1
0,1,1
0,0,0
0,0,0
0,1,1
0,1,1
0,0,1
0,0,1
0,1,1
0,1,1
0,0,0
0,0,1
0,1,1
0,1,1
0,0,0
0,1,1
0,0,0
0,1,1
0,0.8710262,1
0,0,0
0,0,1
0,1,1
0,1,1
0,0,0
0,1,1
0,0,0
0,1,1
0,0,1
0,1,1
0,0,0
0,0,1
0,0,1
0,0,1
0,0,0
0,0,1
0,1,1
0,1,1
0,0.8695544,1
0,1,1
0,0,1
0,0,1
0,1,1
0,0,0
0,0,1
0,0,1
0,0,1
0,1,1
0,1,1
0,0,0
0,1,1
0,0,1
0,1,1
0,1,1
0,1,1
0,0,0
0,0,0
0,0,1
0,0,1
0,0,0
0,0,1
0,1,1
0,1,1
0,1,1
0,1,1
0,1,1
0,0,0
0,0,0
0,0,0
0,0,0
0,1,1
0,0,1
0,1,1
0,0,1
0,1,1
0,0,0
0,1,1
0,1,1
0,1,1
0,1,1
0,1,1
0,0,1
0,1,1
0,1,1
0,1,1
0,1,1
0,1,1
0,0,1
0,0,0
0,1,1
0,1,1
0,1,1
0,1,1
0,1,1
0,1,1
0,1,1
0,1,1
0,0.7367765,1
0,1,1
0,1,1
0,0,0
0,1,1
0,0,1
0,1,1
0,0,1
0,1,1
0,1,1
0,0,1
0,0,0
0,0,0
0,0,0
0,0,0
0,1,1
0,0,1
0,1,1
0,0,0
0,1,1
0,0,0
0,1,1
0,1,1
0,1,1
0,1,1
0,1,1
0,1,1
0,0,1
0,1,1
0,0,0
0,0,0
0,0.8527424,1
0,0,0
0,1,1
0,1,1
0,1,1
0,0,1
0,1,1
0,1,1
0,0,1
0,0.8654958,1
0,1,1
0,0,1
0,0.7634227,1
0,1,1
0,1,1
0,0,1
0,0,0
0,0,0
0,1,1
0,0,0
0,0,1
0,1,1
0,1,1
0,0,1
0,1,1
0,0,1
0,1,1
0,0,0
0,1,1
0,1,1
0,0,0
0,0.8586692,1
0,1,1
0,0,0
0,0,1
0,1,1
0,0,0
0,0,0
0,1,1
0,1,1
0,0,0
0,0,0
0,0,0
0,0,1
0,0,1
0,0,0
0,1,1
0,1,1
0,0,1
0,1,1
0,1,1
0,0,0
0,1,1
0,1,1
0,1,1
0,1,1
0,0,0
0,1,1
0,1,1
0,1,1
0,1,1
0,1,1
0,0,0
0,1,1
0,0,1
0,1,1
0,0,1
0,1,1
0,0,1
0,1,1
0,1,1
0,1,1
0,1,1
0,1,1
0,0,0
0,1,1
0,0,1
0,1,1
0,0,1
0,0,1
0,1,1
0,0,1
0,1,1
0,0,1
0,0,1
0,1,1
0,1,1
0,1,1
0,0,0
0,1,1
0,1,1
0,0,0
0,1,1
0,0,0
0,1,1
0,0,1
0,1,1
0,1,1
0,0.7707119,1
0,1,1
0,1,1
0,1,1
0,1,1
0,1,1
0,1,1
0,1,1
0,1,1
0,1,1
0,1,1
0,0,0
0,1,1
0,1,1
0,1,1
0,1,1
0,1,1
0,0,1
0,0,1
0,0,0
0,1,1
0,1,1
0,1,1
0,1,1
0,0,1
0,1,1
0,0,0
0,1,1
0,1,1
0,1,1
0,0,1
0,1,1
0,1,1
0,0,1
0,0,0
0,0,0
0,1,1
0,1,1
0,0,1
0,0,1
0,1,1
0,1,1
0,0,0
0,0,0
0,1,1
0,1,1
0,0,1
0,0,0
0,0,0
0,0,0
0,1,1
0,1,1
0,0,0
0,0.881555,1
0,1,1
0,0,1
0,1,1
0,1,1
0,1,1
0,1,1
0,1,1
0,1,1
0,0,0
0,0,0
0,1,1
0,1,1
0,1,1
0,1,1
0,1,1
0,1,1
0,0,0
0,1,1
0,1,1
0,1,1
0,0,0
0,1,1
0,1,1
0,1,1
0,0,1
0,1,1
0,0,0
0,1,1
0,1,1
0,1,1
0,0,0
0,0,1
0,0,0
0,0,0
0,0,1
0,1,1
0,1,1
0,0,1
0,0,0
0,0,0
0,0,0
0,0,0
0,1,1
0,0,1
0,1,1
0,0,0
0,0,0
0,0,1
0,1,1
0,0,0
0,1,1
0,0,1
0,0,1
0,1,1
0,1,1
0,0,0
0,1,1
0,0,0
0,1,1
0,0,1
0,0,1
0,1,1
0,0,0
0,0,1
0,1,1
0,0,0
0,1,1
0,1,1
0,1,1
0,0,1
0,1,1
0,0,1
0,0,1
0,0,1
0,1,1
0,0,0
0,0,1
0,0,1
0,1,1
0,1,1
0,0,1
0,1,1
0,1,1
0,1,1
0,1,1
0,0,0
0,1,1
0,1,1
0,1,1
0,0,0
0,1,1
0,1,1
0,1,1
0,0,1
0,1,1
0,1,1
0,0,1
0,1,1
0,1,1
0,0,1
0,1,1
0,1,1
0,1,1
0,1,1
0,0,1
0,1,1
0,1,1
0,1,1
0,1,1
0,0,1
0,1,1
0,1,1
0,0,0
0,0.8577243,1
0,1,1
0,1,1
0,0.8606795,1
0,1,1
0,1,1
0,1,1
0,0,1
0,1,1
0,0.8622454,1
0,0,0
0,1,1
0,1,1
0,0,0
0,0,0
0,1,1
0,0,1
0,0,0
0,1,1
0,1,1
0,1,1
0,1,1
0,1,1
0,0,0
0,1,1
0,0,0
0,1,1
0,0,0
0,1,1
0,0,0
0,1,1
0,1,1
0,0,1
0,0,0
0,0,0
0,1,1
0,0.7791172,1
0,0,0
0,1,1
0,0.8606285,1
0,1,1
0,0,1
0,0,1
0,1,1
0,1,1
0,1,1
0,0,0
0,0.8607291,1
0,0,1
0,0,0
0,0,1
0,0,0
0,0,0
0,1,1
0,1,1
0,1,1
0,0,1
0,0,1
0,0,0
0,1,1
0,1,1
0,0,1
0,0,1
0,1,1
0,0,0
0,0,0
0,0,1
0,0,1
0,1,1
0,0,0
0,1,1
0,0,0
0,0,0
0,1,1
0,1,1
0,0,1
0,1,1
0,1,1
0,0,0
0,1,1
0,1,1
0,1,1
0,1,1
0,1,1
0,1,1
0,0,0
0,0.8666955,1
0,0,0
0,0,1
0,0,0
0,1,1
0,0,0
0,0,1
0,1,1
0,0,1
0,1,1
0,1,1
0,0.8735508,1
0,1,1
0,0,0
0,0,1
0,1,1
0,0,0
0,1,1
0,0,1
0,0,1
0,0,1
0,0,0
0,0,0
0,0,1
0,0,0
0,0,1
0,0.8699836,1
0,0,0
0,1,1
0,0,0
0,0,1
0,1,1
0,1,1
0,0,1
0,0,1
0,1,1
0,0,0
0,1,1
0,1,1
0,1,1
0,1,1
0,1,1
0,1,1
0,0,1
0,1,1
0,0,1
0,0,1
0,1,1
0,1,1
0,1,1
0,1,1
0,1,1
0,1,1
0,0,0
0,1,1
0,1,1
0,1,1
0,0,0
0,1,1
0,0,0
0,1,1
0,1,1
0,0,1
0,1,1
0,0,0
0,1,1
0,0,0
0,1,1
0,0,1
0,0,1
0,1,1
0,0,0
0,0,1
0,0,0
0,0,1
0,1,1
0,1,1
0,1,1
0,1,1
0,0,1
0,1,1
0,1,1
0,1,1
0,0.7861408,1
0,1,1
0,1,1
0,1,1
0,1,1
0,0,0
0,1,1
0,0,1
0,1,1
0,0,0
0,1,1
0,0,0
0,0,0
0,1,1
0,0,1
0,1,1
0,1,1
0,0,1
0,0,0
0,0,0
0,0,1
0,0,0
0,0,0
0,1,1
0,0,0
0,0,0
0,1,1
0,0,0
0,1,1
0,1,1
0,1,1
0,0,1
0,1,1
0,1,1
0,1,1
0,0,0
0,0,1
0,1,1
0,1,1
0,0,0
0,0,1
0,1,1
0,0,1
0,1,1
0,1,1
0,0,1
0,1,1
0,1,1
0,0,1
0,1,1
0,1,1
0,0,0
0,0.8676471,1
0,0,0
0,0,1
0,0,1
0,1,1
0,1,1
0,0,0
0,0,1
0,0,1
0,0,0
0,1,1
0,0,1
0,0,0
0,0,0
0,0,0
0,0,1
0,1,1
0,1,1
0,0,1
0,1,1
0,0,1
0,1,1
0,1,1
0,0,0
0,0,0
0,0,0
0,1,1
0,0,1
0,1,1
0,0,0
0,0,1
0,1,1
0,1,1
0,0,1
0,1,1
0,0,0
0,0,1
0,1,1
0,1,1
0,0,0
0,1,1
0,1,1
0,1,1
0,0,0
0,0,1
0,1,1
0,1,1
0,0,0
0,0,1
0,1,1
0,1,1
0,1,1
0,1,1
0,0,1
0,1,1
0,1,1
0,0,0
0,1,1
0,1,1
0,1,1
0,0.7031891,1
0,1,1
0,1,1
0,1,1
0,1,1
0,1,1
0,1,1
0,1,1
0,1,1
0,0,1
0,0,0
0,1,1
0,1,1
0,1,1
0,0,1
0,1,1
0,1,1
0,1,1
0,1,1
0,1,1
0,1,1
0,0,1
0,0,0
0,0,1
0,1,1
0,1,1
0,1,1
0,1,1
0,1,1
0,1,1
0,0,0
0,0,0
0,0,0
0,1,1
0,1,1
0,0,0
0,1,1
0,1,1
0,0,1
0,1,1
0,1,1
0,1,1
0,1,1
0,0,0
0,1,1
0,1,1
0,1,1
0,0,1
0,0,1
0,0,1
0,0,0
0,1,1
0,1,1
0,1,1
0,1,1
0,0,1
0,1,1
0,0,0
0,0,1
0,0,0
0,1,1
0,1,1
0,0,0
0,0,1
0,1,1
0,1,1
0,1,1
0,1,1
0,0,0
0,0,1
0,0,0
0,0.8903685,1
0,0,0
0,1,1
0,0,1
0,0,1
0,1,1
0,0,0
0,0,1
0,1,1
0,1,1
0,1,1
0,0,0
0,0,1
0,0,0
0,1,1
0,0,0
0,1,1
0,0,1
0,1,1
0,1,1
0,0,0
0,0,0
0,1,1
0,0.8587317,1
0,0,0
0,0,0
0,1,1
0,1,1
0,1,1
0,0,1
0,0,1
0,1,1
0,1,1
0,0,1
0,1,1
0,1,1
0,0,0
0,1,1
0,1,1
0,0,1
0,1,1
0,0,1
0,1,1
0,1,1
0,1,1
0,1,1
0,1,1
0,1,1
0,0,1
0,1,1
0,1,1
0,1,1
0,0.727933,1
0,1,1
0,0.8651299,1
0,0,0
0,1,1
0,1,1
0,0,1
0,1,1
0,1,1
0,0,1
0,1,1
0,0,0
0,1,1
0,1,1
0,1,1
0,1,1
0,1,1
0,0,0
0,0,0
0,1,1
0,1,1
0,1,1
0,0,1
0,1,1
0,0.8591474,1
0,1,1
0,0,1
0,1,1
0,1,1
0,0,0
0,0,1
0,0,0
0,1,1
0,1,1
0,1,1
0,1,1
0,1,1
0,1,1
0,1,1
0,1,1
0,1,1
0,1,1
0,0,1
0,1,1
0,1,1
0,1,1
0,1,1
0,1,1
0,0,0
0,0,0
0,1,1
0,1,1
0,0,0
0,1,1
0,1,1
0,1,1
0,0,0
0,1,1
0,0,0
0,0,0
0,0,0
0,0,1
0,1,1
0,0,0
0,0,1
0,1,1
0,1,1
0,1,1
0,0,1
0,1,1
0,1,1
0,1,1
0,0,1
0,1,1
0,0,1
0,0,0
0,0,0
0,1,1
0,1,1
0,0,0
0,0,0
0,0,0
0,1,1
0,1,1
0,0,1
0,1,1
0,0,0
0,0,0
0,1,1
0,1,1
0,1,1
0,0,0
0,0,0
0,0,0
0,1,1
0,1,1
0,1,1
0,0,0
0,1,1
0,0,0
0,1,1
0,0,0
0,0,1
0,0.8241044,1
0,1,1
0,0,0
0,1,1
0,0,0
0,0,0
0,1,1
0,0,1
0,0,1
0,1,1
0,1,1
0,1,1
0,0,1
0,1,1
0,1,1
0,0,1
0,0,1
0,0,0
0,0,0
0,1,1
0,0,0
0,0,1
0,0,0
0,0,1
0,1,1
0,0,0
0,0,1
0,0,1
0,1,1
0,1,1
0,0,1
0,0,1
0,1,1
0,1,1
0,0,0
0,1,1
0,0,0
0,1,1
0,1,1
0,0,0
0,1,1
0,1,1
0,0,0
0,0,0
0,0,1
0,0,0
0,0,0
0,0,0
0,1,1
0,0,1
0,0,0
0,0,1
0,1,1
0,1,1
0,0,1
0,1,1
0,0,0
0,1,1
0,0,0
0,1,1
0,1,1
0,1,1
0,0.8616556,1
0,0,1
0,0,0
0,1,1
0,1,1
0,1,1
0,1,1
0,1,1
0,1,1
0,0,1
0,1,1
0,1,1
0,1,1
0,1,1
0,0,1
0,1,1
0,1,1
0,1,1
0,1,1
0,1,1
0,0,0
0,1,1
0,1,1
0,1,1
0,1,1
0,1,1
0,1,1
0,1,1
0,1,1
0,0,0
0,0,0
0,1,1
0,0,0
0,1,1
0,0,0
0,0,1
0,1,1
0,1,1
0,0,0
0,1,1
0,1,1
0,0,1
0,1,1
0,0,0
0,0,1
0,1,1
0,0,1
0,1,1
0,1,1
0,1,1
0,0,0
0,1,1
0,1,1
0,1,1
0,1,1
0,0,1
0,0,0
0,0,1
0,1,1
0,1,1
0,0,0
0,0,1
0,0,1
0,0,0
0,1,1
0,0,0
0,1,1
0,1,1
0,0,0
0,0,1
0,0,1
0,0,1
0,0,0
0,0,1
0,1,1
0,1,1
0,0,0
0,0,0
0,1,1
0,1,1
0,1,1
0,1,1
0,0,1
0,1,1
0,0,1
0,1,1
0,1,1
0,0.861852,1
0,1,1
0,0,1
0,1,1
0,1,1
0,0,0
0,0.8666563,1
0,1,1
0,1,1
0,0,0
0,1,1
0,1,1
0,0,0
0,1,1
0,0,1
0,0.8583692,1
0,1,1
0,0,0
0,1,1
0,1,1
0,0,1
0,0,0
0,1,1
0,0,0
0,1,1
0,1,1
0,1,1
0,0,0
0,1,1
0,1,1
0,1,1
0,0,0
0,1,1
0,1,1
0,1,1
0,1,1
0,1,1
0,1,1
0,1,1
0,0,1
0,0,1
0,1,1
0,0,0
0,0,0
0,1,1
0,1,1
0,1,1
0,1,1
0,1,1
0,0,0
0,0,1
0,1,1
0,0,1
0,1,1
0,0,1
0,1,1
0,1,1
0,1,1
0,1,1
0,1,1
0,1,1
0,1,1
0,1,1
0,0,1
0,0,1
0,1,1
0,1,1
0,0,1
0,1,1
0,1,1
0,1,1
0,1,1
0,1,1
0,1,1
0,1,1
0,0,1
0,0,1
0,1,1
0,1,1
0,1,1
0,1,1
0,0,0
0,1,1
0,0.7021588,1
0,1,1
0,1,1
0,1,1
0,1,1
0,1,1
0,0,1
0,1,1
0,1,1
0,1,1
0,1,1
0,1,1
0,1,1
0,1,1
0,0,0
0,1,1
0,1,1
0,1,1
0,1,1
0,0,1
0,0,0
0,1,1
0,1,1
0,1,1
0,1,1
0,0,0
0,1,1
0,0,1
0,1,1
0,1,1
0,0,1
0,1,1
0,0,1
0,0,1
0,1,1
0,1,1
0,0,0
0,0,1
0,0,0
0,1,1
0,1,1
0,0,0
0,0,0
0,1,1
0,1,1
0,0,1
0,0,0
0,0,0
0,0,1
0,0.7440556,1
0,1,1
0,0,1
0,0,0
0,1,1
0,1,1
0,1,1
0,1,1
0,1,1
0,1,1
0,0,0
0,1,1
0,1,1
0,0,1
0,1,1
0,0,0
0,0,0
0,0,0
0,0,0
0,1,1
0,1,1
0,1,1
0,0,0
0,0,0
0,1,1
0,0,0
0,0,1
0,1,1
0,0,0
0,1,1
0,0,0
0,0,1
0,0.8619537,1
0,0,0
0,1,1
0,1,1
0,1,1
0,0,0
0,0,0
0,0,0
0,1,1
0,0,0
0,0,1
0,0.8563733,1
0,0,1
0,0,1
0,1,1
0,0,1
0,0,0
0,0,0
0,1,1
0,1,1
0,0,0
0,1,1
0,0,0
0,1,1
0,0,1
0,1,1
0,1,1
0,1,1
0,0,0
0,0,0
0,1,1
0,0,0
0,0,1
0,1,1
0,1,1
0,1,1
0,1,1
0,0,1
0,1,1
0,1,1
0,1,1
0,1,1
0,0,0
0,0,1
0,1,1
0,1,1
0,1,1
0,1,1
0,0,0
0,1,1
0,1,1
0,1,1
0,1,1
0,1,1
0,1,1
0,1,1
0,0,1
0,1,1
0,1,1
0,1,1
0,1,1
0,0,1
0,0,1
0,1,1
0,1,1
0,0,1
0,0,0
0,0.8193556,1
0,0,1
0,1,1
0,1,1
0,1,1
0,1,1
0,1,1
0,1,1
0,1,1
0,0,1
0,0,1
0,0,0
0,1,1
0,1,1
0,0,1
0,0,1
0,0,0
0,1,1
0,1,1
0,0,1
0,1,1
0,1,1
0,0,0
0,1,1
0,1,1
0,0,1
0,1,1
0,1,1
0,0,0
0,1,1
0,0,0
0,1,1
0,0,1
0,1,1
0,0,0
0,0,0
0,1,1
0,0,0
0,0,0
0,1,1
0,0,0
0,0,1
0,1,1
0,1,1
0,0,0
0,1,1
0,1,1
0,0,1
0,0,1
0,1,1
0,0,0
0,1,1
0,1,1
0,1,1
0,1,1
0,0,0
0,1,1
0,1,1
0,1,1
0,0.886094,1
0,0,0
0,0,0
0,0,0
0,0,0
0,0,1
0,0,0
0,0,1
0,0,0
0,1,1
0,0,0
0,0,0
0,0,0
0,0,0
0,0,0
0,1,1
0,0.8651373,1
0,0,1
0,0,1
0,1,1
0,1,1
0,1,1
0,1,1
0,1,1
0,0,0
0,0,0
0,0,0
0,1,1
0,0,0
0,0,0
0,0,1
0,0,1
0,1,1
0,1,1
0,1,1
0,0,1
0,0,1
0,1,1
0,1,1
0,0,0
0,1,1
0,1,1
0,1,1
0,1,1
0,0,1
0,0,0
0,1,1
0,0,0
0,0,1
0,1,1
0,1,1
0,1,1
0,0,1
0,1,1
0,0,1
0,0,1
0,1,1
0,0,0
0,0,0
0,1,1
0,1,1
0,1,1
0,0,0
0,1,1
0,1,1
0,0,0
0,1,1
0,1,1
0,0,1
0,0,0
0,1,1
0,1,1
0,1,1
0,0,0
0,1,1
0,0,0
0,0.8650093,1
0,0,1
0,1,1
0,0,0
0,0,1
0,1,1
0,0,1
0,1,1
0,0,1
0,1,1
0,1,1
0,1,1
0,1,1
0,0,1
0,1,1
0,0,1
0,0,0
0,0,0
0,0,1
0,1,1
0,1,1
0,1,1
0,1,1
0,1,1
0,1,1
0,1,1
0,1,1
0,1,1
0,1,1
0,1,1
0,0,1
0,1,1
0,0,1
0,1,1
0,0,1
0,1,1
0,0,1
0,1,1
0,1,1
0,0,1
0,1,1
0,1,1
0,0,1
0,0,0
0,0.8727962,1
0,1,1
0,0.8650408,1
0,1,1
0,1,1
0,0,1
0,1,1
0,0,0
0,1,1
0,0,0
0,0,1
0,0,0
0,1,1
0,1,1
0,1,1
0,1,1
0,0,0
0,1,1
0,0,0
0,0,1
0,1,1
0,1,1
0,1,1
0,1,1
0,0,1
0,0,0
0,0,0
0,1,1
0,1,1
0,1,1
0,0,0
0,0,0
0,1,1
0,1,1
0,0,0
0,0,0
0,0,1
0,1,1
0,0,0
0,1,1
0,0,0
0,1,1
0,1,1
0,0,0
0,0,0
0,0.7239934,1
0,0,1
0,0,0
0,1,1
0,0.8647355,1
0,0,0
0,0,0
0,1,1
0,1,1
0,1,1
0,0,0
0,1,1
0,0,1
0,0,0
0,0,1
0,1,1
0,1,1
0,1,1
0,0,1
0,0,1
0,1,1
0,0,1
0,0,0
0,0.867082,1
0,1,1
0,1,1
0,1,1
0,0,0
0,1,1
0,0,1
0,1,1
0,1,1
0,0,1
0,1,1
0,1,1
0,1,1
0,1,1
0,0,0
0,0,0
0,1,1
0,1,1
0,1,1
0,1,1
0,1,1
0,1,1
0,1,1
0,1,1
0,0,0
0,1,1
0,0,1
0,1,1
0,0,0
0,1,1
0,1,1
0,1,1
0,1,1
0,1,1
0,0,1
0,1,1
0,0,0
0,0,1
0,1,1
0,1,1
0,1,1
0,1,1
0,0,0
0,0,1
0,1,1
0,1,1
0,1,1
0,0,0
0,1,1
0,0,0
0,1,1
0,1,1
0,1,1
0,0,1
0,1,1
0,1,1
0,1,1
0,1,1
0,1,1
0,1,1
0,1,1
0,1,1
0,1,1
0,1,1
0,0.8619477,1
0,1,1
0,1,1
0,1,1
0,1,1
0,1,1
0,0,0
0,1,1
0,1,1
0,1,1
0,1,1
0,0,0
0,1,1
0,1,1
0,1,1
0,0,1
0,1,1
0,0,1
0,0,0
0,0,0
0,1,1
0,1,1
0,1,1
0,0,1
0,1,1
0,1,1
0,0,1
0,1,1
0,0,0
0,1,1
0,0,1
0,1,1
0,0,0
0,1,1
0,0,0
0,1,1
0,1,1
0,1,1
0,0,0
0,0,0
0,0,0
0,0,0
0,0.8596083,1
0,0,0
0,0,1
0,1,1
0,1,1
0,0,1
0,0,1
0,1,1
0,0,0
0,0,0
0,0,1
0,0,1
0,0,0
0,0,0
0,0,0
0,0,1
0,1,1
0,1,1
0,1,1
0,0,1
0,0,0
0,0,0
0,0,0
0,0,0
0,0,0
0,1,1
0,0,0
0,0,0
0,1,1
0,0,1
0,0.8572913,1
0,0,0
0,1,1
0,1,1
0,1,1
0,0,0
0,1,1
0,1,1
0,0,0
0,0,0
0,1,1
0,1,1
0,1,1
0,0,0
0,0,0
0,1,1
0,0.7250956,1
0,1,1
0,1,1
0,0,0
0,0,1
0,0,0
0,0,1
0,0,1
0,1,1
0,0,0
0,0,0
0,0.8653539,1
0,1,1
0,1,1
0,1,1
0,0,0
0,0,0
0,1,1
0,1,1
0,1,1
0,0,1
0,1,1
0,1,1
0,0,0
0,1,1
0,1,1
0,1,1
0,1,1
0,1,1
0,1,1
0,0,0
0,1,1
0,1,1
0,1,1
0,1,1
0,0,1
0,1,1
0,1,1
0,1,1
0,1,1
0,1,1
0,1,1
0,1,1
0,1,1
0,1,1
0,1,1
0,0,0
0,1,1
0,0,0
0,1,1
0,1,1
0,0,0
0,1,1
0,1,1
0,1,1
0,1,1
0,1,1
0,1,1
0,0,0
0,1,1
0,1,1
0,0.8565181,1
0,1,1
0,1,1
0,1,1
0,1,1
0,0,1
0,0,1
0,0,0
0,0,0
0,1,1
0,1,1
0,1,1
0,0,1
0,0,0
0,1,1
0,1,1
0,1,1
0,1,1
0,0,0
0,1,1
0,0.8718003,1
0,1,1
0,1,1
0,1,1
0,0,0
0,0.860413,1
0,1,1
0,0,1
0,0,1
0,0,1
0,1,1
0,1,1
0,1,1
0,0,1
0,1,1
0,0,1
0,1,1
0,0,0
0,0,0
0,0,0
0,1,1
0,0,0
0,0,1
0,1,1
0,1,1
0,1,1
0,0,1
0,0,1
0,1,1
0,1,1
0,0,0
0,0,0
0,1,1
0,0,0
0,1,1
0,1,1
0,0,0
0,1,1
0,1,1
0,0,1
0,1,1
0,0,0
0,1,1
0,0,0
0,0,0
0,0,0
0,1,1
0,0,1
0,1,1
0,0,1
0,1,1
0,0,1
0,1,1
0,0,0
0,0,0
0,1,1
0,1,1
0,1,1
0,0,0
0,1,1
0,1,1
0,0,1
0,0,0
0,0,0
0,1,1
0,1,1
0,0,0
0,0,0
0,0,1
0,0,0
0,1,1
0,1,1
0,0,1
0,0,0
0,0,1
0,1,1
0,1,1
0,0,1
0,1,1
0,1,1
0,0,1
0,0,0
0,1,1
0,1,1
0,1,1
0,0,1
0,1,1
0,0,1
0,1,1
0,0.8581144,1
0,0,1
0,0,0
0,1,1
0,0,0
0,0,1
0,0,0
0,0,1
0,1,1
0,1,1
0,0,0
0,1,1
0,0,1
0,0,1
0,0,0
0,1,1
0,1,1
0,0,1
0,1,1
0,0,1
0,1,1
0,0,0
0,0,1
0,1,1
0,1,1
0,0,1
0,1,1
0,0,1
0,1,1
0,1,1
0,0,0
0,0,0
0,1,1
0,1,1
0,0,0
0,0,0
0,1,1
0,0,0
0,1,1
0,1,1
0,1,1
0,0,1
0,0,1
0,0,1
0,0,1
0,1,1
0,1,1
0,1,1
0,0,0
0,0,1
0,1,1
0,0,0
0,1,1
0,1,1
0,0,0
0,0,0
0,1,1
0,1,1
0,0,0
0,0,1
0,0,0
0,1,1
0,1,1
0,1,1
0,0,1
0,1,1
0,1,1
0,1,1
0,1,1
0,1,1
0,1,1
0,0,0
0,0,1
0,0,0
0,1,1
0,0,1
0,1,1
0,1,1
0,0,1
0,1,1
0,1,1
0,0,0
0,0,0
0,1,1
0,1,1
0,0,1
0,0,1
0,1,1
0,1,1
0,1,1
0,0,1
0,0,0
0,1,1
0,1,1
0,1,1
0,1,1
0,1,1
0,0.8628153,1
0,0,0
0,0,0
0,0,0
0,0,0
0,0,0
0,1,1
0,1,1
0,1,1
0,1,1
0,1,1
0,0,1
0,1,1
0,0,0
0,0,0
0,0,0
0,0,0
0,1,1
0,1,1
0,1,1
0,0,0
0,0,1
0,1,1
0,1,1
0,0,0
0,0,0
0,1,1
0,1,1
0,0,0
0,1,1
0,0,1
0,0,0
0,0,0
0,0,0
0,1,1
0,0,0
0,0,1
0,1,1
0,1,1
0,0,0
0,1,1
0,0,0
0,1,1
0,1,1
0,1,1
0,1,1
0,0,0
0,0.8777751,1
0,0,1
0,1,1
0,0,1
0,0,0
0,1,1
0,0,0
0,1,1
0,1,1
0,1,1
0,1,1
0,1,1
0,0,0
0,1,1
0,1,1
0,1,1
0,0,1
0,1,1
0,1,1
0,0,1
0,0,0
0,1,1
0,1,1
0,1,1
0,1,1
0,1,1
0,1,1
0,1,1
0,1,1
0,1,1
0,1,1
0,1,1
0,0,1
0,1,1
0,1,1
0,1,1
0,1,1
0,1,1
0,1,1
0,0,0
0,0,0
0,0,1
0,0,0
0,0.8540045,1
0,1,1
0,1,1
0,1,1
0,1,1
0,1,1
0,1,1
0,0,0
0,1,1
0,1,1
0,0,0
0,1,1
0,0,1
0,0,1
0,0,1
0,0,0
0,0,1
0,1,1
0,1,1
0,1,1
0,1,1
0,0,1
0,1,1
0,0.8669873,1
0,0,1
0,1,1
0,0,1
0,0,1
0,1,1
0,1,1
0,0,0
0,1,1
0,0,1
0,1,1
0,0,1
0,0,1
0,1,1
0,0,0
0,1,1
0,0,0
0,0,1
0,1,1
0,0,0
0,1,1
0,1,1
0,0,1
0,0.869794,1
0,0,0
0,1,1
0,1,1
0,1,1
0,0,0
0,0,0
0,1,1
0,0,1
0,1,1
0,1,1
0,1,1
0,0,0
0,0,0
0,0,1
0,0,1
0,0,0
0,1,1
0,1,1
0,0,0
0,0,0
0,0,0
0,1,1
0,1,1
0,0,1
0,0,0
0,0,1
0,1,1
0,1,1
0,0,0
0,0,0
0,1,1
0,1,1
0,1,1
0,0,0
0,0,0
0,0,0
0,0.8623066,1
0,0,0
0,1,1
0,0,1
0,1,1
0,0,1
0,0,0
0,1,1
0,0,0
0,1,1
0,1,1
0,1,1
0,1,1
0,0,1
0,0,1
0,0,0
0,0,1
0,0,1
0,0,0
0,1,1
0,0,0
0,0,1
0,1,1
0,1,1
0,0,0
0,1,1
0,1,1
0,0,0
0,1,1
0,1,1
0,0,0
0,1,1
0,1,1
0,0,1
0,0,1
0,1,1
0,0,0
0,0,1
0,1,1
0,1,1
0,0,0
0,1,1
0,0,0
0,1,1
0,1,1
0,0,0
0,1,1
0,1,1
0,1,1
0,0,0
0,1,1
0,1,1
0,1,1
0,1,1
0,1,1
0,1,1
0,1,1
0,1,1
0,0,0
0,0,1
0,1,1
0,0,0
0,1,1
0,1,1
0,0,0
0,1,1
0,1,1
0,0,1
0,1,1
0,1,1
0,0,1
0,1,1
0,1,1
0,1,1
0,0,0
0,0,1
0,0,0
0,1,1
0,1,1
0,0.7161361,1
0,1,1
0,1,1
0,0,0
0,1,1
0,1,1
0,1,1
0,1,1
0,1,1
0,1,1
0,1,1
0,1,1
0,0,0
0,1,1
0,0,0
0,1,1
0,1,1
0,0,1
0,1,1
0,1,1
0,0,0
0,0,1
0,0,0
0,0,0
0,1,1
0,0,1
0,1,1
0,1,1
0,0,1
0,1,1
0,1,1
0,0,0
0,0,1
0,1,1
0,1,1
0,0,0
0,0,0
0,0,1
0,0,0
0,1,1
0,1,1
0,0,0
0,1,1
0,1,1
0,1,1
0,1,1
0,1,1
0,0,0
0,1,1
0,1,1
0,0.8637688,1
0,1,1
0,1,1
0,1,1
0,0,1
0,1,1
0,1,1
0,0,0
0,0,0
0,0,1
0,0,0
0,0,0
0,1,1
0,0,0
0,0,1
0,0,1
0,0,1
0,1,1
0,0,0
0,1,1
0,1,1
0,1,1
0,0,1
0,0,1
0,0,0
0,0,1
0,0,0
0,1,1
0,0,1
0,1,1
0,0,0
0,0,1
0,1,1
0,1,1
0,1,1
0,1,1
0,0,0
0,1,1
0,0,1
0,1,1
0,0,0
0,0,1
0,0,0
0,1,1
0,0,1
0,1,1
0,0,0
0,1,1
0,1,1
0,1,1
0,1,1
0,1,1
0,1,1
0,1,1
0,0,1
0,0,1
0,1,1
0,1,1
0,0,1
0,1,1
0,1,1
0,0,1
0,1,1
0,1,1
0,0,1
0,1,1
0,0.861523,1
0,1,1
0,0,1
0,0.8599249,1
0,0,1
0,1,1
0,1,1
0,1,1
0,1,1
0,1,1
0,1,1
0,0,0
0,1,1
0,0,1
0,0,0
0,0,0
0,1,1
0,1,1
0,1,1
0,0,1
0,1,1
0,1,1
0,1,1
0,1,1
0,1,1
0,1,1
0,1,1
0,1,1
0,0.8649758,1
0,0.8585995,1
0,1,1
0,0,0
0,0,1
0,1,1
0,1,1
0,1,1
0,0,1
0,0,0
0,0.8671206,1
0,0,1
0,0,1
0,1,1
0,0.8557228,1
0,1,1
0,0,1
0,0,1
0,1,1
0,0,1
0,0,0
0,0,0
0,1,1
0,0,0
0,0,0
0,0,0
0,1,1
0,1,1
0,1,1
0,0,1
0,0,0
0,0,1
0,1,1
0,0,1
0,1,1
0,1,1
0,1,1
0,0,0
0,0,0
0,1,1
0,1,1
0,1,1
0,1,1
0,1,1
0,1,1
0,0,0
0,1,1
0,0,1
0,0,1
0,1,1
0,0,0
0,1,1
0,1,1
0,1,1
0,1,1
0,0,1
0,1,1
0,0,0
0,0,0
0,1,1
0,0,1
0,0,1
0,0,0
0,1,1
0,1,1
0,0,0
0,1,1
0,1,1
0,0,0
0,0,1
0,0,1
0,1,1
0,0,0
0,1,1
0,0,0
0,1,1
0,0,1
0,0,1
0,0,1
0,0,0
0,1,1
0,0,0
0,0,1
0,1,1
0,1,1
0,0.857947,1
0,0,0
0,1,1
0,1,1
0,0,0
0,1,1
0,1,1
0,0,0
0,0,1
0,1,1
0,0,0
0,0,1
0,0,0
0,0,1
0,1,1
0,1,1
0,1,1
0,0,0
0,1,1
0,0,0
0,1,1
0,0,1
0,1,1
0,1,1
0,1,1
0,0,1
0,1,1
0,1,1
0,1,1
0,0,0
0,1,1
0,1,1
0,1,1
0,0,1
0,1,1
0,0,1
0,1,1
0,1,1
0,0,0
0,1,1
0,1,1
0,1,1
0,1,1
0,0.8903981,1
0,0,0
0,1,1
0,0,1
0,0,0
0,0,1
0,1,1
0,1,1
0,0.8802027,1
0,0,1
0,1,1
0,1,1
0,0,1
0,1,1
0,1,1
0,0,0
0,1,1
0,0,0
0,0,1
0,1,1
0,1,1
0,1,1
0,0,0
0,1,1
0,1,1
0,1,1
0,1,1
0,0,0
0,1,1
0,0,0
0,1,1
0,0,0
0,0,0
0,1,1
0,1,1
0,0,0
0,1,1
0,0,1
0,0,1
0,0,1
0,1,1
0,1,1
0,1,1
0,0,1
0,0.866176,1
0,0,0
0,0,1
0,1,1
0,0,0
0,0,0
0,1,1
0,1,1
0,0.8791443,1
0,1,1
0,0,0
0,1,1
0,1,1
0,1,1
0,0,0
0,1,1
0,1,1
0,0,0
0,1,1
0,1,1
0,1,1
0,0,0
0,1,1
0,0,1
0,1,1
0,0,1
0,1,1
0,0,1
0,0,1
0,0,0
0,1,1
0,0,0
0,0,1
0,0,1
0,0,1
0,1,1
0,0,1
0,1,1
0,0,1
0,1,1
0,0,0
0,0,1
0,1,1
0,1,1
0,0,0
0,1,1
0,1,1
0,1,1
0,0,1
0,0,0
0,0,1
0,0,0
0,1,1
0,1,1
0,1,1
0,0,0
0,0,1
0,0,0
0,0,1
0,1,1
0,1,1
0,0,1
0,1,1
0,0,0
0,0,1
0,0,1
0,1,1
0,0,0
0,0,0
0,1,1
0,1,1
0,0,1
0,1,1
0,0,0
0,0,0
0,1,1
0,1,1
0,1,1
0,1,1
0,0,1
0,0.8575817,1
0,0,0
0,1,1
0,1,1
0,0,0
0,0,1
0,0,1
0,0,0
0,0,0
0,1,1
0,1,1
0,0,0
0,1,1
0,1,1
0,0,1
0,0,1
0,1,1
0,1,1
0,0,1
0,0,1
0,1,1
0,1,1
0,0,0
0,1,1
0,1,1
0,1,1
0,1,1
0,0,0
0,0,0
0,1,1
0,0,1
0,1,1
0,1,1
0,1,1
0,1,1
0,1,1
0,1,1
0,1,1
0,0,1
0,0,0
0,0.7488667,1
0,1,1
0,1,1
0,1,1
0,1,1
0,1,1
0,1,1
0,0,0
0,1,1
0,0,1
0,1,1
0,1,1
0,0,0
0,0,0
0,0,0
0,1,1
0,1,1
0,1,1
0,0,0
0,0,0
0,0,0
0,1,1
0,1,1
0,1,1
0,0,1
0,1,1
0,1,1
0,0,1
0,0,0
0,0,1
0,1,1
0,0,1
0,1,1
0,1,1
0,0,0
0,0,0
0,0,0
0,1,1
0,0,1
0,1,1
0,1,1
0,0,1
0,1,1
0,1,1
0,0,1
0,0.8635335,1
0,0,0
0,1,1
0,1,1
0,1,1
0,1,1
0,1,1
0,0,0
0,0,0
0,1,1
0,1,1
0,0,0
0,0.8593022,1
0,1,1
0,0,1
0,0,1
0,1,1
0,0,1
0,0,1
0,0,0
0,1,1
0,1,1
0,0,0
0,1,1
0,0,1
0,1,1
0,0,0
0,1,1
0,0,1
0,0,0
0,1,1
0,1,1
0,0,1
0,0,0
0,0,0
0,1,1
0,1,1
0,0,0
0,1,1
0,0,0
0,0,1
0,0,1
0,0,0
0,0,0
0,0,0
0,1,1
0,1,1
0,1,1
0,0,1
0,0,0
0,1,1
0,0,1
0,0,1
0,0,0
0,1,1
0,0,0
0,1,1
0,0,1
0,0,0
0,0,0
0,1,1
0,1,1
0,1,1
0,1,1
0,0,1
0,1,1
0,1,1
0,1,1
0,0,1
0,1,1
0,1,1
0,1,1
0,0,1
0,1,1
0,0,1
0,1,1
0,1,1
0,1,1
0,1,1
0,0.8610673,1
0,0,0
0,1,1
0,1,1
0,1,1
0,1,1
0,0,0
0,1,1
0,0,1
0,1,1
0,1,1
0,1,1
0,1,1
0,1,1
0,1,1
0,1,1
0,1,1
0,1,1
0,1,1
0,0,0
0,0,0
0,1,1
0,1,1
0,1,1
0,1,1
0,0.8674798,1
0,0.8535731,1
0,1,1
0,0,1
0,1,1
0,0.8628882,1
0,1,1
0,0,1
0,1,1
0,1,1
0,0,0
0,1,1
0,1,1
0,1,1
0,0,1
0,0,1
0,1,1
0,0,1
0,0,0
0,0,1
0,0,0
0,1,1
0,1,1
0,0,0
0,0,0
0,0,0
0,1,1
0,1,1
0,0,0
0,1,1
0,0,1
0,0,0
0,0,0
0,1,1
0,0.8609346,1
0,0,0
0,1,1
0,1,1
0,0,0
0,1,1
0,1,1
0,0,0
0,1,1
0,1,1
0,1,1
0,1,1
0,0,1
0,1,1
0,0,0
0,1,1
0,1,1
0,1,1
0,0,0
0,0,0
0,0,1
0,0,1
0,1,1
0,1,1
0,1,1
0,1,1
0,1,1
0,1,1
0,1,1
0,0,1
0,0,1
0,1,1
0,1,1
0,0,1
0,0,0
0,0,0
0,1,1
0,1,1
0,1,1
0,1,1
0,0,1
0,0,1
0,1,1
0,1,1
0,1,1
0,0,1
0,0,0
0,1,1
0,0,1
0,1,1
0,1,1
0,1,1
0,1,1
0,0,0
0,0,1
0,1,1
0,0,0
0,1,1
0,0,1
0,0,0
0,0,0
0,0,0
0,1,1
0,1,1
0,0,1
0,0,0
0,1,1
0,1,1
0,1,1
0,1,1
0,1,1
0,1,1
0,0,1
0,1,1
0,0,1
0,0,1
0,1,1
0,1,1
0,1,1
0,1,1
0,0,0
0,1,1
0,0,1
0,0,1
0,0,0
0,0,1
0,1,1
0,0,1
0,1,1
0,0,1
0,0,0
0,0,0
0,1,1
0,1,1
0,1,1
0,1,1
0,1,1
0,1,1
0,1,1
0,1,1
0,1,1
0,1,1
0,0,1
0,1,1
0,1,1
0,0,1
0,1,1
0,1,1
0,0,1
0,1,1
0,0,0
0,1,1
0,1,1
0,0,1
0,1,1
0,0,1
0,0,0
0,0,0
0,0,0
0,1,1
0,1,1
0,1,1
0,1,1
0,1,1
0,1,1
0,0,1
0,1,1
0,0,0
0,1,1
0,0,1
0,1,1
0,1,1
0,0,1
0,1,1
0,1,1
0,0,1
0,0,0
0,1,1
0,0,0
0,1,1
0,1,1
0,0,1
0,0,1
0,1,1
0,1,1
0,0,0
0,1,1
0,1,1
0,1,1
0,0.864922,1
0,1,1
0,1,1
0,1,1
0,0,0
0,0,0
0,1,1
0,1,1
0,1,1
0,1,1
0,0,0
0,1,1
0,1,1
0,0,0
0,1,1
0,1,1
0,1,1
0,1,1
0,0,0
0,1,1
0,1,1
0,1,1
0,1,1
0,1,1
0,1,1
0,1,1
0,1,1
0,1,1
0,1,1
0,1,1
0,1,1
0,1,1
0,1,1
0,0,0
0,1,1
0,0,1
0,1,1
0,0,0
0,0,0
0,1,1
0,0,1
0,0,0
0,0,1
0,0,1
0,0,1
0,1,1
0,1,1
0,0,0
0,1,1
0,0,1
0,0,1
0,0,1
0,1,1
0,1,1
0,0,0
0,1,1
0,0,0
0,1,1
0,0,0
0,0,0
0,1,1
0,0,0
0,0,0
0,1,1
0,1,1
0,1,1
0,0,0
0,0,1
0,1,1
0,1,1
0,1,1
0,1,1
0,1,1
0,0,0
0,1,1
0,1,1
0,1,1
0,0,1
0,0,0
0,1,1
0,1,1
0,1,1
0,0,0
0,1,1
0,1,1
0,0,1
0,0,0
0,1,1
0,1,1
0,1,1
0,1,1
0,1,1
0,0,1
0,0,1
0,1,1
0,1,1
0,1,1
0,1,1
0,1,1
0,0,1
0,0,0
0,0,1
0,1,1
0,1,1
0,1,1
0,0,1
0,1,1
0,1,1
0,0,1
0,1,1
0,1,1
0,1,1
0,1,1
0,1,1
0,1,1
0,0,1
0,0,0
0,1,1
0,0,0
0,0,0
0,1,1
0,0,0
0,0,1
0,0.8737878,1
0,0,0
0,1,1
0,1,1
0,1,1
0,0,1
0,0,0
0,0,0
0,1,1
0,1,1
0,0,0
0,1,1
0,1,1
0,0,0
0,1,1
0,0,1
0,1,1
0,0,1
0,0,0
0,1,1
0,0,1
0,1,1
0,0,1
0,0,0
0,0,0
0,1,1
0,0.8773717,1
0,0,1
0,0,1
0,0,0
0,0,0
0,1,1
0,1,1
0,0,1
0,1,1
0,1,1
0,1,1
0,1,1
0,0,0
0,0,1
0,0,1
0,1,1
0,1,1
0,0,0
0,0,1
0,1,1
0,0,1
0,0,1
0,1,1
0,1,1
0,0,0
0,1,1
0,1,1
0,1,1
0,0,0
0,1,1
0,0.8740432,1
0,1,1
0,1,1
0,1,1
0,0,1
0,1,1
0,1,1
0,0,1
0,1,1
0,0,0
0,0,1
0,0,0
0,0,1
0,0,0
0,0,0
0,1,1
0,0,0
0,1,1
0,0,0
0,0,1
0,0,1
0,0,1
0,0,1
0,0,0
0,0,0
0,1,1
0,0,0
0,1,1
0,0,0
0,1,1
0,0,0
0,0,0
0,1,1
0,0,0
0,0,0
0,0,1
0,0,0
0,1,1
0,0,0
0,1,1
0,0.857685,1
0,1,1
0,0.8577024,1
0,0,1
0,1,1
0,1,1
0,0,1
0,0,1
0,1,1
0,1,1
0,1,1
0,0,0
0,0,1
0,1,1
0,1,1
0,0,1
0,1,1
0,1,1
0,1,1
0,1,1
0,1,1
0,0,0
0,1,1
0,0,0
0,0,1
0,1,1
0,1,1
0,1,1
0,1,1
0,1,1
0,1,1
0,1,1
0,1,1
0,0,0
0,1,1
0,0,1
0,0,0
0,1,1
0,0,0
0,0,1
0,1,1
0,1,1
0,1,1
0,1,1
0,1,1
0,1,1
0,1,1
0,1,1
0,1,1
0,0,0
0,0.8830806,1
0,1,1
0,1,1
0,1,1
0,0,0
0,1,1
0,1,1
0,1,1
0,0,0
0,1,1
0,0,0
0,0,0
0,1,1
0,1,1
0,1,1
0,1,1
0,1,1
0,1,1
0,1,1
0,0,1
0,1,1
0,1,1
0,0,0
0,0,0
0,1,1
0,1,1
0,1,1
0,1,1
0,0,0
0,0,0
0,1,1
0,1,1
0,0,0
0,0,1
0,1,1
0,1,1
0,0,0
0,0,1
0,1,1
0,0,0
0,1,1
0,1,1
0,0.8563914,1
0,0,1
0,0,1
0,1,1
0,1,1
0,0,1
0,0,1
0,0,0
0,1,1
0,0,0
0,0.8672616,1
0,0,1
0,1,1
0,1,1
0,0,0
0,1,1
0,1,1
0,0,0
0,0,1
0,0,1
0,1,1
0,0,1
0,1,1
0,1,1
0,0,0
0,0,0
0,0,1
0,0,1
0,1,1
0,0,0
0,0,0
0,0,1
0,1,1
0,0,0
0,0,0
0,0,0
0,1,1
0,0,0
0,0,0
0,1,1
0,1,1
0,0,0
0,1,1
0,0,1
0,1,1
0,0,0
0,1,1
0,0,0
0,0,0
0,0,0
0,1,1
0,1,1
0,1,1
0,1,1
0,0,0
0,0,0
0,1,1
0,0,0
0,1,1
0,1,1
0,0,1
0,0,1
0,1,1
0,1,1
0,1,1
0,1,1
0,0,0
0,0,1
0,0,1
0,1,1
0,0,1
0,0,0
0,0.8601143,1
0,1,1
0,0,1
0,1,1
0,0,0
0,0,0
0,1,1
0,1,1
0,0,1
0,1,1
0,0,0
0,1,1
0,1,1
0,0,1
0,1,1
0,0,0
0,1,1
0,0,1
0,0,1
0,1,1
0,1,1
0,1,1
0,1,1
0,1,1
0,0,1
0,1,1
0,1,1
0,1,1
0,1,1
0,1,1
0,1,1
0,1,1
0,0,0
0,1,1
0,1,1
0,1,1
0,1,1
0,1,1
0,1,1
0,1,1
0,0,1
0,0,0
0,0,0
0,1,1
0,1,1
0,0,0
0,1,1
0,0,0
0,1,1
0,0,1
0,1,1
0,0,0
0,0,0
0,0,0
0,1,1
0,0,0
0,0,1
0,0,0
0,0,1
0,1,1
0,0,1
0,0,0
0,1,1
0,1,1
0,1,1
0,1,1
0,0,1
0,0,1
0,0,1
0,1,1
0,0,1
0,1,1
0,0,0
0,1,1
0,0,1
0,1,1
0,0,1
0,1,1
0,1,1
0,0.8619941,1
0,1,1
0,0,0
0,1,1
0,0,1
0,1,1
0,1,1
0,0,0
0,1,1
0,1,1
0,1,1
0,1,1
0,1,1
0,0,1
0,1,1
0,0,1
0,1,1
0,0,1
0,1,1
0,0,1
0,1,1
0,0,0
0,0,0
0,1,1
0,0,0
0,1,1
0,0.8409175,1
0,0,0
0,0,0
0,0.8603944,1
0,0,1
0,0,0
0,1,1
0,0,0
0,0,1
0,0.8576618,1
0,0,0
0,0,1
0,0,0
0,0,0
0,0,1
0,1,1
0,0,0
0,1,1
0,0,0
0,1,1
0,1,1
0,0,1
0,0,1
0,1,1
0,1,1
0,1,1
0,0,0
0,0,0
0,0,1
0,0,0
0,1,1
0,1,1
0,1,1
0,1,1
0,1,1
0,0,0
0,0,0
0,1,1
0,1,1
0,0.7159795,1
0,0,1
0,0,0
0,1,1
0,1,1
0,0,1
0,1,1
0,1,1
0,1,1
0,1,1
0,0,1
0,0,0
0,1,1
0,1,1
0,1,1
0,1,1
0,0,1
0,0,0
0,0,1
0,1,1
0,1,1
0,1,1
0,0,0
0,1,1
0,1,1
0,0,1
0,1,1
0,1,1
0,1,1
0,0.8667377,1
0,1,1
0,1,1
0,1,1
0,0,0
0,1,1
0,1,1
0,0,1
0,1,1
0,1,1
0,0,0
0,1,1
0,1,1
0,0,1
0,1,1
0,1,1
0,1,1
0,1,1
0,0,0
0,0,0
0,1,1
0,1,1
0,0,1
0,1,1
0,0.7707878,1
0,1,1
0,1,1
0,1,1
0,1,1
0,0,0
0,0,0
0,0,1
0,1,1
0,1,1
0,1,1
0,1,1
0,1,1
0,1,1
0,1,1
0,0,0
0,0,0
0,0,0
0,0,0
0,1,1
0,1,1
0,0,1
0,1,1
0,0,0
0,0,0
0,1,1
0,1,1
0,0,0
0,0,1
0,0,1
0,1,1
0,0,0
0,0,0
0,1,1
0,1,1
0,1,1
0,1,1
0,1,1
0,0.9220103,1
0,0,0
0,1,1
0,1,1
0,0,1
0,1,1
0,1,1
0,1,1
0,0,0
0,0.8632895,1
0,1,1
0,1,1
0,0,0
0,1,1
0,1,1
0,1,1
0,0,1
0,1,1
0,1,1
0,0,1
0,1,1
0,0,1
0,1,1
0,1,1
0,1,1
0,1,1
0,0,1
0,0,0
0,0,0
0,0,0
0,0,0
0,1,1
0,1,1
0,0,0
0,1,1
0,0,1
0,0,0
0,0,1
0,1,1
0,1,1
0,1,1
0,0.8751663,1
0,0.8687774,1
0,1,1
0,0.8072104,1
0,0,0
0,0,0
0,0,1
0,1,1
0,1,1
0,0,1
0,0,0
0,1,1
0,1,1
0,1,1
0,1,1
0,1,1
0,1,1
0,0,0
0,0,0
0,0,0
0,0.935371,1
0,1,1
0,1,1
0,0,1
0,0,0
0,1,1
0,0,1
0,1,1
0,1,1
0,0,0
0,1,1
0,0,0
0,1,1
0,1,1
0,1,1
0,1,1
0,1,1
0,0,0
0,1,1
0,1,1
0,1,1
0,1,1
0,1,1
0,1,1
0,1,1
0,0,0
0,0,0
0,1,1
0,1,1
0,0,0
0,1,1
0,1,1
0,1,1
0,0,0
0,1,1
0,1,1
0,1,1
0,0.7423854,1
0,1,1
0,1,1
0,1,1
0,1,1
0,0,0
0,1,1
0,1,1
0,1,1
0,1,1
0,0,1
0,1,1
0,0,1
0,1,1
0,0,1
0,0,0
0,1,1
0,1,1
0,1,1
0,0,1
0,1,1
0,0,1
0,1,1
0,1,1
0,1,1
0,1,1
0,1,1
0,1,1
0,1,1
0,1,1
0,1,1
0,1,1
0,0,0
0,1,1
0,1,1
0,0,0
0,1,1
0,0.7664024,1
0,0,0
0,0,0
0,0,0
0,1,1
0,1,1
0,1,1
0,0.864221,1
0,1,1
0,1,1
0,1,1
0,1,1
0,1,1
0,1,1
0,0,0
0,1,1
0,0,0
0,1,1
0,0,0
0,1,1
0,1,1
0,0,1
0,0,0
0,1,1
0,1,1
0,1,1
0,0,1
0,1,1
0,0,0
0,0,0
0,1,1
0,0,0
0,1,1
0,1,1
0,1,1
0,0,0
0,1,1
0,1,1
0,0,0
0,1,1
0,0,1
0,1,1
0,1,1
0,1,1
0,0,0
0,1,1
0,1,1
0,0,0
0,0,0
0,1,1
0,0,1
0,1,1
0,0,0
0,0,0
0,0,1
0,1,1
0,1,1
0,0,1
0,1,1
0,1,1
0,0.7425939,1
0,1,1
0,0,0
0,1,1
0,1,1
0,0,0
0,1,1
0,0,0
0,0,0
0,1,1
0,1,1
0,0,1
0,1,1
0,1,1
0,0,1
0,1,1
0,0,1
0,0.816793,1
0,0,0
0,0,0
0,0,0
0,1,1
0,1,1
0,0,0
0,1,1
0,1,1
0,0,0
0,1,1
0,1,1
0,0,0
0,0,1
0,1,1
0,0,1
0,1,1
0,0,0
0,1,1
0,0,1
0,0,0
0,1,1
0,1,1
0,1,1
0,1,1
0,1,1
0,1,1
0,1,1
0,1,1
0,1,1
0,1,1
0,0,0
0,1,1
0,1,1
0,1,1
0,1,1
0,1,1
0,1,1
0,1,1
0,0,0
0,1,1
0,1,1
0,1,1
0,1,1
0,1,1
0,0,0
0,1,1
0,1,1
0,1,1
0,1,1
0,0,1
0,1,1
0,1,1
0,1,1
0,0,1
0,0,0
0,0,0
0,0,0
0,1,1
0,0,0
0,1,1
0,1,1
0,0,0
0,1,1
0,1,1
0,1,1
0,0,1
0,1,1
0,0,0
0,0,0
0,0.8665472,1
0,1,1
0,0,0
0,0,0
0,1,1
0,1,1
0,0,0
0,0,0
0,0,0
0,1,1
0,1,1
0,0,1
0,1,1
0,1,1
0,1,1
0,0,1
0,0,0
0,0,0
0,1,1
0,0,1
0,0,0
0,0,0
0,1,1
0,1,1
0,1,1
0,1,1
0,1,1
0,0,0
0,1,1
0,0,1
0,1,1
0,0,0
0,1,1
0,0,0
0,0.8125676,1
0,1,1
0,0,0
0,0,0
0,1,1
0,1,1
0,1,1
0,1,1
0,1,1
0,1,1
0,0,1
0,0,0
0,0,0
0,0,1
0,0,0
0,0.8701972,1
0,1,1
0,1,1
0,0,0
0,1,1
0,1,1
0,0,0
0,0,0
0,1,1
0,0,1
0,0,1
0,0,0
0,1,1
0,0,0
0,0,1
0,0,1
0,0,1
0,0,0
0,1,1
0,0,0
0,0,0
0,0,0
0,1,1
0,1,1
0,1,1
0,0,1
0,0,1
0,0,0
0,1,1
0,0,0
0,1,1
0,1,1
0,1,1
0,1,1
0,1,1
0,0,0
0,0,1
0,1,1
0,0.8642713,1
0,0,1
0,1,1
0,1,1
0,0,1
0,1,1
0,0,1
0,1,1
0,1,1
0,1,1
0,0,1
0,0.8631271,1
0,1,1
0,1,1
0,1,1
0,1,1
0,1,1
0,0,0
0,0,1
0,1,1
0,0,1
0,1,1
0,1,1
0,1,1
0,1,1
0,0,1
0,0,0
0,0,1
0,1,1
0,0,1
0,1,1
0,1,1
0,1,1
0,1,1
0,1,1
0,0,1
0,1,1
0,0,1
0,0,0
0,1,1
0,0,0
0,0,0
0,1,1
0,0,0
0,1,1
0,0.8560339,1
0,1,1
0,0,0
0,0,0
0,0,0
0,0,0
0,1,1
0,1,1
0,0,1
0,0,0
0,1,1
0,1,1
0,0,1
0,0,1
0,1,1
0,0,0
0,1,1
0,0,0
0,1,1
0,0,1
0,0,0
0,0,1
0,0,1
0,1,1
0,0,0
0,0,1
0,1,1
0,0,0
0,0,1
0,1,1
0,0,1
0,0,1
0,1,1
0,1,1
0,1,1
0,0,0
0,1,1
0,1,1
0,0,1
0,1,1
0,1,1
0,1,1
0,1,1
0,1,1
0,1,1
0,0,1
0,1,1
0,0,1
0,1,1
0,0,0
0,0,1
0,0,0
0,1,1
0,1,1
0,1,1
0,0,0
0,1,1
0,0,0
0,1,1
0,1,1
0,1,1
0,1,1
0,1,1
0,0,1
0,1,1
0,1,1
0,0,1
0,1,1
0,0,0
0,1,1
0,0,1
0,0,1
0,1,1
0,1,1
0,0,0
0,1,1
0,1,1
0,1,1
0,0,0
0,1,1
0,1,1
0,0,0
0,1,1
0,0,0
0,1,1
0,1,1
0,0,0
0,1,1
0,1,1
0,0.8564421,1
0,1,1
0,1,1
0,1,1
0,0,1
0,0,1
0,1,1
0,0,0
0,1,1
0,1,1
0,1,1
0,0,1
0,1,1
0,1,1
0,0,0
0,1,1
0,1,1
0,0,0
0,1,1
0,1,1
0,0,1
0,1,1
0,0,0
0,1,1
0,1,1
0,0,0
0,1,1
0,1,1
0,0,1
0,0,0
0,1,1
0,0,1
0,0,0
0,1,1
0,0.8618243,1
0,1,1
0,0,1
0,0,0
0,1,1
0,1,1
0,0.8709677,1
0,1,1
0,1,1
0,1,1
0,1,1
0,0,0
0,1,1
0,1,1
0,0,1
0,1,1
0,1,1
0,1,1
0,0,0
0,0,0
0,1,1
0,1,1
0,1,1
0,0,1
0,0,1
0,0,0
0,1,1
0,0,0
0,0.8620056,1
0,1,1
0,0,0
0,0,0
0,1,1
0,1,1
0,1,1
0,1,1
0,1,1
0,1,1
0,1,1
0,1,1
0,0,0
0,1,1
0,0,1
0,1,1
0,0,1
0,1,1
0,0,1
0,1,1
0,0,0
0,1,1
0,1,1
0,1,1
0,1,1
0,0,1
0,1,1
0,0,1
0,1,1
0,1,1
0,0,0
0,1,1
0,0,0
0,1,1
0,1,1
0,0,0
0,1,1
0,1,1
0,1,1
0,1,1
0,1,1
0,0,1
0,0,1
0,1,1
0,0,0
0,0,1
0,1,1
0,1,1
0,1,1
0,1,1
0,1,1
0,1,1
0,1,1
0,1,1
0,0,0
0,1,1
0,1,1
0,1,1
0,1,1
0,1,1
0,0,1
0,1,1
0,0,0
0,0,0
0,0,0
0,1,1
0,1,1
0,1,1
0,1,1
0,1,1
0,0,1
0,0,0
0,0,1
0,0,0
0,0,1
0,1,1
0,0,0
0,0,0
0,1,1
0,0,1
0,0,0
0,1,1
0,0,1
0,0,1
0,0,0
0,0,1
0,1,1
0,0,0
0,0,1
0,0,0
0,1,1
0,1,1
0,0,1
0,0,0
0,1,1
0,1,1
0,0,0
0,1,1
0,1,1
0,0,1
0,1,1
0,0,1
0,0,1
0,1,1
0,1,1
0,1,1
0,0,0
0,1,1
0,0,1
0,0,1
0,0,0
0,0,0
0,1,1
0,0.865975,1
0,0.8690076,1
0,1,1
0,0,0
0,0,1
0,1,1
0,1,1
0,1,1
0,1,1
0,1,1
0,0,1
0,1,1
0,1,1
0,0,0
0,0,0
0,0,0
0,0,0
0,0,1
0,1,1
0,0,0
0,0,0
0,0,0
0,0,0
0,1,1
0,1,1
0,1,1
0,0,0
0,0,0
0,1,1
0,1,1
0,1,1
0,0,0
0,0,1
0,1,1
0,0.6550337,1
0,1,1
0,0,0
0,1,1
0,1,1
0,1,1
0,1,1
0,0,0
0,0.626525,1
0,1,1
0,1,1
0,1,1
0,0.01925313,1
0,1,1
0,0,1
0,1,1
0,1,1
0,0.9116448,1
0,0,1
0,1,1
0,0,0
0,0,0
0,1,1
0,1,1
0,0,1
0,1,1
0,1,1
0,0.622954,1
0,1,1
0,1,1
0,0,0
0,0,0
0,0,0
0,1,1
0,0,0
0,1,1
0,1,1
0,1,1
0,1,1
0,1,1
0,0,0
0,0,0
0,0,0
0,0,1
0,0.1614056,1
0,0,0
0,0,1
0,1,1
0,1,1
0,1,1
0,0,1
0,0,0
0,1,1
0,0,0
0,0,0
0,0,1
0,0,1
0,0,1
0,1,1
0,1,1
0,0,0
0,0.6291932,1
0,1,1
0,0,1
0,0,1
0,1,1
0,1,1
0,0,0
0,0.6238281,1
0,0,0
0,0.004017353,1
0,0,1
0,0,0
0,0.1595291,1
0,0.6313738,1
0,0,0
0,1,1
0,1,1
0,1,1
0,1,1
0,0,0
0,0,0
0,1,1
0,1,1
0,0,1
0,1,1
0,1,1
0,1,1
0,0.6206459,1
0,1,1
0,1,1
0,1,1
0,0,0
0,0,0
0,1,1
0,1,1
0,1,1
0,0.8679858,1
0,1,1
0,0.634853,1
0,0,0
0,1,1
0,1,1
0,1,1
0,0,0
0,1,1
0,1,1
0,1,1
0,1,1
0,0.07793069,1
0,0,0
0,1,1
0,1,1
0,0,0
0,0.07488358,1
0,0,1
0,1,1
0,1,1
0,1,1
0,0,0
0,0.6729385,1
0,0.6401818,1
0,0,0
0,0,0
0,0,1
0,0.03632343,1
0,0.6632975,1
0,1,1
0,1,1
0,1,1
0,0,1
0,0,1
0,1,1
0,0.1865548,1
0,1,1
0,0,1
0,0,1
0,0.1501187,1
0,1,1
0,0,0
0,0.8639992,1
0,0,0
0,0,0
0,0,0
0,0,1
0,1,1
0,1,1
0,1,1
0,0,0
0,1,1
0,0.625537,1
0,1,1
0,0,0
0,1,1
0,1,1
0,1,1
0,1,1
0,1,1
0,0,0
0,1,1
0,1,1
0,0,0
0,0,0
0,1,1
0,1,1
0,0,1
0,0,1
0,1,1
0,0.8518775,1
0,0,0
0,1,1
0,0,0
0,0,1
0,0,0
0,0,0
0,1,1
0,1,1
0,1,1
0,1,1
0,0.8584279,1
0,1,1
0,1,1
0,0,0
0,0,1
0,1,1
0,1,1
0,0,1
0,1,1
0,0,0
0,0,1
0,0,0
0,1,1
0,0,1
0,1,1
0,0.2830157,1
0,1,1
0,1,1
0,1,1
0,1,1
0,1,1
0,1,1
0,1,1
0,1,1
0,0,1
0,0,0
0,1,1
0,1,1
0,0.6202077,1
0,0,0
0,0,0
0,1,1
0,0,1
0,1,1
0,1,1
0,0,1
0,0,1
0,1,1
0,1,1
0,0,0
0,0,0
0,0.6501855,1
0,1,1
0,1,1
0,0,0
0,0,1
0,0,1
0,0,1
0,1,1
0,0.6224715,1
0,0,0
0,0.07826459,1
0,0,1
0,1,1
0,1,1
0,1,1
0,0,1
0,1,1
0,1,1
0,1,1
0,0.6745392,1
0,1,1
0,0,0
0,1,1
0,1,1
0,0.01163077,1
0,0,1
0,0,0
0,1,1
0,0,0
0,0,1
0,0.02271807,1
0,1,1
0,1,1
0,1,1
0,1,1
0,1,1
0,1,1
0,0.8721794,1
0,0,0
0,0,0
0,0,0
0,1,1
0,1,1
0,0,0
0,1,1
0,1,1
0,0,1
0,1,1
0,0,0
0,0,0
0,1,1
0,1,1
0,1,1
0,1,1
0,1,1
0,0,1
0,1,1
0,1,1
0,1,1
0,0.6309618,1
0,0,0
0,1,1
0,1,1
0,0,0
0,0,1
0,0.08705044,1
0,1,1
0,1,1
0,0.6396775,1
0,0,1
0,1,1
0,1,1
0,0,0
0,0,0
0,0,1
0,0.6271795,1
0,1,1
0,1,1
0,0.6421195,1
0,0,0
0,1,1
0,1,1
0,1,1
0,0,1
0,0,0
0,1,1
0,1,1
0,0.6241894,1
0,1,1
0,0,0
0,0,0
0,0,0
0,1,1
0,0.6242501,1
0,1,1
0,1,1
0,1,1
0,1,1
0,0,0
0,0,0
0,0.8756877,1
0,1,1
0,0,1
0,0,1
0,1,1
0,1,1
0,0,1
0,0,0
0,0,0
0,1,1
0,0,0
0,0,0
0,1,1
0,0,1
0,0,1
0,1,1
0,1,1
0,1,1
0,0,0
0,1,1
0,0.7316982,1
0,1,1
0,1,1
0,1,1
0,0,1
0,1,1
0,0.0730598,1
0,0.7917522,1
0,1,1
0,0.6409577,1
0,1,1
0,1,1
0,0,0
0,1,1
0,1,1
0,0.6168979,1
0,1,1
0,0.6495968,1
0,0.6370143,1
0,0,0
0,1,1
0,1,1
0,1,1
0,0,1
0,1,1
0,0,1
0,0,0
0,1,1
0,0,0
0,0,0
0,1,1
0,1,1
0,0,0
0,1,1
0,0,0
0,1,1
0,0,0
0,1,1
0,0,1
0,1,1
0,1,1
0,1,1
0,1,1
0,1,1
0,0.8642849,1
0,0,1
0,0,0
0,1,1
0,1,1
0,1,1
0,0,1
0,0.8292606,1
0,0.6393911,1
0,0.0106585,1
0,1,1
0,0,1
0,0,0
0,0,0
0,1,1
0,1,1
0,0,1
0,1,1
0,0,0
0,1,1
0,0,0
0,1,1
0,1,1
0,1,1
0,0,0
0,1,1
0,1,1
0,0,1
0,1,1
0,1,1
0,1,1
0,1,1
0,0,0
0,0,0
0,1,1
0,1,1
0,0.8786343,1
0,1,1
0,1,1
0,0,0
0,1,1
0,0,1
0,1,1
0,1,1
0,1,1
0,0,1
0,0,1
0,0.01997328,1
0,1,1
0,1,1
0,1,1
0,1,1
0,1,1
0,0,1
0,1,1
0,0,1
0,0,0
0,1,1
0,1,1
0,0,1
0,0,1
0,0,1
0,0,1
0,1,1
0,0,0
0,1,1
0,0.8643984,1
0,1,1
0,1,1
0,1,1
0,1,1
0,1,1
0,0,0
0,1,1
0,1,1
0,0,1
0,1,1
0,1,1
0,1,1
0,0,0
0,0.151637,1
0,1,1
0,0,0
0,0,0
0,0,0
0,1,1
0,1,1
0,0,0
0,0,1
0,1,1
0,0,1
0,0,0
0,0.6183113,1
0,1,1
0,1,1
0,0.8896171,1
0,1,1
0,0,0
0,1,1
0,1,1
0,0,1
0,1,1
0,0,0
0,0,0
0,0,0
0,1,1
0,1,1
0,0.6913886,1
0,1,1
0,1,1
0,1,1
0,1,1
0,0,0
0,0,0
0,0,1
0,1,1
0,1,1
0,0,0
0,0,0
0,1,1
0,1,1
0,1,1
0,0,0
0,0,0
0,1,1
0,0,1
0,0,1
0,0,0
0,0,1
0,0,1
0,1,1
0,1,1
0,0,0
0,0,0
0,1,1
0,0.8576545,1
0,1,1
0,0.634811,1
0,0,1
0,0.2470344,1
0,1,1
0,1,1
0,0,0
0,0,0
0,0,0
0,0,0
0,1,1
0,1,1
0,0,0
0,0.6289256,1
0,1,1
0,1,1
0,0.8588613,1
0,0,1
0,0,0
0,0,0
0,0,1
0,1,1
0,1,1
0,1,1
0,1,1
0,1,1
0,0,1
0,0,1
0,0,1
0,1,1
0,1,1
0,0,0
0,0,1
0,1,1
0,0,1
0,0,0
0,0,0
0,0,1
0,1,1
0,1,1
0,1,1
0,1,1
0,1,1
0,0.8568751,1
0,0.7417699,1
0,0,0
0,0,1
0,1,1
0,0.1056499,1
0,1,1
0,0.05575788,1
0,0.1295042,1
0,1,1
0,1,1
0,1,1
0,1,1
0,1,1
0,0,0
0,0,1
0,1,1
0,1,1
0,0,1
0,1,1
0,1,1
0,1,1
0,0,0
0,0,0
0,1,1
0,1,1
0,0,1
0,1,1
0,1,1
0,1,1
0,0,0
0,1,1
0,0,1
0,0,0
0,1,1
0,0,0
0,0.8615748,1
0,1,1
0,0.01666689,1
0,1,1
0,1,1
0,0,0
0,0,0
0,0.8921789,1
0,1,1
0,1,1
0,1,1
0,0,1
0,1,1
0,0,0
0,1,1
0,0,0
0,1,1
0,0.01271117,1
0,1,1
0,1,1
0,1,1
0,1,1
0,1,1
0,1,1
0,1,1
0,1,1
0,1,1
0,0,1
0,0,1
0,1,1
0,1,1
0,0.8659723,1
0,0,1
0,0.6285888,1
0,1,1
0,0,0
0,1,1
0,0,0
0,1,1
0,0,1
0,1,1
0,1,1
0,0,1
0,0,0
0,0,0
0,1,1
0,1,1
0,1,1
0,0,0
0,1,1
0,0.6297334,1
0,1,1
0,0.09412253,1
0,1,1
0,1,1
0,0,0
0,0,0
0,1,1
0,1,1
0,1,1
0,0,1
0,1,1
0,0,0
0,1,1
0,1,1
0,0,1
0,1,1
0,1,1
0,1,1
0,1,1
0,0.7101524,1
0,1,1
0,0,0
0,1,1
0,1,1
0,0.8690544,1
0,1,1
0,1,1
0,1,1
0,1,1
0,1,1
0,0,0
0,1,1
0,1,1
0,1,1
0,0.8648349,1
0,1,1
0,1,1
0,0,1
0,1,1
0,1,1
0,1,1
0,1,1
0,1,1
0,1,1
0,1,1
0,1,1
0,0,0
0,0.5160736,1
0,0,1
0,0,1
0,0,0
0,0,1
0,1,1
0,1,1
0,0,1
0,1,1
0,1,1
0,0,0
0,0,1
0,0,1
0,0.635749,1
0,0,1
0,1,1
0,0,0
0,0,1
0,0,1
0,1,1
0,0,1
0,0,0
0,0,1
0,1,1
0,1,1
0,1,1
0,1,1
0,1,1
0,0,0
0,1,1
0,1,1
0,1,1
0,0.8722153,1
0,0,1
0,0,0
0,1,1
0,0.6498495,1
0,1,1
0,1,1
0,1,1
0,1,1
0,1,1
0,1,1
0,1,1
0,0.6294885,1
0,1,1
0,0.02397251,1
0,0,0
0,0,0
0,0,1
0,1,1
0,0,1
0,0,1
0,1,1
0,0,0
0,0,0
0,1,1
0,0,0
0,0,0
0,1,1
0,0,0
0,0,0
0,1,1
0,1,1
0,1,1
0,1,1
0,1,1
0,0,0
0,0,0
0,0,1
0,1,1
0,1,1
0,1,1
0,0,1
0,1,1
0,1,1
0,0,0
0,1,1
0,0,0
0,0.8651706,1
0,0,1
0,0.869398,1
0,1,1
0,1,1
0,1,1
0,1,1
0,0.6452756,1
0,1,1
0,0,0
0,0,1
0,1,1
0,1,1
0,1,1
0,1,1
0,1,1
0,1,1
0,0.6414474,1
0,1,1
0,0,0
0,0,0
0,0,0
0,1,1
0,0,0
0,1,1
0,1,1
0,1,1
0,0,0
0,1,1
0,1,1
0,0,0
0,0,0
0,1,1
0,1,1
0,1,1
0,1,1
0,1,1
0,0.6370203,1
0,0,0
0,0,1
0,1,1
0,0,1
0,0,1
0,1,1
0,1,1
0,0,0
0,1,1
0,0,0
0,1,1
0,1,1
0,0,0
0,1,1
0,1,1
0,0,1
0,1,1
0,1,1
0,1,1
0,0,0
0,0,0
0,1,1
0,1,1
0,0,0
0,0,0
0,1,1
0,0,1
0,0,1
0,1,1
0,1,1
0,0.6378795,1
0,1,1
0,1,1
0,0,1
0,0,1
0,1,1
0,1,1
0,0,0
0,1,1
0,1,1
0,0,0
0,1,1
0,1,1
0,1,1
0,1,1
0,0,1
0,1,1
0,1,1
0,1,1
0,0.07467318,1
0,1,1
0,0,1
0,1,1
0,0.003581643,1
0,0.8590543,1
0,0,1
0,0,0
0,1,1
0,0,0
0,0,0
0,1,1
0,0,0
0,1,1
0,0,0
0,0,1
0,0,0
0,1,1
0,1,1
0,0,1
0,1,1
0,0,0
0,0,0
0,0,0
0,0,1
0,1,1
0,1,1
0,1,1
0,1,1
0,0,1
0,1,1
0,0.6467036,1
0,0.05514407,1
0,1,1
0,1,1
0,1,1
0,0,0
0,1,1
0,1,1
0,1,1
0,0.7000138,1
0,1,1
0,1,1
0,1,1
0,0,1
0,1,1
0,1,1
0,1,1
0,0.124993,1
0,0,0
0,1,1
0,1,1
0,0.01780713,1
0,0,1
0,0,0
0,1,1
0,1,1
0,1,1
0,1,1
0,0,0
0,0,0
0,1,1
0,0,0
0,0,0
0,1,1
0,1,1
0,1,1
0,1,1
0,1,1
0,0,0
0,1,1
0,0,0
0,1,1
0,0,0
0,1,1
0,0.8329049,1
0,0,1
0,0.07326066,1
0,0.6269361,1
0,1,1
0,1,1
0,0,1
0,0.6290683,1
0,1,1
0,1,1
0,0,0
0,1,1
0,0.6238981,1
0,1,1
0,0,0
0,1,1
0,0,1
0,0,0
0,1,1
0,1,1
0,0,0
0,0.6508874,1
0,1,1
0,1,1
0,1,1
0,0,0
0,1,1
0,0,1
0,1,1
0,1,1
0,1,1
0,1,1
0,1,1
0,1,1
0,0.6544458,1
0,0,0
0,1,1
0,1,1
0,1,1
0,0.6285044,1
0,1,1
0,1,1
0,1,1
0,1,1
0,0,0
0,1,1
0,0,1
0,1,1
0,1,1
0,0.6398462,1
0,1,1
0,1,1
0,1,1
0,1,1
0,1,1
0,0.6213304,1
0,0,1
0,1,1
0,1,1
0,1,1
0,1,1
0,1,1
0,1,1
0,1,1
0,1,1
0,0,1
0,0,0
0,0,1
0,0,0
0,1,1
0,1,1
0,0,1
0,1,1
0,1,1
0,1,1
0,1,1
0,0,0
0,1,1
0,1,1
0,0,0
0,1,1
0,0,0
0,1,1
0,1,1
0,0.859686,1
0,1,1
0,1,1
0,1,1
0,1,1
0,1,1
0,0,1
0,1,1
0,0,0
0,1,1
0,1,1
0,0,0
0,0,1
0,1,1
0,0,1
0,0,0
0,1,1
0,1,1
0,1,1
0,1,1
0,0,0
0,0,0
0,1,1
0,1,1
0,0,1
0,1,1
0,0,0
0,1,1
0,1,1
0,1,1
0,0,0
0,0,1
0,0,0
0,0,0
0,1,1
0,1,1
0,0,1
0,0,1
0,1,1
0,0,1
0,0,0
0,0,0
0,1,1
0,0,0
0,1,1
0,1,1
0,1,1
0,0,0
0,0,1
0,1,1
0,0,0
0,1,1
0,0,1
0,0,1
0,1,1
0,0,0
0,1,1
0,1,1
0,0.6191639,1
0,0,1
0,0,0
0,1,1
0,1,1
0,0.8582548,1
0,0,0
0,1,1
0,1,1
0,1,1
0,1,1
0,0.6226016,1
0,0,0
0,1,1
0,0,0
0,0,0
0,1,1
0,1,1
0,1,1
0,1,1
0,1,1
0,1,1
0,1,1
0,1,1
0,1,1
0,0,0
0,0,0
0,0.6187153,1
0,0,0
0,1,1
0,0.2711054,1
0,1,1
0,1,1
0,0,0
0,0,1
0,0.6291624,1
0,0,0
0,1,1
0,1,1
0,0,1
0,0,1
0,1,1
0,0,0
0,0,1
0,0.06849456,1
0,1,1
0,1,1
0,1,1
0,0,1
0,1,1
0,1,1
0,0,1
0,0,0
0,0.007410407,1
0,1,1
0,1,1
0,1,1
0,0,1
0,0,0
0,1,1
0,1,1
0,1,1
0,0.7429566,1
0,0,0
0,0.0009795427,1
0,0,0
0,0.6250228,1
0,1,1
0,1,1
0,0,1
0,1,1
0,1,1
0,0,0
0,0.05916142,1
0,0,0
0,1,1
0,0.8602866,1
0,1,1
0,1,1
0,0,0
0,1,1
0,0,1
0,0,0
0,0,0
0,0,0
0,1,1
0,0,0
0,0.8691906,1
0,0,1
0,1,1
0,1,1
0,1,1
0,0,0
0,0.8652222,1
0,1,1
0,1,1
0,0,0
0,1,1
0,0,1
0,0,1
0,0,0
0,1,1
0,0,0
0,0,0
0,0,1
0,1,1
0,0,0
0,1,1
0,1,1
0,0,0
0,0,0
0,1,1
0,1,1
0,0.6443144,1
0,1,1
0,0,0
0,1,1
0,1,1
0,0.6324121,1
0,0,1
0,0,1
0,0,0
0,1,1
0,0,0
0,0.6282575,1
0,1,1
0,0,1
0,1,1
0,0,0
0,0,1
0,0,0
0,1,1
0,1,1
0,1,1
0,0,0
0,1,1
0,0,0
0,1,1
0,0,0
0,0.6305276,1
0,0.8722396,1
0,1,1
0,0.804081,1
0,1,1
0,0,0
0,0,1
0,0,1
0,0,1
0,0,1
0,1,1
0,1,1
0,1,1
0,0.6341542,1
0,0,0
0,0,0
0,0,1
0,1,1
0,0,0
0,0,1
0,1,1
0,1,1
0,1,1
0,1,1
0,0,0
0,0,0
0,0,0
0,1,1
0,1,1
0,1,1
0,1,1
0,1,1
0,0,1
0,0,0
0,0,0
0,0,0
0,0,0
0,1,1
0,0,1
0,1,1
0,1,1
0,1,1
0,0,0
0,0,0
0,1,1
0,1,1
0,1,1
0,0.1916146,1
0,0,1
0,0,1
0,1,1
0,1,1
0,0,0
0,1,1
0,0,0
0,1,1
0,1,1
0,1,1
0,1,1
0,1,1
0,1,1
0,1,1
0,0,0
0,1,1
0,0,0
0,1,1
0,1,1
0,1,1
0,1,1
0,1,1
0,1,1
0,1,1
0,1,1
0,1,1
0,1,1
0,1,1
0,1,1
0,0,1
0,1,1
0,1,1
0,1,1
0,1,1
0,1,1
0,0,1
0,0,0
0,0,0
0,1,1
0,1,1
0,0.03976798,1
0,0.03129852,1
0,0,1
0,1,1
0,0,0
0,0,0
0,0,0
0,1,1
0,1,1
0,0,1
0,0.02578068,1
0,1,1
0,1,1
0,1,1
0,1,1
0,0,0
0,1,1
0,0.8634728,1
0,0.2779173,1
0,1,1
0,1,1
0,1,1
0,0.7743365,1
0,1,1
0,0,0
0,1,1
0,0,0
0,1,1
0,1,1
0,1,1
0,1,1
0,1,1
0,1,1
0,0,0
0,0,0
0,1,1
0,1,1
0,0.6308887,1
0,1,1
0,0,1
0,1,1
0,1,1
0,1,1
0,1,1
0,0,0
0,1,1
0,0.8597708,1
0,0,1
0,1,1
0,1,1
0,1,1
0,0.8636477,1
0,1,1
0,0.6280667,1
0,0,0
0,0.6324538,1
0,1,1
0,0,0
0,1,1
0,0,1
0,0,1
0,0,1
0,1,1
0,1,1
0,1,1
0,1,1
0,1,1
0,1,1
0,1,1
0,1,1
0,1,1
0,1,1
0,0,1
0,0,0
0,0,0
0,1,1
0,1,1
0,1,1
0,0,0
0,0.01427984,1
0,1,1
0,1,1
0,1,1
0,1,1
0,0.6564451,1
0,0.007923484,1
0,0,0
0,0,0
0,0,0
0,0.1737958,1
0,1,1
0,1,1
0,1,1
0,1,1
0,0,1
0,1,1
0,0,1
0,1,1
0,0.1261002,1
0,0,1
0,0,0
0,1,1
0,1,1
0,1,1
0,1,1
0,0,0
0,0,0
0,0,1
0,1,1
0,1,1
0,1,1
0,0.6288164,1
0,0,1
0,0,1
0,1,1
0,0,0
0,1,1
0,1,1
0,1,1
0,0,0
0,1,1
0,1,1
0,1,1
0,1,1
0,0,0
0,0,0
0,0,0
0,1,1
0,0.8809978,1
0,0,0
0,0,0
0,0,1
0,1,1
0,1,1
0,0,0
0,1,1
0,0,1
0,1,1
0,0,1
0,1,1
0,1,1
0,1,1
0,1,1
0,0,0
0,1,1
0,0,0
0,0,1
0,0,1
0,0.8695821,1
0,0,0
0,0,1
0,1,1
0,1,1
0,0,0
0,0,1
0,0,0
0,0,1
0,0.6179961,1
0,1,1
0,1,1
0,0,0
0,1,1
0,1,1
0,1,1
0,5.984306E-05,1
0,1,1
0,0,0
0,0.6247052,1
0,0.06268525,1
0,0.8608668,1
0,0,0
0,1,1
0,1,1
0,0,0
0,0,0
0,1,1
0,1,1
0,1,1
0,1,1
0,0,0
0,1,1
0,0,0
0,1,1
0,0,0
0,1,1
0,1,1
0,0,0
0,0,0
0,1,1
0,1,1
0,1,1
0,1,1
0,1,1
0,0,0
0,0,0
0,1,1
0,0,1
0,0,0
0,1,1
0,0.01614308,1
0,1,1
0,0,1
0,1,1
0,1,1
0,0,0
0,0,1
0,0,0
0,0,0
0,1,1
0,1,1
0,1,1
0,1,1
0,1,1
0,0,0
0,0,0
0,1,1
0,1,1
0,0,1
0,1,1
0,0.06114554,1
0,1,1
0,1,1
0,1,1
0,0,1
0,0,0
0,0,0
0,1,1
0,1,1
0,1,1
0,0,1
0,0,1
0,0.05173504,1
0,1,1
0,0,0
0,0,1
0,1,1
0,0,0
0,1,1
0,0,1
0,0,0
0,1,1
0,0,0
0,1,1
0,0,0
0,1,1
0,0.7074747,1
0,0,0
0,0.8636106,1
0,1,1
0,1,1
0,0.8670179,1
0,1,1
0,1,1
0,0,0
0,0,0
0,0,0
0,0,0
0,0,1
0,0,0
0,0.8646747,1
0,1,1
0,1,1
0,1,1
0,0,1
0,0.6293771,1
0,0,0
0,1,1
0,0,1
0,1,1
0,1,1
0,1,1
0,0,0
0,1,1
0,0.6212233,1
0,1,1
0,1,1
0,1,1
0,1,1
0,1,1
0,1,1
0,1,1
0,0.6350714,1
0,1,1
0,0,0
0,0,0
0,1,1
0,0,0
0,0,0
0,1,1
0,1,1
0,0.6235541,1
0,0,0
0,0,1
0,1,1
0,1,1
0,1,1
0,0.8769158,1
0,0,0
0,1,1
0,0,1
0,1,1
0,0.01094973,1
0,0,0
0,0.06673527,1
0,1,1
0,1,1
0,0,0
0,0,1
0,1,1
0,1,1
0,1,1
0,0.9397608,1
0,1,1
0,0,0
0,0,0
0,0.06682897,1
0,0,0
0,1,1
0,1,1
0,1,1
0,1,1
0,1,1
0,1,1
0,0.6204022,1
0,0,0
0,0,0
0,1,1
0,1,1
0,1,1
0,1,1
0,0,1
0,0,0
0,0.6552173,1
0,0,1
0,0,0
0,1,1
0,1,1
0,1,1
0,1,1
0,1,1
0,1,1
0,0,0
0,1,1
0,1,1
0,0.02419746,1
0,1,1
0,1,1
0,1,1
0,0,1
0,1,1
0,1,1
0,1,1
0,0.8724548,1
0,0,0
0,1,1
0,1,1
0,0,1
0,0,0
0,1,1
0,1,1
0,1,1
0,1,1
0,1,1
0,0,1
0,0,0
0,0,0
0,1,1
0,1,1
0,0,1
0,1,1
0,1,1
0,0,0
0,1,1
0,1,1
0,1,1
0,1,1
0,0,0
0,0,0
0,0,0
0,1,1
0,1,1
0,0,0
0,0,0
0,1,1
0,0,0
0,1,1
0,0,0
0,1,1
0,1,1
0,1,1
0,0.6174117,1
0,1,1
0,0.6446619,1
0,1,1
0,1,1
0,0,1
0,1,1
0,1,1
0,1,1
0,1,1
0,1,1
0,0.6170156,1
0,1,1
0,1,1
0,0,1
0,1,1
0,1,1
0,0,0
0,1,1
0,1,1
0,1,1
0,0,1
0,0,0
0,1,1
0,1,1
0,1,1
0,1,1
0,0,1
0,1,1
0,1,1
0,1,1
0,1,1
0,0,0
0,1,1
0,0.106011,1
0,0,0
0,1,1
0,0,1
0,1,1
0,1,1
0,1,1
0,1,1
0,0,0
0,0,0
0,1,1
0,1,1
0,0,1
0,1,1
0,1,1
0,0,0
0,1,1
0,0.01677144,1
0,1,1
0,1,1
0,0,1
0,0,1
0,1,1
0,0,1
0,1,1
0,1,1
0,1,1
0,0,0
0,0,1
0,1,1
0,0.2890898,1
0,1,1
0,0,0
0,1,1
0,1,1
0,0,1
0,0,0
0,0,0
0,1,1
0,1,1
0,0,1
0,1,1
0,1,1
0,1,1
0,1,1
0,1,1
0,1,1
0,1,1
0,1,1
0,1,1
0,0,1
0,1,1
0,0.7589742,1
0,1,1
0,1,1
0,1,1
0,0,0
0,1,1
0,1,1
0,1,1
0,1,1
0,1,1
0,1,1
0,0,1
0,1,1
0,1,1
0,0,0
0,1,1
0,0.6371857,1
0,1,1
0,0,0
0,1,1
0,1,1
0,0,1
0,0,1
0,0.6260256,1
0,0,0
0,0,1
0,0,0
0,1,1
0,1,1
0,0,1
0,0,1
0,1,1
0,1,1
0,1,1
0,0,0
0,1,1
0,1,1
0,1,1
0,1,1
0,1,1
0,1,1
0,0,0
0,1,1
0,1,1
0,1,1
0,0,1
0,1,1
0,0.863915,1
0,1,1
0,0,0
0,0.8566846,1
0,1,1
0,0,1
0,1,1
0,1,1
0,1,1
0,1,1
0,1,1
0,1,1
0,0,0
0,1,1
0,1,1
0,0,0
0,0,1
0,1,1
0,0.2883648,1
0,0,0
0,1,1
0,1,1
0,0,0
0,1,1
0,1,1
0,1,1
0,1,1
0,0,1
0,0.6183289,1
0,1,1
0,1,1
0,0,1
0,1,1
0,1,1
0,1,1
0,0,0
0,1,1
0,1,1
0,0,0
0,0,0
0,0,0
0,1,1
0,0,0
0,1,1
0,0,0
0,0,0
0,1,1
0,1,1
0,1,1
0,0,0
0,0.02568507,1
0,1,1
0,1,1
0,1,1
0,1,1
0,1,1
0,1,1
0,0,0
0,0,0
0,0,0
0,1,1
0,0.0819931,1
0,1,1
0,1,1
0,1,1
0,1,1
0,1,1
0,0,0
0,1,1
0,0.8631601,1
0,0,1
0,1,1
0,0,0
0,1,1
0,1,1
0,1,1
0,1,1
0,0,0
0,0,0
0,0,0
0,1,1
0,0.8695009,1
0,1,1
0,1,1
0,0,0
0,1,1
0,1,1
0,0,0
0,0,0
0,0,0
0,1,1
0,1,1
0,0.8553561,1
0,1,1
0,1,1
0,1,1
0,1,1
0,0.6315864,1
0,1,1
0,0,0
0,0,1
0,1,1
0,0,0
0,1,1
0,1,1
0,1,1
0,1,1
0,1,1
0,1,1
0,1,1
0,0,0
0,1,1
0,1,1
0,0,0
0,0.6252149,1
0,0.6250139,1
0,1,1
0,1,1
0,1,1
0,0,0
0,1,1
0,0,1
0,0,1
0,1,1
0,0,1
0,1,1
0,1,1
0,0,0
0,0,0
0,0.8813893,1
0,0,0
0,1,1
0,1,1
0,0,0
0,1,1
0,1,1
0,1,1
0,0,0
0,0,0
0,0.8753632,1
0,1,1
0,0,1
0,0,1
0,0,0
0,0.8746554,1
0,0.2208889,1
0,1,1
0,0,0
0,1,1
0,0,0
0,1,1
0,0,1
0,0,1
0,1,1
0,0,0
0,1,1
0,1,1
0,0,0
0,0,0
0,1,1
0,0.8628758,1
0,0,1
0,1,1
0,1,1
0,0,0
0,1,1
0,1,1
0,1,1
0,0,0
0,1,1
0,1,1
0,0,0
0,0,1
0,1,1
0,1,1
0,1,1
0,1,1
0,1,1
0,0.6473173,1
0,0.008595705,1
0,0,0
0,1,1
0,0,1
0,0,0
0,1,1
0,1,1
0,0,0
0,0,0
0,0,1
0,0,0
0,0,0
0,0,0
0,0,0
0,0,1
0,1,1
0,1,1
0,1,1
0,0,0
0,1,1
0,1,1
0,0,1
0,0,0
0,1,1
0,0,1
0,1,1
0,1,1
0,0.009620428,1
0,1,1
0,1,1
0,0,0
0,1,1
0,0.6531999,1
0,1,1
0,1,1
0,1,1
0,1,1
0,1,1
0,0,0
0,1,1
0,1,1
0,0,1
0,0,1
0,0,0
0,0.3131145,1
0,0,0
0,1,1
0,1,1
0,1,1
0,0,0
0,1,1
0,0,0
0,1,1
0,1,1
0,1,1
0,0,0
0,1,1
0,1,1
0,0,0
0,0,0
0,0,0
0,0,0
0,0.7780223,1
0,1,1
0,0,1
0,1,1
0,1,1
0,0.629198,1
0,0,0
0,0,0
0,0,0
0,0.6300657,1
0,0,1
0,1,1
0,0.110232,1
0,1,1
0,0,1
0,1,1
0,0.6531564,1
0,0.6731752,1
0,1,1
0,1,1
0,0,1
0,0,0
0,1,1
0,0.6386579,1
0,1,1
0,1,1
0,0.6254157,1
0,0,0
0,0,0
0,1,1
0,1,1
0,0.8555332,1
0,0,1
0,0,1
0,1,1
0,1,1
0,0,0
0,1,1
0,0,0
0,1,1
0,1,1
0,0.324246,1
0,0,0
0,1,1
0,1,1
0,0,1
0,0.07251573,1
0,0,1
0,0,0
0,1,1
0,1,1
0,1,1
0,1,1
0,1,1
0,1,1
0,1,1
0,0,0
0,1,1
0,0,1
0,0.1478537,1
0,1,1
0,1,1
0,1,1
0,1,1
0,1,1
0,1,1
0,1,1
0,0,0
0,0,0
0,1,1
0,1,1
0,1,1
0,1,1
0,1,1
0,1,1
0,1,1
0,0.7671939,1
0,0.6310688,1
0,0,0
0,0,0
0,1,1
0,1,1
0,0,0
0,0,1
0,1,1
0,0.8675617,1
0,1,1
0,1,1
0,1,1
0,0.03332889,1
0,0,0
0,1,1
0,1,1
0,1,1
0,0,1
0,1,1
0,1,1
0,0,1
0,1,1
0,0,0
0,1,1
0,1,1
0,0,0
0,1,1
0,1,1
0,0,0
0,1,1
0,0,1
0,0,1
0,1,1
0,0,0
0,0,1
0,1,1
0,1,1
0,1,1
0,0,0
0,0,0
0,0,0
0,1,1
0,0,1
0,0.2812716,1
0,0,0
0,0,1
0,1,1
0,0,0
0,1,1
0,1,1
0,0.6235529,1
0,1,1
0,0,0
0,0,0
0,1,1
0,1,1
0,1,1
0,1,1
0,1,1
0,0,0
0,0.6292492,1
0,0.8613057,1
0,1,1
0,0.6568214,1
0,1,1
0,1,1
0,1,1
0,1,1
0,1,1
0,0,0
0,0,0
0,0,0
0,1,1
0,0,1
0,1,1
0,1,1
0,0.8649172,1
0,1,1
0,0,0
0,1,1
0,0,0
0,1,1
0,0,1
0,0,1
0,1,1
0,1,1
0,0,0
0,1,1
0,1,1
0,0,1
0,0,0
0,1,1
0,1,1
0,1,1
0,0,0
0,1,1
0,0,1
0,0.02273571,1
0,0,0
0,0,1
0,1,1
0,1,1
0,1,1
0,0,1
0,0,1
0,1,1
0,1,1
0,0,0
0,0,0
0,0,0
0,0,0
0,1,1
0,1,1
0,1,1
0,0,0
0,0,1
0,1,1
0,1,1
0,0,0
0,1,1
0,0,0
0,0,0
0,0,1
0,1,1
0,0,1
0,0,0
0,1,1
0,1,1
0,0,0
0,0,0
0,0,0
0,1,1
0,1,1
0,0,1
0,0.8635569,1
0,0,1
0,1,1
0,1,1
0,0,0
0,1,1
0,0,0
0,0,1
0,1,1
0,0.03397453,1
0,1,1
0,1,1
0,1,1
0,1,1
0,0,0
0,0,0
0,0,0
0,0.6294233,1
0,0.06719935,1
0,1,1
0,0,0
0,1,1
0,0.631972,1
0,1,1
0,0,0
0,0,0
0,1,1
0,0,0
0,1,1
0,1,1
0,0,1
0,0,0
0,1,1
0,1,1
0,1,1
0,1,1
0,0,0
0,0.7091957,1
0,1,1
0,0,0
0,1,1
0,0.2477998,1
0,1,1
0,1,1
0,0,1
0,0,0
0,1,1
0,1,1
0,0.8569621,1
0,1,1
0,1,1
0,1,1
0,1,1
0,1,1
0,0.6690575,1
0,1,1
0,1,1
0,0,0
0,1,1
0,0,0
0,1,1
0,0.6325997,1
0,1,1
0,1,1
0,1,1
0,0,0
0,0,1
0,1,1
0,1,1
0,1,1
0,0,0
0,0,0
0,0,1
0,1,1
0,1,1
0,0,0
0,0,0
0,0,1
0,1,1
0,1,1
0,1,1
0,1,1
0,1,1
0,1,1
0,0,0
0,1,1
0,1,1
0,0.6743959,1
0,1,1
0,1,1
0,1,1
0,1,1
0,1,1
0,1,1
0,1,1
0,0,1
0,0.2487708,1
0,0.7982863,1
0,1,1
0,1,1
0,1,1
0,1,1
0,1,1
0,0.6331514,1
0,1,1
0,1,1
0,1,1
0,1,1
0,1,1
0,0,0
0,1,1
0,1,1
0,0.8748475,1
0,0,0
0,1,1
0,0,0
0,1,1
0,0,0
0,0,1
0,1,1
0,1,1
0,1,1
0,1,1
0,1,1
0,1,1
0,0,1
0,0,0
0,1,1
0,0.0847137,1
0,1,1
0,1,1
0,0.626626,1
0,1,1
0,0.6375479,1
0,1,1
0,1,1
0,0,0
0,0,1
0,1,1
0,1,1
0,0,1
0,0,1
0,1,1
0,0.6315633,1
0,0,0
0,1,1
0,0,0
0,1,1
0,1,1
0,1,1
0,1,1
0,0,0
0,1,1
0,0,0
0,1,1
0,0,0
0,0,1
0,0.6316,1
0,1,1
0,1,1
0,1,1
0,1,1
0,1,1
0,0,0
0,0,0
0,0,0
0,1,1
0,0,0
0,0,0
0,1,1
0,1,1
0,1,1
0,0,0
0,1,1
0,1,1
0,1,1
0,0,0
0,1,1
0,0,0
0,0,1
0,1,1
0,1,1
0,1,1
0,0,0
0,1,1
0,0.8805202,1
0,0,0
0,1,1
0,1,1
0,0,0
0,0,1
0,1,1
0,1,1
0,0,0
0,1,1
0,1,1
0,0,0
0,0,1
0,1,1
0,1,1
0,0,0
0,0,0
0,1,1
0,0,0
0,1,1
0,1,1
0,1,1
0,1,1
0,0.05917144,1
0,0,1
0,0,0
0,0.7343237,1
0,0,1
0,0,0
0,1,1
0,0.113117,1
0,1,1
0,1,1
0,1,1
0,0,0
0,0,0
0,0,1
0,1,1
0,0,0
0,1,1
0,0,0
0,0,0
0,1,1
0,1,1
0,0.8707045,1
0,0,1
0,1,1
0,1,1
0,0,0
0,1,1
0,0,1
0,1,1
0,0,0
0,0,0
0,1,1
0,0,1
0,1,1
0,1,1
0,1,1
0,0,0
0,1,1
0,0,0
0,0,0
0,1,1
0,0.6366647,1
0,1,1
0,1,1
0,1,1
0,0,0
0,1,1
0,0,1
0,1,1
0,1,1
0,1,1
0,1,1
0,1,1
0,1,1
0,1,1
0,0,0
0,0,1
0,0,1
0,0.6190211,1
0,1,1
0,1,1
0,0.674122,1
0,0,1
0,0,0
0,1,1
0,1,1
0,0,0
0,0.6486397,1
0,0,0
0,1,1
0,0.6326804,1
0,1,1
0,0,1
0,0,0
0,0,1
0,0,0
0,1,1
0,1,1
0,1,1
0,1,1
0,0,0
0,1,1
0,1,1
0,1,1
0,1,1
0,0,0
0,0,0
0,0.8742415,1
0,1,1
0,1,1
0,0,1
0,1,1
0,0,0
0,0.8529269,1
0,0,0
0,1,1
0,0,0
0,1,1
0,0,0
0,1,1
0,1,1
0,1,1
0,1,1
0,0,0
0,0,1
0,0,0
0,0,0
0,1,1
0,1,1
0,1,1
0,0,1
0,1,1
0,0,1
0,0.6235529,1
0,1,1
0,1,1
0,0,1
0,0,0
0,1,1
0,1,1
0,0.6475594,1
0,1,1
0,1,1
0,1,1
0,0.6286505,1
0,0,0
0,0,0
0,1,1
0,1,1
0,1,1
0,0,1
0,0,1
0,1,1
0,0.8617115,1
0,1,1
0,1,1
0,0,1
0,1,1
0,1,1
0,0,1
0,1,1
0,0,1
0,1,1
0,1,1
0,0,0
0,0,0
0,0,1
0,0,0
0,0,1
0,0.6184467,1
0,1,1
0,1,1
0,1,1
0,0.09937906,1
0,1,1
0,0,0
0,0,0
0,1,1
0,0,0
0,1,1
0,1,1
0,1,1
0,1,1
0,1,1
0,1,1
0,1,1
0,0,0
0,0,0
0,0.6291004,1
0,1,1
0,1,1
0,0,0
0,0,1
0,0,1
0,1,1
0,1,1
0,0,0
0,0,0
0,1,1
0,0.8566006,1
0,1,1
0,1,1
0,1,1
0,0,0
0,1,1
0,0,0
0,0,0
0,1,1
0,0,0
0,0.8589346,1
0,1,1
0,1,1
0,1,1
0,0,1
0,1,1
0,0,1
0,0,0
0,0.8674539,1
0,0,0
0,1,1
0,1,1
0,1,1
0,1,1
0,0,1
0,1,1
0,1,1
0,0,0
0,0,0
0,1,1
0,1,1
0,1,1
0,0.6324475,1
0,1,1
0,0,1
0,1,1
0,1,1
0,1,1
0,1,1
0,0,0
0,0,0
0,1,1
0,1,1
0,1,1
0,1,1
0,1,1
0,1,1
0,1,1
0,1,1
0,1,1
0,0,0
0,1,1
0,0.009154916,1
0,1,1
0,0,0
0,1,1
0,1,1
0,0,0
0,0.07353723,1
0,0,1
0,1,1
0,1,1
0,1,1
0,0,0
0,0,1
0,1,1
0,0,0
0,0,1
0,1,1
0,1,1
0,1,1
0,0,0
0,1,1
0,1,1
0,0,1
0,1,1
0,0,0
0,0,0
0,1,1
0,0,0
0,1,1
0,1,1
0,1,1
0,1,1
0,1,1
0,1,1
0,0,0
0,1,1
0,0,0
0,0,1
0,1,1
0,1,1
0,1,1
0,1,1
0,1,1
0,1,1
0,0,0
0,0.6687387,1
0,1,1
0,1,1
0,0,0
0,1,1
0,1,1
0,0,1
0,0.859867,1
0,1,1
0,0,0
0,1,1
0,0,0
0,1,1
0,0,1
0,1,1
0,1,1
0,1,1
0,1,1
0,1,1
0,1,1
0,0.01993561,1
0,0,0
0,1,1
0,1,1
0,0,1
0,1,1
0,0.8604161,1
0,1,1
0,1,1
0,1,1
0,1,1
0,1,1
0,0,0
0,1,1
0,0,1
0,1,1
0,1,1
0,1,1
0,1,1
0,0,0
0,0,1
0,0.01402974,1
0,0.8410567,1
0,0,0
0,0,0
0,1,1
0,0,1
0,0,1
0,0,1
0,1,1
0,0,0
0,1,1
0,1,1
0,0,1
0,1,1
0,1,1
0,1,1
0,1,1
0,1,1
0,0.8540834,1
0,1,1
0,0,0
0,1,1
0,0.6460819,1
0,0,1
0,1,1
0,0,1
0,0,1
0,0.6251293,1
0,0,0
0,1,1
0,1,1
0,1,1
0,1,1
0,0.8631028,1
0,1,1
0,0.6265792,1
0,1,1
0,1,1
0,0,0
0,0,0
0,0,0
0,1,1
0,0.03137124,1
0,1,1
0,0,1
0,1,1
0,1,1
0,1,1
0,0,0
0,0,0
0,0,0
0,0,0
0,1,1
0,0,1
0,1,1
0,1,1
0,0,1
0,1,1
0,0,0
0,0.682431,1
0,1,1
0,0,0
0,0,0
0,1,1
0,1,1
0,1,1
0,0,0
0,1,1
0,0.6643564,1
0,0,1
0,0,0
0,1,1
0,0.6187297,1
0,0,0
0,1,1
0,1,1
0,1,1
0,1,1
0,1,1
0,0,0
0,0.01183641,1
0,0,0
0,0,0
0,0.6375223,1
0,1,1
0,1,1
0,1,1
0,1,1
0,0,0
0,1,1
0,1,1
0,1,1
0,1,1
0,1,1
0,1,1
0,0.1033158,1
0,0,0
0,1,1
0,0.6258765,1
0,1,1
0,1,1
0,1,1
0,1,1
0,0.03227079,1
0,1,1
0,1,1
0,1,1
0,0,0
0,1,1
0,0.7016784,1
0,1,1
0,0.002360702,1
0,0,0
0,1,1
0,1,1
0,0,0
0,0,0
0,0,0
0,0,0
0,1,1
0,0.6247367,1
0,0,1
0,0,1
0,1,1
0,1,1
0,0,0
0,0,0
0,1,1
0,0,0
0,1,1
0,0,1
0,1,1
0,0,0
0,1,1
0,0.01026034,1
0,1,1
0,0,0
0,1,1
0,0,0
0,0,1
0,1,1
0,1,1
0,0,1
0,1,1
0,1,1
0,0,0
0,1,1
0,0,0
0,1,1
0,0,1
0,0,1
0,0,1
0,1,1
0,1,1
0,1,1
0,0,0
0,1,1
0,1,1
0,0.8570802,1
0,0.6323622,1
0,1,1
0,1,1
0,1,1
0,1,1
0,1,1
0,0,0
0,1,1
0,0.007995367,1
0,0,0
0,0.3229271,1
0,1,1
0,1,1
0,0,1
0,1,1
0,0,1
0,0,0
0,1,1
0,0,0
0,1,1
0,0.01469505,1
0,1,1
0,1,1
0,0,0
0,1,1
0,1,1
0,0,0
0,0,0
0,0,0
0,0,0
0,0,0
0,0,0
0,1,1
0,0,0
0,1,1
0,0.2065692,1
0,1,1
0,0,0
0,0,0
0,1,1
0,1,1
0,1,1
0,0,0
0,0.861596,1
0,0,1
0,1,1
0,0,0
0,0,0
0,0,0
0,0.03884304,1
0,0,1
0,0,1
0,1,1
0,0.01554739,1
0,1,1
0,1,1
0,1,1
0,0,1
0,0,0
0,0,1
0,1,1
0,0,1
0,1,1
0,0.6236969,1
0,0,0
0,1,1
0,0,0
0,0,0
0,0.01800323,1
0,1,1
0,0,1
0,1,1
0,0,1
0,1,1
0,1,1
0,1,1
0,0,0
0,1,1
0,0,1
0,1,1
0,1,1
0,1,1
0,0,1
0,1,1
0,1,1
0,1,1
0,0.004734755,1
0,1,1
0,0,0
0,1,1
0,1,1
0,1,1
0,0,1
0,1,1
0,0.6243891,1
0,1,1
0,0,0
0,0,0
0,0,0
0,1,1
0,1,1
0,0,0
0,0,0
0,1,1
0,1,1
0,1,1
0,0,0
0,0,0
0,1,1
0,1,1
0,1,1
0,0,0
0,1,1
0,0.8227807,1
0,1,1
0,1,1
0,0,0
0,0,0
0,1,1
0,0,0
0,0,0
0,0,1
0,0.6191562,1
0,0,1
0,0,1
0,1,1
0,0,0
0,0,0
0,0.1008316,1
0,1,1
0,1,1
0,1,1
0,1,1
0,0,0
0,0,1
0,1,1
0,0,0
0,1,1
0,0,0
0,1,1
0,1,1
0,0,0
0,1,1
0,0.2284449,1
0,1,1
0,1,1
0,0,0
0,1,1
0,0,0
0,0,1
0,1,1
0,0,1
0,1,1
0,1,1
0,1,1
0,1,1
0,0,0
0,1,1
0,0.7051853,1
0,0.6367549,1
0,0.8448669,1
0,1,1
0,0,1
0,1,1
0,0,1
0,1,1
0,0,0
0,0,0
0,0,0
0,0,1
0,1,1
0,0,0
0,0,1
0,1,1
0,1,1
0,1,1
0,0,0
0,0,0
0,0.6186727,1
0,1,1
0,1,1
0,1,1
0,1,1
0,0,1
0,1,1
0,1,1
0,0,0
0,0,0
0,1,1
0,0,0
0,1,1
0,1,1
0,1,1
0,0,1
0,1,1
0,1,1
0,0.6494831,1
0,1,1
0,0,0
0,1,1
0,0,0
0,1,1
0,0,1
0,1,1
0,1,1
0,1,1
0,0.6400952,1
0,1,1
0,0.6411331,1
0,1,1
0,0,1
0,1,1
0,0,0
0,0,1
0,1,1
0,1,1
0,0,0
0,0,0
0,0.6245239,1
0,1,1
0,0,0
0,0,0
0,1,1
0,1,1
0,1,1
0,1,1
0,0,0
0,0,0
0,0,0
0,1,1
0,0,0
0,1,1
0,0,0
0,0.865285,1
0,0.8611305,1
0,1,1
0,0,0
0,0,0
0,1,1
0,1,1
0,1,1
0,0,1
0,1,1
0,0,0
0,1,1
0,1,1
0,0,0
0,1,1
0,1,1
0,1,1
0,0,1
0,1,1
0,0.6275624,1
0,0,1
0,0,1
0,1,1
0,1,1
0,1,1
0,1,1
0,1,1
0,0,1
0,1,1
0,1,1
0,1,1
0,0,0
0,1,1
0,0.6359128,1
0,0,0
0,1,1
0,0,0
0,1,1
0,0,1
0,0,1
0,1,1
0,1,1
0,1,1
0,0.6223699,1
0,0,0
0,0,0
0,1,1
0,0,1
0,0,1
0,1,1
0,1,1
0,1,1
0,1,1
0,0.6236688,1
0,0,0
0,1,1
0,1,1
0,0,0
0,1,1
0,0,1
0,1,1
0,1,1
0,1,1
0,0,0
0,1,1
0,1,1
0,0.02472746,1
0,1,1
0,1,1
0,1,1
0,1,1
0,0,1
0,1,1
0,0,0
0,0,0
0,1,1
0,0,0
0,1,1
0,0,0
0,1,1
0,1,1
0,1,1
0,1,1
0,0,0
0,1,1
0,0,1
0,0,0
0,0,1
0,0,1
0,1,1
0,1,1
0,1,1
0,0,0
0,0,0
0,1,1
0,1,1
0,0,0
0,1,1
0,1,1
0,1,1
0,1,1
0,1,1
0,1,1
0,0.6395794,1
0,1,1
0,1,1
0,1,1
0,0,0
0,1,1
0,0,0
0,1,1
0,1,1
0,0,0
0,0,0
0,1,1
0,0,1
0,0,1
0,1,1
0,0,1
0,1,1
0,1,1
0,1,1
0,0,0
0,1,1
0,1,1
0,1,1
0,1,1
0,1,1
0,0,1
0,0.01694655,1
0,1,1
0,0,1
0,0,0
0,0.8634096,1
0,1,1
0,1,1
0,1,1
0,1,1
0,0,1
0,0.04144776,1
0,0,1
0,1,1
0,1,1
0,1,1
0,0,0
0,1,1
0,1,1
0,0.6269516,1
0,1,1
0,1,1
0,0,1
0,1,1
0,0,0
0,1,1
0,1,1
0,0,0
0,0,0
0,0,0
0,0,1
0,1,1
0,0,1
0,1,1
0,1,1
0,1,1
0,0.6202317,1
0,0,1
0,0,1
0,1,1
0,1,1
0,1,1
0,1,1
0,1,1
0,0,0
0,1,1
0,0,0
0,0,0
0,1,1
0,1,1
0,1,1
0,1,1
0,1,1
0,1,1
0,1,1
0,1,1
0,1,1
0,1,1
0,1,1
0,1,1
0,0,1
0,0,0
0,1,1
0,1,1
0,0,0
0,1,1
0,0,0
0,1,1
0,1,1
0,0.01416874,1
0,0,1
0,1,1
0,1,1
0,1,1
0,0,0
0,0,0
0,0.3456038,1
0,0,0
0,0,0
0,1,1
0,0,1
0,1,1
0,1,1
0,1,1
0,1,1
0,1,1
0,0.6392335,1
0,0,1
0,0.6178201,1
0,1,1
0,1,1
0,1,1
0,1,1
0,1,1
0,1,1
0,1,1
0,1,1
0,1,1
0,1,1
0,1,1
0,1,1
0,1,1
0,0,1
0,1,1
0,0,0
0,1,1
0,0,0
0,1,1
0,0,1
0,0,0
0,0,1
0,0.8693975,1
0,1,1
0,1,1
0,0.8635292,1
0,0.8651739,1
0,0,0
0,0.004284978,1
0,1,1
0,0.09719229,1
0,0,1
0,1,1
0,1,1
0,1,1
0,0.8160475,1
0,1,1
0,1,1
0,0,0
0,1,1
0,1,1
0,0,0
0,1,1
0,1,1
0,1,1
0,0,0
0,0,0
0,1,1
0,0,0
0,0.002429485,1
0,0,1
0,0,1
0,1,1
0,1,1
0,1,1
0,0,0
0,1,1
0,1,1
0,0,0
0,1,1
0,1,1
0,1,1
0,1,1
0,1,1
0,1,1
0,0,1
0,0.353743,1
0,0,0
0,0,1
0,1,1
0,0,0
0,0,0
0,1,1
0,1,1
0,1,1
0,0,0
0,0.05149519,1
0,0,0
0,0,0
0,0,1
0,1,1
0,0,1
0,0,0
0,1,1
0,1,1
0,1,1
0,0,0
0,0.8636011,1
0,0,1
0,0.8721808,1
0,1,1
0,1,1
0,0.6242141,1
0,0.6253185,1
0,1,1
0,0,0
0,0,0
0,1,1
0,1,1
0,0,1
0,1,1
0,0.623413,1
0,1,1
0,1,1
0,0,0
0,0,0
0,0,0
0,1,1
0,0,0
0,1,1
0,1,1
0,0.01969361,1
0,1,1
0,1,1
0,1,1
0,0,0
0,0,0
0,0,0
0,1,1
0,0.07503307,1
0,0.64742,1
0,0.8709588,1
0,1,1
0,1,1
0,1,1
0,0,0
0,1,1
0,1,1
0,1,1
0,1,1
0,1,1
0,1,1
0,1,1
0,1,1
0,1,1
0,1,1
0,0,0
0,1,1
0,0,0
0,1,1
0,1,1
0,0,0
0,1,1
0,1,1
0,1,1
0,0.6377792,1
0,0.8613583,1
0,0,0
0,1,1
0,1,1
0,1,1
0,1,1
0,1,1
0,1,1
0,1,1
0,0,0
0,0.6994398,1
0,1,1
0,1,1
0,1,1
0,0,0
0,1,1
0,1,1
0,1,1
0,1,1
0,0,0
0,1,1
0,0,0
0,1,1
0,0,0
0,1,1
0,0,0
0,1,1
0,1,1
0,1,1
0,1,1
0,1,1
0,0.2945951,1
0,0.6216123,1
0,1,1
0,0,1
0,0,0
0,1,1
0,1,1
0,1,1
0,0,0
0,0.6461158,1
0,1,1
0,0,0
0,1,1
0,0.8557044,1
0,0.6356109,1
0,1,1
0,1,1
0,1,1
0,1,1
0,0.6366011,1
0,1,1
0,0.6269308,1
0,1,1
0,0.6156586,1
0,1,1
0,1,1
0,0.1006656,1
0,1,1
0,0,1
0,1,1
0,0,1
0,1,1
0,0,1
0,1,1
0,0.8644315,1
0,1,1
0,1,1
0,1,1
0,0.867416,1
0,1,1
0,1,1
0,1,1
0,0,1
0,1,1
0,1,1
0,1,1
0,1,1
0,1,1
0,0,0
0,0,0
0,1,1
0,1,1
0,1,1
0,1,1
0,1,1
0,1,1
0,1,1
0,1,1
0,1,1
0,0,0
0,0,0
0,1,1
0,0,0
0,0.8665267,1
0,1,1
0,0.1208457,1
0,0.1042455,1
0,0,1
0,0.0170505,1
0,1,1
0,0,0
0,0,0
0,1,1
0,1,1
0,1,1
0,1,1
0,1,1
0,1,1
0,0,0
0,0,0
0,0,0
0,1,1
0,0.0715009,1
0,0,0
0,1,1
0,1,1
0,1,1
0,1,1
0,0,0
0,0.636422,1
0,1,1
0,0,0
0,1,1
0,1,1
0,1,1
0,0,0
0,1,1
0,1,1
0,0,0
0,0,0
0,0.6192926,1
0,0,0
0,0.6444745,1
0,0,1
0,1,1
0,1,1
0,1,1
0,0,0
0,0,0
0,1,1
0,1,1
0,1,1
0,0.6181151,1
0,0,0
0,1,1
0,0,0
0,1,1
0,0,0
0,0,0
0,0,0
0,0.6991469,1
0,0,0
0,0.6850046,1
0,1,1
0,1,1
0,1,1
0,1,1
0,0,0
0,0.6404489,1
0,0,0
0,1,1
0,0,0
0,1,1
0,0,1
0,1,1
0,1,1
0,0,0
0,1,1
0,1,1
0,1,1
0,1,1
0,1,1
0,1,1
0,1,1
0,1,1
0,1,1
0,1,1
0,0.6322318,1
0,0,0
0,1,1
0,1,1
0,1,1
0,1,1
0,0,0
0,0,0
0,0,0
0,1,1
0,0,0
0,0.8640701,1
0,1,1
0,1,1
0,1,1
0,1,1
0,1,1
0,1,1
0,0.6305562,1
0,0,0
0,1,1
0,1,1
0,0.6343824,1
0,0,1
0,0,0
0,0,1
0,0,1
0,0.01853514,1
0,1,1
0,1,1
0,0,0
0,0,0
0,0.6306258,1
0,0,1
0,0,0
0,1,1
0,1,1
0,1,1
0,0.6275978,1
0,1,1
0,0,1
0,0,0
0,0,0
0,1,1
0,0,1
0,1,1
0,0,0
0,1,1
0,0,1
0,1,1
0,0.6308864,1
0,0,0
0,1,1
0,0,1
0,0,1
0,0.0001735687,1
0,0,0
0,0,0
0,1,1
0,1,1
0,1,1
0,1,1
0,0.6255456,1
0,0,1
0,0,1
0,1,1
0,0,0
0,0,0
0,1,1
0,1,1
0,0.07987928,1
0,0,0
0,1,1
0,0,0
0,0,1
0,1,1
0,0,0
0,1,1
0,1,1
0,1,1
0,1,1
0,1,1
0,0,0
0,1,1
0,1,1
0,0,0
0,1,1
0,0.6199013,1
0,1,1
0,1,1
0,1,1
0,0,0
0,0,1
0,0,0
0,0,0
0,0,1
0,0.6722339,1
0,1,1
0,0,1
0,1,1
0,1,1
0,1,1
0,1,1
0,1,1
0,0,0
0,0.6321385,1
0,1,1
0,1,1
0,1,1
0,1,1
0,1,1
0,0,0
0,0,0
0,1,1
0,1,1
0,1,1
0,0,0
0,1,1
0,1,1
0,1,1
0,0,0
0,0,0
0,0,0
0,1,1
0,0,0
0,1,1
0,1,1
0,0,0
0,0,0
0,1,1
0,0,0
0,0.6336935,1
0,0,0
0,0,0
0,1,1
0,1,1
0,1,1
0,1,1
0,0,1
0,1,1
0,1,1
0,1,1
0,1,1
0,0.9004251,1
0,1,1
0,0,1
0,1,1
0,1,1
0,1,1
0,1,1
0,0,0
0,0,0
0,1,1
0,1,1
0,0,1
0,1,1
0,1,1
0,1,1
0,1,1
0,0,0
0,1,1
0,1,1
0,1,1
0,0,0
0,1,1
0,0.6297473,1
0,1,1
0,0.6173445,1
0,1,1
0,0,0
0,0,1
0,0,0
0,0.6227671,1
0,1,1
0,1,1
0,1,1
0,0.7020494,1
0,1,1
0,1,1
0,0.646547,1
0,1,1
0,0.7848822,1
0,0,1
0,0,1
0,0,0
0,1,1
0,1,1
0,0,0
0,0,0
0,0,0
0,0.2597862,1
0,1,1
0,0.005785823,1
0,1,1
0,1,1
0,0.8596295,1
0,1,1
0,1,1
0,1,1
0,0,0
0,1,1
0,0,0
0,0,0
0,0.08962882,1
0,0,0
0,1,1
0,1,1
0,1,1
0,1,1
0,1,1
0,0,0
0,0,0
0,0,1
0,0,0
0,1,1
0,0,0
0,1,1
0,1,1
0,1,1
0,0.6318114,1
0,0,1
0,1,1
0,0,1
0,1,1
0,1,1
0,0,0
0,0,0
0,0,1
0,1,1
0,0.6375972,1
0,0,0
0,0,0
0,0,0
0,1,1
0,1,1
0,1,1
0,0,1
0,1,1
0,1,1
0,0,0
0,0,0
0,1,1
0,0.8630261,1
0,0,1
0,0,1
0,0,1
0,0.1575845,1
0,1,1
0,0,0
0,0,0
0,1,1
0,0,1
0,1,1
0,0,0
0,0,1
0,1,1
0,0.0346179,1
0,1,1
0,0,0
0,0.6246246,1
0,1,1
0,0,0
0,0,0
0,1,1
0,0,0
0,1,1
0,1,1
0,1,1
0,0,1
0,1,1
0,1,1
0,0,0
0,1,1
0,1,1
0,1,1
0,0,0
0,0,1
0,1,1
0,1,1
0,0,0
0,0,0
0,1,1
0,1,1
0,0,0
0,1,1
0,1,1
0,0,1
0,1,1
0,1,1
0,1,1
0,0,0
0,0,0
0,1,1
0,1,1
0,1,1
0,0.6439735,1
0,0.008265138,1
0,0.8691773,1
0,1,1
0,0,0
0,0,0
0,0,0
0,0.6296724,1
0,1,1
0,0,1
0,1,1
0,1,1
0,0,0
0,0,1
0,0.8630093,1
0,1,1
0,0,0
0,1,1
0,1,1
0,1,1
0,0,1
0,1,1
0,1,1
0,1,1
0,1,1
0,1,1
0,1,1
0,0,1
0,1,1
0,1,1
0,1,1
0,0,1
0,0,0
0,1,1
0,0,0
0,0.6705459,1
0,1,1
0,1,1
0,1,1
0,1,1
0,0,1
0,1,1
0,0.634937,1
0,0.8667279,1
0,0,0
0,0,0
0,0.03198195,1
0,1,1
0,0.8609501,1
0,0,1
0,1,1
0,1,1
0,1,1
0,0.6253005,1
0,1,1
0,0,0
0,0,0
0,0,0
0,1,1
0,0.8715416,1
0,0,1
0,1,1
0,1,1
0,1,1
0,0,0
0,1,1
0,0,0
0,0,0
0,1,1
0,0,1
0,0,1
0,1,1
0,0.6280888,1
0,0,0
0,0,0
0,0,0
0,0,1
0,0,0
0,0,0
0,1,1
0,0,0
0,1,1
0,0,1
0,0,1
0,0,0
0,0,0
0,0,1
0,0,1
0,0,0
0,1,1
0,1,1
0,1,1
0,0,0
0,1,1
0,0,1
0,0.8701824,1
0,1,1
0,1,1
0,1,1
0,1,1
0,1,1
0,1,1
0,0,1
0,1,1
0,1,1
0,0,0
0,1,1
0,1,1
0,0,1
0,1,1
0,1,1
0,1,1
0,1,1
0,1,1
0,0,0
0,1,1
0,1,1
0,0,1
0,0,1
0,1,1
0,0,0
0,1,1
0,1,1
0,1,1
0,0,0
0,0,0
0,0,0
0,0,0
0,0.09128308,1
0,0.7325729,1
0,0.06485438,1
0,1,1
0,0,1
0,1,1
0,0.8744935,1
0,1,1
0,1,1
0,1,1
0,0,0
0,1,1
0,0,0
0,0,1
0,1,1
0,1,1
0,0,0
0,0,0
0,0,0
0,1,1
0,1,1
0,1,1
0,0,0
0,1,1
0,1,1
0,1,1
0,1,1
0,0,0
0,1,1
0,1,1
0,1,1
0,1,1
0,1,1
0,0.6203326,1
0,1,1
0,1,1
0,0,0
0,0,1
0,1,1
0,0.872298,1
0,0,1
0,0,0
0,1,1
0,0.6231195,1
0,1,1
0,1,1
0,1,1
0,1,1
0,0,0
0,1,1
0,0,1
0,0,0
0,0,1
0,0,0
0,1,1
0,0,0
0,0.04992425,1
0,0,1
0,0,1
0,0,0
0,1,1
0,0.8562208,1
0,1,1
0,1,1
0,1,1
0,0.6355011,1
0,0.6403694,1
0,0,0
0,1,1
0,0,1
0,1,1
0,1,1
0,0,0
0,1,1
0,1,1
0,0,0
0,0,0
0,1,1
0,0,0
0,0,1
0,1,1
0,0,0
0,1,1
0,1,1
0,1,1
0,0,0
0,0,0
0,0,0
0,1,1
0,1,1
0,1,1
0,1,1
0,1,1
0,1,1
0,1,1
0,1,1
0,1,1
0,0.01466382,1
0,1,1
0,1,1
0,0.8600448,1
0,0,0
0,1,1
0,1,1
0,1,1
0,0,0
0,0.622485,1
0,1,1
0,1,1
0,0,1
0,0.0003325939,1
0,1,1
0,0.02889621,1
0,1,1
0,1,1
0,1,1
0,0,0
0,1,1
0,0,0
0,0,1
0,1,1
0,1,1
0,1,1
0,1,1
0,1,1
0,0,0
0,0,0
0,0,0
0,0,0
0,0,0
0,0,0
0,1,1
0,1,1
0,1,1
0,1,1
0,0,0
0,0.6591206,1
0,1,1
0,1,1
0,1,1
0,1,1
0,1,1
0,1,1
0,0,1
0,0,0
0,0,0
0,0.6298019,1
0,0,0
0,0,0
0,1,1
0,0,1
0,0.8560137,1
0,1,1
0,0,1
0,1,1
0,1,1
0,0.8632735,1
0,0,0
0,1,1
0,1,1
0,0.6341649,1
0,1,1
0,0,1
0,1,1
0,0.8562981,1
0,0,0
0,0.6235946,1
0,1,1
0,1,1
0,1,1
0,1,1
0,1,1
0,1,1
0,1,1
0,1,1
0,1,1
0,0.8674512,1
0,0,0
0,0,0
0,1,1
0,0.6480216,1
0,1,1
0,0,0
0,0,1
0,0,0
0,1,1
0,1,1
0,0,0
0,0.01381779,1
0,1,1
0,1,1
0,1,1
0,1,1
0,1,1
0,0,0
0,1,1
0,1,1
0,0,1
0,1,1
0,1,1
0,1,1
0,1,1
0,0.8628563,1
0,1,1
0,0,1
0,0,0
0,1,1
0,1,1
0,1,1
0,0,0
0,0,0
0,1,1
0,1,1
0,1,1
0,0.02799046,1
0,0,0
0,0,0
0,1,1
0,0.6186594,1
0,1,1
0,1,1
0,0.01103699,1
0,0.6242512,1
0,1,1
0,1,1
0,0.3111516,1
0,1,1
0,1,1
0,1,1
0,0,1
0,1,1
0,1,1
0,1,1
0,1,1
0,0,0
0,0.2682341,1
0,0,0
0,0,0
0,0.6498909,1
0,1,1
0,1,1
0,1,1
0,0,1
0,1,1
0,1,1
0,0,0
0,0,0
0,0.01188672,1
0,0,1
0,1,1
0,1,1
0,0.862784,1
0,0.01513457,1
0,1,1
0,0,0
0,1,1
0,1,1
0,1,1
0,1,1
0,0,0
0,0.653752,1
0,1,1
0,1,1
0,1,1
0,1,1
0,0,1
0,0,0
0,1,1
0,0,0
0,1,1
0,1,1
0,1,1
0,0,0
0,1,1
0,0,0
0,0,0
0,1,1
0,1,1
0,0,0
0,0.07937181,1
0,1,1
0,1,1
0,1,1
0,1,1
0,1,1
0,0,0
0,1,1
0,0,0
0,0,0
0,1,1
0,1,1
0,1,1
0,1,1
0,1,1
0,0.8729304,1
0,0,1
0,0.6389698,1
0,1,1
0,0,1
0,0,1
0,1,1
0,1,1
0,1,1
0,1,1
0,0.6321746,1
0,0,0
0,0,0
0,1,1
0,0,1
0,1,1
0,0,0
0,0.1389154,1
0,1,1
0,0.6266483,1
0,1,1
0,0,1
0,0,1
0,0.6254355,1
0,0,1
0,0,1
0,1,1
0,1,1
0,1,1
0,0.2476147,1
0,0,0
0,1,1
0,0,0
0,0,1
0,0,1
0,0,0
0,1,1
0,1,1
0,0,1
0,1,1
0,1,1
0,0,1
0,1,1
0,1,1
0,0,0
0,0.1442424,1
0,1,1
0,1,1
0,1,1
0,0,0
0,0.2019173,1
0,0,0
0,1,1
0,0,1
0,1,1
0,0,0
0,1,1
0,1,1
0,1,1
0,1,1
0,0,0
0,0,0
0,0,0
0,1,1
0,1,1
0,0.862664,1
0,1,1
0,1,1
0,1,1
0,1,1
0,0,0
0,1,1
0,0,0
0,1,1
0,1,1
0,1,1
0,0,0
0,1,1
0,0,1
0,0,0
0,0,0
0,1,1
0,1,1
0,1,1
0,0,0
0,0,0
0,1,1
0,1,1
0,1,1
0,1,1
0,0.8599564,1
0,0,0
0,1,1
0,0,1
0,1,1
0,1,1
0,1,1
0,1,1
0,1,1
0,0,0
0,0,1
0,0,1
0,0.8629974,1
0,0,0
0,1,1
0,0,0
0,1,1
0,0.6218685,1
0,1,1
0,0,0
0,0,1
0,1,1
0,1,1
0,1,1
0,1,1
0,1,1
0,1,1
0,1,1
0,1,1
0,0,0
0,0,0
0,0,0
0,1,1
0,1,1
0,0,1
0,0,0
0,0,1
0,1,1
0,0,0
0,0,0
0,0,0
0,1,1
0,0.859772,1
0,1,1
0,0,1
0,1,1
0,1,1
0,1,1
0,1,1
0,0,0
0,0,0
0,0.6272019,1
0,0,0
0,1,1
0,1,1
0,1,1
0,1,1
0,0.624663,1
0,1,1
0,0,1
0,0,1
0,0,0
0,1,1
0,0,0
0,1,1
0,1,1
0,0,0
0,1,1
0,0.1489192,1
0,1,1
0,0,0
0,1,1
0,0,0
0,1,1
0,0.06627226,1
0,0,1
0,1,1
0,0.09357631,1
0,0,0
0,0,0
0,0,0
0,1,1
0,1,1
0,0,1
0,1,1
0,1,1
0,1,1
0,1,1
0,0,0
0,1,1
0,0.6568729,1
0,1,1
0,1,1
0,0,0
0,1,1
0,0,0
0,0,1
0,1,1
0,0,0
0,1,1
0,1,1
0,0,1
0,1,1
0,0,1
0,1,1
0,0,0
0,1,1
0,0.6216253,1
0,1,1
0,0,0
0,0,0
0,1,1
0,1,1
0,0,1
0,1,1
0,0.8583769,1
0,1,1
0,1,1
0,0,1
0,0,1
0,0,1
0,0.6350169,1
0,0.8715098,1
0,1,1
0,0,1
0,0.8590769,1
0,1,1
0,1,1
0,0.7571028,1
0,0.6354564,1
0,1,1
0,1,1
0,1,1
0,1,1
0,1,1
0,1,1
0,1,1
0,1,1
0,1,1
0,1,1
0,0,0
0,0,0
0,1,1
0,1,1
0,1,1
0,1,1
0,1,1
0,1,1
0,0,0
0,1,1
0,0,0
0,1,1
0,0.1845111,1
0,1,1
0,1,1
0,1,1
0,1,1
0,1,1
0,0,0
0,0.6185728,1
0,0.6278301,1
0,1,1
0,0.02642083,1
0,0,1
0,0.6318285,1
0,1,1
0,1,1
0,0,0
0,1,1
0,0,1
0,1,1
0,0.631579,1
0,0,1
0,0,1
0,0,1
0,1,1
0,1,1
0,0.6898469,1
0,0,1
0,1,1
0,0.6431302,1
0,0,1
0,1,1
0,0,1
0,1,1
0,1,1
0,0,0
0,1,1
0,1,1
0,0,0
0,1,1
0,1,1
0,0,1
0,0,1
0,1,1
0,0.8646259,1
0,1,1
0,0.6274365,1
0,0,0
0,1,1
0,0.1915526,1
0,1,1
0,1,1
0,1,1
0,1,1
0,1,1
0,0.6366968,1
0,0,0
0,1,1
0,1,1
0,1,1
0,1,1
0,1,1
0,0.7226673,1
0,1,1
0,0,0
0,0,0
0,0,0
0,0.8692149,1
0,1,1
0,0,0
0,1,1
0,1,1
0,0,0
0,1,1
0,1,1
0,1,1
0,0,0
0,1,1
0,0,0
0,0.6334294,1
0,1,1
0,0,1
0,1,1
0,1,1
0,0,0
0,0,0
0,1,1
0,1,1
0,0.6594118,1
0,1,1
0,0,0
0,1,1
0,1,1
0,0,0
0,1,1
0,0,0
0,1,1
0,0,1
0,1,1
0,1,1
0,1,1
0,0,0
0,1,1
0,0,1
0,0,1
0,0,0
0,1,1
0,1,1
0,1,1
0,1,1
0,1,1
0,1,1
0,0,1
0,1,1
0,1,1
0,1,1
0,1,1
0,0,0
0,1,1
0,1,1
0,1,1
0,1,1
0,0,0
0,0.2060312,1
0,1,1
0,1,1
0,0.6320912,1
0,0,0
0,0,1
0,0,0
0,1,1
0,0,1
0,1,1
0,1,1
0,0,0
0,0,0
0,1,1
0,0,0
0,1,1
0,1,1
0,1,1
0,1,1
0,1,1
0,1,1
0,0,0
0,0,0
0,0,0
0,0,0
0,0,0
0,1,1
0,1,1
0,1,1
0,1,1
0,1,1
0,0,0
0,0,0
0,1,1
0,1,1
0,1,1
0,1,1
0,1,1
0,1,1
0,1,1
0,1,1
0,0,0
0,0.8598697,1
0,0,1
0,1,1
0,1,1
0,0,0
0,0,0
0,1,1
0,0.8731188,1
0,0,0
0,1,1
0,1,1
0,0,0
0,0,1
0,1,1
0,0,0
0,1,1
0,0,0
0,1,1
0,1,1
0,0,0
0,1,1
0,0.0617274,1
0,0,0
0,0.8826823,1
0,0,0
0,1,1
0,1,1
0,1,1
0,1,1
0,1,1
0,1,1
0,1,1
0,1,1
0,0,1
0,1,1
0,1,1
0,1,1
0,0,1
0,1,1
0,0.07708693,1
0,1,1
0,0,0
0,1,1
0,1,1
0,0,1
0,0,0
0,1,1
0,1,1
0,0,0
0,0,0
0,1,1
0,1,1
0,1,1
0,0,1
0,1,1
0,0,1
0,1,1
0,1,1
0,1,1
0,1,1
0,0.01049423,1
0,1,1
0,0,1
0,0,1
0,0,0
0,0,0
0,1,1
0,1,1
0,0.03094792,1
0,0.6359042,1
0,0,0
0,1,1
0,0,0
0,1,1
0,1,1
0,1,1
0,1,1
0,1,1
0,0,1
0,1,1
0,0.01337302,1
0,1,1
0,1,1
0,1,1
0,1,1
0,1,1
0,0,0
0,1,1
0,1,1
0,0.6229619,1
0,1,1
0,0,0
0,1,1
0,0,0
0,1,1
0,1,1
0,1,1
0,1,1
0,1,1
0,0,0
0,0,0
0,0,0
0,0,1
0,1,1
0,0,1
0,0,1
0,0,1
0,1,1
0,1,1
0,0.6391677,1
0,1,1
0,0,0
0,1,1
0,1,1
0,0,0
0,1,1
0,1,1
0,1,1
0,1,1
0,0,0
0,1,1
0,0,0
0,0,0
0,1,1
0,1,1
0,0.0205183,1
0,0.8684317,1
0,1,1
0,1,1
0,0,0
0,1,1
0,1,1
0,1,1
0,0,1
0,0,0
0,0,0
0,1,1
0,1,1
0,1,1
0,0,0
0,0,0
0,0,0
0,0.4474314,1
0,0,0
0,0,1
0,1,1
0,1,1
0,1,1
0,1,1
0,0.8589199,1
0,0,0
0,1,1
0,1,1
0,0,0
0,1,1
0,0,0
0,1,1
0,1,1
0,0,0
0,0.8590266,1
0,0,0
0,1,1
0,1,1
0,0,0
0,1,1
0,0,0
0,1,1
0,1,1
0,1,1
0,0,0
0,0,0
0,1,1
0,0,0
0,1,1
0,1,1
0,1,1
0,0,0
0,0.6335701,1
0,1,1
0,0.624751,1
0,0,0
0,1,1
0,0,1
0,0,1
0,1,1
0,1,1
0,1,1
0,0,1
0,1,1
0,1,1
0,0,0
0,1,1
0,1,1
0,0.6318535,1
0,1,1
0,1,1
0,0,1
0,0.0412606,1
0,1,1
0,0,0
0,1,1
0,1,1
0,1,1
0,1,1
0,1,1
0,0,0
0,0,1
0,1,1
0,1,1
0,0,0
0,1,1
0,1,1
0,1,1
0,1,1
0,1,1
0,1,1
0,0.8731301,1
0,1,1
0,1,1
0,0,0
0,0,0
0,1,1
0,1,1
0,1,1
0,1,1
0,1,1
0,1,1
0,1,1
0,1,1
0,0,0
0,1,1
0,0,0
0,1,1
0,0.8656226,1
0,0,0
0,1,1
0,0,1
0,0,0
0,1,1
0,0,0
0,0,0
0,0,0
0,0.622213,1
0,1,1
0,1,1
0,1,1
0,0,0
0,1,1
0,1,1
0,0,0
0,0,0
0,0.8594025,1
0,0,0
0,1,1
0,0.8639957,1
0,1,1
0,1,1
0,1,1
0,1,1
0,0.04669702,1
0,1,1
0,0,0
0,0,0
0,1,1
0,1,1
0,1,1
0,1,1
0,1,1
0,1,1
0,0,0
0,0,0
0,1,1
0,1,1
0,1,1
0,1,1
0,0.03369498,1
0,0.8687552,1
0,1,1
0,1,1
0,0,0
0,0,0
0,1,1
0,1,1
0,1,1
0,1,1
0,1,1
0,1,1
0,1,1
0,1,1
0,0,0
0,0,0
0,0,0
0,1,1
0,0.6207739,1
0,1,1
0,0,1
0,1,1
0,0,1
0,1,1
0,0,0
0,0,0
0,1,1
0,0,0
0,0,0
0,1,1
0,1,1
0,0.8067392,1
0,0.639233,1
0,0,1
0,0,0
0,1,1
0,0.618126,1
0,1,1
0,0,1
0,0,1
0,1,1
0,1,1
0,1,1
0,1,1
0,1,1
0,0.6267108,1
0,0,1
0,0,0
0,1,1
0,0.6184438,1
0,1,1
0,1,1
0,1,1
0,0.8653336,1
0,0,1
0,1,1
0,0.0969528,1
0,1,1
0,1,1
0,1,1
0,0,0
0,1,1
0,1,1
0,0,0
0,0,1
0,1,1
0,0.8540792,1
0,1,1
0,0,1
0,0,0
0,0,1
0,1,1
0,1,1
0,1,1
0,0,0
0,1,1
0,0,1
0,0,0
0,1,1
0,0.0228436,1
0,0,1
0,0,1
0,1,1
0,1,1
0,1,1
0,0,0
0,1,1
0,1,1
0,0.6614639,1
0,1,1
0,1,1
0,1,1
0,1,1
0,0.8601037,1
0,1,1
0,0,0
0,1,1
0,1,1
0,0.6326491,1
0,1,1
0,1,1
0,1,1
0,1,1
0,0.6422248,1
0,0,0
0,1,1
0,1,1
0,0.8608794,1
0,1,1
0,1,1
0,1,1
0,1,1
0,1,1
0,0,0
0,0.6208583,1
0,0,0
0,0,0
0,0,0
0,0,0
0,1,1
0,0,1
0,1,1
0,1,1
0,0,0
0,0,0
0,0,0
0,1,1
0,1,1
0,1,1
0,0,0
0,1,1
0,1,1
0,1,1
0,0,1
0,0,1
0,1,1
0,1,1
0,0,0
0,0,0
0,0,1
0,1,1
0,1,1
0,1,1
0,1,1
0,0.6329039,1
0,0.6318022,1
0,0.2159147,1
0,0.01029253,1
0,1,1
0,0,1
0,1,1
0,1,1
0,0.09314847,1
0,1,1
0,1,1
0,1,1
0,0,0
0,1,1
0,0,0
0,1,1
0,1,1
0,1,1
0,1,1
0,1,1
0,0,0
0,1,1
0,1,1
0,0.6389869,1
0,0,1
0,0,1
0,0.00427568,1
0,0,0
0,1,1
0,0,0
0,0,0
0,0,0
0,1,1
0,0,0
0,0,0
0,0,1
0,0,1
0,1,1
0,1,1
0,0.6338421,1
0,1,1
0,0.625892,1
0,0.8639885,1
0,0.6362618,1
0,1,1
0,0,1
0,1,1
0,0,0
0,1,1
0,1,1
0,1,1
0,0,0
0,1,1
0,1,1
0,0.01583147,1
0,0,0
0,1,1
0,0.6272122,1
0,0,0
0,1,1
0,0,0
0,1,1
0,0.6694382,1
0,1,1
0,0,0
0,1,1
0,1,1
0,1,1
0,0,0
0,0,0
0,0,0
0,0,1
0,1,1
0,1,1
0,0,1
0,1,1
0,0,1
0,1,1
0,0,0
0,0,0
0,1,1
0,1,1
0,1,1
0,0.02634621,1
0,1,1
0,1,1
0,0.619155,1
0,1,1
0,0,0
0,0,0
0,1,1
0,1,1
0,1,1
0,0.1658629,1
0,0,1
0,1,1
0,1,1
0,1,1
0,0,0
0,0,0
0,0,0
0,1,1
0,0,0
0,1,1
0,0,0
0,1,1
0,1,1
0,1,1
0,0.6555804,1
0,0,0
0,0,0
0,1,1
0,0.629583,1
0,1,1
0,0,0
0,1,1
0,1,1
0,1,1
0,1,1
0,0.09076107,1
0,1,1
0,0,1
0,0,1
0,1,1
0,0,1
0,1,1
0,1,1
0,1,1
0,0,0
0,1,1
0,1,1
0,1,1
0,1,1
0,0.1055815,1
0,1,1
0,1,1
0,0,1
0,1,1
0,0,0
0,0,0
0,1,1
0,0,0
0,0,1
0,0.6278956,1
0,0.6225715,1
0,1,1
0,1,1
0,0,1
0,0.6226894,1
0,0,0
0,0,1
0,1,1
0,1,1
0,1,1
0,1,1
0,1,1
0,1,1
0,0,1
0,0,0
0,1,1
0,1,1
0,1,1
0,1,1
0,1,1
0,1,1
0,1,1
0,0,0
0,0,0
0,0.6626348,1
0,1,1
0,0,0
0,1,1
0,1,1
0,1,1
0,0,1
0,0.7251455,1
0,1,1
0,0,0
0,0,0
0,1,1
0,0,1
0,0.7548968,1
0,1,1
0,1,1
0,1,1
0,1,1
0,1,1
0,0,0
0,0.8646567,1
0,0,0
0,1,1
0,1,1
0,0,0
0,0,0
0,1,1
0,1,1
0,1,1
0,0.8690052,1
0,1,1
0,1,1
0,0,0
0,1,1
0,0,1
0,0,0
0,0,1
0,1,1
0,1,1
0,1,1
0,1,1
0,0,0
0,0,0
0,0,1
0,1,1
0,0,0
0,1,1
0,1,1
0,1,1
0,0,0
0,0,0
0,1,1
0,1,1
0,1,1
0,1,1
0,0,0
0,0,0
0,1,1
0,1,1
0,1,1
0,0,0
0,0,1
0,1,1
0,0,0
0,0.1729547,1
0,0,1
0,0,1
0,1,1
0,1,1
0,0,0
0,1,1
0,1,1
0,1,1
0,0,0
0,1,1
0,1,1
0,0,1
0,1,1
0,1,1
0,0.7389303,1
0,1,1
0,1,1
0,0,1
0,0.621435,1
0,1,1
0,1,1
0,0,1
0,1,1
0,1,1
0,0,0
0,0,0
0,1,1
0,1,1
0,1,1
0,1,1
0,1,1
0,1,1
0,1,1
0,1,1
0,1,1
0,0,0
0,1,1
0,0.85462,1
0,0,0
0,1,1
0,1,1
0,0,1
0,0,1
0,1,1
0,1,1
0,1,1
0,0,0
0,0,0
0,0,0
0,1,1
0,0,1
0,0.6270111,1
0,1,1
0,1,1
0,1,1
0,0,1
0,0,0
0,1,1
0,1,1
0,0,0
0,1,1
0,1,1
0,1,1
0,0.6215831,1
0,1,1
0,0,0
0,0,0
0,1,1
0,0.8801826,1
0,0,0
0,1,1
0,1,1
0,1,1
0,1,1
0,0,0
0,1,1
0,1,1
0,1,1
0,0.860284,1
0,1,1
0,0,0
0,0,0
0,1,1
0,1,1
0,0,0
0,0,0
0,0,1
0,1,1
0,0.6318249,1
0,0,1
0,0,1
0,1,1
0,0,1
0,1,1
0,1,1
0,0,0
0,0,0
0,0.672598,1
0,0,1
0,1,1
0,1,1
0,0,0
0,0,1
0,1,1
0,1,1
0,1,1
0,1,1
0,0.02810836,1
0,1,1
0,0,1
0,1,1
0,1,1
0,1,1
0,1,1
0,0,0
0,1,1
0,0.8860167,1
0,1,1
0,0,0
0,0,0
0,1,1
0,0,1
0,1,1
0,0,1
0,0,0
0,0,1
0,1,1
0,1,1
0,0,1
0,1,1
0,0,1
0,1,1
0,1,1
0,1,1
0,1,1
0,1,1
0,1,1
0,0,0
0,0,1
0,0,1
0,1,1
0,1,1
0,1,1
0,1,1
0,1,1
0,0,1
0,0,1
0,0,0
0,1,1
0,1,1
0,1,1
0,1,1
0,1,1
0,1,1
0,1,1
0,1,1
0,0.6399778,1
0,1,1
0,0.8470939,1
0,0,0
0,1,1
0,1,1
0,1,1
0,1,1
0,0,0
0,1,1
0,1,1
0,1,1
0,1,1
0,0,1
0,0,1
0,1,1
0,1,1
0,1,1
0,0,1
0,1,1
0,0,0
0,0,0
0,0.1735591,1
0,1,1
0,1,1
0,0,1
0,1,1
0,0,1
0,1,1
0,0,0
0,0,1
0,1,1
0,0,0
0,1,1
0,1,1
0,0,1
0,1,1
0,1,1
0,0,0
0,1,1
0,0.8471278,1
0,1,1
0,0,0
0,1,1
0,1,1
0,1,1
0,1,1
0,0,0
0,1,1
0,0,0
0,1,1
0,1,1
0,1,1
0,1,1
0,0,1
0,1,1
0,1,1
0,0,0
0,0.6339266,1
0,0,0
0,0,0
0,0,0
0,0,1
0,0,1
0,1,1
0,1,1
0,0.8658757,1
0,0,0
0,1,1
0,1,1
0,1,1
0,1,1
0,0,0
0,1,1
0,1,1
0,0,0
0,0,1
0,0,0
0,1,1
0,1,1
0,1,1
0,0,0
0,0,1
0,1,1
0,0.869646,1
0,0,1
0,1,1
0,1,1
0,0,0
0,0,0
0,1,1
0,1,1
0,0.8760256,1
0,1,1
0,1,1
0,1,1
0,1,1
0,0,0
0,0,0
0,0,1
0,0,1
0,1,1
0,0,1
0,1,1
0,1,1
0,0,0
0,1,1
0,0,0
0,1,1
0,1,1
0,1,1
0,1,1
0,1,1
0,0.6674354,1
0,0,0
0,0.6304449,1
0,1,1
0,0,0
0,1,1
0,0,0
0,1,1
0,1,1
0,1,1
0,1,1
0,1,1
0,0,0
0,1,1
0,0.8754548,1
0,0,0
0,0,1
0,0.627057,1
0,1,1
0,0,1
0,0,1
0,0.8264827,1
0,1,1
0,0,1
0,0.6545351,1
0,0.6427507,1
0,0,0
0,0,0
0,0,0
0,1,1
0,1,1
0,1,1
0,1,1
0,0,0
0,1,1
0,1,1
0,0,0
0,1,1
0,1,1
0,0,1
0,1,1
0,1,1
0,1,1
0,0.02048528,1
0,0,1
0,0.8683828,1
0,0.01813734,1
0,1,1
0,1,1
0,1,1
0,1,1
0,0,1
0,1,1
0,0.6244646,1
0,0.6710292,1
0,0,0
0,1,1
0,1,1
0,0,0
0,1,1
0,0,0
0,1,1
0,0,1
0,1,1
0,0,0
0,1,1
0,0,0
0,1,1
0,0,0
0,1,1
0,0,0
0,1,1
0,1,1
0,0,0
0,0,0
0,0,0
0,0.6178807,1
0,0,0
0,0.8600119,1
0,0,1
0,1,1
0,0.8647203,1
0,1,1
0,0.6544257,1
0,1,1
0,0.6477255,1
0,1,1
0,0,0
0,1,1
0,1,1
0,0,1
0,1,1
0,1,1
0,0,0
0,0,0
0,0,0
0,1,1
0,1,1
0,1,1
0,0.8604153,1
0,0,1
0,0,1
0,1,1
0,1,1
0,0,1
0,0.09689784,1
0,0,1
0,0.630742,1
0,1,1
0,1,1
0,0.6425849,1
0,0.6310638,1
0,0,1
0,0,0
0,0,0
0,0,0
0,0,0
0,1,1
0,1,1
0,0,1
0,1,1
0,0.6188773,1
0,1,1
0,0,0
0,1,1
0,1,1
0,0,0
0,0,1
0,0,0
0,0,0
0,1,1
0,1,1
0,0.1866057,1
0,1,1
0,0,0
0,1,1
0,0.6187998,1
0,0,0
0,0.1548465,1
0,1,1
0,1,1
0,1,1
0,1,1
0,0.6523007,1
0,0,0
0,0,0
0,1,1
0,0,0
0,1,1
0,1,1
0,0.6247015,1
0,1,1
0,1,1
0,1,1
0,0,0
0,0,1
0,1,1
0,0,1
0,0,1
0,1,1
0,1,1
0,1,1
0,1,1
0,0,0
0,0.6520644,1
0,1,1
0,0,1
0,1,1
0,1,1
0,1,1
0,1,1
0,1,1
0,1,1
0,0,0
0,0,0
0,1,1
0,0,0
0,0,0
0,0,1
0,0.6414922,1
0,1,1
0,0,1
0,0,1
0,0,0
0,0.8636895,1
0,1,1
0,1,1
0,0,1
0,1,1
0,0,1
0,0,0
0,1,1
0,1,1
0,1,1
0,1,1
0,0,0
0,1,1
0,1,1
0,0,0
0,0,1
0,0,1
0,1,1
0,1,1
0,0,0
0,0.6428825,1
0,1,1
0,0,1
0,0,1
0,0,1
0,1,1
0,0.6250769,1
0,1,1
0,1,1
0,0,0
0,1,1
0,1,1
0,1,1
0,0,0
0,0,1
0,1,1
0,1,1
0,1,1
0,0,0
0,1,1
0,1,1
0,0,0
0,1,1
0,1,1
0,1,1
0,0.002435327,1
0,1,1
0,1,1
0,0.02091539,1
0,0.6267657,1
0,1,1
0,0,0
0,1,1
0,0,1
0,0,1
0,0,1
0,0,1
0,1,1
0,0,0
0,0.01011801,1
0,0,0
0,0,0
0,1,1
0,0.6306583,1
0,0,0
0,1,1
0,0.05236673,1
0,1,1
0,0,1
0,0,0
0,0.8641552,1
0,1,1
0,1,1
0,1,1
0,0,1
0,0.001926422,1
0,1,1
0,1,1
0,1,1
0,0.6300544,1
0,0,0
0,0,0
0,1,1
0,1,1
0,0,0
0,1,1
0,1,1
0,1,1
0,1,1
0,0,0
0,1,1
0,1,1
0,1,1
0,1,1
0,1,1
0,1,1
0,1,1
0,1,1
0,1,1
0,0,0
0,1,1
0,0.8725402,1
0,0.01035023,1
0,1,1
0,0,1
0,0.6269697,1
0,0,0
0,0,0
0,0,0
0,1,1
0,0,0
0,0,0
0,1,1
0,1,1
0,1,1
0,0,1
0,1,1
0,1,1
0,0,0
0,0,0
0,0,0
0,1,1
0,1,1
0,1,1
0,1,1
0,0.1303824,1
0,0.6315216,1
0,1,1
0,0,0
0,0.01512444,1
0,1,1
0,1,1
0,1,1
0,1,1
0,1,1
0,0,1
0,1,1
0,1,1
0,1,1
0,1,1
0,1,1
0,0.8631443,1
0,1,1
0,1,1
0,1,1
0,0,1
0,0,1
0,1,1
0,1,1
0,0.8864239,1
0,1,1
0,0,1
0,1,1
0,1,1
0,0,1
0,0.8573147,1
0,0.6213746,1
0,1,1
0,0,0
0,0,0
0,1,1
0,0,0
0,0,0
0,1,1
0,1,1
0,1,1
0,0,0
0,1,1
0,0,0
0,0,0
0,0,0
0,1,1
0,1,1
0,1,1
0,1,1
0,1,1
0,0,1
0,1,1
0,0,1
0,0,0
0,0,0
0,0,0
0,0,0
0,1,1
0,1,1
0,1,1
0,1,1
0,1,1
0,1,1
0,1,1
0,1,1
0,0,0
0,0,0
0,0,0
0,0.02296031,1
0,1,1
0,1,1
0,1,1
0,1,1
0,0,0
0,1,1
0,1,1
0,1,1
0,1,1
0,1,1
0,1,1
0,0,0
0,0.2342981,1
0,1,1
0,0,0
0,0,0
0,1,1
0,0,1
0,0,0
0,1,1
0,1,1
0,1,1
0,0,0
0,1,1
0,1,1
0,1,1
0,0.6236478,1
0,0,1
0,1,1
0,0,1
0,0,1
0,0,0
0,1,1
0,0,0
0,1,1
0,1,1
0,0.8606006,1
0,1,1
0,1,1
0,1,1
0,1,1
0,1,1
0,1,1
0,0,0
0,0,0
0,1,1
0,0.6417459,1
0,1,1
0,1,1
0,0,0
0,1,1
0,1,1
0,1,1
0,0,0
0,1,1
0,0,0
0,1,1
0,0,0
0,1,1
0,0.1033528,1
0,1,1
0,0.8568367,1
0,1,1
0,1,1
0,0.6409979,1
0,1,1
0,1,1
0,0,1
0,0,1
0,1,1
0,0,0
0,1,1
0,1,1
0,0.6181012,1
0,0,0
0,0,0
0,0,0
0,1,1
0,1,1
0,1,1
0,1,1
0,0.6229461,1
0,1,1
0,1,1
0,1,1
0,0,0
0,1,1
0,1,1
0,1,1
0,0,1
0,0,1
0,1,1
0,1,1
0,0,0
0,0,0
0,0,0
0,0.6758634,1
0,1,1
0,0,1
0,0,0
0,1,1
0,1,1
0,1,1
0,0.3161885,1
0,1,1
0,1,1
0,1,1
0,0,1
0,0,1
0,1,1
0,1,1
0,0,1
0,1,1
0,0,0
0,0,0
0,1,1
0,1,1
0,0,0
0,1,1
0,1,1
0,0,1
0,1,1
0,1,1
0,0,0
0,1,1
0,0,0
0,1,1
0,1,1
0,1,1
0,1,1
0,0,1
0,1,1
0,1,1
0,0,0
0,1,1
0,0,0
0,1,1
0,0,0
0,0,1
0,0,1
0,1,1
0,1,1
0,0.6255697,1
0,0,0
0,1,1
0,0.8661562,1
0,1,1
0,0,0
0,1,1
0,1,1
0,1,1
0,0,0
0,1,1
0,0,0
0,0,1
0,1,1
0,0.6644503,1
0,0,0
0,1,1
0,0,1
0,0.8631767,1
0,0.6386629,1
0,0,0
0,0.02657843,1
0,1,1
0,1,1
0,0.6790067,1
0,0,1
0,1,1
0,0,0
0,1,1
0,0,0
0,0.6318372,1
0,0,0
0,0.6512407,1
0,0.8623505,1
0,0,0
0,0,0
0,1,1
0,0.8584884,1
0,0,0
0,0,1
0,1,1
0,0,0
0,0,0
0,0.8609256,1
0,0.1940595,1
0,1,1
0,0,0
0,1,1
0,1,1
0,1,1
0,1,1
0,0,0
0,0.8617586,1
0,1,1
0,1,1
0,1,1
0,1,1
0,1,1
0,0,0
0,1,1
0,1,1
0,0,0
0,0.6257136,1
0,1,1
0,1,1
0,0,0
0,0.01704454,1
0,1,1
0,1,1
0,0.6655011,1
0,0.8654405,1
0,0,0
0,0,1
0,1,1
0,1,1
0,0,0
0,1,1
0,1,1
0,0,1
0,0,1
0,1,1
0,0,0
0,0,0
0,0,0
0,0,0
0,1,1
0,0.2203296,1
0,1,1
0,1,1
0,0,1
0,1,1
0,0,0
0,1,1
0,0,0
0,1,1
0,1,1
0,1,1
0,1,1
0,0,1
0,1,1
0,0.617805,1
0,0,0
0,1,1
0,1,1
0,0,0
0,1,1
0,1,1
0,0,0
0,1,1
0,1,1
0,1,1
0,1,1
0,0.7045177,1
0,0,0
0,1,1
0,0,1
0,1,1
0,0,0
0,1,1
0,1,1
0,1,1
0,0.01929402,1
0,1,1
0,0,0
0,1,1
0,0,1
0,0,0
0,1,1
0,0,0
0,0,1
0,0,0
0,0,0
0,0,0
0,1,1
0,0.005435228,1
0,0,0
0,0,1
0,0,0
0,1,1
0,1,1
0,1,1
0,0,0
0,0.208109,1
0,0,0
0,0,0
0,1,1
0,1,1
0,1,1
0,1,1
0,0,1
0,0,0
0,1,1
0,0.8570815,1
0,1,1
0,1,1
0,1,1
0,0,1
0,0,0
0,1,1
0,1,1
0,0,0
0,1,1
0,0,0
0,0,0
0,0,0
0,1,1
0,0,1
0,0.06956315,1
0,1,1
0,1,1
0,0.6310847,1
0,0,0
0,1,1
0,1,1
0,1,1
0,1,1
0,0.2819884,1
0,1,1
0,0,1
0,1,1
0,0.6191304,1
0,1,1
0,0,0
0,0,0
0,0,1
0,0,1
0,0,1
0,1,1
0,0,1
0,1,1
0,0,0
0,0,0
0,1,1
0,1,1
0,0,0
0,1,1
0,1,1
0,1,1
0,0,1
0,1,1
0,1,1
0,0.6314502,1
0,0,0
0,1,1
0,0,1
0,0.6305937,1
0,1,1
0,1,1
0,1,1
0,1,1
0,0,0
0,1,1
0,0.2845432,1
0,1,1
0,0,0
0,0,0
0,1,1
0,1,1
0,1,1
0,1,1
0,0,0
0,0.8577523,1
0,1,1
0,1,1
0,0,0
0,0.07523203,1
0,1,1
0,1,1
0,0,1
0,1,1
0,0,0
0,0,0
0,0,0
0,0,0
0,0,0
0,0,1
0,1,1
0,1,1
0,1,1
0,0,0
0,0.2437114,1
0,0,0
0,0.6219109,1
0,1,1
0,1,1
0,1,1
0,1,1
0,0,1
0,0.6193475,1
0,0,0
0,1,1
0,0.7720988,1
0,0,1
0,1,1
0,0,1
0,1,1
0,0,1
0,0.6251162,1
0,1,1
0,0,0
0,0.6314915,1
0,0,0
0,1,1
0,0.2088286,1
0,1,1
0,1,1
0,0,0
0,0,0
0,1,1
0,0,0
0,1,1
0,0,1
0,0,0
0,0,0
0,0,0
0,0.01981652,1
0,1,1
0,0,0
0,1,1
0,0,0
0,1,1
0,0.6334649,1
0,0,0
0,1,1
0,0.6805171,1
0,1,1
0,1,1
0,0.8590938,1
0,1,1
0,0,0
0,0,0
0,0,0
0,1,1
0,0,1
0,0,1
0,1,1
0,1,1
0,1,1
0,1,1
0,0,0
0,0,0
0,1,1
0,0.2880529,1
0,0.01614845,1
0,1,1
0,0.2706815,1
0,1,1
0,1,1
0,1,1
0,1,1
0,0.6332425,1
0,0,0
0,0,0
0,1,1
0,1,1
0,1,1
0,1,1
0,0,1
0,1,1
0,0,0
0,0,0
0,0,0
0,1,1
0,1,1
0,1,1
0,0,1
0,1,1
0,0,1
0,1,1
0,0,0
0,0,0
0,1,1
0,1,1
0,1,1
0,0.1330888,1
0,1,1
0,0,0
0,0,1
0,1,1
0,0,0
0,0,1
0,1,1
0,0,1
0,1,1
0,1,1
0,1,1
0,0.8773239,1
0,1,1
0,1,1
0,0.710081,1
0,0,0
0,1,1
0,0,0
0,0,1
0,1,1
0,1,1
0,1,1
0,1,1
0,1,1
0,0,0
0,0.6253651,1
0,0,0
0,1,1
0,1,1
0,1,1
0,1,1
0,1,1
0,1,1
0,1,1
0,0,0
0,1,1
0,0,0
0,0.870139,1
0,0,0
0,0,1
0,0,1
0,1,1
0,0,0
0,1,1
0,0,0
0,0,0
0,1,1
0,1,1
0,1,1
0,0,1
0,1,1
0,1,1
0,0,1
0,1,1
0,0,0
0,0,0
0,0,0
0,1,1
0,1,1
0,1,1
0,0.01316631,1
0,1,1
0,1,1
0,1,1
0,1,1
0,0,0
0,0.05981243,1
0,1,1
0,1,1
0,1,1
0,1,1
0,0,0
0,1,1
0,1,1
0,0,0
0,0.856352,1
0,1,1
0,1,1
0,0,1
0,0,1
0,1,1
0,1,1
0,1,1
0,1,1
0,0,0
0,1,1
0,0,0
0,1,1
0,1,1
0,1,1
0,0.8669308,1
0,1,1
0,1,1
0,0,1
0,1,1
0,0,0
0,0,0
0,1,1
0,0,1
0,1,1
0,1,1
0,1,1
0,1,1
0,1,1
0,0.6341261,1
0,0,0
0,1,1
0,0,1
0,1,1
0,0,1
0,1,1
0,0.6333543,1
0,1,1
0,1,1
0,1,1
0,0,0
0,1,1
0,1,1
0,0.6972922,1
0,1,1
0,1,1
0,1,1
0,0,0
0,1,1
0,0,0
0,1,1
0,1,1
0,0,0
0,1,1
0,1,1
0,0,0
0,1,1
0,1,1
0,0,0
0,0.6306404,1
0,1,1
0,0,1
0,0.2264009,1
0,0.6356375,1
0,0,1
0,1,1
0,1,1
0,1,1
0,0,0
0,0,0
0,0,0
0,1,1
0,1,1
0,1,1
0,1,1
0,0,0
0,1,1
0,1,1
0,0.8641526,1
0,1,1
0,0,1
0,1,1
0,1,1
0,1,1
0,0,1
0,1,1
0,1,1
0,1,1
0,0,0
0,0,0
0,0.6235579,1
0,1,1
0,1,1
0,1,1
0,1,1
0,1,1
0,0.009622693,1
0,1,1
0,0,0
0,0.7640045,1
0,0,1
0,0,0
0,0,1
0,0,1
0,1,1
0,1,1
0,1,1
0,1,1
0,1,1
0,0.6289397,1
0,1,1
0,1,1
0,1,1
0,0,1
0,1,1
0,1,1
0,1,1
0,1,1
0,1,1
0,0,1
0,0,0
0,0.6495479,1
0,0,0
0,0,0
0,0,1
0,0.1157141,1
0,1,1
0,1,1
0,1,1
0,0,0
0,1,1
0,1,1
0,1,1
0,1,1
0,1,1
0,1,1
0,1,1
0,0,1
0,0,0
0,1,1
0,0.8633436,1
0,1,1
0,1,1
0,0,0
0,0.01749468,1
0,0.04774678,1
0,1,1
0,1,1
0,1,1
0,0,0
0,0,0
0,0,0
0,0.3117819,1
0,1,1
0,1,1
0,0.04594374,1
0,1,1
0,1,1
0,1,1
0,0,0
0,0,0
0,0.6225344,1
0,1,1
0,1,1
0,0,0
0,1,1
0,0.09914219,1
0,1,1
0,0,0
0,0,0
0,0,0
0,1,1
0,0,1
0,1,1
0,1,1
0,1,1
0,1,1
0,1,1
0,1,1
0,0,0
0,0,0
0,0,0
0,1,1
0,1,1
0,1,1
0,0,1
0,0.8576825,1
0,1,1
0,0,0
0,0,0
0,0,0
0,1,1
0,0,0
0,0.6326789,1
0,0,1
0,1,1
0,1,1
0,1,1
0,0,0
0,0,0
0,0,1
0,1,1
0,0,0
0,1,1
0,0,1
0,1,1
0,1,1
0,0.6179606,1
0,0,0
0,1,1
0,0,0
0,1,1
0,0,0
0,1,1
0,1,1
0,1,1
0,0,0
0,0.6244078,1
0,0.6984199,1
0,1,1
0,0,1
0,1,1
0,1,1
0,1,1
0,0,0
0,1,1
0,0.7629168,1
0,1,1
0,0,0
0,0,0
0,0.861159,1
0,1,1
0,0,0
0,0,1
0,0,0
0,0,0
0,1,1
0,1,1
0,1,1
0,0,0
0,0,1
0,1,1
0,0,0
0,1,1
0,1,1
0,1,1
0,1,1
0,1,1
0,0,0
0,0,0
0,1,1
0,1,1
0,1,1
0,0.1007913,1
0,0,1
0,1,1
0,1,1
0,1,1
0,0,1
0,1,1
0,0,0
0,1,1
0,0,0
0,0,0
0,1,1
0,1,1
0,0.6293689,1
0,0.7986716,1
0,0,0
0,1,1
0,1,1
0,1,1
0,0,0
0,1,1
0,0.7245821,1
0,1,1
0,1,1
0,0,0
0,1,1
0,0.8655578,1
0,1,1
0,1,1
0,1,1
0,1,1
0,1,1
0,1,1
0,0.6204885,1
0,0.07066298,1
0,0,0
0,1,1
0,1,1
0,0,0
0,1,1
0,0.06578755,1
0,0,1
0,0.6287915,1
0,1,1
0,0.6323689,1
0,0,0
0,1,1
0,0,0
0,1,1
0,1,1
0,0.01378441,1
0,0.09677267,1
0,1,1
0,1,1
0,0.7769618,1
0,0,0
0,1,1
0,0,0
0,1,1
0,0,0
0,1,1
0,0.0709461,1
0,0,0
0,1,1
0,0,0
0,0,0
0,0,1
0,0,0
0,0,0
0,0,1
0,1,1
0,0,1
0,1,1
0,1,1
0,0,0
0,0,0
0,1,1
0,0,0
0,0,0
0,0,1
0,0,1
0,1,1
0,1,1
0,1,1
0,0,0
0,1,1
0,1,1
0,0.6178247,1
0,1,1
0,1,1
0,0,1
0,0,0
0,1,1
0,1,1
0,0,0
0,1,1
0,0,0
0,0.8716611,1
0,0.636912,1
0,0,1
0,1,1
0,0,1
0,0,1
0,1,1
0,0.6180156,1
0,1,1
0,1,1
0,0,0
0,1,1
0,0.006683469,1
0,1,1
0,0,1
0,0,1
0,1,1
0,0,0
0,1,1
0,0,0
0,0,0
0,0,1
0,1,1
0,1,1
0,1,1
0,1,1
0,1,1
0,1,1
0,1,1
0,0.633797,1
0,0,1
0,0,1
0,0,0
0,0,0
0,0,1
0,1,1
0,1,1
0,1,1
0,0,0
0,0.8739926,1
0,1,1
0,1,1
0,1,1
0,0,1
0,1,1
0,1,1
0,1,1
0,0,0
0,0,0
0,1,1
0,0,0
0,1,1
0,1,1
0,1,1
0,1,1
0,0,0
0,1,1
0,0,0
0,0,0
0,1,1
0,1,1
0,1,1
0,0,1
0,1,1
0,0,0
0,1,1
0,1,1
0,0,0
0,0,0
0,1,1
0,0.01778638,1
0,0.2884794,1
0,1,1
0,1,1
0,1,1
0,1,1
0,1,1
0,0,0
0,1,1
0,1,1
0,0.6260422,1
0,0.05306554,1
0,1,1
0,1,1
0,1,1
0,1,1
0,0,0
0,0.8661511,1
0,0,0
0,0,0
0,0.6400291,1
0,0,1
0,1,1
0,0,1
0,1,1
0,0.6493131,1
0,1,1
0,0,0
0,1,1
0,1,1
0,1,1
0,1,1
0,1,1
0,1,1
0,0,0
0,0,1
0,1,1
0,0,0
0,1,1
0,0,0
0,0,0
0,0.7207079,1
0,1,1
0,1,1
0,0,1
0,1,1
0,1,1
0,1,1
0,0,0
0,1,1
0,1,1
0,0,0
0,0,0
0,1,1
0,0,0
0,1,1
0,1,1
0,1,1
0,0,0
0,0,0
0,1,1
0,1,1
0,0,0
0,1,1
0,1,1
0,1,1
0,1,1
0,0,0
0,0,0
0,0,0
0,0.6209774,1
0,1,1
0,0,1
0,0.8627806,1
0,0,1
0,0,1
0,1,1
0,0,0
0,0.01680553,1
0,1,1
0,1,1
0,0,0
0,1,1
0,1,1
0,0.631725,1
0,1,1
0,1,1
0,0,0
0,0,0
0,1,1
0,0,0
0,1,1
0,1,1
0,1,1
0,1,1
0,1,1
0,1,1
0,1,1
0,0,0
0,1,1
0,0.1553067,1
0,1,1
0,1,1
0,1,1
0,1,1
0,1,1
0,0,0
0,0,0
0,0,0
0,1,1
0,0.6184698,1
0,1,1
0,1,1
0,0.8710263,1
0,1,1
0,1,1
0,0,0
0,0,0
0,0,0
0,1,1
0,0.6434115,1
0,0,1
0,1,1
0,1,1
0,1,1
0,1,1
0,0,0
0,0,0
0,1,1
0,1,1
0,0.6316248,1
0,0,0
0,1,1
0,0.8199482,1
0,1,1
0,1,1
0,0,1
0,0.07576358,1
0,1,1
0,1,1
0,1,1
0,0,1
0,0,1
0,0,1
0,0.03998232,1
0,0,1
0,0.08241367,1
0,1,1
0,0.8665296,1
0,1,1
0,0.1395524,1
0,0,1
0,1,1
0,0,1
0,1,1
0,1,1
0,0,0
0,0,0
0,1,1
0,0.3577168,1
0,0.8558878,1
0,0,1
0,0,0
0,1,1
0,1,1
0,1,1
0,0,0
0,0,0
0,0,0
0,0.6265892,1
0,1,1
0,1,1
0,1,1
0,0,1
0,0.08218575,1
0,1,1
0,0,0
0,1,1
0,0,0
0,1,1
0,1,1
0,1,1
0,1,1
0,0,0
0,0,1
0,1,1
0,1,1
0,0,0
0,1,1
0,1,1
0,1,1
0,1,1
0,1,1
0,1,1
0,0,0
0,0,0
0,0,0
0,0,0
0,0,0
0,1,1
0,1,1
0,1,1
0,1,1
0,1,1
0,0.6295738,1
0,1,1
0,0,0
0,0,0
0,0,0
0,0.6291261,1
0,0.8643366,1
0,0,0
0,0.03119588,1
0,1,1
0,0.04480875,1
0,1,1
0,1,1
0,1,1
0,1,1
0,1,1
0,0,1
0,1,1
0,1,1
0,0,1
0,1,1
0,1,1
0,1,1
0,1,1
0,0,0
0,0,0
0,1,1
0,1,1
0,1,1
0,1,1
0,1,1
0,1,1
0,0,0
0,0,0
0,1,1
0,1,1
0,1,1
0,1,1
0,1,1
0,1,1
0,0,0
0,1,1
0,0.2418145,1
0,1,1
0,0,1
0,0.6302999,1
0,0,0
0,0,1
0,0,0
0,1,1
0,1,1
0,0,0
0,0.7236725,1
0,1,1
0,1,1
0,0.6268855,1
0,0.0845691,1
0,1,1
0,1,1
0,0.8667232,1
0,1,1
0,0.6318265,1
0,0,0
0,1,1
0,1,1
0,0.8593179,1
0,1,1
0,1,1
0,1,1
0,1,1
0,1,1
0,0.6338294,1
0,0,0
0,1,1
0,1,1
0,1,1
0,1,1
0,0,0
0,1,1
0,0,0
0,1,1
0,0,0
0,0,0
0,1,1
0,0,0
0,0.2763618,1
0,0.09566653,1
0,1,1
0,0.006704211,1
0,0.1516351,1
0,0,0
0,1,1
0,0.632635,1
0,1,1
0,1,1
0,1,1
0,1,1
0,1,1
0,1,1
0,0,0
0,1,1
0,0,0
0,0.0211277,1
0,0,1
0,0,1
0,1,1
0,1,1
0,0.6187582,1
0,1,1
0,1,1
0,1,1
0,0,0
0,1,1
0,1,1
0,0,0
0,0,1
0,1,1
0,0,1
0,1,1
0,1,1
0,0,1
0,1,1
0,1,1
0,1,1
0,0,0
0,0,0
0,1,1
0,0,1
0,0,1
0,1,1
0,1,1
0,0,0
0,1,1
0,0,0
0,1,1
0,1,1
0,0,0
0,0,1
0,1,1
0,1,1
0,1,1
0,1,1
0,1,1
0,1,1
0,0.8593787,1
0,0.8566974,1
0,0,1
0,1,1
0,1,1
0,1,1
0,1,1
0,1,1
0,1,1
0,1,1
0,0.6298519,1
0,0,0
0,1,1
0,0,1
0,1,1
0,1,1
0,1,1
0,1,1
0,0,0
0,1,1
0,0,0
0,0,1
0,1,1
0,1,1
0,0,0
0,0.6255134,1
0,1,1
0,1,1
0,0,0
0,0,0
0,0.6213409,1
0,0,0
0,0,0
0,1,1
0,0,1
0,1,1
0,1,1
0,0.6177976,1
0,1,1
0,0.03349364,1
0,0,1
0,0,0
0,0,1
0,0,1
0,0,1
0,0,1
0,0,0
0,0,0
0,0,0
0,1,1
0,0,0
0,1,1
0,0,1
0,0.01065719,1
0,0.8753151,1
0,0,0
0,0,1
0,0,0
0,1,1
0,0,0
0,0.106631,1
0,1,1
0,0,1
0,0,1
0,0.8621927,1
0,0,1
0,0,0
0,1,1
0,0,1
0,0.006916285,1
0,1,1
0,1,1
0,1,1
0,1,1
0,0,1
0,0,1
0,1,1
0,1,1
0,0,0
0,1,1
0,1,1
0,0.8733269,1
0,1,1
0,0.6372625,1
0,0,1
0,0,1
0,0,0
0,0.3544881,1
0,0.6353321,1
0,1,1
0,0,0
0,0,1
0,1,1
0,0,1
0,1,1
0,1,1
0,1,1
0,1,1
0,1,1
0,1,1
0,0,1
0,1,1
0,0,1
0,1,1
0,1,1
0,0,0
0,0,0
0,0.6267108,1
0,1,1
0,1,1
0,1,1
0,0,1
0,1,1
0,1,1
0,0,0
0,1,1
0,0,0
0,0,0
0,1,1
0,1,1
0,0.1144737,1
0,1,1
0,1,1
0,0,1
0,1,1
0,1,1
0,1,1
0,1,1
0,1,1
0,1,1
0,0,1
0,0,0
0,0,1
0,1,1
0,1,1
0,1,1
0,1,1
0,1,1
0,0.8262378,1
0,1,1
0,0,1
0,1,1
0,0,1
0,1,1
0,1,1
0,1,1
0,0.6204423,1
0,1,1
0,0.664019,1
0,0.7610854,1
0,1,1
0,0,1
0,1,1
0,0,1
0,1,1
0,0.6215724,1
0,0,0
0,1,1
0,0.04717982,1
0,0,1
0,0,0
0,0,0
0,0,1
0,1,1
0,1,1
0,1,1
0,1,1
0,0,0
0,0,0
0,0,0
0,0,0
0,0,0
0,1,1
0,1,1
0,1,1
0,1,1
0,1,1
0,1,1
0,0,0
0,1,1
0,1,1
0,0.6280864,1
0,1,1
0,1,1
0,0,0
0,1,1
0,0,0
0,0,1
0,1,1
0,0,0
0,1,1
0,1,1
0,1,1
0,1,1
0,1,1
0,1,1
0,1,1
0,1,1
0,1,1
0,1,1
0,0,0
0,1,1
0,1,1
0,0,1
0,1,1
0,1,1
0,0,0
0,1,1
0,1,1
0,0,0
0,1,1
0,0.7656924,1
0,1,1
0,1,1
0,1,1
0,1,1
0,0,0
0,1,1
0,1,1
0,1,1
0,1,1
0,1,1
0,0,1
0,0,1
0,1,1
0,1,1
0,0,0
0,1,1
0,0.002373099,1
0,0,0
0,0,1
0,1,1
0,1,1
0,0.6293939,1
0,1,1
0,1,1
0,1,1
0,0,0
0,0.8667221,1
0,1,1
0,0,0
0,0.8684245,1
0,1,1
0,0.6270819,1
0,0,0
0,0,0
0,1,1
0,0.8411214,1
0,0,0
0,0,0
0,1,1
0,1,1
0,0,1
0,1,1
0,1,1
0,1,1
0,1,1
0,1,1
0,0,0
0,0.9222012,1
0,0,1
0,0.05103755,1
0,1,1
0,1,1
0,1,1
0,1,1
0,0,0
0,1,1
0,0,0
0,0,0
0,1,1
0,1,1
0,1,1
0,1,1
0,1,1
0,1,1
0,0,0
0,0,0
0,1,1
0,1,1
0,1,1
0,1,1
0,0,1
0,1,1
0,0.621843,1
0,1,1
0,1,1
0,0.7462369,1
0,1,1
0,1,1
0,0.2566975,1
0,0,1
0,1,1
0,1,1
0,1,1
0,0,0
0,0,0
0,1,1
0,1,1
0,1,1
0,1,1
0,0.01736736,1
0,1,1
0,1,1
0,1,1
0,0,1
0,1,1
0,1,1
0,1,1
0,1,1
0,1,1
0,0.8696117,1
0,0.8528155,1
0,1,1
0,1,1
0,1,1
0,1,1
0,0,0
0,0,1
0,1,1
0,1,1
0,0.6276544,1
0,1,1
0,1,1
0,1,1
0,0,1
0,0.8677248,1
0,0,0
0,0,0
0,1,1
0,1,1
0,1,1
0,1,1
0,0,1
0,1,1
0,0,0
0,0,0
0,0,0
0,1,1
0,1,1
0,1,1
0,1,1
0,1,1
0,0,1
0,1,1
0,0,0
0,1,1
0,0,0
0,1,1
0,0,1
0,1,1
0,0,1
0,1,1
0,1,1
0,1,1
0,0,0
0,1,1
0,0,0
0,1,1
0,0,1
0,0,1
0,1,1
0,1,1
0,1,1
0,1,1
0,0,0
0,1,1
0,1,1
0,1,1
0,0.6188835,1
0,1,1
0,0,0
0,1,1
0,1,1
0,1,1
0,1,1
0,1,1
0,0,0
0,0,1
0,1,1
0,1,1
0,0,1
0,1,1
0,1,1
0,1,1
0,0,0
0,0,0
0,1,1
0,1,1
0,1,1
0,0,0
0,1,1
0,1,1
0,0.629377,1
0,1,1
0,0,0
0,1,1
0,1,1
0,0,1
0,1,1
0,1,1
0,0,1
0,0.6381041,1
0,0,0
0,1,1
0,0.6551585,1
0,1,1
0,0,0
0,0.6300389,1
0,0,0
0,1,1
0,1,1
0,1,1
0,0,0
0,0,0
0,0,0
0,1,1
0,0,1
0,0.620207,1
0,1,1
0,1,1
0,0.007641792,1
0,1,1
0,0,1
0,0,1
0,0.6285502,1
0,1,1
0,0.6298342,1
0,0,1
0,0.8630217,1
0,0,0
0,1,1
0,1,1
0,1,1
0,1,1
0,0,0
0,0,0
0,1,1
0,0,0
0,0.09599936,1
0,1,1
0,0,1
0,1,1
0,1,1
0,1,1
0,0,0
0,0,1
0,0.6228048,1
0,0,0
0,0,1
0,1,1
0,0,0
0,0.02199996,1
0,0.6263312,1
0,1,1
0,1,1
0,0,0
0,0,0
0,1,1
0,1,1
0,1,1
0,1,1
0,1,1
0,0,0
0,1,1
0,1,1
0,0.8886708,1
0,0,1
0,0,0
0,0,0
0,1,1
0,1,1
0,1,1
0,1,1
0,0.06087995,1
0,1,1
0,0,0
0,1,1
0,0,0
0,1,1
0,1,1
0,1,1
0,1,1
0,0,1
0,1,1
0,0,1
0,0,1
0,1,1
0,0,0
0,0,0
0,1,1
0,1,1
0,0,1
0,1,1
0,0,1
0,1,1
0,1,1
0,0,0
0,0.8602754,1
0,1,1
0,0,1
0,0,1
0,0,0
0,1,1
0,1,1
0,1,1
0,0,0
0,1,1
0,1,1
0,0.007286072,1
0,0.270424,1
0,0.0142566,1
0,0,1
0,0,1
0,1,1
0,0,0
0,0,0
0,1,1
0,0,0
0,0,1
0,0.278963,1
0,1,1
0,0.01412702,1
0,1,1
0,0,1
0,0,0
0,1,1
0,0,0
0,0,0
0,0.1309913,1
0,1,1
0,1,1
0,1,1
0,1,1
0,1,1
0,1,1
0,1,1
0,1,1
0,0,0
0,0,1
0,0,1
0,0,0
0,0.6229464,1
0,1,1
0,1,1
0,0.645663,1
0,0,0
0,1,1
0,0.6393172,1
0,1,1
0,1,1
0,1,1
0,0,1
0,1,1
0,0.6206613,1
0,0,0
0,0,0
0,1,1
0,0.04207659,1
0,1,1
0,1,1
0,1,1
0,0,0
0,1,1
0,0,1
0,0,0
0,0,0
0,1,1
0,1,1
0,1,1
0,1,1
0,0.03330839,1
0,0,1
0,1,1
0,1,1
0,0,0
0,0,0
0,1,1
0,1,1
0,1,1
0,0.6250598,1
0,1,1
0,0,0
0,1,1
0,0,0
0,1,1
0,1,1
0,1,1
0,0,0
0,1,1
0,0,1
0,0,1
0,1,1
0,0.01260376,1
0,0,0
0,0,0
0,1,1
0,0,0
0,1,1
0,1,1
0,0,0
0,0.8640994,1
0,1,1
0,1,1
0,1,1
0,1,1
0,0,0
0,1,1
0,1,1
0,0,1
0,1,1
0,0,1
0,0,1
0,1,1
0,1,1
0,0,0
0,1,1
0,1,1
0,1,1
0,1,1
0,1,1
0,1,1
0,0,0
0,1,1
0,1,1
0,0,0
0,1,1
0,0,1
0,0,0
0,1,1
0,1,1
0,0.8597674,1
0,0.09971881,1
0,0,1
0,0,0
0,1,1
0,1,1
0,0.7002198,1
0,1,1
0,0,0
0,1,1
0,0,1
0,0,0
0,1,1
0,1,1
0,0,0
0,1,1
0,0.656489,1
0,0,1
0,1,1
0,1,1
0,1,1
0,1,1
0,1,1
0,0,1
0,1,1
0,0.7787839,1
0,1,1
0,1,1
0,0,0
0,0.1378747,1
0,1,1
0,1,1
0,1,1
0,1,1
0,0,0
0,0,0
0,1,1
0,1,1
0,0,1
0,1,1
0,1,1
0,1,1
0,1,1
0,0,1
0,1,1
0,0.6382016,1
0,0,1
0,1,1
0,1,1
0,1,1
0,1,1
0,0,0
0,1,1
0,1,1
0,0,0
0,1,1
0,1,1
0,0.8585467,1
0,0,0
0,1,1
0,0,0
0,1,1
0,1,1
0,1,1
0,0,0
0,0.03308499,1
0,0.6354481,1
0,1,1
0,0,0
0,1,1
0,1,1
0,1,1
0,1,1
0,0.625152,1
0,0,1
0,0.6232787,1
0,1,1
0,1,1
0,0,1
0,1,1
0,1,1
0,1,1
0,1,1
0,1,1
0,0.6846651,1
0,0.6201359,1
0,1,1
0,1,1
0,1,1
0,1,1
0,1,1
0,1,1
0,1,1
0,1,1
0,0.8643892,1
0,1,1
0,1,1
0,0.8681442,1
0,0,1
0,0,1
0,1,1
0,0.1531836,1
0,1,1
0,0,1
0,0,0
0,0.6384457,1
0,0,0
0,0.6254491,1
0,1,1
0,0,0
0,1,1
0,1,1
0,1,1
0,1,1
0,0,0
0,0.6616801,1
0,1,1
0,1,1
0,0.7304358,1
0,0,0
0,0.8612694,1
0,1,1
0,1,1
0,1,1
0,0,0
0,0.2279003,1
0,0,1
0,1,1
0,1,1
0,1,1
0,0,1
0,0.6356105,1
0,1,1
0,1,1
0,1,1
0,1,1
0,0.8678705,1
0,0,1
0,0,0
0,0,1
0,1,1
0,0.6210275,1
0,0,1
0,1,1
0,1,1
0,0,0
0,0.6214079,1
0,0.0144124,1
0,1,1
0,0,1
0,1,1
0,1,1
0,1,1
0,1,1
0,0,0
0,0,0
0,1,1
0,0.01376259,1
0,0.8646201,1
0,1,1
0,0,0
0,0.6176325,1
0,1,1
0,1,1
0,0,1
0,0,0
0,0,0
0,1,1
0,0,0
0,1,1
0,1,1
0,0,1
0,1,1
0,1,1
0,0,0
0,1,1
0,0.9006193,1
0,1,1
0,1,1
0,0,1
0,0,1
0,0,0
0,0,0
0,1,1
0,0,0
0,1,1
0,0.03597677,1
0,1,1
0,1,1
0,0,0
0,1,1
0,1,1
0,0,1
0,1,1
0,1,1
0,1,1
0,1,1
0,1,1
0,1,1
0,0,0
0,1,1
0,1,1
0,0,1
0,1,1
0,0.7016076,1
0,0,0
0,0,0
0,1,1
0,1,1
0,1,1
0,1,1
0,1,1
0,0.8555454,1
0,0,0
0,0,0
0,1,1
0,0,1
0,1,1
0,0,1
0,0,1
0,0.6298579,1
0,0.8693525,1
0,1,1
0,0.1287358,1
0,0,0
0,1,1
0,0,1
0,1,1
0,1,1
0,1,1
0,1,1
0,1,1
0,1,1
0,0.8609303,1
0,1,1
0,0.0940907,1
0,1,1
0,0,1
0,0,1
0,1,1
0,0,0
0,1,1
0,1,1
0,1,1
0,1,1
0,1,1
0,0,1
0,0,0
0,0,0
0,0,0
0,0,1
0,1,1
0,1,1
0,1,1
0,0,0
0,1,1
0,1,1
0,0,0
0,1,1
0,1,1
0,1,1
0,0,1
0,0,1
0,0,0
0,0,0
0,1,1
0,0,1
0,1,1
0,1,1
0,0.6218476,1
0,0.8371755,1
0,0,1
0,1,1
0,0,0
0,1,1
0,0.1914214,1
0,0.04641688,1
0,1,1
0,0,0
0,1,1
0,0,0
0,0,1
0,1,1
0,1,1
0,1,1
0,0.8499376,1
0,1,1
0,1,1
0,0.04832864,1
0,0,1
0,1,1
0,0,1
0,1,1
0,0.6498922,1
0,0.6440355,1
0,0,0
0,1,1
0,0,0
0,0,1
0,1,1
0,0.03661275,1
0,1,1
0,1,1
0,1,1
0,0,0
0,1,1
0,1,1
0,0,0
0,1,1
0,0,0
0,0,1
0,1,1
0,1,1
0,0,0
0,0.6263467,1
0,0.02026045,1
0,1,1
0,1,1
0,0,0
0,1,1
0,0,0
0,1,1
0,1,1
0,1,1
0,0,1
0,0.6245893,1
0,1,1
0,0,0
0,1,1
0,1,1
0,1,1
0,0,1
0,1,1
0,0,0
0,0,1
0,0.6390027,1
0,1,1
0,1,1
0,0,0
0,1,1
0,1,1
0,1,1
0,1,1
0,0.6524431,1
0,1,1
0,1,1
0,1,1
0,0,1
0,1,1
0,1,1
0,0,1
0,0,0
0,1,1
0,1,1
0,1,1
0,1,1
0,1,1
0,0,1
0,1,1
0,1,1
0,1,1
0,0.1716214,1
0,1,1
0,0,0
0,1,1
0,0,0
0,1,1
0,1,1
0,1,1
0,0.06652915,1
0,1,1
0,0,0
0,1,1
0,1,1
0,1,1
0,0,0
0,0,1
0,1,1
0,1,1
0,1,1
0,1,1
0,0,0
0,1,1
0,0,0
0,0.6284829,1
0,0.0009777546,1
0,0,0
0,0,0
0,1,1
0,0,1
0,0,1
0,1,1
0,0.6259507,1
0,0,0
0,1,1
0,0,0
0,0,1
0,0,0
0,0.008779883,1
0,1,1
0,1,1
0,1,1
0,0.8610164,1
0,1,1
0,1,1
0,1,1
0,1,1
0,0,1
0,0,0
0,1,1
0,1,1
0,0.620692,1
0,0,0
0,0,0
0,0,0
0,0,1
0,0,1
0,0,1
0,0,0
0,0,0
0,0.6340975,1
0,1,1
0,0,0
0,1,1
0,0,0
0,0,0
0,1,1
0,0,0
0,1,1
0,1,1
0,0,1
0,1,1
0,0,0
0,1,1
0,1,1
0,0.1238699,1
0,1,1
0,1,1
0,1,1
0,0,0
0,1,1
0,1,1
0,1,1
0,0.127823,1
0,0,0
0,1,1
0,1,1
0,1,1
0,1,1
0,0,1
0,1,1
0,1,1
0,1,1
0,0.6612576,1
0,0,0
0,1,1
0,0,0
0,0,0
0,1,1
0,1,1
0,1,1
0,0,0
0,0,0
0,1,1
0,1,1
0,1,1
0,1,1
0,1,1
0,0,0
0,0,0
0,0,0
0,0,1
0,0,0
0,0.06856191,1
0,0,0
0,1,1
0,1,1
0,0,1
0,1,1
0,1,1
0,1,1
0,1,1
0,0,0
0,0,0
0,1,1
0,0,0
0,1,1
0,1,1
0,0,0
0,1,1
0,1,1
0,1,1
0,0.01901317,1
0,0,0
0,1,1
0,0,0
0,0,0
0,1,1
0,1,1
0,0.03766978,1
0,1,1
0,1,1
0,1,1
0,0,0
0,0,0
0,1,1
0,1,1
0,0,0
0,1,1
0,1,1
0,1,1
0,1,1
0,0,0
0,0.6301191,1
0,0,0
0,1,1
0,1,1
0,1,1
0,1,1
0,0,1
0,1,1
0,1,1
0,0,0
0,0,0
0,1,1
0,1,1
0,1,1
0,0,0
0,1,1
0,1,1
0,1,1
0,1,1
0,0,0
0,0,0
0,0,0
0,0,0
0,1,1
0,1,1
0,1,1
0,0,0
0,1,1
0,1,1
0,1,1
0,0,0
0,0,1
0,0,1
0,0,1
0,1,1
0,1,1
0,0,1
0,1,1
0,1,1
0,0.6929626,1
0,1,1
0,0,0
0,1,1
0,0,0
0,1,1
0,1,1
0,1,1
0,1,1
0,0.8671585,1
0,0,0
0,0.6697112,1
0,0,0
0,0.6197141,1
0,1,1
0,0,0
0,1,1
0,1,1
0,1,1
0,1,1
0,0,0
0,0.6277519,1
0,1,1
0,1,1
0,1,1
0,0,0
0,0,1
0,0,0
0,1,1
0,0,1
0,0,0
0,1,1
0,1,1
0,0,0
0,0,0
0,0,0
0,0,1
0,0.631246,1
0,0.8621528,1
0,1,1
0,1,1
0,1,1
0,0,0
0,1,1
0,0.6317457,1
0,0,1
0,1,1
0,0,0
0,1,1
0,1,1
0,0,0
0,0,0
0,0,0
0,1,1
0,1,1
0,0,1
0,0.6380173,1
0,1,1
0,0,1
0,0,0
0,1,1
0,1,1
0,0.01009858,1
0,1,1
0,0,1
0,1,1
0,0,0
0,1,1
0,1,1
0,0,0
0,1,1
0,1,1
0,1,1
0,1,1
0,1,1
0,1,1
0,0,1
0,1,1
0,1,1
0,1,1
0,1,1
0,1,1
0,1,1
0,0,1
0,0,1
0,0,0
0,1,1
0,1,1
0,0,0
0,1,1
0,0,0
0,1,1
0,0,0
0,1,1
0,1,1
0,0.6314551,1
0,0.6235136,1
0,1,1
0,1,1
0,0,0
0,1,1
0,0.6309963,1
0,1,1
0,0,0
0,1,1
0,1,1
0,0,1
0,0,1
0,1,1
0,0,0
0,0.863763,1
0,0,1
0,1,1
0,1,1
0,1,1
0,0.03518736,1
0,1,1
0,1,1
0,1,1
0,0,0
0,1,1
0,1,1
0,0,0
0,0,0
0,1,1
0,1,1
0,1,1
0,0,1
0,1,1
0,0,0
0,0.8568949,1
0,1,1
0,0,0
0,1,1
0,0,1
0,1,1
0,1,1
0,0,0
0,1,1
0,0.8687068,1
0,1,1
0,0,0
0,0,0
0,1,1
0,0.6227802,1
0,0,1
0,1,1
0,1,1
0,1,1
0,0,0
0,0,0
0,0.630918,1
0,0.009991527,1
0,1,1
0,1,1
0,1,1
0,0,0
0,0,0
0,0.6233197,1
0,0,0
0,0,0
0,0,0
0,0,0
0,0,1
0,0,1
0,1,1
0,1,1
0,1,1
0,1,1
0,0,0
0,0.8622059,1
0,1,1
0,0.0211792,1
0,1,1
0,1,1
0,0,1
0,0.6337656,1
0,1,1
0,1,1
0,0,0
0,0,0
0,0,0
0,1,1
0,0,0
0,1,1
0,1,1
0,1,1
0,1,1
0,1,1
0,0,0
0,0,1
0,0,0
0,1,1
0,0.618476,1
0,0.8803041,1
0,0,0
0,0.02255523,1
0,1,1
0,1,1
0,0.6456655,1
0,0,0
0,1,1
0,1,1
0,1,1
0,0,1
0,0.1933463,1
0,0,1
0,0,0
0,1,1
0,1,1
0,0.643093,1
0,0,1
0,1,1
0,1,1
0,0,0
0,1,1
0,0,0
0,1,1
0,1,1
0,0,1
0,0.7763147,1
0,0,0
0,1,1
0,1,1
0,1,1
0,0,0
0,1,1
0,1,1
0,1,1
0,0.7539228,1
0,1,1
0,0,0
0,1,1
0,0.6199713,1
0,1,1
0,1,1
0,0,1
0,0,1
0,1,1
0,1,1
0,1,1
0,0.8704863,1
0,1,1
0,1,1
0,1,1
0,1,1
0,1,1
0,1,1
0,1,1
0,0,0
0,1,1
0,1,1
0,1,1
0,1,1
0,0,1
0,0,1
0,0,0
0,1,1
0,1,1
0,0,0
0,0,0
0,0.6596286,1
0,0,1
0,1,1
0,1,1
0,1,1
0,1,1
0,1,1
0,1,1
0,0,0
0,1,1
0,0,0
0,1,1
0,1,1
0,0,1
0,0,1
0,0,0
0,0.8729296,1
0,0,1
0,0,0
0,1,1
0,0,1
0,1,1
0,0,1
0,0.007944942,1
0,1,1
0,1,1
0,1,1
0,1,1
0,0,0
0,0,0
0,1,1
0,0.8591233,1
0,0.6339551,1
0,0,0
0,1,1
0,1,1
0,0,1
0,1,1
0,0.002059937,1
0,0.8113829,1
0,0,1
0,0.01571774,1
0,0,1
0,0,1
0,1,1
0,1,1
0,0,1
0,1,1
0,0,0
0,0,0
0,0,0
0,1,1
0,1,1
0,1,1
0,0,0
0,1,1
0,1,1
0,1,1
0,0.8699017,1
0,0,0
0,0,0
0,0,0
0,0.8595971,1
0,0,0
0,1,1
0,0,1
0,0.6279429,1
0,1,1
0,0,0
0,0,0
0,1,1
0,0,0
0,1,1
0,1,1
0,1,1
0,1,1
0,1,1
0,1,1
0,0,0
0,1,1
0,0.6338633,1
0,0,1
0,0,1
0,0,1
0,0,1
0,0.01344264,1
0,1,1
0,1,1
0,1,1
0,1,1
0,1,1
0,0.6268142,1
0,0,0
0,1,1
0,1,1
0,1,1
0,1,1
0,1,1
0,0.6450061,1
0,1,1
0,1,1
0,1,1
0,1,1
0,1,1
0,0,1
0,1,1
0,1,1
0,0,1
0,0,0
0,1,1
0,0,0
0,1,1
0,1,1
0,1,1
0,0,0
0,0,0
0,0,1
0,1,1
0,0,0
0,1,1
0,0,0
0,1,1
0,1,1
0,1,1
0,1,1
0,0,1
0,0,0
0,1,1
0,0,0
0,0.05600429,1
0,1,1
0,1,1
0,0.8614026,1
0,0,1
0,1,1
0,0,1
0,0,0
0,1,1
0,0,0
0,1,1
0,1,1
0,1,1
0,1,1
0,1,1
0,1,1
0,1,1
0,1,1
0,1,1
0,0,0
0,0,1
0,1,1
0,0.6400269,1
0,1,1
0,1,1
0,1,1
0,1,1
0,0,0
0,1,1
0,0,0
0,1,1
0,1,1
0,0,1
0,1,1
0,1,1
0,0.6283847,1
0,1,1
0,0.8624673,1
0,1,1
0,1,1
0,1,1
0,0,0
0,0,1
0,1,1
0,1,1
0,1,1
0,1,1
0,0,0
0,1,1
0,0,0
0,1,1
0,0,0
0,1,1
0,0.03402686,1
0,1,1
0,1,1
0,1,1
0,1,1
0,0,0
0,1,1
0,0,0
0,0,1
0,0.6346818,1
0,1,1
0,0,0
0,0,0
0,1,1
0,1,1
0,0,0
0,0,0
0,1,1
0,1,1
0,1,1
0,0.8564794,1
0,0.1235167,1
0,1,1
0,1,1
0,0,0
0,0.6220855,1
0,1,1
0,0,0
0,0,0
0,0.6680071,1
0,1,1
0,1,1
0,1,1
0,1,1
0,0,0
0,0,0
0,0,0
0,0,0
0,1,1
0,0,0
0,0.1192063,1
0,1,1
0,1,1
0,1,1
0,0,0
0,0.8961627,1
0,0,0
0,1,1
0,0,0
0,1,1
0,0,0
0,1,1
0,1,1
0,0.6306174,1
0,0,0
0,0.7221621,1
0,0,0
0,1,1
0,0,0
0,1,1
0,0,1
0,1,1
0,0,1
0,1,1
0,1,1
0,1,1
0,0,0
0,0,0
0,1,1
0,1,1
0,1,1
0,1,1
0,0.6188744,1
0,0,1
0,0,0
0,0,0
0,0,0
0,1,1
0,1,1
0,1,1
0,0,1
0,1,1
0,1,1
0,1,1
0,1,1
0,1,1
0,0,0
0,1,1
0,1,1
0,1,1
0,0,1
0,1,1
0,0,1
0,0,0
0,0,0
0,0,0
0,0,0
0,1,1
0,0.6303235,1
0,0,1
0,0,0
0,0,1
0,0,0
0,1,1
0,0.6323553,1
0,0.08116126,1
0,1,1
0,1,1
0,1,1
0,0,1
0,0,1
0,1,1
0,1,1
0,1,1
0,0.6254555,1
0,1,1
0,0,0
0,1,1
0,0,1
0,0.6278702,1
0,0,1
0,1,1
0,1,1
0,1,1
0,0,0
0,0,0
0,0,0
0,1,1
0,0,0
0,1,1
0,1,1
0,1,1
0,1,1
0,0.6266409,1
0,1,1
0,1,1
0,0.7414552,1
0,0,1
0,1,1
0,1,1
0,1,1
0,1,1
0,1,1
0,0,0
0,1,1
0,1,1
0,1,1
0,0,0
0,1,1
0,0,1
0,1,1
0,1,1
0,0.6546196,1
0,1,1
0,0,1
0,1,1
0,1,1
0,0,0
0,0,0
0,0,1
0,1,1
0,1,1
0,1,1
0,1,1
0,0,0
0,1,1
0,1,1
0,1,1
0,0,1
0,1,1
0,1,1
0,0,1
0,1,1
0,0.6211574,1
0,1,1
0,0,0
0,1,1
0,0,0
0,0.6218213,1
0,0,0
0,1,1
0,1,1
0,0,1
0,1,1
0,0,0
0,1,1
0,1,1
0,1,1
0,1,1
0,0.6310295,1
0,0,1
0,1,1
0,0.02769208,1
0,1,1
0,0.875447,1
0,0.8599268,1
0,1,1
0,1,1
0,0,1
0,1,1
0,0.8809551,1
0,1,1
0,1,1
0,1,1
0,1,1
0,1,1
0,1,1
0,1,1
0,0.8643852,1
0,1,1
0,1,1
0,1,1
0,1,1
0,1,1
0,0,0
0,1,1
0,1,1
0,1,1
0,0,1
0,0.0941726,1
0,1,1
0,1,1
0,0,1
0,1,1
0,0,0
0,0,0
0,0.876124,1
0,1,1
0,0,0
0,1,1
0,0,0
0,1,1
0,1,1
0,1,1
0,1,1
0,1,1
0,0.8665868,1
0,1,1
0,1,1
0,1,1
0,0,1
0,1,1
0,1,1
0,1,1
0,1,1
0,0.6309447,1
0,1,1
0,1,1
0,1,1
0,1,1
0,0.6570154,1
0,0,1
0,0,0
0,0.6223608,1
0,0,0
0,1,1
0,0,0
0,1,1
0,0,0
0,0,0
0,1,1
0,1,1
0,1,1
0,1,1
0,0.8620306,1
0,0,0
0,1,1
0,1,1
0,1,1
0,1,1
0,0,0
0,1,1
0,0,1
0,1,1
0,0.7608296,1
0,0,1
0,0,0
0,0,0
0,0,1
0,0,1
0,0.8719835,1
0,0,1
0,0.6248559,1
0,1,1
0,1,1
0,0,0
0,0,0
0,0,0
0,1,1
0,0,1
0,1,1
0,1,1
0,1,1
0,1,1
0,0,0
0,1,1
0,0,0
0,1,1
0,1,1
0,1,1
0,1,1
0,0,1
0,1,1
0,1,1
0,0,0
0,0,0
0,1,1
0,0,0
0,1,1
0,1,1
0,1,1
0,1,1
0,1,1
0,0,1
0,1,1
0,0,0
0,0.6413661,1
0,0.8631881,1
0,0,0
0,1,1
0,1,1
0,1,1
0,0,0
0,1,1
0,0,0
0,0,1
0,0,0
0,0,0
0,1,1
0,1,1
0,0,1
0,1,1
0,0,1
0,1,1
0,0,0
0,1,1
0,0.629476,1
0,0,0
0,0,0
0,0,0
0,0.04465997,1
0,1,1
0,0,0
0,1,1
0,0,0
0,0,0
0,0.0131067,1
0,1,1
0,0.6279577,1
0,0,0
0,0,0
0,1,1
0,1,1
0,1,1
0,0,1
0,0,1
0,0,0
0,0,0
0,1,1
0,1,1
0,0,1
0,1,1
0,1,1
0,1,1
0,0,0
0,1,1
0,1,1
0,0,1
0,0,1
0,0,0
0,0,0
0,1,1
0,1,1
0,0,0
0,1,1
0,1,1
0,1,1
0,1,1
0,1,1
0,0,1
0,0,1
0,1,1
0,1,1
0,1,1
0,1,1
0,0,1
0,0.8628913,1
0,0,1
0,0.01172984,1
0,0,1
0,1,1
0,0,0
0,1,1
0,0,0
0,0,0
0,0,0
0,0.6462963,1
0,0.8645068,1
0,1,1
0,1,1
0,1,1
0,1,1
0,1,1
0,0,0
0,0,0
0,1,1
0,0,0
0,1,1
0,0,0
0,0,1
0,0,0
0,1,1
0,1,1
0,0,0
0,1,1
0,1,1
0,0,0
0,0.8513385,1
0,1,1
0,0,1
0,1,1
0,1,1
0,1,1
0,0,0
0,0,0
0,1,1
0,1,1
0,1,1
0,1,1
0,0.6277198,1
0,1,1
0,1,1
0,1,1
0,1,1
0,0,0
0,0,1
0,0,0
0,1,1
0,0.6438724,1
0,0,1
0,1,1
0,1,1
0,1,1
0,0,0
0,0.630084,1
0,1,1
0,1,1
0,0,0
0,1,1
0,1,1
0,0.7203584,1
0,0,0
0,1,1
0,1,1
0,1,1
0,1,1
0,1,1
0,0,0
0,0.003105879,1
0,1,1
0,1,1
0,1,1
0,0.6241423,1
0,0,1
0,0,1
0,1,1
0,0,0
0,1,1
0,0,0
0,0,0
0,1,1
0,0,1
0,1,1
0,0,0
0,0,0
0,0.01676238,1
0,1,1
0,0,1
0,1,1
0,1,1
0,1,1
0,1,1
0,1,1
0,1,1
0,1,1
0,1,1
0,1,1
0,0.8635312,1
0,1,1
0,1,1
0,1,1
0,1,1
0,1,1
0,0.758487,1
0,1,1
0,1,1
0,1,1
0,0.2127801,1
0,0,0
0,0,1
0,0,0
0,1,1
0,1,1
0,1,1
0,0,0
0,0,0
0,0.7268552,1
0,0,0
0,1,1
0,0,1
0,1,1
0,1,1
0,1,1
0,1,1
0,0,0
0,0.7220846,1
0,1,1
0,1,1
0,1,1
0,1,1
0,0,0
0,0.8600676,1
0,0,0
0,0,0
0,1,1
0,1,1
0,1,1
0,1,1
0,1,1
0,1,1
0,1,1
0,1,1
0,1,1
0,0,0
0,1,1
0,1,1
0,1,1
0,1,1
0,1,1
0,1,1
0,1,1
0,1,1
0,1,1
0,0,0
0,0,0
0,1,1
0,1,1
0,1,1
0,1,1
0,0,0
0,1,1
0,0.8652408,1
0,1,1
0,0,0
0,1,1
0,0,0
0,1,1
0,1,1
0,1,1
0,1,1
0,1,1
0,1,1
0,1,1
0,0.8641714,1
0,0,0
0,1,1
0,0,1
0,1,1
0,0.8709425,1
0,0,0
0,1,1
0,1,1
0,1,1
0,0,0
0,0.01253009,1
0,0,0
0,1,1
0,0.6268613,1
0,1,1
0,1,1
0,1,1
0,1,1
0,1,1
0,0.01730239,1
0,0,0
0,0,0
0,1,1
0,0,0
0,0,1
0,1,1
0,0,0
0,1,1
0,0.6308296,1
0,0,0
0,0,0
0,1,1
0,0,0
0,1,1
0,1,1
0,0,1
0,0,0
0,0,0
0,1,1
0,1,1
0,0,0
0,0,0
0,0.8742667,1
0,0.01075506,1
0,0,1
0,1,1
0,1,1
0,0,0
0,0,0
0,0,0
0,0,0
0,1,1
0,0.8851315,1
0,0.626469,1
0,1,1
0,1,1
0,0,1
0,1,1
0,1,1
0,0,0
0,1,1
0,0,0
0,0,0
0,0,1
0,1,1
0,1,1
0,0,0
0,1,1
0,0.625623,1
0,1,1
0,1,1
0,0.6332301,1
0,0,0
0,0,1
0,0.02432263,1
0,1,1
0,1,1
0,0,0
0,1,1
0,0,0
0,1,1
0,1,1
0,1,1
0,0,1
0,1,1
0,1,1
0,1,1
0,1,1
0,0.06442916,1
0,0,0
0,1,1
0,1,1
0,1,1
0,0,0
0,1,1
0,0,0
0,1,1
0,0.1528882,1
0,1,1
0,0,0
0,0,0
0,1,1
0,1,1
0,1,1
0,0.02581084,1
0,0.8657578,1
0,0,1
0,1,1
0,1,1
0,0,1
0,1,1
0,1,1
0,1,1
0,0,1
0,0,1
0,0,0
0,1,1
0,1,1
0,1,1
0,1,1
0,1,1
0,1,1
0,1,1
0,1,1
0,0,1
0,0,1
0,1,1
0,1,1
0,1,1
0,0,0
0,1,1
0,0.6240753,1
0,0,1
0,1,1
0,0,0
0,1,1
0,1,1
0,1,1
0,1,1
0,0,0
0,0.6364281,1
0,0.07131732,1
0,1,1
0,0,1
0,1,1
0,1,1
0,1,1
0,0,1
0,1,1
0,0,0
0,0,0
0,1,1
0,1,1
0,1,1
0,1,1
0,1,1
0,0,1
0,1,1
0,1,1
0,0,0
0,0.6311468,1
0,1,1
0,0,1
0,1,1
0,1,1
0,1,1
0,1,1
0,1,1
0,1,1
0,0,0
0,0,0
0,0,0
0,0,1
0,0,0
0,1,1
0,1,1
0,1,1
0,1,1
0,1,1
0,0,0
0,1,1
0,0.731645,1
0,0,0
0,0,0
0,1,1
0,1,1
0,0.1168896,1
0,1,1
0,1,1
0,1,1
0,0.7876673,1
0,0,1
0,0,0
0,1,1
0,1,1
0,0,0
0,1,1
0,1,1
0,0,1
0,0,0
0,0,0
0,0,0
0,1,1
0,1,1
0,0,0
0,1,1
0,1,1
0,1,1
0,1,1
0,0.7569581,1
0,1,1
0,1,1
0,0.6201407,1
0,0.003215909,1
0,0,1
0,1,1
0,1,1
0,1,1
0,1,1
0,1,1
0,0,0
0,1,1
0,0,0
0,1,1
0,0.8592132,1
0,0,0
0,0,0
0,1,1
0,1,1
0,1,1
0,0,0
0,0.6319484,1
0,0,1
0,0,0
0,1,1
0,0,1
0,1,1
0,1,1
0,0,0
0,0.9022912,1
0,0.2071375,1
0,1,1
0,0.8851973,1
0,0,0
0,1,1
0,0,1
0,1,1
0,1,1
0,1,1
0,1,1
0,1,1
0,1,1
0,1,1
0,0,1
0,0,1
0,1,1
0,0.6182864,1
0,0.6247832,1
0,0.6283559,1
0,1,1
0,0,1
0,0,1
0,0,1
0,0.02230239,1
0,0,0
0,1,1
0,0,0
0,1,1
0,1,1
0,0,0
0,0,0
0,0.8616703,1
0,0,1
0,1,1
0,1,1
0,0,1
0,0,1
0,1,1
0,1,1
0,1,1
0,0,0
0,1,1
0,0,0
0,1,1
0,1,1
0,1,1
0,1,1
0,1,1
0,0,0
0,1,1
0,0.6529344,1
0,0.8607222,1
0,1,1
0,0,0
0,0,1
0,1,1
0,1,1
0,1,1
0,0.6190705,1
0,0,0
0,0,0
0,0,0
0,1,1
0,0,1
0,1,1
0,1,1
0,0,1
0,1,1
0,1,1
0,1,1
0,0,0
0,0,0
0,0,1
0,1,1
0,1,1
0,1,1
0,1,1
0,1,1
0,1,1
0,0,0
0,0.01192844,1
0,1,1
0,1,1
0,1,1
0,1,1
0,0,1
0,1,1
0,1,1
0,0,0
0,1,1
0,0.7235823,1
0,0,0
0,1,1
0,1,1
0,1,1
0,1,1
0,1,1
0,0.04660177,1
0,0,0
0,0,0
0,1,1
0,0.6242688,1
0,0,0
0,1,1
0,1,1
0,1,1
0,1,1
0,1,1
0,0,0
0,0.9106938,1
0,0.6354903,1
0,0,0
0,1,1
0,1,1
0,0,0
0,0,1
0,1,1
0,1,1
0,0,0
0,0,0
0,0,0
0,1,1
0,1,1
0,0,0
0,1,1
0,1,1
0,1,1
0,0,1
0,0.6281797,1
0,1,1
0,1,1
0,1,1
0,0,1
0,0,1
0,1,1
0,0.6283251,1
0,0,0
0,1,1
0,0.8547903,1
0,0,0
0,0,0
0,0,0
0,0,1
0,1,1
0,0,1
0,0.05112624,1
0,1,1
0,1,1
0,1,1
0,0,0
0,0,0
0,0,1
0,1,1
0,0,1
0,0,0
0,1,1
0,0,0
0,1,1
0,1,1
0,0,1
0,0.7201833,1
0,1,1
0,1,1
0,0,0
0,0,1
0,1,1
0,1,1
0,1,1
0,0.6423091,1
0,0,1
0,0,0
0,0,1
0,0,1
0,0,0
0,1,1
0,0,1
0,1,1
0,1,1
0,0.6400006,1
0,0,0
0,0,0
0,0.003372073,1
0,0,0
0,0,1
0,1,1
0,1,1
0,1,1
0,1,1
0,0,0
0,1,1
0,1,1
0,0,0
0,1,1
0,0,1
0,1,1
0,1,1
0,1,1
0,1,1
0,1,1
0,0,0
0,1,1
0,1,1
0,0,0
0,1,1
0,0,0
0,0,1
0,1,1
0,1,1
0,1,1
0,1,1
0,1,1
0,1,1
0,0,1
0,1,1
0,1,1
0,1,1
0,0,0
0,1,1
0,1,1
0,1,1
0,1,1
0,1,1
0,0,0
0,1,1
0,1,1
0,0,0
0,1,1
0,1,1
0,1,1
0,1,1
0,1,1
0,1,1
0,1,1
0,0,1
0,0,0
0,0,1
0,1,1
0,1,1
0,0,0
0,0,0
0,0,1
0,1,1
0,0,1
0,1,1
0,0,0
0,0,1
0,0.6193415,1
0,0,1
0,0,0
0,0.8838512,1
0,1,1
0,1,1
0,0,1
0,0,1
0,1,1
0,0,0
0,1,1
0,1,1
0,1,1
0,1,1
0,1,1
0,0,0
0,0,0
0,1,1
0,0,0
0,1,1
0,1,1
0,1,1
0,0.04571021,1
0,0,0
0,0.7191579,1
0,0.6714118,1
0,0,1
0,1,1
0,0,1
0,0,1
0,1,1
0,0.6315398,1
0,0,0
0,1,1
0,0,1
0,0,1
0,1,1
0,0,1
0,1,1
0,1,1
0,1,1
0,1,1
0,0,0
0,1,1
0,1,1
0,0,0
0,1,1
0,1,1
0,1,1
0,1,1
0,0,0
0,1,1
0,0,0
0,0,0
0,0.6276301,1
0,1,1
0,0,1
0,0,1
0,1,1
0,1,1
0,1,1
0,1,1
0,1,1
0,0,1
0,0,0
0,1,1
0,1,1
0,1,1
0,0,1
0,0.8487705,1
0,1,1
0,1,1
0,1,1
0,0,1
0,0,0
0,1,1
0,1,1
0,0,1
0,1,1
0,1,1
0,0,1
0,1,1
0,0,0
0,1,1
0,1,1
0,0,0
0,1,1
0,1,1
0,0,1
0,1,1
0,1,1
0,1,1
0,0.6455379,1
0,1,1
0,1,1
0,0.01814854,1
0,1,1
0,1,1
0,1,1
0,1,1
0,0,0
0,1,1
0,0,0
0,1,1
0,1,1
0,1,1
0,1,1
0,0.6323708,1
0,1,1
0,0.861347,1
0,1,1
0,1,1
0,1,1
0,1,1
0,0.05593467,1
0,1,1
0,1,1
0,0,0
0,0,0
0,1,1
0,1,1
0,1,1
0,0,0
0,0,0
0,0,0
0,0,0
0,0,0
0,0,1
0,1,1
0,1,1
0,1,1
0,0.6256469,1
0,0,0
0,0.6326101,1
0,1,1
0,1,1
0,0,0
0,1,1
0,1,1
0,0,0
0,0.08698928,1
0,1,1
0,0,0
0,0.1045958,1
0,1,1
0,0.7419692,1
0,0,1
0,0,0
0,1,1
0,1,1
0,0,1
0,0,0
0,1,1
0,0.634045,1
0,0.6197599,1
0,1,1
0,0,1
0,1,1
0,1,1
0,0,0
0,1,1
0,1,1
0,0.6340214,1
0,0,0
0,0,1
0,0,0
0,1,1
0,1,1
0,0,0
0,1,1
0,0,0
0,1,1
0,1,1
0,1,1
0,1,1
0,1,1
0,0.6249241,1
0,1,1
0,1,1
0,0.8636582,1
0,1,1
0,0.6248263,1
0,0,0
0,0.6304115,1
0,1,1
0,0,0
0,1,1
0,0,0
0,0,1
0,1,1
0,1,1
0,0,1
0,0.8680178,1
0,1,1
0,0,0
0,1,1
0,0.03419352,1
0,0,0
0,1,1
0,1,1
0,1,1
0,1,1
0,0,0
0,0,1
0,0,0
0,1,1
0,0,1
0,1,1
0,0,0
0,0,1
0,1,1
0,1,1
0,1,1
0,0,0
0,0,0
0,1,1
0,0,1
0,0,1
0,1,1
0,0.8630708,1
0,1,1
0,1,1
0,1,1
0,0,0
0,1,1
0,1,1
0,1,1
0,1,1
0,0.8587379,1
0,1,1
0,1,1
0,1,1
0,0,0
0,0,0
0,1,1
0,0,0
0,0,1
0,1,1
0,0.05990517,1
0,1,1
0,1,1
0,0.6325449,1
0,0,0
0,1,1
0,0,0
0,0.8742259,1
0,0,1
0,1,1
0,0,1
0,0,1
0,1,1
0,1,1
0,1,1
0,0.8586179,1
0,1,1
0,1,1
0,1,1
0,1,1
0,1,1
0,0,1
0,1,1
0,0.8627526,1
0,0,0
0,0,0
0,1,1
0,0.8580099,1
0,0.8697525,1
0,0,0
0,1,1
0,1,1
0,0.8677052,1
0,1,1
0,1,1
0,0,0
0,0,0
0,0,0
0,0,1
0,1,1
0,0.03766012,1
0,1,1
0,1,1
0,1,1
0,0,0
0,0.6385339,1
0,0,0
0,1,1
0,1,1
0,1,1
0,1,1
0,0,0
0,0,1
0,1,1
0,0,0
0,1,1
0,1,1
0,1,1
0,1,1
0,1,1
0,0,1
0,0,0
0,1,1
0,0,1
0,0,0
0,1,1
0,0,0
0,0,1
0,1,1
0,0,1
0,1,1
0,1,1
0,0,0
0,1,1
0,0,0
0,0,0
0,1,1
0,1,1
0,1,1
0,1,1
0,1,1
0,1,1
0,1,1
0,1,1
0,1,1
0,0.8744296,1
0,1,1
0,0,1
0,1,1
0,1,1
0,0,1
0,1,1
0,1,1
0,0,1
0,0,0
0,0,0
0,1,1
0,0,0
0,0,1
0,0.7324358,1
0,1,1
0,1,1
0,1,1
0,1,1
0,0.7269742,1
0,0,0
0,1,1
0,1,1
0,1,1
0,0,0
0,1,1
0,1,1
0,1,1
0,0,0
0,0,0
0,1,1
0,0,0
0,0,0
0,1,1
0,1,1
0,0,1
0,1,1
0,1,1
0,1,1
0,0.1300889,1
0,0,0
0,1,1
0,0,1
0,0,0
0,0,0
0,1,1
0,1,1
0,1,1
0,1,1
0,0,0
0,1,1
0,1,1
0,0.8691088,1
0,0,0
0,1,1
0,1,1
0,0,1
0,1,1
0,1,1
0,0,0
0,0,0
0,0,0
0,1,1
0,1,1
0,1,1
0,0,1
0,0.6228024,1
0,1,1
0,1,1
0,0.6475888,1
0,1,1
0,0,0
0,0.6362149,1
0,0.6195332,1
0,1,1
0,1,1
0,0.3865329,1
0,1,1
0,1,1
0,0.8687736,1
0,0,0
0,1,1
0,1,1
0,0,0
0,1,1
0,0,0
0,1,1
0,1,1
0,1,1
0,0.873704,1
0,1,1
0,0,1
0,1,1
0,0,0
0,1,1
0,0,0
0,1,1
0,1,1
0,1,1
0,0,0
0,0.7293142,1
0,0.8642241,1
0,0,1
0,0,0
0,0,1
0,1,1
0,0,1
0,0,0
0,1,1
0,1,1
0,0,0
0,1,1
0,1,1
0,0.6645633,1
0,1,1
0,1,1
0,0,1
0,0.8663013,1
0,0.6329848,1
0,0,0
0,1,1
0,1,1
0,0.7239252,1
0,0,0
0,0.7003778,1
0,0.05994964,1
0,1,1
0,0,1
0,1,1
0,1,1
0,1,1
0,0.636727,1
0,0,1
0,0,1
0,0.6382776,1
0,1,1
0,1,1
0,1,1
0,1,1
0,0,0
0,1,1
0,1,1
0,0.6547947,1
0,1,1
0,1,1
0,0.03395128,1
0,1,1
0,1,1
0,1,1
0,0,0
0,1,1
0,1,1
0,0.628686,1
0,0,1
0,1,1
0,1,1
0,1,1
0,1,1
0,1,1
0,0.8646489,1
0,0.8602473,1
0,0,0
0,0,1
0,1,1
0,1,1
0,1,1
0,1,1
0,0.2888958,1
0,1,1
0,1,1
0,0.6435407,1
0,1,1
0,1,1
0,1,1
0,0,1
0,0.618862,1
0,1,1
0,1,1
0,1,1
0,0,0
0,0,0
0,0,1
0,0,0
0,0.6737463,1
0,1,1
0,1,1
0,0,0
0,1,1
0,0.208689,1
0,0.01508856,1
0,1,1
0,0,0
0,0,0
0,1,1
0,0,0
0,1,1
0,1,1
0,0,1
0,1,1
0,0,0
0,0.7368116,1
0,1,1
0,1,1
0,1,1
0,0,1
0,1,1
0,1,1
0,0,1
0,1,1
0,0,0
0,1,1
0,1,1
0,0,0
0,1,1
0,0,1
0,1,1
0,1,1
0,1,1
0,1,1
0,0,0
0,0,0
0,0,1
0,0.8746382,1
0,0,0
0,1,1
0,1,1
0,0.6219572,1
0,1,1
0,0,0
0,1,1
0,1,1
0,0.8665125,1
0,0.8647765,1
0,1,1
0,0.008662105,1
0,0,1
0,0,1
0,1,1
0,1,1
0,1,1
0,0,0
0,0,0
0,1,1
0,0,1
0,0,1
0,1,1
0,1,1
0,1,1
0,1,1
0,0.8959674,1
0,0,0
0,0,0
0,0,1
0,0.8618795,1
0,1,1
0,0,1
0,0,1
0,1,1
0,0,0
0,0,0
0,0,0
0,0,0
0,1,1
0,0,0
0,1,1
0,1,1
0,0,1
0,0.6289566,1
0,1,1
0,0,0
0,0,0
0,1,1
0,1,1
0,1,1
0,0,0
0,0,0
0,0,0
0,1,1
0,1,1
0,0,0
0,0.05826008,1
0,1,1
0,0.05812383,1
0,0.8626672,1
0,1,1
0,1,1
0,1,1
0,1,1
0,1,1
0,0,0
0,1,1
0,1,1
0,0.0143553,1
0,0,0
0,0.0141834,1
0,1,1
0,0.8613241,1
0,1,1
0,1,1
0,0.05394244,1
0,0.6423141,1
0,0.866279,1
0,1,1
0,1,1
0,0.08296454,1
0,0,1
0,0,1
0,1,1
0,1,1
0,0,0
0,0,0
0,1,1
0,0,0
0,0.03356636,1
0,0,1
0,1,1
0,0,1
0,1,1
0,1,1
0,1,1
0,1,1
0,1,1
0,1,1
0,0,0
0,0,1
0,1,1
0,0,0
0,0,0
0,0,1
0,1,1
0,0,1
0,1,1
0,0,0
0,0,0
0,1,1
0,1,1
0,1,1
0,0,0
0,0.6202546,1
0,1,1
0,0,0
0,1,1
0,1,1
0,0,0
0,0,1
0,1,1
0,0,1
0,1,1
0,1,1
0,0,0
0,0,1
0,1,1
0,1,1
0,0,0
0,1,1
0,0,0
0,0,0
0,0,0
0,1,1
0,0,0
0,0,0
0,0.006648064,1
0,1,1
0,0,0
0,1,1
0,1,1
0,0,1
0,1,1
0,1,1
0,0,1
0,1,1
0,0,0
0,1,1
0,1,1
0,0,1
0,0.7020961,1
0,1,1
0,0,1
0,1,1
0,0.6613935,1
0,1,1
0,1,1
0,0,1
0,1,1
0,0,1
0,1,1
0,0,1
0,0,0
0,1,1
0,0,0
0,1,1
0,1,1
0,1,1
0,0,0
0,1,1
0,1,1
0,1,1
0,1,1
0,1,1
0,1,1
0,0.6260465,1
0,0.6412715,1
0,0,0
0,1,1
0,1,1
0,1,1
0,1,1
0,1,1
0,1,1
0,0,0
0,0,0
0,0.642729,1
0,0,0
0,0,0
0,1,1
0,1,1
0,1,1
0,0,1
0,1,1
0,0,0
0,1,1
0,1,1
0,1,1
0,0,0
0,1,1
0,1,1
0,1,1
0,0,1
0,1,1
0,0,0
0,0,0
0,1,1
0,0.864527,1
0,1,1
0,1,1
0,1,1
0,1,1
0,0,1
0,1,1
0,0,0
0,0,0
0,1,1
0,1,1
0,1,1
0,0,1
0,1,1
0,1,1
0,0,1
0,1,1
0,0,0
0,1,1
0,0,0
0,0,1
0,1,1
0,1,1
0,1,1
0,1,1
0,1,1
0,1,1
0,0,0
0,0,1
0,0,0
0,1,1
0,0,0
0,1,1
0,0,0
0,1,1
0,1,1
0,1,1
0,0,0
0,0,0
0,0,0
0,1,1
0,0,1
0,0,1
0,1,1
0,0,1
0,1,1
0,1,1
0,1,1
0,0,0
0,0,0
0,1,1
0,0,0
0,1,1
0,1,1
0,1,1
0,1,1
0,0.02225757,1
0,0,0
0,1,1
0,1,1
0,0,0
0,0,0
0,0,0
0,1,1
0,1,1
0,1,1
0,1,1
0,0.6183995,1
0,0.1454859,1
0,1,1
0,1,1
0,1,1
0,1,1
0,0,1
0,0,1
0,0,0
0,1,1
0,0.003043294,1
0,0,0
0,1,1
0,1,1
0,0,0
0,1,1
0,1,1
0,1,1
0,1,1
0,1,1
0,0,0
0,0,0
0,0.8661364,1
0,0,0
0,0.8706633,1
0,1,1
0,1,1
0,1,1
0,1,1
0,1,1
0,0,0
0,0,0
0,1,1
0,1,1
0,1,1
0,0.002902985,1
0,0,0
0,0,1
0,1,1
0,1,1
0,1,1
0,0,0
0,1,1
0,0,0
0,0,0
0,0.05032766,1
0,0,0
0,1,1
0,1,1
0,0,1
0,1,1
0,0,0
0,1,1
0,0.8682078,1
0,1,1
0,0,0
0,1,1
0,0,1
0,0.6239098,1
0,1,1
0,0,0
0,1,1
0,0,0
0,0.6289293,1
0,1,1
0,0,1
0,1,1
0,1,1
0,0.6229457,1
0,1,1
0,0,0
0,0,0
0,0.8623427,1
0,0,0
0,0,0
0,1,1
0,0,0
0,0,1
0,1,1
0,1,1
0,0,0
0,0,0
0,0,0
0,0,0
0,0,1
0,0,0
0,0,1
0,0,1
0,1,1
0,1,1
0,0,1
0,1,1
0,0.6305386,1
0,1,1
0,0,1
0,1,1
0,1,1
0,0,1
0,0,1
0,1,1
0,1,1
0,0,0
0,1,1
0,1,1
0,1,1
0,0,0
0,1,1
0,0,1
0,1,1
0,0.6184285,1
0,0,0
0,0,0
0,0.6362714,1
0,1,1
0,1,1
0,0,0
0,0.4952585,1
0,0,0
0,1,1
0,1,1
0,0.655809,1
0,1,1
0,1,1
0,0,0
0,1,1
0,0,1
0,1,1
0,0,0
0,0,0
0,1,1
0,0,0
0,0,0
0,0,0
0,1,1
0,0,0
0,0,0
0,0,0
0,0,1
0,0.8674701,1
0,1,1
0,0.6347117,1
0,0,0
0,0,0
0,0,0
0,1,1
0,1,1
0,1,1
0,1,1
0,1,1
0,1,1
0,1,1
0,0,0
0,1,1
0,1,1
0,1,1
0,1,1
0,1,1
0,0,1
0,1,1
0,1,1
0,0,0
0,1,1
0,1,1
0,1,1
0,1,1
0,1,1
0,1,1
0,0,1
0,0.02891481,1
0,1,1
0,0,0
0,0,0
0,0,1
0,0,1
0,4.541874E-05,1
0,1,1
0,0,1
0,1,1
0,1,1
0,1,1
0,0.003228545,1
0,0,0
0,1,1
0,0,0
0,1,1
0,1,1
0,1,1
0,1,1
0,0,1
0,0.8660572,1
0,0,0
0,1,1
0,1,1
0,1,1
0,1,1
0,0,0
0,0,1
0,1,1
0,1,1
0,1,1
0,0,0
0,1,1
0,0,0
0,1,1
0,0,0
0,0,1
0,1,1
0,1,1
0,1,1
0,1,1
0,0.676411,1
0,0,0
0,0,0
0,1,1
0,1,1
0,0,0
0,1,1
0,0,0
0,1,1
0,0,0
0,1,1
0,0,0
0,0,1
0,1,1
0,1,1
0,1,1
0,1,1
0,0,1
0,1,1
0,0,0
0,1,1
0,0,0
0,0,0
0,1,1
0,1,1
0,0,0
0,1,1
0,1,1
0,1,1
0,0,0
0,1,1
0,0,0
0,0,1
0,1,1
0,1,1
0,1,1
0,1,1
0,1,1
0,1,1
0,0,0
0,1,1
0,1,1
0,1,1
0,1,1
0,1,1
0,0,1
0,1,1
0,1,1
0,1,1
0,0,0
0,0,0
0,0.6321905,1
0,1,1
0,0,0
0,0,0
0,0,0
0,1,1
0,0,1
0,1,1
0,1,1
0,1,1
0,1,1
0,1,1
0,1,1
0,0,0
0,0,1
0,1,1
0,1,1
0,1,1
0,1,1
0,0,0
0,0,1
0,1,1
0,0,0
0,1,1
0,1,1
0,0,0
0,1,1
0,1,1
0,0,0
0,1,1
0,0,0
0,1,1
0,1,1
0,0,0
0,1,1
0,0,0
0,1,1
0,1,1
0,1,1
0,0.861418,1
0,0,0
0,1,1
0,0,0
0,0,1
0,0.00241065,1
0,0,0
0,0.633706,1
0,1,1
0,0,0
0,0.6276717,1
0,0,0
0,0,0
0,0,1
0,1,1
0,0,1
0,0,0
0,1,1
0,1,1
0,0.6294912,1
0,0,0
0,1,1
0,0,0
0,0.2175332,1
0,0,1
0,1,1
0,1,1
0,0,0
0,0.6252187,1
0,1,1
0,0.6251426,1
0,0,0
0,0,0
0,0,0
0,1,1
0,0.6518669,1
0,1,1
0,1,1
0,0.6340694,1
0,0,0
0,0,0
0,1,1
0,0,0
0,0.03789365,1
0,0,0
0,1,1
0,0,1
0,1,1
0,1,1
0,0,0
0,0,0
0,1,1
0,1,1
0,0,0
0,0,1
0,0,0
0,0.6191245,1
0,0,0
0,1,1
0,0,0
0,0,0
0,1,1
0,1,1
0,1,1
0,0,0
0,1,1
0,1,1
0,1,1
0,1,1
0,1,1
0,0,0
0,0,0
0,0,1
0,1,1
0,1,1
0,1,1
0,1,1
0,1,1
0,1,1
0,0,1
0,1,1
0,0,0
0,0,0
0,1,1
0,0,1
0,0,0
0,1,1
0,0.621406,1
0,1,1
0,0.03889763,1
0,1,1
0,0,0
0,1,1
0,1,1
0,0.6463481,1
0,0,0
0,0,1
0,1,1
0,1,1
0,0,0
0,0,0
0,1,1
0,0,0
0,0.04963565,1
0,1,1
0,1,1
0,1,1
0,0,1
0,1,1
0,0,0
0,1,1
0,1,1
0,1,1
0,1,1
0,0,1
0,0,0
0,1,1
0,1,1
0,1,1
0,0,0
0,1,1
0,0,0
0,1,1
0,0,1
0,0,0
0,0,1
0,0,1
0,1,1
0,1,1
0,1,1
0,0.6328417,1
0,1,1
0,0,1
0,0,0
0,0.8611041,1
0,0,1
0,0.8643657,1
0,0,0
0,1,1
0,1,1
0,1,1
0,1,1
0,1,1
0,1,1
0,0.6271765,1
0,0,1
0,1,1
0,0.6464275,1
0,1,1
0,0,0
0,0,0
0,1,1
0,0,1
0,0,0
0,1,1
0,1,1
0,0,0
0,1,1
0,1,1
0,0,0
0,0,0
0,1,1
0,1,1
0,1,1
0,0,1
0,1,1
0,1,1
0,0.8621291,1
0,0.02008033,1
0,0,0
0,0,0
0,1,1
0,0,0
0,1,1
0,0,1
0,0.8611529,1
0,1,1
0,1,1
0,0,0
0,1,1
0,0,0
0,1,1
0,1,1
0,1,1
0,0,1
0,1,1
0,1,1
0,1,1
0,1,1
0,0.623253,1
0,0.007125616,1
0,0,1
0,1,1
0,0,0
0,0.6393275,1
0,0.6266056,1
0,1,1
0,1,1
0,0,0
0,0,0
0,1,1
0,1,1
0,0.008040905,1
0,1,1
0,1,1
0,0.6501409,1
0,1,1
0,0,1
0,0.1771723,1
0,0.7575518,1
0,1,1
0,1,1
0,0,1
0,1,1
0,1,1
0,1,1
0,1,1
0,0.09565616,1
0,1,1
0,0,0
0,0,1
0,0,1
0,1,1
0,1,1
0,1,1
0,1,1
0,0,0
0,0.6226212,1
0,0,0
0,0,0
0,1,1
0,1,1
0,1,1
0,1,1
0,0.1188296,1
0,0.8662134,1
0,1,1
0,1,1
0,1,1
0,1,1
0,0,0
0,0,0
0,1,1
0,1,1
0,0.6299779,1
0,0,1
0,0.8626664,1
0,1,1
0,0,0
0,0,0
0,1,1
0,1,1
0,0,1
0,0,1
0,1,1
0,1,1
0,1,1
0,1,1
0,1,1
0,0,0
0,0,0
0,0,0
0,0,0
0,0,1
0,1,1
0,1,1
0,0,0
0,1,1
0,1,1
0,1,1
0,1,1
0,1,1
0,1,1
0,1,1
0,1,1
0,1,1
0,1,1
0,1,1
0,0,0
0,0,0
0,1,1
0,0,0
0,1,1
0,0,1
0,0,1
0,0.09573185,1
0,0.6209437,1
0,1,1
0,0.890623,1
0,1,1
0,0.8677486,1
0,1,1
0,0.7637699,1
0,1,1
0,1,1
0,1,1
0,1,1
0,1,1
0,1,1
0,0,0
0,0,1
0,1,1
0,0,0
0,0,0
0,0,1
0,0.004340172,1
0,1,1
0,1,1
0,0.8682065,1
0,1,1
0,0,1
0,0,0
0,0,0
0,1,1
0,1,1
0,0,1
0,1,1
0,0,1
0,1,1
0,0.872602,1
0,0.710765,1
0,0,0
0,0.09674704,1
0,1,1
0,1,1
0,0,0
0,0,1
0,1,1
0,0.634391,1
0,1,1
0,1,1
0,1,1
0,0,1
0,0,0
0,1,1
0,1,1
0,0,1
0,1,1
0,0,0
0,0,0
0,0,0
0,0,1
0,1,1
0,1,1
0,0,1
0,0.6502411,1
0,1,1
0,0,1
0,0,0
0,0,0
0,0.6280514,1
0,1,1
0,1,1
0,0,0
0,0.8685888,1
0,1,1
0,1,1
0,1,1
0,0,0
0,0,0
0,0,0
0,0,0
0,0,1
0,0,0
0,1,1
0,1,1
0,1,1
0,1,1
0,0,0
0,0.6228203,1
0,1,1
0,0,1
0,1,1
0,0,1
0,1,1
0,0,1
0,1,1
0,1,1
0,1,1
0,0,0
0,1,1
0,1,1
0,1,1
0,0,0
0,0.1611415,1
0,0,1
0,1,1
0,1,1
0,0,0
0,1,1
0,0,0
0,0.6272693,1
0,1,1
0,0,1
0,1,1
0,0,1
0,0.6204737,1
0,1,1
0,0,0
0,0.01520026,1
0,1,1
0,1,1
0,1,1
0,1,1
0,1,1
0,1,1
0,0,1
0,1,1
0,0,1
0,1,1
0,0,0
0,0.8590006,1
0,1,1
0,1,1
0,1,1
0,1,1
0,1,1
0,1,1
0,1,1
0,0,0
0,1,1
0,1,1
0,0,0
0,1,1
0,1,1
0,1,1
0,1,1
0,1,1
0,0.02317989,1
0,1,1
0,0.8606938,1
0,1,1
0,0,1
0,1,1
0,0,1
0,1,1
0,1,1
0,0,1
0,0,0
0,0,0
0,1,1
0,1,1
0,0,0
0,1,1
0,0.8565758,1
0,1,1
0,1,1
0,1,1
0,1,1
0,1,1
0,0,0
0,0.01368845,1
0,0,0
0,0,0
0,1,1
0,1,1
0,1,1
0,1,1
0,1,1
0,0,0
0,0.6293418,1
0,1,1
0,1,1
0,1,1
0,1,1
0,1,1
0,0,1
0,1,1
0,0,0
0,0.2991592,1
0,1,1
0,1,1
0,1,1
0,0,1
0,0,0
0,1,1
0,1,1
0,1,1
0,0,0
0,0,0
0,0,0
0,1,1
0,0,0
0,0,1
0,1,1
0,1,1
0,1,1
0,1,1
0,1,1
0,1,1
0,0.6295184,1
0,0.2816634,1
0,1,1
0,0,1
0,0.86385,1
0,1,1
0,1,1
0,1,1
0,0,1
0,0,0
0,1,1
0,0,0
0,1,1
0,1,1
0,0,0
0,1,1
0,1,1
0,1,1
0,0,0
0,0.05704141,1
0,1,1
0,1,1
0,1,1
0,1,1
0,1,1
0,1,1
0,1,1
0,1,1
0,0,0
0,1,1
0,0,1
0,0,1
0,1,1
0,1,1
0,1,1
0,1,1
0,1,1
0,0.8589481,1
0,0.7355379,1
0,1,1
0,0,0
0,0,0
0,0.00712347,1
0,0,1
0,1,1
0,1,1
0,1,1
0,1,1
0,0,0
0,1,1
0,1,1
0,1,1
0,1,1
0,1,1
0,1,1
0,1,1
0,0,0
0,0,0
0,0.6240739,1
0,0,0
0,1,1
0,0,1
0,0,1
0,1,1
0,1,1
0,1,1
0,1,1
0,0,0
0,1,1
0,0.6282638,1
0,1,1
0,0,0
0,1,1
0,1,1
0,1,1
0,1,1
0,0,0
0,1,1
0,1,1
0,0,1
0,0,1
0,0,0
0,1,1
0,0,1
0,1,1
0,0.6198819,1
0,0,0
0,1,1
0,1,1
0,0,0
0,1,1
0,1,1
0,1,1
0,0.8810955,1
0,0,1
0,1,1
0,0,0
0,0,0
0,1,1
0,1,1
0,1,1
0,0,0
0,0,1
0,1,1
0,1,1
0,1,1
0,0,0
0,0,0
0,1,1
0,0,0
0,0,0
0,1,1
0,0,1
0,0,1
0,1,1
0,1,1
0,1,1
0,0,1
0,0,0
0,1,1
0,1,1
0,0,1
0,1,1
0,0.6291809,1
0,1,1
0,1,1
0,1,1
0,1,1
0,0.8645085,1
0,1,1
0,1,1
0,0,0
0,1,1
0,0,0
0,1,1
0,1,1
0,0,0
0,1,1
0,1,1
0,1,1
0,1,1
0,1,1
0,1,1
0,1,1
0,1,1
0,1,1
0,0,0
0,1,1
0,0,0
0,0,0
0,0,0
0,0,0
0,0.6337134,1
0,1,1
0,1,1
0,1,1
0,1,1
0,0.6225487,1
0,0,0
0,0,0
0,0.6208624,1
0,1,1
0,0,1
0,1,1
0,1,1
0,0.08109093,1
0,1,1
0,0,0
0,0,0
0,1,1
0,1,1
0,1,1
0,0,1
0,0,1
0,1,1
0,1,1
0,0,0
0,0,0
0,0.8760833,1
0,1,1
0,0,0
0,1,1
0,0,1
0,0,0
0,1,1
0,1,1
0,0,0
0,1,1
0,1,1
0,1,1
0,1,1
0,0.8631517,1
0,1,1
0,0,1
0,1,1
0,1,1
0,0,0
0,0.633266,1
0,1,1
0,0,0
0,0,0
0,1,1
0,1,1
0,1,1
0,1,1
0,1,1
0,0,0
0,1,1
0,0,1
0,0.8830458,1
0,1,1
0,1,1
0,0,0
0,0,1
0,1,1
0,1,1
0,0,0
0,0,1
0,1,1
0,0,0
0,0,1
0,0,0
0,0.08030224,1
0,0,0
0,1,1
0,1,1
0,1,1
0,1,1
0,0,1
0,1,1
0,0.8638724,1
0,1,1
0,1,1
0,1,1
0,1,1
0,0,1
0,0,0
0,1,1
0,0.8654269,1
0,0,0
0,1,1
0,1,1
0,1,1
0,0,1
0,1,1
0,1,1
0,1,1
0,1,1
0,0,0
0,1,1
0,1,1
0,1,1
0,1,1
0,0,1
0,0.8644184,1
0,1,1
0,0,0
0,1,1
0,1,1
0,0,0
0,0.167317,1
0,1,1
0,0,1
0,1,1
0,0,1
0,1,1
0,0,0
0,0,0
0,0,0
0,0,0
0,0,1
0,0,1
0,0.643513,1
0,0,1
0,1,1
0,0,1
0,1,1
0,0,0
0,1,1
0,1,1
0,1,1
0,1,1
0,0.6280191,1
0,0,1
0,0,0
0,1,1
0,1,1
0,1,1
0,0,0
0,1,1
0,0.1034485,1
0,1,1
0,0,0
0,1,1
0,1,1
0,1,1
0,0.3038509,1
0,1,1
0,0.2584289,1
0,1,1
0,1,1
0,1,1
0,1,1
0,1,1
0,0,0
0,0.8664206,1
0,0,0
0,0,0
0,0.8621372,1
0,1,1
0,1,1
0,1,1
0,0,1
0,0,1
0,1,1
0,0,1
0,0,0
0,0,1
0,0,0
0,1,1
0,0,0
0,1,1
0,0,0
0,0,0
0,1,1
0,1,1
0,0,0
0,0,0
0,1,1
0,1,1
0,0.6181277,1
0,1,1
0,1,1
0,1,1
0,0,1
0,1,1
0,1,1
0,0,0
0,0,1
0,0,1
0,1,1
0,0,1
0,1,1
0,1,1
0,1,1
0,1,1
0,0,0
0,0,0
0,1,1
0,0,0
0,1,1
0,1,1
0,1,1
0,0,1
0,1,1
0,1,1
0,0,0
0,1,1
0,0.7586012,1
0,1,1
0,1,1
0,1,1
0,1,1
0,1,1
0,0,1
0,1,1
0,1,1
0,1,1
0,1,1
0,1,1
0,1,1
0,1,1
0,0,0
0,0.7271515,1
0,0.8726971,1
0,1,1
0,0,0
0,1,1
0,1,1
0,1,1
0,0.873787,1
0,1,1
0,1,1
0,1,1
0,0,0
0,1,1
0,0,0
0,0,0
0,1,1
0,0,0
0,1,1
0,0,0
0,1,1
0,1,1
0,1,1
0,1,1
0,0,0
0,1,1
0,1,1
0,0.05688977,1
0,0.03083241,1
0,0.6192621,1
0,0,1
0,1,1
0,0,1
0,1,1
0,0,0
0,1,1
0,1,1
0,1,1
0,0,1
0,1,1
0,0,1
0,0,1
0,0,1
0,0,1
0,1,1
0,0,0
0,1,1
0,0,0
0,0,0
0,1,1
0,1,1
0,0,1
0,1,1
0,0,0
0,0,0
0,1,1
0,1,1
0,0,0
0,1,1
0,0.07867038,1
0,1,1
0,0,1
0,1,1
0,1,1
0,1,1
0,0.3529156,1
0,1,1
0,0,0
0,0,1
0,1,1
0,0,1
0,1,1
0,0,0
0,1,1
0,1,1
0,0,0
0,0.8715577,1
0,0,0
0,1,1
0,1,1
0,1,1
0,1,1
0,1,1
0,1,1
0,0,0
0,0,0
0,0,1
0,0,1
0,0,1
0,1,1
0,1,1
0,1,1
0,1,1
0,0,1
0,1,1
0,0,0
0,0,0
0,1,1
0,0.6241624,1
0,1,1
0,0,1
0,0,1
0,1,1
0,1,1
0,0,0
0,0,0
0,1,1
0,0,0
0,1,1
0,1,1
0,0.8599762,1
0,0.02314997,1
0,1,1
0,1,1
0,0.8846226,1
0,0,0
0,1,1
0,1,1
0,1,1
0,1,1
0,1,1
0,1,1
0,0.2974943,1
0,1,1
0,0,0
0,0,1
0,1,1
0,0,0
0,0,1
0,1,1
0,0,1
0,0.8596785,1
0,1,1
0,1,1
0,0,0
0,0,0
0,0,0
0,0,0
0,0,0
0,0,0
0,1,1
0,1,1
0,0,1
0,1,1
0,0,0
0,1,1
0,0,1
0,0,1
0,1,1
0,1,1
0,1,1
0,0,0
0,1,1
0,0.6234621,1
0,0,1
0,1,1
0,0,1
0,1,1
0,1,1
0,1,1
0,0,1
0,0.6197766,1
0,1,1
0,1,1
0,0,0
0,1,1
0,0,0
0,1,1
0,0,1
0,1,1
0,0.8766493,1
0,0.635064,1
0,1,1
0,0.6372782,1
0,1,1
0,1,1
0,0,1
0,1,1
0,0,0
0,1,1
0,0,0
0,1,1
0,0,1
0,0,0
0,0,1
0,0,0
0,0,0
0,0.7192833,1
0,0,0
0,0.6422858,1
0,0,0
0,1,1
0,1,1
0,0,0
0,1,1
0,1,1
0,1,1
0,0,1
0,1,1
0,1,1
0,0,0
0,0.03667498,1
0,1,1
0,0,0
0,0,0
0,0,0
0,1,1
0,0,0
0,1,1
0,1,1
0,0,1
0,1,1
0,1,1
0,1,1
0,0,0
0,1,1
0,0,1
0,1,1
0,0,0
0,1,1
0,0,0
0,0,0
0,1,1
0,0,0
0,0,0
0,0,0
0,0,0
0,1,1
0,0,1
0,0.002549887,1
0,0,1
0,1,1
0,1,1
0,0,1
0,0.745057,1
0,1,1
0,0,1
0,1,1
0,0,0
0,1,1
0,0,0
0,1,1
0,1,1
0,0,0
0,1,1
0,0,0
0,1,1
0,1,1
0,1,1
0,1,1
0,1,1
0,1,1
0,1,1
0,1,1
0,0.6294039,1
0,1,1
0,0,0
0,0,0
0,1,1
0,0.6320511,1
0,1,1
0,1,1
0,0,0
0,0.9103639,1
0,0.6300894,1
0,1,1
0,1,1
0,1,1
0,0,1
0,1,1
0,1,1
0,1,1
0,0,0
0,0.6238827,1
0,0.8690649,1
0,1,1
0,1,1
0,0,0
0,0,0
0,1,1
0,0.6285499,1
0,1,1
0,0.3812069,1
0,1,1
0,0,0
0,1,1
0,1,1
0,0.8309377,1
0,0,1
0,0.8524393,1
0,1,1
0,1,1
0,0.6549994,1
0,1,1
0,0,0
0,1,1
0,0,1
0,1,1
0,1,1
0,1,1
0,1,1
0,1,1
0,1,1
0,0.8668154,1
0,1,1
0,0,1
0,1,1
0,0,0
0,1,1
0,1,1
0,1,1
0,1,1
0,0,0
0,0.6905941,1
0,1,1
0,1,1
0,0,0
0,0,0
0,1,1
0,1,1
0,1,1
0,1,1
0,1,1
0,1,1
0,0,0
0,1,1
0,1,1
0,0,1
0,1,1
0,0.8602327,1
0,0,0
0,1,1
0,0,0
0,0.8713486,1
0,0,0
0,0,1
0,0,1
0,0,1
0,0.8583632,1
0,0.290866,1
0,0.291845,1
0,1,1
0,0,0
0,0,0
0,1,1
0,1,1
0,1,1
0,0,0
0,1,1
0,1,1
0,1,1
0,1,1
0,0,1
0,0,0
0,1,1
0,0,0
0,0,0
0,0,1
0,1,1
0,1,1
0,1,1
0,1,1
0,0.9103209,1
0,1,1
0,1,1
0,0.6296924,1
0,1,1
0,1,1
0,1,1
0,0,1
0,1,1
0,0.6309131,1
0,0,0
0,0,0
0,0.870896,1
0,1,1
0,1,1
0,0,1
0,1,1
0,0,1
0,0,0
0,0.6473006,1
0,1,1
0,1,1
0,0.0163213,1
0,0,0
0,1,1
0,0.06274521,1
0,1,1
0,0.6206259,1
0,1,1
0,1,1
0,0,0
0,0,0
0,1,1
0,1,1
0,1,1
0,1,1
0,0,0
0,0,0
0,0,1
0,0,1
0,0,0
0,0.4051902,1
0,1,1
0,0.6196777,1
0,1,1
0,1,1
0,1,1
0,1,1
0,1,1
0,1,1
0,0.6330119,1
0,0,0
0,0.7395605,1
0,0,1
0,1,1
0,0,1
0,0,0
0,1,1
0,1,1
0,1,1
0,0,0
0,0,0
0,0,0
0,0,0
0,0,0
0,0,1
0,0,1
0,0,0
0,1,1
0,1,1
0,0,0
0,0.871775,1
0,1,1
0,1,1
0,1,1
0,0,1
0,1,1
0,1,1
0,1,1
0,1,1
0,1,1
0,1,1
0,1,1
0,0.1590341,1
0,1,1
0,1,1
0,1,1
0,0.8661537,1
0,0.05241847,1
0,0,0
0,0,0
0,1,1
0,1,1
0,1,1
0,0,0
0,0.1221629,1
0,1,1
0,1,1
0,1,1
0,0,0
0,0.7436473,1
0,0.7122635,1
0,0,0
0,1,1
0,1,1
0,1,1
0,0,1
0,1,1
0,0.9016063,1
0,1,1
0,1,1
0,0,1
0,0,1
0,0,1
0,0,0
0,1,1
0,1,1
0,1,1
0,1,1
0,1,1
0,0,1
0,0,0
0,1,1
0,1,1
0,0,1
0,1,1
0,0,0
0,0,0
0,1,1
0,0,0
0,0,0
0,0,0
0,0,0
0,1,1
0,1,1
0,1,1
0,0,0
0,0.6748403,1
0,1,1
0,1,1
0,1,1
0,0,0
0,1,1
0,1,1
0,0,1
0,0,0
0,0.627039,1
0,1,1
0,1,1
0,0,0
0,1,1
0,1,1
0,1,1
0,0.6240026,1
0,0,1
0,1,1
0,1,1
0,1,1
0,0,1
0,0,0
0,1,1
0,0,1
0,0,0
0,1,1
0,0,0
0,1,1
0,0,1
0,0,1
0,1,1
0,1,1
0,0,0
0,1,1
0,1,1
0,1,1
0,1,1
0,0,1
0,1,1
0,1,1
0,1,1
0,1,1
0,1,1
0,1,1
0,1,1
0,0,0
0,1,1
0,1,1
0,1,1
0,0,1
0,1,1
0,1,1
0,0,1
0,0,0
0,1,1
0,0,1
0,1,1
0,1,1
0,1,1
0,0,1
0,1,1
0,0.07533562,1
0,1,1
0,0,0
0,1,1
0,0,1
0,1,1
0,0,0
0,0,1
0,1,1
0,0.86037,1
0,0,0
0,1,1
0,1,1
0,0,0
0,1,1
0,0,0
0,1,1
0,1,1
0,1,1
0,1,1
0,0,0
0,1,1
0,0,1
0,0,0
0,1,1
0,0,0
0,0,0
0,0,1
0,1,1
0,1,1
0,0,0
0,1,1
0,1,1
0,1,1
0,0,1
0,0,0
0,0.1294611,1
0,1,1
0,1,1
0,1,1
0,0.6447791,1
0,0.629758,1
0,0,0
0,1,1
0,1,1
0,0,1
0,0,1
0,1,1
0,1,1
0,1,1
0,0,0
0,1,1
0,1,1
0,0.8604211,1
0,0,0
0,1,1
0,1,1
0,1,1
0,0.6273223,1
0,0,0
0,0,1
0,0,0
0,0,1
0,0,0
0,1,1
0,0,1
0,0.8572185,1
0,0,1
0,1,1
0,0,0
0,0,1
0,0.6328712,1
0,1,1
0,1,1
0,1,1
0,0,1
0,1,1
0,1,1
0,1,1
0,1,1
0,0,0
0,1,1
0,0.8629061,1
0,1,1
0,0.7161881,1
0,0.885313,1
0,0,0
0,1,1
0,1,1
0,1,1
0,0,0
0,1,1
0,0.6294724,1
0,0,0
0,1,1
0,0,1
0,1,1
0,1,1
0,1,1
0,0,0
0,1,1
0,1,1
0,0.8809932,1
0,1,1
0,1,1
0,0,1
0,1,1
0,0,1
0,1,1
0,0,0
0,0,0
0,1,1
0,1,1
0,1,1
0,0.6354004,1
0,1,1
0,0,0
0,1,1
0,1,1
0,0,0
0,1,1
0,1,1
0,0,0
0,1,1
0,1,1
0,1,1
0,0,0
0,1,1
0,1,1
0,1,1
0,0,0
0,0,1
0,1,1
0,1,1
0,0,1
0,1,1
0,0,0
0,1,1
0,1,1
0,0.748682,1
0,1,1
0,0,0
0,1,1
0,0,1
0,0.8588958,1
0,0,1
0,1,1
0,0,1
0,1,1
0,0,0
0,0,0
0,1,1
0,1,1
0,0,0
0,0.8555697,1
0,0.05654526,1
0,1,1
0,1,1
0,1,1
0,0.04043627,1
0,0,1
0,0,0
0,0.09420407,1
0,1,1
0,0,1
0,1,1
0,1,1
0,1,1
0,1,1
0,0,0
0,0,0
0,0,0
0,1,1
0,1,1
0,1,1
0,1,1
0,1,1
0,1,1
0,1,1
0,0,0
0,1,1
0,0,0
0,0,1
0,1,1
0,1,1
0,1,1
0,1,1
0,1,1
0,1,1
0,0,0
0,1,1
0,0,0
0,1,1
0,1,1
0,1,1
0,0,1
0,1,1
0,1,1
0,1,1
0,0,0
0,1,1
0,1,1
0,1,1
0,0,1
0,1,1
0,1,1
0,1,1
0,1,1
0,1,1
0,1,1
0,1,1
0,1,1
0,0,0
0,0,0
0,1,1
0,0,0
0,1,1
0,1,1
0,1,1
0,1,1
0,1,1
0,0,0
0,1,1
0,1,1
0,0,0
0,0.05226016,1
0,1,1
0,0.6304568,1
0,1,1
0,0.1442553,1
0,0.07840908,1
0,0,0
0,1,1
0,1,1
0,0.0496707,1
0,0,1
0,0,1
0,1,1
0,1,1
0,0,0
0,0,0
0,0,0
0,1,1
0,0,1
0,1,1
0,1,1
0,0,0
0,0,0
0,1,1
0,0,0
0,0,0
0,1,1
0,1,1
0,0,0
0,1,1
0,1,1
0,1,1
0,0.6419479,1
0,1,1
0,1,1
0,1,1
0,0.1338798,1
0,1,1
0,1,1
0,0.868349,1
0,0,1
0,0,1
0,1,1
0,1,1
0,0,0
0,1,1
0,0,0
0,1,1
0,1,1
0,1,1
0,1,1
0,1,1
0,1,1
0,1,1
0,0,0
0,1,1
0,1,1
0,1,1
0,1,1
0,1,1
0,1,1
0,0,1
0,0,1
0,1,1
0,1,1
0,1,1
0,1,1
0,1,1
0,1,1
0,0.863192,1
0,0,0
0,1,1
0,1,1
0,0,1
0,0,1
0,0,1
0,1,1
0,0.8589424,1
0,0,1
0,1,1
0,0,0
0,0.6192089,1
0,1,1
0,0,0
0,0,0
0,1,1
0,0,0
0,0,1
0,0.2904843,1
0,0,1
0,0,1
0,1,1
0,0,1
0,1,1
0,0,1
0,1,1
0,1,1
0,0,0
0,1,1
0,1,1
0,1,1
0,1,1
0,0,0
0,1,1
0,0,1
0,0,0
0,1,1
0,0,1
0,1,1
0,1,1
0,1,1
0,1,1
0,0,0
0,1,1
0,0,0
0,0,0
0,1,1
0,1,1
0,1,1
0,0.2834491,1
0,0,1
0,1,1
0,1,1
0,1,1
0,0,0
0,1,1
0,1,1
0,1,1
0,1,1
0,0,1
0,0.6181844,1
0,1,1
0,0,1
0,0,0
0,1,1
0,1,1
0,1,1
0,1,1
0,1,1
0,0,1
0,1,1
0,0,0
0,0,0
0,0.6353878,1
0,1,1
0,1,1
0,1,1
0,1,1
0,0,0
0,1,1
0,1,1
0,0,0
0,0,0
0,0,1
0,0,0
0,1,1
0,0.635079,1
0,0,0
0,0.6220256,1
0,1,1
0,1,1
0,1,1
0,1,1
0,0,0
0,1,1
0,1,1
0,1,1
0,1,1
0,1,1
0,1,1
0,1,1
0,0,0
0,0,1
0,0,1
0,1,1
0,1,1
0,1,1
0,1,1
0,0.6189977,1
0,1,1
0,1,1
0,1,1
0,1,1
0,1,1
0,1,1
0,1,1
0,0,0
0,0,0
0,0,0
0,1,1
0,1,1
0,0,0
0,0,0
0,0,0
0,1,1
0,1,1
0,0,0
0,0,1
0,1,1
0,0,1
0,0,1
0,0,0
0,0.6454207,1
0,0.6309099,1
0,0.9446455,1
0,0,1
0,0,1
0,1,1
0,1,1
0,0,1
0,1,1
0,0,0
0,1,1
0,0,0
0,1,1
0,1,1
0,1,1
0,0,1
0,0.6177481,1
0,1,1
0,1,1
0,0,0
0,0,0
0,1,1
0,0,0
0,0,0
0,0,0
0,0.6170443,1
0,1,1
0,1,1
0,1,1
0,0,0
0,0.8642281,1
0,0,0
0,1,1
0,1,1
0,1,1
0,1,1
0,1,1
0,1,1
0,1,1
0,1,1
0,1,1
0,1,1
0,1,1
0,0,0
0,0,0
0,1,1
0,1,1
0,1,1
0,1,1
0,0,0
0,0,1
0,0,1
0,1,1
0,1,1
0,0,1
0,1,1
0,1,1
0,1,1
0,1,1
0,1,1
0,1,1
0,0.6288401,1
0,1,1
0,1,1
0,1,1
0,0,0
0,1,1
0,1,1
0,1,1
0,1,1
0,0,0
0,1,1
0,1,1
0,0.8687378,1
0,0.305885,1
0,1,1
0,0,1
0,0,1
0,1,1
0,1,1
0,1,1
0,1,1
0,0,0
0,1,1
0,1,1
0,0,1
0,1,1
0,0,1
0,1,1
0,0.6279655,1
0,0.7577306,1
0,0.8597814,1
0,0,0
0,1,1
0,0,1
0,1,1
0,1,1
0,1,1
0,1,1
0,0,0
0,0,0
0,0,1
0,0.0600642,1
0,1,1
0,1,1
0,0.8669552,1
0,1,1
0,1,1
0,1,1
0,0,0
0,1,1
0,1,1
0,0,0
0,0,1
0,0,0
0,0,0
0,1,1
0,0,0
0,1,1
0,0.06190526,1
0,0,0
0,1,1
0,1,1
0,1,1
0,0,1
0,1,1
0,1,1
0,1,1
0,1,1
0,0,0
0,0,0
0,0,0
0,1,1
0,1,1
0,0,0
0,0,1
0,0,0
0,1,1
0,0.6928424,1
0,1,1
0,0,0
0,1,1
0,0,1
0,1,1
0,0.04086709,1
0,0,1
0,0,0
0,1,1
0,1,1
0,1,1
0,0,0
0,0,0
0,0,0
0,0,1
0,0,0
0,1,1
0,0.2957953,1
0,1,1
0,0,0
0,0,0
0,1,1
0,1,1
0,0.2680193,1
0,0.3885974,1
0,1,1
0,1,1
0,0,0
0,1,1
0,0,1
0,1,1
0,1,1
0,0,1
0,0,0
0,0,1
0,0,1
0,1,1
0,1,1
0,1,1
0,0,0
0,1,1
0,1,1
0,0,0
0,0.6776572,1
0,1,1
0,1,1
0,1,1
0,0,1
0,1,1
0,0,0
0,0,0
0,1,1
0,0.8642596,1
0,0,1
0,1,1
0,1,1
0,1,1
0,0,1
0,0,0
0,0,0
0,1,1
0,1,1
0,1,1
0,0,0
0,1,1
0,1,1
0,0.01629972,1
0,1,1
0,1,1
0,0,0
0,1,1
0,0,0
0,1,1
0,1,1
0,1,1
0,1,1
0,0,1
0,0.6346889,1
0,0,0
0,0.6637665,1
0,0,0
0,0.636446,1
0,1,1
0,0,0
0,1,1
0,1,1
0,0,0
0,0,0
0,1,1
0,0,0
0,1,1
0,1,1
0,1,1
0,0.8744619,1
0,1,1
0,1,1
0,0,0
0,1,1
0,0.8548599,1
0,0,0
0,0.8728019,1
0,0,0
0,0,0
0,1,1
0,0,0
0,0,1
0,0.855849,1
0,1,1
0,1,1
0,1,1
0,1,1
0,1,1
0,1,1
0,1,1
0,0,0
0,0,1
0,0.04617691,1
0,0,1
0,1,1
0,1,1
0,0.6217132,1
0,1,1
0,0,0
0,1,1
0,0,1
0,0,1
0,1,1
0,1,1
0,1,1
0,0,0
0,0,0
0,0,1
0,1,1
0,1,1
0,0.173762,1
0,0,1
0,0.6310352,1
0,0.8722224,1
0,0,1
0,0,0
0,1,1
0,0,0
0,0,0
0,0,0
0,1,1
0,1,1
0,0,1
0,0.1525656,1
0,1,1
0,1,1
0,0.1683961,1
0,0.0253166,1
0,1,1
0,1,1
0,1,1
0,0,0
0,1,1
0,0.03716826,1
0,1,1
0,0,1
0,0,0
0,1,1
0,0,0
0,1,1
0,1,1
0,1,1
0,1,1
0,1,1
0,1,1
0,0,0
0,0,0
0,1,1
0,0,1
0,0,1
0,1,1
0,1,1
0,1,1
0,1,1
0,1,1
0,0,0
0,1,1
0,0.6271856,1
0,0,0
0,1,1
0,1,1
0,0,0
0,1,1
0,1,1
0,1,1
0,0,0
0,1,1
0,1,1
0,0,0
0,0.6595747,1
0,0,0
0,0,1
0,1,1
0,0.6355537,1
0,0,1
0,0,0
0,0,1
0,1,1
0,1,1
0,1,1
0,1,1
0,1,1
0,1,1
0,1,1
0,1,1
0,1,1
0,0.8680171,1
0,0,0
0,0,0
0,0,1
0,0,1
0,1,1
0,1,1
0,0.6171523,1
0,1,1
0,0,0
0,0,0
0,0,0
0,0,0
0,0.6296085,1
0,1,1
0,0.899666,1
0,0.6355346,1
0,0.9480964,1
0,0.0131824,1
0,0,0
0,1,1
0,0,0
0,0,0
0,0,0
0,1,1
0,0,1
0,1,1
0,1,1
0,1,1
0,0,0
0,0,0
0,1,1
0,1,1
0,0,0
0,0,0
0,1,1
0,1,1
0,1,1
0,1,1
0,0.1484102,1
0,0,0
0,0,0
0,1,1
0,1,1
0,0,1
0,1,1
0,1,1
0,1,1
0,1,1
0,1,1
0,1,1
0,1,1
0,0,0
0,0.6294283,1
0,1,1
0,1,1
0,1,1
0,1,1
0,1,1
0,1,1
0,1,1
0,0,0
0,1,1
0,0,0
0,1,1
0,0.6645669,1
0,1,1
0,1,1
0,1,1
0,0,0
0,1,1
0,0,0
0,1,1
0,1,1
0,0,0
0,0,1
0,1,1
0,1,1
0,1,1
0,0,0
0,0,1
0,1,1
0,1,1
0,1,1
0,1,1
0,1,1
0,0,1
0,0.6208128,1
0,1,1
0,0,0
0,0,0
0,1,1
0,0.6241785,1
0,1,1
0,0.01049006,1
0,1,1
0,1,1
0,1,1
0,1,1
0,0,0
0,1,1
0,1,1
0,1,1
0,0,0
0,0,1
0,0,1
0,0.3122679,1
0,1,1
0,1,1
0,0,0
0,0,0
0,0,0
0,0,0
0,1,1
0,0.6335196,1
0,0,1
0,0.8768022,1
0,1,1
0,1,1
0,1,1
0,0.337548,1
0,0,0
0,1,1
0,1,1
0,1,1
0,1,1
0,0,0
0,1,1
0,1,1
0,1,1
0,0,0
0,0,1
0,1,1
0,0,1
0,1,1
0,1,1
0,1,1
0,0,1
0,1,1
0,1,1
0,0,0
0,0,0
0,0,0
0,1,1
0,1,1
0,1,1
0,1,1
0,1,1
0,0.621636,1
0,0,0
0,0.02656341,1
0,0,0
0,1,1
0,1,1
0,1,1
0,1,1
0,0,0
0,1,1
0,1,1
0,0,0
0,0,0
0,0,0
0,1,1
0,1,1
0,1,1
0,1,1
0,1,1
0,1,1
0,0.6238338,1
0,0,0
0,0,1
0,0,0
0,1,1
0,0,1
0,0.8626972,1
0,1,1
0,0,1
0,1,1
0,0.8592879,1
0,0,0
0,0,1
0,1,1
0,0,0
0,1,1
0,1,1
0,1,1
0,0,1
0,1,1
0,0.2215322,1
0,0,0
0,1,1
0,0,1
0,1,1
0,1,1
0,0,0
0,1,1
0,1,1
0,1,1
0,1,1
0,0.8591813,1
0,1,1
0,1,1
0,1,1
0,1,1
0,1,1
0,1,1
0,1,1
0,0.6266845,1
0,1,1
0,1,1
0,1,1
0,0,0
0,0,1
0,1,1
0,1,1
0,0,0
0,1,1
0,1,1
0,1,1
0,0,0
0,0,0
0,0.6247022,1
0,1,1
0,0,1
0,0,1
0,1,1
0,1,1
0,0.1168524,1
0,1,1
0,1,1
0,0,0
0,0,1
0,1,1
0,0,0
0,0,1
0,0,1
0,1,1
0,1,1
0,1,1
0,1,1
0,0,1
0,1,1
0,1,1
0,0.1180274,1
0,0,0
0,0,1
0,1,1
0,0,1
0,1,1
0,0,0
0,1,1
0,0,0
0,1,1
0,1,1
0,0,1
0,1,1
0,1,1
0,1,1
0,1,1
0,0,0
0,1,1
0,0,0
0,1,1
0,1,1
0,0,1
0,1,1
0,0,1
0,0.3650249,1
0,0.0116179,1
0,1,1
0,0.8577396,1
0,1,1
0,1,1
0,1,1
0,0,0
0,0,1
0,1,1
0,0,0
0,1,1
0,1,1
0,0,0
0,1,1
0,1,1
0,1,1
0,1,1
0,1,1
0,1,1
0,1,1
0,0,0
0,0,0
0,0,0
0,0.6303667,1
0,1,1
0,0,0
0,0,1
0,1,1
0,1,1
0,1,1
0,1,1
0,1,1
0,0,0
0,0,0
0,0.6359249,1
0,0.8601935,1
0,1,1
0,1,1
0,0,1
0,1,1
0,1,1
0,0,0
0,0,0
0,0,0
0,1,1
0,1,1
0,0,1
0,1,1
0,0,1
0,0,1
0,0.6212493,1
0,0,0
0,0.1186736,1
0,0,0
0,1,1
0,1,1
0,1,1
0,1,1
0,1,1
0,0.1315545,1
0,0,1
0,1,1
0,1,1
0,1,1
0,1,1
0,1,1
0,1,1
0,0,1
0,1,1
0,0.6281754,1
0,1,1
0,0,0
0,1,1
0,0,1
0,0.6358473,1
0,0,0
0,0,1
0,0,0
0,1,1
0,1,1
0,1,1
0,0.01987302,1
0,1,1
0,1,1
0,0,0
0,1,1
0,1,1
0,1,1
0,1,1
0,1,1
0,0,0
0,0.6357547,1
0,0,0
0,1,1
0,1,1
0,0,0
0,0.6434526,1
0,1,1
0,1,1
0,0,1
0,1,1
0,0,0
0,1,1
0,1,1
0,0.8625464,1
0,0.02159131,1
0,1,1
0,0,1
0,0,0
0,0,1
0,1,1
0,0.8603646,1
0,1,1
0,0.633943,1
0,1,1
0,0,1
0,0,1
0,0,1
0,0,0
0,0.6255717,1
0,1,1
0,1,1
0,1,1
0,0,0
0,0,0
0,0,0
0,0,0
0,1,1
0,0.3829905,1
0,0,1
0,1,1
0,0,0
0,0,0
0,1,1
0,0,0
0,0,1
0,1,1
0,1,1
0,1,1
0,0,1
0,1,1
0,0,0
0,0,0
0,0,0
0,1,1
0,0.6465205,1
0,1,1
0,0,1
0,1,1
0,1,1
0,1,1
0,0,0
0,0.6333827,1
0,1,1
0,0.6543189,1
0,1,1
0,1,1
0,1,1
0,0,0
0,1,1
0,1,1
0,0.6289006,1
0,0,0
0,0,0
0,0,0
0,1,1
0,1,1
0,0.6284992,1
0,1,1
0,1,1
0,1,1
0,1,1
0,0,1
0,1,1
0,1,1
0,1,1
0,1,1
0,1,1
0,1,1
0,1,1
0,1,1
0,0,0
0,0,0
0,1,1
0,0,1
0,1,1
0,0,0
0,0,1
0,1,1
0,1,1
0,1,1
0,0.6220022,1
0,1,1
0,1,1
0,0,0
0,1,1
0,1,1
0,1,1
0,0,0
0,0,1
0,1,1
0,1,1
0,0,0
0,0,0
0,0,0
0,1,1
0,1,1
0,1,1
0,0,1
0,1,1
0,1,1
0,0.6236081,1
0,0.00751543,1
0,1,1
0,1,1
0,0.7595309,1
0,1,1
0,0,0
0,0,1
0,1,1
0,1,1
0,1,1
0,0,1
0,0,0
0,1,1
0,1,1
0,1,1
0,0.6416434,1
0,1,1
0,1,1
0,1,1
0,1,1
0,1,1
0,0,0
0,0,0
0,0.04221535,1
0,1,1
0,1,1
0,1,1
0,0,0
0,1,1
0,0,0
0,0.620106,1
0,0,0
0,1,1
0,1,1
0,0.03461003,1
0,1,1
0,1,1
0,0,1
0,0,1
0,0,0
0,0.8664788,1
0,1,1
0,1,1
0,1,1
0,0,0
0,0,0
0,1,1
0,1,1
0,1,1
0,0.6323465,1
0,1,1
0,1,1
0,1,1
0,0,0
0,0,1
0,1,1
0,0,1
0,1,1
0,1,1
0,0,1
0,0,0
0,1,1
0,1,1
0,1,1
0,0,0
0,1,1
0,1,1
0,1,1
0,1,1
0,0,1
0,1,1
0,0,0
0,0,1
0,0,0
0,0,1
0,1,1
0,0,1
0,1,1
0,0.6239024,1
0,0,0
0,1,1
0,0,0
0,1,1
0,0,0
0,0,1
0,1,1
0,1,1
0,1,1
0,1,1
0,0.6525682,1
0,1,1
0,1,1
0,0,0
0,1,1
0,1,1
0,0,1
0,1,1
0,1,1
0,1,1
0,0.7362092,1
0,0,0
0,1,1
0,0,0
0,0,0
0,1,1
0,1,1
0,0,1
0,1,1
0,0.6276318,1
0,0,0
0,1,1
0,0,0
0,0.619826,1
0,1,1
0,1,1
0,1,1
0,0,0
0,1,1
0,1,1
0,1,1
0,0,0
0,0,0
0,0,0
0,1,1
0,1,1
0,1,1
0,0.6330312,1
0,0,1
0,1,1
0,1,1
0,0,0
0,0,0
0,0,0
0,0.8848153,1
0,1,1
0,0,1
0,1,1
0,0,0
0,1,1
0,1,1
0,1,1
0,1,1
0,0.02732611,1
0,1,1
0,1,1
0,1,1
0,1,1
0,0,1
0,1,1
0,1,1
0,0.0736227,1
0,1,1
0,0,0
0,1,1
0,1,1
0,0.6353923,1
0,0,1
0,0,1
0,1,1
0,0,0
0,1,1
0,0,0
0,0.8721957,1
0,0,1
0,1,1
0,0,1
0,0.01079261,1
0,1,1
0,1,1
0,0,0
0,0,0
0,0.6195753,1
0,1,1
0,1,1
0,1,1
0,1,1
0,1,1
0,1,1
0,0.03998125,1
0,0,0
0,0,0
0,0,1
0,0,1
0,0,0
0,0,1
0,0,1
0,0.2718879,1
0,1,1
0,1,1
0,0,0
0,0,0
0,1,1
0,0,1
0,0.8580598,1
0,0.8633763,1
0,1,1
0,1,1
0,0,1
0,1,1
0,0,0
0,0,0
0,1,1
0,1,1
0,1,1
0,1,1
0,0,0
0,1,1
0,1,1
0,1,1
0,0,0
0,1,1
0,0,0
0,1,1
0,1,1
0,0,0
0,0,0
0,0,1
0,0.1500236,1
0,1,1
0,0,0
0,0,0
0,0,0
0,0,1
0,1,1
0,1,1
0,1,1
0,1,1
0,0,1
0,1,1
0,1,1
0,0,0
0,0,0
0,0.8600115,1
0,1,1
0,0,1
0,0,0
0,0,0
0,1,1
0,1,1
0,0,0
0,1,1
0,0.1537703,1
0,1,1
0,1,1
0,0,1
0,1,1
0,0.3493663,1
0,0,0
0,1,1
0,1,1
0,0,0
0,0,0
0,0,0
0,1,1
0,0,0
0,1,1
0,0,1
0,1,1
0,1,1
0,0.01439071,1
0,1,1
0,0,0
0,1,1
0,0,1
0,1,1
0,0,1
0,0,0
0,0,1
0,0,1
0,0,1
0,0,0
0,0,0
0,1,1
0,0.8602439,1
0,1,1
0,0,1
0,1,1
0,0.632008,1
0,1,1
0,0.7734079,1
0,1,1
0,0,0
0,0,0
0,0,1
0,1,1
0,0,1
0,0,0
0,0,0
0,1,1
0,0,0
0,0,0
0,0,0
0,1,1
0,0,0
0,0,0
0,0.8658144,1
0,0,1
0,0,0
0,0,1
0,1,1
0,0,0
0,1,1
0,1,1
0,1,1
0,0.8655304,1
0,1,1
0,1,1
0,0,0
0,1,1
0,0,0
0,0.00618434,1
0,1,1
0,1,1
0,0,1
0,1,1
0,1,1
0,0.6274285,1
0,1,1
0,1,1
0,1,1
0,1,1
0,1,1
0,0.03450894,1
0,0.6625526,1
0,1,1
0,1,1
0,1,1
0,1,1
0,1,1
0,1,1
0,1,1
0,1,1
0,1,1
0,1,1
0,1,1
0,0.6280187,1
0,1,1
0,1,1
0,1,1
0,0,0
0,0,0
0,0.05353689,1
0,0,0
0,0,0
0,0.07206178,1
0,0.8567163,1
0,0,1
0,0,0
0,1,1
0,0.6322455,1
0,0.03835392,1
0,1,1
0,1,1
0,1,1
0,1,1
0,0,1
0,0.2188245,1
0,1,1
0,1,1
0,1,1
0,0,0
0,1,1
0,1,1
0,1,1
0,1,1
0,1,1
0,1,1
0,1,1
0,0,1
0,0,0
0,0.633793,1
0,1,1
0,0.864399,1
0,1,1
0,1,1
0,0,1
0,1,1
0,0,1
0,0,1
0,0,0
0,0,1
0,1,1
0,0,0
0,1,1
0,1,1
0,1,1
0,1,1
0,0,1
0,1,1
0,0.6357359,1
0,1,1
0,0,1
0,0.6935996,1
0,0,0
0,1,1
0,0,0
0,1,1
0,1,1
0,1,1
0,0,0
0,0,0
0,1,1
0,1,1
0,0,1
0,1,1
0,0,1
0,1,1
0,1,1
0,0.002335191,1
0,1,1
0,0,0
0,1,1
0,1,1
0,0,0
0,1,1
0,1,1
0,1,1
0,1,1
0,0,0
0,0,0
0,1,1
0,0,0
0,1,1
0,0,1
0,0,0
0,1,1
0,1,1
0,1,1
0,0,0
0,0,0
0,1,1
0,1,1
0,0.01613533,1
0,1,1
0,1,1
0,0,1
0,1,1
0,1,1
0,0,0
0,0,0
0,1,1
0,0,0
0,1,1
0,0.2059871,1
0,0,1
0,1,1
0,1,1
0,1,1
0,1,1
0,0,0
0,0.02015507,1
0,1,1
0,1,1
0,0,1
0,1,1
0,1,1
0,0.8646165,1
0,1,1
0,0,0
0,0.63529,1
0,0,0
0,1,1
0,0.0172075,1
0,1,1
0,0,1
0,1,1
0,0,1
0,1,1
0,0,0
0,0.6179887,1
0,1,1
0,0,1
0,0,1
0,0,1
0,1,1
0,1,1
0,0,0
0,0,1
0,1,1
0,0.8774868,1
0,0,0
0,0,0
0,0,0
0,1,1
0,1,1
0,1,1
0,1,1
0,1,1
0,0,0
0,0,0
0,0.1237248,1
0,1,1
0,1,1
0,1,1
0,0,1
0,1,1
0,0.6186892,1
0,1,1
0,1,1
0,0,0
0,1,1
0,0,0
0,1,1
0,0.6753289,1
0,0,1
0,1,1
0,1,1
0,1,1
0,0,0
0,1,1
0,1,1
0,1,1
0,0,1
0,1,1
0,0,0
0,1,1
0,1,1
0,1,1
0,0,0
0,0,0
0,1,1
0,0,1
0,1,1
0,0,1
0,0,1
0,1,1
0,1,1
0,1,1
0,0,0
0,0,1
0,0.7311493,1
0,0,0
0,1,1
0,0.6367785,1
0,0,1
0,1,1
0,0,0
0,1,1
0,0,0
0,0,0
0,1,1
0,1,1
0,1,1
0,1,1
0,1,1
0,1,1
0,1,1
0,1,1
0,0.632094,1
0,0,1
0,0,0
0,0,0
0,1,1
0,1,1
0,0,1
0,1,1
0,0.09894753,1
0,1,1
0,1,1
0,1,1
0,1,1
0,0,0
0,1,1
0,0,1
0,1,1
0,1,1
0,1,1
0,0.6246762,1
0,0,0
0,1,1
0,1,1
0,1,1
0,0.02089572,1
0,0,0
0,1,1
0,1,1
0,1,1
0,1,1
0,1,1
0,1,1
0,0,0
0,1,1
0,1,1
0,1,1
0,1,1
0,1,1
0,0,1
0,0.8517565,1
0,0,1
0,0,0
0,1,1
0,1,1
0,1,1
0,1,1
0,0,1
0,0,1
0,1,1
0,1,1
0,0,0
0,1,1
0,1,1
0,1,1
0,1,1
0,0,0
0,1,1
0,1,1
0,0.0499903,1
0,1,1
0,0,0
0,0,0
0,1,1
0,1,1
0,1,1
0,1,1
0,0,1
0,1,1
0,0,1
0,1,1
0,0,0
0,0.6688054,1
0,1,1
0,0,1
0,0,0
0,0,1
0,0.1831502,1
0,0,1
0,0,0
0,1,1
0,0,0
0,1,1
0,1,1
0,1,1
0,0,0
0,0,1
0,0,1
0,0,1
0,1,1
0,1,1
0,0,0
0,0,1
0,1,1
0,0,0
0,1,1
0,0,1
0,0,1
0,1,1
0,1,1
0,1,1
0,0,1
0,1,1
0,0.8570892,1
0,1,1
0,0.8666967,1
0,0,1
0,0,1
0,0,0
0,1,1
0,1,1
0,1,1
0,1,1
0,1,1
0,1,1
0,1,1
0,0,1
0,1,1
0,0,0
0,0,1
0,0,1
0,0.2492738,1
0,0,0
0,0,1
0,0,0
0,0,1
0,1,1
0,1,1
0,1,1
0,1,1
0,1,1
0,0,0
0,1,1
0,1,1
0,1,1
0,1,1
0,0,1
0,1,1
0,0,1
0,1,1
0,1,1
0,0,0
0,0,0
0,0,1
0,0.01976991,1
0,1,1
0,1,1
0,1,1
0,0,0
0,1,1
0,1,1
0,0,1
0,1,1
0,1,1
0,1,1
0,1,1
0,1,1
0,1,1
0,1,1
0,0,0
0,0.6548529,1
0,0,0
0,1,1
0,0,0
0,0,0
0,1,1
0,1,1
0,1,1
0,1,1
0,1,1
0,1,1
0,1,1
0,1,1
0,0,0
0,1,1
0,1,1
0,1,1
0,1,1
0,1,1
0,0,1
0,1,1
0,0,0
0,0,0
0,1,1
0,1,1
0,1,1
0,1,1
0,0.1375356,1
0,1,1
0,1,1
0,1,1
0,0,0
0,0.8654599,1
0,0.06303787,1
0,1,1
0,0,1
0,1,1
0,1,1
0,0,1
0,1,1
0,1,1
0,0,0
0,0,0
0,0,1
0,0.6403426,1
0,0,1
0,1,1
0,0.02611041,1
0,1,1
0,1,1
0,1,1
0,0,0
0,0.05586529,1
0,1,1
0,1,1
0,0,0
0,1,1
0,0,0
0,1,1
0,0.03197575,1
0,1,1
0,0,0
0,1,1
0,1,1
0,0.6265963,1
0,1,1
0,0,0
0,0,1
0,1,1
0,1,1
0,0.6249701,1
0,0,0
0,0,1
0,0.6447091,1
0,0,1
0,1,1
0,0,1
0,0,1
0,0,0
0,0,1
0,1,1
0,0,0
0,0,0
0,1,1
0,0,0
0,0.6322936,1
0,1,1
0,0.125457,1
0,0.625765,1
0,1,1
0,1,1
0,1,1
0,1,1
0,1,1
0,1,1
0,1,1
0,1,1
0,0,1
0,7.927418E-05,1
0,0.07453036,1
0,1,1
0,0,0
0,1,1
0,1,1
0,1,1
0,0,0
0,1,1
0,1,1
0,1,1
0,0,1
0,1,1
0,0.6184118,1
0,0.8608499,1
0,0,0
0,1,1
0,0,0
0,1,1
0,0,1
0,1,1
0,1,1
0,1,1
0,0,0
0,0,0
0,0,0
0,1,1
0,0,1
0,0,0
0,1,1
0,0,1
0,1,1
0,1,1
0,0,0
0,0,0
0,0,0
0,1,1
0,0.3395654,1
0,0,0
0,0,1
0,1,1
0,1,1
0,1,1
0,1,1
0,1,1
0,0,0
0,0,0
0,0,0
0,0,1
0,1,1
0,1,1
0,0.6489197,1
0,1,1
0,1,1
0,1,1
0,0.02061319,1
0,0,1
0,1,1
0,1,1
0,1,1
0,0,0
0,1,1
0,1,1
0,1,1
0,1,1
0,0,1
0,0,0
0,1,1
0,1,1
0,0,1
0,0.1905378,1
0,1,1
0,0.6183318,1
0,0.6268932,1
0,0,0
0,0,0
0,1,1
0,0,0
0,0,0
0,0,1
0,1,1
0,1,1
0,1,1
0,1,1
0,0.7168733,1
0,1,1
0,1,1
0,1,1
0,0,1
0,1,1
0,1,1
0,1,1
0,0,0
0,0,0
0,1,1
0,1,1
0,1,1
0,0,1
0,1,1
0,1,1
0,0,1
0,1,1
0,1,1
0,1,1
0,1,1
0,0,1
0,1,1
0,1,1
0,0,1
0,1,1
0,1,1
0,0.3442823,1
0,1,1
0,0.003113866,1
0,0,0
0,1,1
0,1,1
0,1,1
0,0,0
0,1,1
0,1,1
0,1,1
0,1,1
0,0,0
0,0,0
0,1,1
0,0,1
0,0,0
0,0.6370085,1
0,1,1
0,0,1
0,0,1
0,1,1
0,0,0
0,1,1
0,0,1
0,1,1
0,1,1
0,1,1
0,0,1
0,0,1
0,0,0
0,0,1
0,1,1
0,1,1
0,1,1
0,0,0
0,0,1
0,0,1
0,1,1
0,1,1
0,1,1
0,0,1
0,0.633418,1
0,0,0
0,0,1
0,0,0
0,1,1
0,1,1
0,0.6403222,1
0,1,1
0,1,1
0,0,0
0,0,0
0,1,1
0,1,1
0,0,0
0,0,1
0,0,0
0,1,1
0,1,1
0,1,1
0,1,1
0,0,0
0,0,0
0,1,1
0,1,1
0,1,1
0,1,1
0,0.6331702,1
0,1,1
0,1,1
0,1,1
0,0,0
0,0,1
0,1,1
0,1,1
0,1,1
0,1,1
0,0,1
0,0.8711717,1
0,0.6226524,1
0,0,0
0,0,0
0,1,1
0,1,1
0,0,0
0,1,1
0,1,1
0,1,1
0,1,1
0,1,1
0,0,0
0,0,0
0,0.6390617,1
0,0,0
0,1,1
0,1,1
0,0,1
0,1,1
0,1,1
0,1,1
0,0,0
0,0,0
0,0.6184379,1
0,1,1
0,1,1
0,0,1
0,0,0
0,1,1
0,1,1
0,1,1
0,0,0
0,1,1
0,0.7930537,1
0,0.6264337,1
0,1,1
0,1,1
0,1,1
0,0.6309422,1
0,1,1
0,1,1
0,0,0
0,0.8728557,1
0,0.8571061,1
0,0,0
0,1,1
0,0,0
0,1,1
0,1,1
0,1,1
0,1,1
0,1,1
0,0,0
0,0,0
0,1,1
0,0,0
0,1,1
0,0,1
0,1,1
0,1,1
0,1,1
0,0,0
0,0,0
0,0,0
0,1,1
0,0,0
0,1,1
0,0,0
0,1,1
0,1,1
0,0,0
0,0,0
0,1,1
0,1,1
0,1,1
0,0,1
0,1,1
0,1,1
0,1,1
0,1,1
0,1,1
0,0,0
0,1,1
0,0,1
0,1,1
0,1,1
0,1,1
0,0,0
0,1,1
0,0,1
0,1,1
0,0,0
0,0,1
0,0.7584735,1
0,0,1
0,0,0
0,1,1
0,0,1
0,1,1
0,0.1863827,1
0,1,1
0,0,0
0,1,1
0,1,1
0,1,1
0,1,1
0,0.6365515,1
0,1,1
0,1,1
0,1,1
0,1,1
0,0,0
0,1,1
0,0.626876,1
0,0.6457933,1
0,0,0
0,1,1
0,1,1
0,1,1
0,1,1
0,1,1
0,0.7522379,1
0,0,0
0,1,1
0,0.6264957,1
0,0,1
0,1,1
0,1,1
0,0,0
0,1,1
0,0.6270748,1
0,0.8718957,1
0,0,0
0,0,0
0,1,1
0,1,1
0,1,1
0,1,1
0,0.02802789,1
0,1,1
0,1,1
0,0,1
0,0,0
0,0.861869,1
0,1,1
0,0,0
0,1,1
0,1,1
0,1,1
0,1,1
0,1,1
0,1,1
0,1,1
0,1,1
0,0,0
0,1,1
0,1,1
0,0.6205281,1
0,0.8681756,1
0,1,1
0,0,0
0,0,1
0,1,1
0,0,1
0,1,1
0,0,1
0,1,1
0,1,1
0,1,1
0,1,1
0,0.09837973,1
0,1,1
0,0,0
0,1,1
0,1,1
0,0,0
0,0,0
0,0.07682955,1
0,0,1
0,1,1
0,0,1
0,0.3887166,1
0,0,0
0,0,1
0,0,1
0,0,0
0,1,1
0,1,1
0,1,1
0,1,1
0,0,0
0,1,1
0,1,1
0,1,1
0,0.01018906,1
0,1,1
0,1,1
0,1,1
0,0,0
0,1,1
0,1,1
0,0,0
0,0,0
0,1,1
0,0,0
0,1,1
0,1,1
0,1,1
0,0,0
0,1,1
0,0,0
0,0,0
0,0,0
0,1,1
0,1,1
0,1,1
0,0.8569463,1
0,1,1
0,1,1
0,1,1
0,1,1
0,0.629251,1
0,1,1
0,0.8589386,1
0,1,1
0,1,1
0,1,1
0,0,1
0,1,1
0,1,1
0,0,0
0,1,1
0,0,0
0,1,1
0,1,1
0,0,1
0,1,1
0,1,1
0,1,1
0,1,1
0,0,0
0,0,0
0,1,1
0,1,1
0,0.09657347,1
0,0,1
0,0,1
0,1,1
0,1,1
0,0,0
0,0.8590496,1
0,1,1
0,1,1
0,1,1
0,0.01142287,1
0,1,1
0,1,1
0,1,1
0,1,1
0,0.01906514,1
0,0,0
0,1,1
0,0.8394197,1
0,0,0
0,1,1
0,1,1
0,0,1
0,1,1
0,1,1
0,0.6297438,1
0,0,0
0,1,1
0,0.3907915,1
0,0,0
0,0,0
0,0,0
0,0,0
0,1,1
0,1,1
0,0,0
0,0,0
0,0,1
0,0,1
0,0,1
0,1,1
0,0.6415828,1
0,0,1
0,1,1
0,1,1
0,0.8635839,1
0,1,1
0,1,1
0,1,1
0,1,1
0,0,0
0,0.6476229,1
0,1,1
0,1,1
0,1,1
0,0,0
0,1,1
0,1,1
0,1,1
0,0.870484,1
0,1,1
0,1,1
0,0,1
0,1,1
0,0,0
0,0,0
0,0,0
0,1,1
0,1,1
0,0,0
0,1,1
0,1,1
0,0,1
0,1,1
0,1,1
0,0,0
0,0,0
0,1,1
0,1,1
0,1,1
0,0,0
0,0,1
0,0,0
0,1,1
0,0,0
0,0,0
0,0,0
0,1,1
0,1,1
0,0,1
0,1,1
0,1,1
0,0,1
0,1,1
0,0.6845227,1
0,0,0
0,0,0
0,0,0
0,0.6308321,1
0,0,1
0,1,1
0,1,1
0,0,1
0,1,1
0,1,1
0,0,0
0,1,1
0,0,0
0,1,1
0,1,1
0,0,1
0,1,1
0,1,1
0,1,1
0,0,0
0,1,1
0,1,1
0,0,0
0,0,1
0,0,1
0,0,1
0,0.01607955,1
0,1,1
0,0,0
0,1,1
0,1,1
0,0,1
0,1,1
0,1,1
0,1,1
0,1,1
0,1,1
0,1,1
0,0,1
0,0,0
0,0,1
0,0,0
0,0,0
0,0,1
0,0,1
0,1,1
0,0,0
0,1,1
0,0,0
0,1,1
0,1,1
0,0,0
0,1,1
0,1,1
0,1,1
0,0,1
0,1,1
0,1,1
0,0,0
0,1,1
0,1,1
0,0,0
0,1,1
0,1,1
0,1,1
0,0,1
0,0,1
0,1,1
0,0.01992083,1
0,1,1
0,0,0
0,0,0
0,0,1
0,0,1
0,0,1
0,1,1
0,1,1
0,1,1
0,0,0
0,0,0
0,1,1
0,1,1
0,1,1
0,0,0
0,0,1
0,1,1
0,0,0
0,1,1
0,1,1
0,0,0
0,1,1
0,1,1
0,1,1
0,0,0
0,1,1
0,1,1
0,1,1
0,1,1
0,0,0
0,1,1
0,1,1
0,0,1
0,1,1
0,0,0
0,0,1
0,0,1
0,0,1
0,1,1
0,0,0
0,0,1
0,1,1
0,1,1
0,0,1
0,1,1
0,0,1
0,0,0
0,1,1
0,1,1
0,1,1
0,1,1
0,1,1
0,0,1
0,0,1
0,1,1
0,0.6246117,1
0,0,0
0,0,0
0,0,0
0,0,0
0,1,1
0,1,1
0,1,1
0,0.6448858,1
0,0.8767282,1
0,1,1
0,1,1
0,1,1
0,1,1
0,0,0
0,1,1
0,0,0
0,0,0
0,0.8542666,1
0,1,1
0,1,1
0,0,1
0,1,1
0,0,0
0,1,1
0,1,1
0,0,1
0,0.8601612,1
0,1,1
0,1,1
0,1,1
0,0,0
0,1,1
0,0,0
0,0,0
0,0.8092872,1
0,0.6430225,1
0,0,0
0,1,1
0,1,1
0,1,1
0,1,1
0,1,1
0,0,0
0,0.04846764,1
0,0.2664338,1
0,1,1
0,0.6228886,1
0,1,1
0,1,1
0,0.6261022,1
0,0.6322891,1
0,1,1
0,0,0
0,0,0
0,0.8640885,1
0,0.6325589,1
0,1,1
0,0,0
0,1,1
0,0.865286,1
0,1,1
0,1,1
0,1,1
0,0,0
0,0.6242578,1
0,0,0
0,1,1
0,1,1
0,1,1
0,1,1
0,0,0
0,0.1199006,1
0,0,0
0,0.06583869,1
0,0,0
0,1,1
0,0.8728234,1
0,1,1
0,1,1
0,1,1
0,0.02835345,1
0,0,1
0,0.2415577,1
0,0.08112252,1
0,0.8684094,1
0,1,1
0,1,1
0,1,1
0,1,1
0,1,1
0,0,0
0,0,0
0,0,0
0,1,1
0,1,1
0,1,1
0,0,1
0,0,0
0,0,0
0,0.02021194,1
0,0,1
0,1,1
0,0.6448088,1
0,0.6275593,1
0,1,1
0,0,0
0,1,1
0,0,0
0,1,1
0,1,1
0,1,1
0,1,1
0,0.6315454,1
0,1,1
0,1,1
0,0,0
0,0,0
0,1,1
0,1,1
0,1,1
0,0,1
0,0,1
0,1,1
0,0,1
0,0.8575845,1
0,1,1
0,1,1
0,1,1
0,1,1
0,1,1
0,0,1
0,0,1
0,0,1
0,1,1
0,1,1
0,0,1
0,1,1
0,0,1
0,1,1
0,0,1
0,1,1
0,1,1
0,1,1
0,0,0
0,0,0
0,1,1
0,1,1
0,1,1
0,0,0
0,1,1
0,1,1
0,0,1
0,0,0
0,0,0
0,1,1
0,0,1
0,0.8584911,1
0,0,1
0,0,0
0,1,1
0,0,1
0,1,1
0,0,0
0,1,1
0,1,1
0,0,0
0,1,1
0,0,1
0,0.8639456,1
0,1,1
0,1,1
0,1,1
0,0,0
0,0,0
0,0,0
0,0,0
0,0,0
0,0,1
0,0,1
0,1,1
0,1,1
0,0.2592002,1
0,0,0
0,1,1
0,0,0
0,1,1
0,1,1
0,1,1
0,0.03991985,1
0,1,1
0,1,1
0,1,1
0,0,0
0,1,1
0,0,1
0,0,0
0,0.07998228,1
0,0,0
0,1,1
0,0,1
0,1,1
0,1,1
0,0,0
0,0,0
0,0.8618839,1
0,0,0
0,0,0
0,1,1
0,1,1
0,1,1
0,1,1
0,1,1
0,0,0
0,1,1
0,1,1
0,1,1
0,1,1
0,1,1
0,1,1
0,1,1
0,1,1
0,1,1
0,0,0
0,0,0
0,1,1
0,1,1
0,0,0
0,0,1
0,1,1
0,0,0
0,1,1
0,1,1
0,0,0
0,0,0
0,0,0
0,0,0
0,1,1
0,1,1
0,0,0
0,0,1
0,1,1
0,1,1
0,0,0
0,0.6309632,1
0,0,0
0,1,1
0,0,0
0,1,1
0,1,1
0,1,1
0,1,1
0,1,1
0,0,0
0,0,0
0,1,1
0,1,1
0,0,1
0,0.8689514,1
0,0,1
0,1,1
0,1,1
0,0.375465,1
0,1,1
0,0,1
0,0,0
0,1,1
0,0,0
0,1,1
0,0.6353663,1
0,0.8652331,1
0,0,0
0,1,1
0,0,0
0,1,1
0,1,1
0,0,0
0,1,1
0,0,1
0,1,1
0,1,1
0,1,1
0,1,1
0,1,1
0,1,1
0,0,0
0,0,1
0,0,0
0,1,1
0,1,1
0,0.04324877,1
0,1,1
0,1,1
0,1,1
0,0,0
0,0,0
0,0,0
0,0,0
0,1,1
0,1,1
0,0,1
0,0,0
0,1,1
0,1,1
0,1,1
0,0,0
0,1,1
0,1,1
0,0,1
0,1,1
0,0,1
0,1,1
0,1,1
0,1,1
0,0,0
0,1,1
0,0,0
0,0,0
0,1,1
0,1,1
0,1,1
0,1,1
0,1,1
0,0,0
0,0.6288271,1
0,1,1
0,0.6307231,1
0,0,0
0,1,1
0,0,1
0,1,1
0,1,1
0,1,1
0,0,0
0,0,1
0,1,1
0,1,1
0,1,1
0,1,1
0,1,1
0,1,1
0,1,1
0,1,1
0,1,1
0,1,1
0,0.2241622,1
0,1,1
0,1,1
0,0,0
0,1,1
0,1,1
0,1,1
0,0,1
0,1,1
0,1,1
0,0.7936035,1
0,0.8572515,1
0,0,1
0,1,1
0,0,0
0,1,1
0,1,1
0,1,1
0,0,0
0,0.8925562,1
0,1,1
0,0,1
0,1,1
0,1,1
0,0,0
0,1,1
0,1,1
0,0,0
0,1,1
0,1,1
0,0,0
0,1,1
0,1,1
0,1,1
0,1,1
0,0.01802337,1
0,1,1
0,1,1
0,1,1
0,0,1
0,0,0
0,0,1
0,0,1
0,0,0
0,1,1
0,1,1
0,1,1
0,1,1
0,1,1
0,0,1
0,1,1
0,0,0
0,0,1
0,1,1
0,1,1
0,0,1
0,1,1
0,1,1
0,1,1
0,0,0
0,1,1
0,0.8629647,1
0,1,1
0,0,0
0,0,0
0,1,1
0,1,1
0,1,1
0,1,1
0,1,1
0,1,1
0,1,1
0,1,1
0,1,1
0,0,0
0,0,0
0,1,1
0,1,1
0,0,0
0,0.6409143,1
0,0,0
0,0,0
0,0,0
0,1,1
0,1,1
0,1,1
0,1,1
0,1,1
0,0,0
0,0.629968,1
0,0,0
0,0,0
0,0,1
0,1,1
0,0.6379354,1
0,0.00239706,1
0,1,1
0,0.6246313,1
0,0,0
0,1,1
0,1,1
0,1,1
0,1,1
0,1,1
0,1,1
0,1,1
0,1,1
0,1,1
0,0,0
0,0,0
0,0,0
0,0,1
0,1,1
0,1,1
0,0.01381361,1
0,1,1
0,1,1
0,1,1
0,0,0
0,1,1
0,1,1
0,0,0
0,0,1
0,1,1
0,1,1
0,1,1
0,0,0
0,1,1
0,0,0
0,1,1
0,0,0
0,0,0
0,0,1
0,1,1
0,1,1
0,1,1
0,0,0
0,1,1
0,0,0
0,0,0
0,1,1
0,1,1
0,0,1
0,1,1
0,1,1
0,1,1
0,0,1
0,1,1
0,1,1
0,1,1
0,1,1
0,0.6415502,1
0,1,1
0,0,0
0,1,1
0,1,1
0,1,1
0,1,1
0,1,1
0,1,1
0,0,0
0,0.6386105,1
0,1,1
0,1,1
0,0,1
0,1,1
0,0.6277267,1
0,1,1
0,0,0
0,0,0
0,0,0
0,1,1
0,1,1
0,0,1
0,1,1
0,0,1
0,1,1
0,1,1
0,1,1
0,0,0
0,1,1
0,0,0
0,1,1
0,1,1
0,0,0
0,0,1
0,0,1
0,1,1
0,1,1
0,0.8791131,1
0,1,1
0,1,1
0,1,1
0,1,1
0,0,0
0,0,0
0,0,1
0,1,1
0,1,1
0,1,1
0,1,1
0,0.6437714,1
0,1,1
0,1,1
0,1,1
0,1,1
0,0.01263118,1
0,1,1
0,0,0
0,0,0
0,0,0
0,1,1
0,1,1
0,1,1
0,1,1
0,1,1
0,1,1
0,1,1
0,0,0
0,0,0
0,1,1
0,0,0
0,1,1
0,1,1
0,0.0151453,1
0,1,1
0,1,1
0,0.03440011,1
0,1,1
0,0,0
0,0,1
0,0,0
0,1,1
0,1,1
0,0,0
0,0,1
0,1,1
0,0,0
0,1,1
0,1,1
0,1,1
0,1,1
0,0.6184891,1
0,0,1
0,1,1
0,0,0
0,1,1
0,1,1
0,0,1
0,1,1
0,0,0
0,1,1
0,0.626609,1
0,1,1
0,0,0
0,1,1
0,1,1
0,0,0
0,1,1
0,1,1
0,1,1
0,0,1
0,0,1
0,1,1
0,0.8526846,1
0,1,1
0,0,1
0,0,0
0,0,0
0,0,0
0,1,1
0,1,1
0,1,1
0,0,1
0,1,1
0,1,1
0,1,1
0,0,1
0,0.6296471,1
0,0,0
0,0,0
0,0,1
0,1,1
0,0.6298193,1
0,0,0
0,0,1
0,1,1
0,0,0
0,0,1
0,1,1
0,0,0
0,1,1
0,0,1
0,0,0
0,0,1
0,1,1
0,1,1
0,0,0
0,0,0
0,0,0
0,1,1
0,1,1
0,1,1
0,0,0
0,0,1
0,1,1
0,1,1
0,1,1
0,0,0
0,0.6327989,1
0,0.6355618,1
0,0.8638892,1
0,0,0
0,1,1
0,0,1
0,0,1
0,1,1
0,0,0
0,1,1
0,0,1
0,1,1
0,1,1
0,0,1
0,0,0
0,0,1
0,1,1
0,1,1
0,1,1
0,0,0
0,1,1
0,1,1
0,1,1
0,0,1
0,0,1
0,1,1
