{
    "name": "root",
    "gauges": {
        "MyBehavior.Policy.Entropy.mean": {
            "value": 0.6386116743087769,
            "min": 0.6386116743087769,
            "max": 1.4189385175704956,
            "count": 400
        },
        "MyBehavior.Policy.Entropy.sum": {
            "value": 319.30584716796875,
            "min": 318.667236328125,
            "max": 750.618408203125,
            "count": 400
        },
        "MyBehavior.Step.mean": {
            "value": 199999.0,
            "min": 499.0,
            "max": 199999.0,
            "count": 400
        },
        "MyBehavior.Step.sum": {
            "value": 199999.0,
            "min": 499.0,
            "max": 199999.0,
            "count": 400
        },
        "MyBehavior.Policy.ExtrinsicValueEstimate.mean": {
            "value": 0.6248180866241455,
            "min": 0.010648277588188648,
            "max": 0.9305550456047058,
            "count": 400
        },
        "MyBehavior.Policy.ExtrinsicValueEstimate.sum": {
            "value": 312.4090576171875,
            "min": 5.324138641357422,
            "max": 465.27752685546875,
            "count": 400
        },
        "MyBehavior.IsTraining.mean": {
            "value": 1.0,
            "min": 1.0,
            "max": 1.0,
            "count": 400
        },
        "MyBehavior.IsTraining.sum": {
            "value": 1.0,
            "min": 1.0,
            "max": 1.0,
            "count": 400
        },
        "MyBehavior.Environment.EpisodeLength.mean": {
            "value": 22.266666666666666,
            "min": 16.476190476190474,
            "max": 89.66666666666667,
            "count": 399
        },
        "MyBehavior.Environment.EpisodeLength.sum": {
            "value": 334.0,
            "min": 92.0,
            "max": 979.0,
            "count": 399
        },
        "MyBehavior.Environment.CumulativeReward.mean": {
            "value": 18.559668882687888,
            "min": 15.48171486457189,
            "max": 18.62380250122236,
            "count": 399
        },
        "MyBehavior.Environment.CumulativeReward.sum": {
            "value": 278.3950332403183,
            "min": 49.63474500179291,
            "max": 521.4186662435532,
            "count": 399
        },
        "MyBehavior.Policy.ExtrinsicReward.mean": {
            "value": 18.559668882687888,
            "min": 15.48171486457189,
            "max": 18.62380250122236,
            "count": 399
        },
        "MyBehavior.Policy.ExtrinsicReward.sum": {
            "value": 278.3950332403183,
            "min": 49.63474500179291,
            "max": 521.4186662435532,
            "count": 399
        },
        "MyBehavior.Losses.PolicyLoss.mean": {
            "value": 0.033114889208663956,
            "min": 0.033114889208663956,
            "max": 0.04113413856757688,
            "count": 19
        },
        "MyBehavior.Losses.PolicyLoss.sum": {
            "value": 0.033114889208663956,
            "min": 0.033114889208663956,
            "max": 0.04113413856757688,
            "count": 19
        },
        "MyBehavior.Losses.ValueLoss.mean": {
            "value": 0.30187724754214285,
            "min": 0.2655128886550665,
            "max": 0.4308412219583988,
            "count": 19
        },
        "MyBehavior.Losses.ValueLoss.sum": {
            "value": 0.30187724754214285,
            "min": 0.2655128886550665,
            "max": 0.4308412219583988,
            "count": 19
        },
        "MyBehavior.Policy.LearningRate.mean": {
            "value": 2.7105097289500053e-05,
            "min": 2.7105097289500053e-05,
            "max": 0.0009487950051205,
            "count": 19
        },
        "MyBehavior.Policy.LearningRate.sum": {
            "value": 2.7105097289500053e-05,
            "min": 2.7105097289500053e-05,
            "max": 0.0009487950051205,
            "count": 19
        },
        "MyBehavior.Policy.Epsilon.mean": {
            "value": 0.10271049999999998,
            "min": 0.10271049999999998,
            "max": 0.1948795,
            "count": 19
        },
        "MyBehavior.Policy.Epsilon.sum": {
            "value": 0.10271049999999998,
            "min": 0.10271049999999998,
            "max": 0.1948795,
            "count": 19
        },
        "MyBehavior.Policy.Beta.mean": {
            "value": 0.00014525395000000024,
            "min": 0.00014525395000000024,
            "max": 0.004744487050000001,
            "count": 19
        },
        "MyBehavior.Policy.Beta.sum": {
            "value": 0.00014525395000000024,
            "min": 0.00014525395000000024,
            "max": 0.004744487050000001,
            "count": 19
        }
    },
    "metadata": {
        "timer_format_version": "0.1.0",
        "start_time_seconds": "1761733972",
        "python_version": "3.10.12 | packaged by conda-forge | (main, Jun 23 2023, 22:40:32) [GCC 12.3.0]",
        "command_line_arguments": "/home/dudrjs/anaconda3/envs/mlagents/bin/mlagents-learn config/251029.yaml --run-id=MyGrasp251029 --time-scale=50 --force",
        "mlagents_version": "1.1.0",
        "mlagents_envs_version": "1.1.0",
        "communication_protocol_version": "1.5.0",
        "pytorch_version": "2.7.1+cu126",
        "numpy_version": "1.23.5",
        "end_time_seconds": "1761799789"
    },
    "total": 65816.55814497103,
    "count": 1,
    "self": 0.0031214311020448804,
    "children": {
        "run_training.setup": {
            "total": 0.014824012003373355,
            "count": 1,
            "self": 0.014824012003373355
        },
        "TrainerController.start_learning": {
            "total": 65816.54019952792,
            "count": 1,
            "self": 3.6768316266243346,
            "children": {
                "TrainerController._reset_env": {
                    "total": 36.95818756602239,
                    "count": 1,
                    "self": 36.95818756602239
                },
                "TrainerController.advance": {
                    "total": 65775.8754467842,
                    "count": 200030,
                    "self": 2.698754390294198,
                    "children": {
                        "env_step": {
                            "total": 65304.970684422646,
                            "count": 200030,
                            "self": 65138.15408544819,
                            "children": {
                                "SubprocessEnvManager._take_step": {
                                    "total": 164.56988125288626,
                                    "count": 200030,
                                    "self": 5.929186737630516,
                                    "children": {
                                        "TorchPolicy.evaluate": {
                                            "total": 158.64069451525575,
                                            "count": 200030,
                                            "self": 158.64069451525575
                                        }
                                    }
                                },
                                "workers": {
                                    "total": 2.246717721573077,
                                    "count": 200030,
                                    "self": 0.0,
                                    "children": {
                                        "worker_root": {
                                            "total": 65812.36708139803,
                                            "count": 200030,
                                            "is_parallel": true,
                                            "self": 810.4191556181759,
                                            "children": {
                                                "run_training.setup": {
                                                    "total": 0.0,
                                                    "count": 0,