{
    "name": "root",
    "gauges": {
        "MyBehavior.Policy.Entropy.mean": {
            "value": 1.1628361940383911,
            "min": 1.1628361940383911,
            "max": 1.4189385175704956,
            "count": 200
        },
        "MyBehavior.Policy.Entropy.sum": {
            "value": 581.4180908203125,
            "min": 580.2552490234375,
            "max": 736.428955078125,
            "count": 200
        },
        "MyBehavior.Step.mean": {
            "value": 99999.0,
            "min": 499.0,
            "max": 99999.0,
            "count": 200
        },
        "MyBehavior.Step.sum": {
            "value": 99999.0,
            "min": 499.0,
            "max": 99999.0,
            "count": 200
        },
        "MyBehavior.Policy.ExtrinsicValueEstimate.mean": {
            "value": 0.7711580991744995,
            "min": 0.17128455638885498,
            "max": 0.7945018410682678,
            "count": 200
        },
        "MyBehavior.Policy.ExtrinsicValueEstimate.sum": {
            "value": 385.57904052734375,
            "min": 85.47099304199219,
            "max": 397.25091552734375,
            "count": 200
        },
        "MyBehavior.Environment.EpisodeLength.mean": {
            "value": 19.074074074074073,
            "min": 13.363636363636363,
            "max": 32.0,
            "count": 200
        },
        "MyBehavior.Environment.EpisodeLength.sum": {
            "value": 515.0,
            "min": 237.0,
            "max": 686.0,
            "count": 200
        },
        "MyBehavior.Environment.CumulativeReward.mean": {
            "value": 11.971408071341338,
            "min": 11.521930167549534,
            "max": 12.277901717594691,
            "count": 200
        },
        "MyBehavior.Environment.CumulativeReward.sum": {
            "value": 323.2280179262161,
            "min": 140.58753502368927,
            "max": 425.3030893802643,
            "count": 200
        },
        "MyBehavior.Policy.ExtrinsicReward.mean": {
            "value": 11.971408071341338,
            "min": 11.521930167549534,
            "max": 12.277901717594691,
            "count": 200
        },
        "MyBehavior.Policy.ExtrinsicReward.sum": {
            "value": 323.2280179262161,
            "min": 140.58753502368927,
            "max": 425.3030893802643,
            "count": 200
        },
        "MyBehavior.IsTraining.mean": {
            "value": 1.0,
            "min": 1.0,
            "max": 1.0,
            "count": 200
        },
        "MyBehavior.IsTraining.sum": {
            "value": 1.0,
            "min": 1.0,
            "max": 1.0,
            "count": 200
        },
        "MyBehavior.Losses.PolicyLoss.mean": {
            "value": 0.0351740409766353,
            "min": 0.033694437191479666,
            "max": 0.03894971091800471,
            "count": 9
        },
        "MyBehavior.Losses.PolicyLoss.sum": {
            "value": 0.0351740409766353,
            "min": 0.033694437191479666,
            "max": 0.03894971091800471,
            "count": 9
        },
        "MyBehavior.Losses.ValueLoss.mean": {
            "value": 0.26408730156719684,
            "min": 0.26408730156719684,
            "max": 0.32008631244301794,
            "count": 9
        },
        "MyBehavior.Losses.ValueLoss.sum": {
            "value": 0.26408730156719684,
            "min": 0.26408730156719684,
            "max": 0.32008631244301794,
            "count": 9
        },
        "MyBehavior.Policy.LearningRate.mean": {
            "value": 3.915509216899999e-05,
            "min": 3.915509216899999e-05,
            "max": 0.00044879501024100004,
            "count": 9
        },
        "MyBehavior.Policy.LearningRate.sum": {
            "value": 3.915509216899999e-05,
            "min": 3.915509216899999e-05,
            "max": 0.00044879501024100004,
            "count": 9
        },
        "MyBehavior.Policy.Epsilon.mean": {
            "value": 0.10783100000000001,
            "min": 0.10783100000000001,
            "max": 0.18975900000000004,
            "count": 9
        },
        "MyBehavior.Policy.Epsilon.sum": {
            "value": 0.10783100000000001,
            "min": 0.10783100000000001,
            "max": 0.18975900000000004,
            "count": 9
        },
        "MyBehavior.Policy.Beta.mean": {
            "value": 0.00040076690000000014,
            "min": 0.00040076690000000014,
            "max": 0.0044889741,
            "count": 9
        },
        "MyBehavior.Policy.Beta.sum": {
            "value": 0.00040076690000000014,
            "min": 0.00040076690000000014,
            "max": 0.0044889741,
            "count": 9
        }
    },
    "metadata": {
        "timer_format_version": "0.1.0",
        "start_time_seconds": "1761390445",
        "python_version": "3.10.12 | packaged by conda-forge | (main, Jun 23 2023, 22:40:32) [GCC 12.3.0]",
        "command_line_arguments": "/home/dudrjs/anaconda3/envs/mlagents/bin/mlagents-learn config/251024.yaml --run-id=MyGrasp251025 --time-scale=50 --force",
        "mlagents_version": "1.1.0",
        "mlagents_envs_version": "1.1.0",
        "communication_protocol_version": "1.5.0",
        "pytorch_version": "2.7.1+cu126",
        "numpy_version": "1.23.5",
        "end_time_seconds": "1761423061"
    },
    "total": 32616.08653886101,
    "count": 1,
    "self": 0.003526852000504732,
    "children": {
        "run_training.setup": {
            "total": 0.011926072009373456,
            "count": 1,
            "self": 0.011926072009373456
        },
        "TrainerController.start_learning": {
            "total": 32616.071085937,
            "count": 1,
            "self": 1.6453206870646682,
            "children": {
                "TrainerController._reset_env": {
                    "total": 7.475983733980684,
                    "count": 1,
                    "self": 7.475983733980684
                },
                "TrainerController.advance": {
                    "total": 32606.922869878937,
                    "count": 100020,
                    "self": 1.4344320604868699,
                    "children": {
                        "env_step": {
                            "total": 32423.167488223757,
                            "count": 100020,
                            "self": 32358.518174904428,
                            "children": {
                                "SubprocessEnvManager._take_step": {
                                    "total": 63.56174378245487,
                                    "count": 100020,
                                    "self": 2.7763927557098214,
                                    "children": {
                                        "TorchPolicy.evaluate": {
                                            "total": 60.78535102674505,
                                            "count": 100020,
                                            "self": 60.78535102674505
                                        }
                                    }
                                },
                                "workers": {
                                    "total": 1.0875695368740708,
                                    "count": 100020,
                                    "self": 0.0,
                                    "children": {
                                        "worker_root": {
                                            "total": 32613.89372022159,
                                            "count": 100020,
                                            "is_parallel": true,
                                            "self": 322.66462677903473,
                                            "children": {
                                                "run_training.setup": {
                                                    "total": 0.0,
                                                    "count": 0,
                                                    "is_parallel": true,