2025-10-30T18:08:32.306630,0.6444933414459229
2025-10-30T18:09:13.125223,0.6257688999176025
2025-10-30T18:09:55.530639,0.6076787710189819
2025-10-30T18:10:38.184499,0.5892772078514099
2025-10-30T18:11:19.265926,0.5722854733467102
2025-10-30T18:12:01.559537,0.555146336555481
2025-10-30T18:12:43.354185,0.5398661494255066
2025-10-30T18:13:25.250281,0.5248473882675171
2025-10-30T18:14:06.755206,0.509218692779541
2025-10-30T18:14:47.897134,0.4949212074279785
2025-10-30T18:15:27.917281,0.4805833101272583
2025-10-30T18:16:07.368739,0.46698546409606934
2025-10-30T18:16:46.346689,0.45428267121315
2025-10-30T18:17:24.957644,0.441599577665329
2025-10-30T18:18:06.267212,0.42916154861450195
2025-10-30T18:18:46.067172,0.4170239567756653
2025-10-30T18:19:25.805287,0.40569913387298584
2025-10-30T18:20:04.566854,0.3943061828613281
2025-10-30T18:20:44.432321,0.38374683260917664
2025-10-30T18:21:24.309963,0.37360793352127075
2025-10-30T18:22:05.719638,0.3632681369781494
2025-10-30T18:22:46.219187,0.353025883436203
2025-10-30T18:23:25.888279,0.3434840440750122
2025-10-30T18:24:08.264221,0.33458155393600464
2025-10-30T18:24:49.194880,0.3261403441429138
2025-10-30T18:25:28.614623,0.3173689544200897
2025-10-30T18:26:07.120634,0.30834639072418213
2025-10-30T18:26:46.768622,0.30147621035575867
2025-10-30T18:27:25.253370,0.29298073053359985
2025-10-30T18:28:03.476632,0.2855242192745209
2025-10-30T18:28:45.714186,0.2783230245113373
2025-10-30T18:29:25.604087,0.2712266743183136
2025-10-30T18:30:03.883053,0.26405322551727295
2025-10-30T18:30:41.944875,0.2574998736381531
2025-10-30T18:31:21.576895,0.2508337199687958
2025-10-30T18:32:03.863194,0.2447936236858368
2025-10-30T18:32:44.134982,0.23851421475410461
2025-10-30T18:33:24.189516,0.23335117101669312
2025-10-30T18:34:03.386492,0.22777029871940613
2025-10-30T18:34:43.448627,0.22174547612667084
2025-10-30T18:35:22.361445,0.21616868674755096
2025-10-30T18:36:04.824950,0.21058420836925507
2025-10-30T18:36:45.172247,0.20659276843070984
2025-10-30T18:37:24.033223,0.20088091492652893
2025-10-30T18:38:04.227727,0.1966133713722229
2025-10-30T18:38:43.880581,0.19214162230491638
2025-10-30T18:39:24.414034,0.1872769296169281
2025-10-30T18:40:03.332755,0.18310558795928955
2025-10-30T18:40:41.832819,0.17960235476493835
2025-10-30T18:41:23.267526,0.1741810292005539
2025-10-30T18:42:03.987499,0.1703098863363266
2025-10-30T18:42:45.799711,0.16634850203990936
2025-10-30T18:43:25.214179,0.162700355052948
2025-10-30T18:44:05.230275,0.15895453095436096
2025-10-30T18:44:46.860103,0.1552056223154068
2025-10-30T18:45:27.432291,0.1523483544588089
2025-10-30T18:46:06.627068,0.14914095401763916
2025-10-30T18:46:46.457276,0.14596550166606903
2025-10-30T18:47:26.896589,0.1425960808992386
2025-10-30T18:48:07.825906,0.13965599238872528
2025-10-30T18:48:47.902778,0.1366422027349472
2025-10-30T18:49:29.011143,0.13283954560756683
2025-10-30T18:50:08.615219,0.13078433275222778
2025-10-30T18:50:49.889795,0.12739954888820648
2025-10-30T18:51:30.420409,0.12412354350090027
2025-10-30T18:52:07.935965,0.12229233980178833
2025-10-30T18:52:51.414544,0.11972391605377197
2025-10-30T18:53:32.964474,0.11715805530548096
2025-10-30T18:54:12.189303,0.1146305501461029
2025-10-30T18:54:53.476204,0.11239415407180786
2025-10-30T18:55:33.999790,0.11037929356098175
2025-10-30T18:56:13.164160,0.10811744630336761
2025-10-30T18:56:53.432914,0.10546616464853287
2025-10-30T18:57:31.753547,0.10338650643825531
2025-10-30T18:58:11.927580,0.1009545773267746
2025-10-30T18:58:52.187777,0.099315345287323
2025-10-30T18:59:32.233744,0.09692025184631348
2025-10-30T19:00:11.896524,0.09522892534732819
2025-10-30T19:00:49.889052,0.09319424629211426
2025-10-30T19:01:34.592131,0.09114222228527069
2025-10-30T19:02:16.841500,0.08907733857631683
2025-10-30T19:02:58.929190,0.08756381273269653
2025-10-30T19:03:38.817456,0.08593614399433136
2025-10-30T19:04:19.328143,0.0844804048538208
2025-10-30T19:05:00.633447,0.08204172551631927
2025-10-30T19:05:41.541615,0.08085276931524277
2025-10-30T19:06:22.129637,0.07955421507358551
2025-10-30T19:07:01.621375,0.07751409709453583
2025-10-30T19:07:42.280207,0.0764046460390091
2025-10-30T19:08:22.470154,0.07457208633422852
2025-10-30T19:09:04.055354,0.07308971136808395
2025-10-30T19:09:45.257415,0.07162697613239288
2025-10-30T19:10:25.838311,0.07079218327999115
2025-10-30T19:11:07.618792,0.06910882890224457
2025-10-30T19:11:48.686560,0.0682445764541626
2025-10-30T19:12:29.359248,0.06632699817419052
2025-10-30T19:13:09.438799,0.06508029997348785
2025-10-30T19:13:50.632803,0.06391698122024536
2025-10-30T19:14:32.854036,0.06259696930646896
2025-10-30T19:15:13.492335,0.061261244118213654
2025-10-30T19:15:53.463420,0.06020646169781685
2025-10-30T19:16:33.917991,0.05910426005721092
2025-10-30T19:17:14.618716,0.05790884792804718
2025-10-30T19:17:53.789260,0.05665844678878784
2025-10-30T19:18:35.493820,0.05569368973374367
2025-10-30T19:19:15.128832,0.05505373328924179
2025-10-30T19:19:53.344310,0.053985223174095154
2025-10-30T19:20:34.659632,0.05306471884250641
2025-10-30T19:21:14.569565,0.05187837779521942
2025-10-30T19:21:56.041854,0.05090747028589249
2025-10-30T19:22:35.524877,0.0502261258661747
2025-10-30T19:23:17.857181,0.04879980534315109
2025-10-30T19:23:59.819325,0.04795452207326889
2025-10-30T19:24:40.631401,0.046809908002614975
2025-10-30T19:25:20.470850,0.046005651354789734
2025-10-30T19:26:01.999052,0.04524540528655052
2025-10-30T19:26:41.287930,0.04442981630563736
2025-10-30T19:27:21.016586,0.044158995151519775
2025-10-30T19:28:02.738884,0.043125443160533905
2025-10-30T19:28:44.717963,0.041957028210163116
2025-10-30T19:29:25.400119,0.04160359501838684
2025-10-30T19:30:05.747500,0.040928807109594345
2025-10-30T19:30:44.750997,0.040186021476984024
2025-10-30T19:31:23.802922,0.03903377801179886
2025-10-30T19:32:03.766897,0.03832686319947243
2025-10-30T19:32:44.131665,0.03769206628203392
2025-10-30T19:33:24.656550,0.03702687844634056
2025-10-30T19:34:04.140311,0.036416590213775635
2025-10-30T19:34:42.241016,0.03573372960090637
2025-10-30T19:35:21.643014,0.0353243425488472
2025-10-30T19:36:01.877282,0.03440786525607109
2025-10-30T19:36:43.294805,0.03377177193760872
2025-10-30T19:37:24.358827,0.03305302932858467
2025-10-30T19:38:04.376732,0.032647162675857544
2025-10-30T19:38:44.254807,0.03228450566530228
2025-10-30T19:39:26.645274,0.03157912939786911
2025-10-30T19:40:06.787209,0.030988551676273346
2025-10-30T19:40:44.940705,0.030282320454716682
2025-10-30T19:41:25.056637,0.030174842104315758
2025-10-30T19:42:03.818008,0.029417578130960464
2025-10-30T19:42:43.087810,0.029283978044986725
2025-10-30T19:43:23.412654,0.02821524068713188
2025-10-30T19:44:02.934034,0.027800969779491425
2025-10-30T19:44:44.594889,0.02707008458673954
2025-10-30T19:45:25.881420,0.026998763903975487
2025-10-30T19:46:05.247078,0.026350047439336777
2025-10-30T19:46:44.320524,0.025887465104460716
2025-10-30T19:47:23.368894,0.025506220757961273
2025-10-30T19:48:04.122156,0.02506990358233452
2025-10-30T19:48:43.500890,0.024702198803424835
2025-10-30T19:49:23.862263,0.02424665167927742
2025-10-30T19:50:05.614789,0.023921990767121315
2025-10-30T19:50:46.805516,0.023428481072187424
2025-10-30T19:51:28.735353,0.023203715682029724
2025-10-30T19:52:09.483738,0.022520992904901505
2025-10-30T19:52:50.788106,0.022196203470230103
2025-10-30T19:53:30.611927,0.021790171042084694
2025-10-30T19:54:10.581177,0.021323824301362038
2025-10-30T19:54:51.389254,0.021010098978877068
2025-10-30T19:55:35.008391,0.020571358501911163
2025-10-30T19:56:16.443236,0.020342998206615448
2025-10-30T19:56:56.767072,0.019931569695472717
2025-10-30T19:57:38.001605,0.01953979581594467
2025-10-30T19:58:19.118849,0.019100267440080643
2025-10-30T19:59:00.585709,0.018820054829120636
2025-10-30T19:59:43.381011,0.01871912181377411
2025-10-30T20:00:26.889099,0.018384194001555443
2025-10-30T20:01:08.995398,0.017926666885614395
2025-10-30T20:01:49.880175,0.01782299019396305
2025-10-30T20:02:31.131501,0.01732664182782173
2025-10-30T20:03:12.488683,0.01686543971300125
2025-10-30T20:03:53.082894,0.016754087060689926
2025-10-30T20:04:31.971492,0.016528423875570297
2025-10-30T20:05:12.121673,0.01641354337334633
2025-10-30T20:05:52.733619,0.016036754474043846
2025-10-30T20:06:34.298564,0.01566946506500244
2025-10-30T20:07:14.728238,0.015473173931241035
2025-10-30T20:07:56.309441,0.015087753534317017
2025-10-30T20:08:37.280232,0.014822468161582947
2025-10-30T20:09:17.941730,0.014937395229935646
2025-10-30T20:09:58.377558,0.014445028267800808
2025-10-30T20:10:39.216722,0.014118155464529991
2025-10-30T20:11:18.498628,0.013942627236247063
2025-10-30T20:12:01.359189,0.013688427396118641
2025-10-30T20:12:42.830524,0.013405131176114082
2025-10-30T20:13:24.121046,0.01326421182602644
2025-10-30T20:14:05.289737,0.013003230094909668
2025-10-30T20:14:45.347287,0.012751922011375427
2025-10-30T20:15:23.964209,0.012463436461985111
2025-10-30T20:16:04.599711,0.012311235070228577
2025-10-30T20:16:46.147220,0.012088797986507416
2025-10-30T20:17:27.081774,0.011934835463762283
2025-10-30T20:18:06.054135,0.011811263859272003
2025-10-30T20:18:48.074575,0.011510767042636871
2025-10-30T20:19:30.465275,0.011325828731060028
2025-10-30T20:20:10.951791,0.011134019121527672
2025-10-30T20:20:52.443444,0.01113114133477211
2025-10-30T20:21:33.688381,0.01084094773977995
2025-10-30T20:22:14.453832,0.010625110939145088
2025-10-30T20:22:54.195913,0.010431887581944466
2025-10-30T20:23:36.807128,0.010161914862692356
2025-10-30T20:24:16.156335,0.010080678388476372
2025-10-30T20:24:56.200454,0.009843690320849419
2025-10-30T20:25:36.429429,0.009797324426472187
2025-10-30T20:26:17.766973,0.009501653723418713
2025-10-30T20:27:00.506602,0.009305087849497795
2025-10-30T20:27:40.113552,0.009267131797969341
2025-10-30T20:28:18.550801,0.009119061753153801
2025-10-30T20:28:58.986603,0.008839961141347885
2025-10-30T20:29:37.655077,0.008800558745861053
2025-10-30T20:30:17.864420,0.008551498875021935
2025-10-30T20:30:59.491417,0.008430860005319118
2025-10-30T20:31:40.330527,0.008276710286736488
2025-10-30T20:32:21.627120,0.008174221031367779
2025-10-30T20:33:04.525134,0.007982529699802399
2025-10-30T20:33:44.451091,0.007919630035758018
2025-10-30T20:34:24.972866,0.007743736729025841
2025-10-30T20:35:04.277921,0.007618535775691271
2025-10-30T20:35:44.414731,0.007525614462792873
2025-10-30T20:36:24.653007,0.0074838497675955296
2025-10-30T20:37:07.109265,0.007280630990862846
2025-10-30T20:37:47.977330,0.007130708545446396
2025-10-30T20:38:29.797302,0.006937453057616949
2025-10-30T20:39:09.627749,0.006884636357426643
2025-10-30T20:39:51.636574,0.006728339474648237
2025-10-30T20:40:33.567723,0.006814704276621342
2025-10-30T20:41:14.843698,0.006559864617884159
2025-10-30T20:41:56.785946,0.006449929438531399
2025-10-30T20:42:38.527573,0.006354978308081627
2025-10-30T20:43:18.708018,0.006216606590896845
2025-10-30T20:43:59.671230,0.006107721943408251
2025-10-30T20:44:41.107660,0.006081954576075077
2025-10-30T20:45:21.929331,0.0059324027970433235
2025-10-30T20:46:00.861399,0.005850220564752817
2025-10-30T20:46:38.561833,0.005785968620330095
2025-10-30T20:47:19.021829,0.005543208681046963
2025-10-30T20:47:59.917224,0.005530762951821089
2025-10-30T20:48:40.169459,0.005483086220920086
2025-10-30T20:49:19.196328,0.005440004635602236
2025-10-30T20:50:00.562186,0.005326099693775177
2025-10-30T20:50:40.601439,0.005265252199023962
2025-10-30T20:51:21.504012,0.005186752881854773
2025-10-30T20:52:02.405642,0.005039671435952187
2025-10-30T20:52:41.431538,0.004958535544574261
2025-10-30T20:53:22.598523,0.004862959496676922
2025-10-30T20:54:03.310036,0.004772711545228958
2025-10-30T20:54:43.837839,0.004669239744544029
2025-10-30T20:55:26.073640,0.004603967536240816
2025-10-30T20:56:06.135529,0.004573914688080549
2025-10-30T20:56:47.282663,0.004496736917644739
2025-10-30T20:57:28.267459,0.004414351657032967
2025-10-30T20:58:09.566426,0.0042887115851044655
2025-10-30T20:58:50.486635,0.004298551008105278
2025-10-30T20:59:31.474544,0.004178741946816444
2025-10-30T21:00:12.922645,0.00412380788475275
2025-10-30T21:00:53.585899,0.004045332316309214
2025-10-30T21:01:36.010948,0.004032930359244347
2025-10-30T21:02:15.869892,0.0038800302427262068
2025-10-30T21:02:56.142397,0.0038246603216975927
2025-10-30T21:03:37.884954,0.003804156556725502
2025-10-30T21:04:18.440860,0.003704783506691456
2025-10-30T21:04:59.661497,0.0036737683694809675
2025-10-30T21:05:41.740089,0.003614401910454035
2025-10-30T21:06:22.338012,0.003569043707102537
2025-10-30T21:07:03.492510,0.003441872773692012
2025-10-30T21:07:44.112837,0.003406014759093523
2025-10-30T21:08:25.492911,0.003398328786715865
2025-10-30T21:09:05.143480,0.003331818152219057
2025-10-30T21:09:46.632672,0.0032792543061077595
2025-10-30T21:10:27.976328,0.0031797527335584164
2025-10-30T21:11:07.484769,0.003164712805300951
2025-10-30T21:11:48.125391,0.003049786202609539
2025-10-30T21:12:28.665268,0.0030240933410823345
2025-10-30T21:13:10.637701,0.002993564121425152
2025-10-30T21:13:51.896964,0.0029576497618108988
2025-10-30T21:14:31.710845,0.002896353602409363
2025-10-30T21:15:14.122603,0.002819763496518135
2025-10-30T21:15:53.791516,0.0028226436115801334
2025-10-30T21:16:34.297815,0.0027502798475325108
2025-10-30T21:17:14.415942,0.0027446579188108444
2025-10-30T21:17:53.632137,0.0026755542494356632
2025-10-30T21:18:31.217075,0.0026083849370479584
2025-10-30T21:19:11.501052,0.002577521838247776
2025-10-30T21:19:52.296593,0.0026154990773648024
2025-10-30T21:20:34.381767,0.0024613316636532545
2025-10-30T21:21:16.666124,0.002496030181646347
2025-10-30T21:21:57.413127,0.0024005284067243338
2025-10-30T21:22:40.111031,0.002364172600209713
2025-10-30T21:23:22.519105,0.002350352704524994
2025-10-30T21:24:02.198126,0.0022935387678444386
2025-10-30T21:24:42.342779,0.0022635450586676598
2025-10-30T21:25:24.477267,0.0021932946983724833
2025-10-30T21:26:04.633916,0.002195716369897127
2025-10-30T21:26:43.160473,0.002119694836437702
2025-10-30T21:27:23.359052,0.002091562608256936
2025-10-30T21:28:02.816530,0.00205356627702713
2025-10-30T21:28:43.193875,0.0020906354766339064
2025-10-30T21:29:24.512638,0.001973991049453616
2025-10-30T21:30:05.091424,0.0019469193648546934
2025-10-30T21:30:45.029519,0.001945771393366158
2025-10-30T21:31:23.481532,0.0018859414849430323
2025-10-30T21:32:04.634299,0.0018620584160089493
2025-10-30T21:32:43.245161,0.0018446838948875666
2025-10-30T21:33:24.506256,0.0018370324978604913
2025-10-30T21:34:05.794184,0.001782913226634264
2025-10-30T21:34:45.525079,0.0017615410033613443
2025-10-30T21:35:26.130459,0.0016992967575788498
2025-10-30T21:36:07.055847,0.0016846477519720793
2025-10-30T21:36:45.755917,0.0016495640156790614
2025-10-30T21:37:28.731558,0.0016633772756904364
2025-10-30T21:38:08.925685,0.0015954620903357863
2025-10-30T21:38:49.139808,0.001586761325597763
2025-10-30T21:39:28.503419,0.001545971492305398
2025-10-30T21:40:08.506669,0.0015301757957786322
2025-10-30T21:40:48.578855,0.0015085821505635977
2025-10-30T21:41:29.683924,0.001504009123891592
2025-10-30T21:42:11.015363,0.0014500338584184647
2025-10-30T21:42:51.119170,0.0014388454146683216
2025-10-30T21:43:32.913643,0.0014019873924553394
2025-10-30T21:44:15.124647,0.0013905041851103306
2025-10-30T21:44:57.220886,0.0013655428774654865
2025-10-30T21:45:39.696334,0.0013129579601809382
2025-10-30T21:46:20.197349,0.001318891067057848
2025-10-30T21:46:59.213696,0.0013283989392220974
2025-10-30T21:47:37.189392,0.0012677088379859924
2025-10-30T21:48:18.952180,0.0013002464547753334
2025-10-30T21:48:59.707395,0.0012361194239929318
2025-10-30T21:49:39.998089,0.001221739687025547
2025-10-30T21:50:20.276096,0.00118846888653934
2025-10-30T21:50:59.785797,0.0011764575028792024
2025-10-30T21:51:41.449476,0.0011491930345073342
2025-10-30T21:52:22.724254,0.0011392106534913182
2025-10-30T21:53:04.987993,0.0011552067007869482
2025-10-30T21:53:45.364005,0.0010990869486704469
2025-10-30T21:54:24.738008,0.0010873072315007448
2025-10-30T21:55:06.328840,0.001066776574589312
2025-10-30T21:55:47.654770,0.0010317619889974594
2025-10-30T21:56:30.304431,0.0010222543496638536
2025-10-30T21:57:12.993839,0.0010106355184689164
2025-10-30T21:57:53.851639,0.000999647774733603
2025-10-30T21:58:35.045168,0.000986779574304819
2025-10-30T21:59:14.856926,0.000964276900049299
2025-10-30T21:59:56.680921,0.000945110572502017
2025-10-30T22:00:36.621057,0.0009487553033977747
2025-10-30T22:01:15.297636,0.000912628835067153
2025-10-30T22:01:58.617150,0.0009004624444060028
2025-10-30T22:02:40.696275,0.0008623716421425343
2025-10-30T22:03:22.511504,0.000862752553075552
2025-10-30T22:04:04.662176,0.000847135903313756
2025-10-30T22:04:46.410949,0.0008537207031622529
2025-10-30T22:05:28.379762,0.0008360355859622359
2025-10-30T22:06:08.061618,0.0008124893647618592
2025-10-30T22:06:49.716816,0.0008045321446843445
2025-10-30T22:07:31.115030,0.0007773601682856679
2025-10-30T22:08:12.917768,0.0007871876005083323
2025-10-30T22:08:53.616592,0.0007809392991475761
2025-10-30T22:09:34.063637,0.0007716394029557705
2025-10-30T22:10:14.786422,0.00073893932858482
2025-10-30T22:10:56.602448,0.0007280505960807204
2025-10-30T22:11:37.999642,0.000730773143004626
2025-10-30T22:12:20.140939,0.0006979022873565555
2025-10-30T22:13:00.333093,0.0006975397118367255
2025-10-30T22:13:42.059477,0.0006930127274245024
2025-10-30T22:14:21.765185,0.0006669681752100587
2025-10-30T22:15:04.373026,0.0006593658472411335
2025-10-30T22:15:46.141683,0.0006534219719469547
2025-10-30T22:16:27.126686,0.000630557129625231
2025-10-30T22:17:08.177817,0.0006380246486514807
2025-10-30T22:17:49.034035,0.000622355961240828
2025-10-30T22:18:30.798689,0.0006104509811848402
2025-10-30T22:19:12.247066,0.0006014538812451065
2025-10-30T22:19:51.337824,0.0005874233320355415
2025-10-30T22:20:33.727852,0.0005768683040514588
2025-10-30T22:21:14.789777,0.0005671569379046559
2025-10-30T22:21:56.089510,0.0005588278872892261
2025-10-30T22:22:38.740751,0.000542636844329536
2025-10-30T22:23:18.480085,0.0005358501803129911
2025-10-30T22:23:58.038293,0.0005273781716823578
2025-10-30T22:24:38.306882,0.0005178870633244514
2025-10-30T22:25:20.213968,0.0004984004772268236
2025-10-30T22:26:01.483702,0.0004996618954464793
2025-10-30T22:26:41.659609,0.0005102473078295588
2025-10-30T22:27:22.138447,0.0004850434488616884
2025-10-30T22:28:03.998983,0.00048360542859882116
2025-10-30T22:28:46.502688,0.000489960249979049
2025-10-30T22:29:26.312889,0.0004706815234385431
2025-10-30T22:30:09.171094,0.0004641558334697038
2025-10-30T22:30:51.062387,0.00044656579848378897
2025-10-30T22:31:32.226822,0.0004380510072223842
2025-10-30T22:32:12.233877,0.0004465793026611209
2025-10-30T22:32:53.875125,0.00042449269676581025
2025-10-30T22:33:36.154846,0.00042246351949870586
2025-10-30T22:34:17.035035,0.00041592170600779355
2025-10-30T22:34:56.659373,0.00040871911915019155
2025-10-30T22:35:39.145708,0.0004032142460346222
2025-10-30T22:36:19.669430,0.0004000284825451672
2025-10-30T22:36:59.919426,0.0003905937192030251
2025-10-30T22:37:40.738275,0.00038808307726867497
2025-10-30T22:38:21.559064,0.00036909664049744606
2025-10-30T22:39:05.645766,0.0003773563075810671
2025-10-30T22:39:46.638262,0.0003600150521378964
2025-10-30T22:40:26.680612,0.00036639286554418504
2025-10-30T22:41:06.620610,0.000361708109267056
2025-10-30T22:41:47.936515,0.0003468266222625971
2025-10-30T22:42:27.646980,0.0003427194897085428
2025-10-30T22:43:10.855728,0.00033791566966101527
2025-10-30T22:43:50.519304,0.00034006760688498616
2025-10-30T22:44:31.610250,0.0003337555390316993
2025-10-30T22:45:13.546930,0.0003185822279192507
2025-10-30T22:45:53.860010,0.0003142311470583081
2025-10-30T22:46:35.359311,0.0003037294954992831
2025-10-30T22:47:15.705052,0.00030359390075318515
2025-10-30T22:47:57.333235,0.0002896908554248512
2025-10-30T22:48:37.163006,0.00028600788209587336
2025-10-30T22:49:17.876929,0.00028814940014854074
2025-10-30T22:49:58.442018,0.00027618411695584655
2025-10-30T22:50:39.642060,0.00027487799525260925
2025-10-30T22:51:22.581398,0.0002693223941605538
2025-10-30T22:52:04.665672,0.0002692408161237836
2025-10-30T22:52:46.265823,0.0002628439979162067
2025-10-30T22:53:26.935556,0.0002568347263149917
2025-10-30T22:54:07.544188,0.00026120393886230886
2025-10-30T22:54:50.330045,0.0002575223916210234
2025-10-30T22:55:31.539709,0.0002395872288616374
2025-10-30T22:56:11.886060,0.0002472670457791537
2025-10-30T22:56:54.080178,0.00024596042931079865
2025-10-30T22:57:36.761367,0.0002418576186755672
2025-10-30T22:58:17.579569,0.00022968044504523277
2025-10-30T22:58:59.597983,0.00023251039965543896
2025-10-30T22:59:42.454595,0.00022275910305324942
2025-10-30T23:00:24.551697,0.00021992290567141026
2025-10-30T23:01:07.353211,0.00020997293177060783
2025-10-30T23:01:50.886847,0.0002124201419064775
2025-10-30T23:02:32.563738,0.00021215964807197452
2025-10-30T23:03:13.333701,0.0002042301930487156
2025-10-30T23:03:56.100649,0.00019985578546766192
2025-10-30T23:04:36.148155,0.00020282268815208226
2025-10-30T23:05:18.924457,0.00019531128054950386
2025-10-30T23:05:59.851810,0.00019104361126665026
2025-10-30T23:06:42.843200,0.0001966364507097751
2025-10-30T23:07:24.483357,0.00018835064838640392
2025-10-30T23:08:07.346187,0.000187808254850097
2025-10-30T23:08:49.176240,0.00018627237295731902
2025-10-30T23:09:30.386652,0.00018264127720613033
2025-10-30T23:10:12.596433,0.00017159164417535067
2025-10-30T23:10:53.373687,0.00017014233162626624
2025-10-30T23:11:31.577516,0.00016731515643186867
2025-10-30T23:12:13.342314,0.00016635432257317007
2025-10-30T23:12:53.712634,0.00016312826483044773
2025-10-30T23:13:34.801954,0.00016070704441517591
2025-10-30T23:14:16.430464,0.00015532980614807457
2025-10-30T23:14:58.241516,0.00015115950373001397
2025-10-30T23:15:38.928726,0.0001519222278147936
2025-10-30T23:16:21.051129,0.00014978005492594093
2025-10-30T23:17:02.420697,0.0001457380858482793
2025-10-30T23:17:45.939620,0.00014363449008669704
2025-10-30T23:18:26.819959,0.00014664072659797966
2025-10-30T23:19:07.666651,0.00014093609934207052
2025-10-30T23:19:47.189285,0.00013540693907998502
2025-10-30T23:20:28.199538,0.00013552626478485763
2025-10-30T23:21:11.554337,0.00013305727043189108
2025-10-30T23:21:53.799754,0.000129953128634952
2025-10-30T23:22:35.821586,0.0001303325843764469
2025-10-30T23:23:18.258786,0.00012248315033502877
2025-10-30T23:24:02.268105,0.0001254753879038617
2025-10-30T23:24:42.559471,0.00012464185419958085
2025-10-30T23:25:23.415232,0.00012006365432171151
2025-10-30T23:26:05.862271,0.00012028685887344182
2025-10-30T23:26:47.452836,0.00012029358185827732
2025-10-30T23:27:27.679255,0.00012005760072497651
2025-10-30T23:28:09.584399,0.00011237616126891226
2025-10-30T23:28:50.410180,0.00011127274774480611
2025-10-30T23:29:30.559473,0.00010796435526572168
2025-10-30T23:30:13.502730,0.00010573303734418005
2025-10-30T23:30:56.635075,0.00010466411185916513
2025-10-30T23:31:40.594270,0.00010698232654249296
2025-10-30T23:32:21.691076,0.00010336643026676029
2025-10-30T23:33:02.257065,0.00010012308484874666
2025-10-30T23:33:45.381747,0.00010125464905286208
2025-10-30T23:34:29.350608,0.00010060842032544315
2025-10-30T23:35:12.439167,9.557985322317109e-05
2025-10-30T23:35:52.184760,9.443151793675497e-05
2025-10-30T23:36:33.016319,9.23967600101605e-05
2025-10-30T23:37:14.806535,9.00551094673574e-05
2025-10-30T23:37:57.785121,9.09411464817822e-05
2025-10-30T23:38:39.565824,8.97373101906851e-05
2025-10-30T23:39:19.831770,8.653318218421191e-05
2025-10-30T23:40:02.451877,8.648453513160348e-05
2025-10-30T23:40:39.852946,8.355188765563071e-05
2025-10-30T23:41:21.968763,8.136936230584979e-05
2025-10-30T23:42:01.956575,8.231274841818959e-05
2025-10-30T23:42:43.714725,7.909147097961977e-05
2025-10-30T23:43:25.583792,7.929900311864913e-05
2025-10-30T23:44:07.528962,7.986098353285342e-05
2025-10-30T23:44:49.776628,7.715323590673506e-05
2025-10-30T23:45:31.074468,7.73392675910145e-05
2025-10-30T23:46:12.837022,7.4579227657523e-05
2025-10-30T23:46:52.504560,7.206136069726199e-05
2025-10-30T23:47:35.222584,7.38550879759714e-05
2025-10-30T23:48:17.650163,7.097677735146135e-05
2025-10-30T23:48:59.076660,7.111726881703362e-05
2025-10-30T23:49:41.142198,6.818352994741872e-05
2025-10-30T23:50:24.341712,6.777017551939934e-05
2025-10-30T23:51:07.261019,7.025248487479985e-05
2025-10-30T23:51:48.192429,6.347659655148163e-05
2025-10-30T23:52:31.201618,6.199085328262299e-05
2025-10-30T23:53:10.711721,6.147933891043067e-05
2025-10-30T23:53:50.823338,6.043985194992274e-05
2025-10-30T23:54:31.634817,5.914165376452729e-05
2025-10-30T23:55:11.553155,6.023803507559933e-05
2025-10-30T23:55:54.950305,5.910858453717083e-05
2025-10-30T23:56:37.242473,5.791516014141962e-05
2025-10-30T23:57:18.975375,5.544264422496781e-05
2025-10-30T23:58:01.583046,5.551130016101524e-05
2025-10-30T23:58:43.027555,5.6634293287061155e-05
2025-10-30T23:59:24.049662,5.33704696863424e-05
2025-10-31T00:00:05.432017,5.33655438630376e-05
2025-10-31T00:00:45.592889,5.099760164739564e-05
2025-10-31T00:01:25.537182,5.307884202920832e-05
2025-10-31T00:02:07.784412,5.099015106679872e-05
2025-10-31T00:02:49.627500,5.008592052035965e-05
2025-10-31T00:03:31.051830,4.7493445890722796e-05
2025-10-31T00:04:12.650887,4.718338459497318e-05
2025-10-31T00:04:52.907238,4.5786626287736e-05
2025-10-31T00:05:33.698641,4.774561239173636e-05
2025-10-31T00:06:16.180800,4.488691774895415e-05
2025-10-31T00:06:58.308458,4.356685167294927e-05
2025-10-31T00:07:39.660084,4.416051524458453e-05
2025-10-31T00:08:20.317404,4.278845153748989e-05
2025-10-31T00:08:59.565242,4.210403858451173e-05
2025-10-31T00:09:43.607919,4.3824355088872835e-05
2025-10-31T00:10:26.123324,4.2441548430360854e-05
2025-10-31T00:11:08.465515,4.068945054314099e-05
2025-10-31T00:11:51.900325,3.999065302195959e-05
2025-10-31T00:12:33.976012,3.962008486269042e-05
2025-10-31T00:13:15.262269,3.914936678484082e-05
2025-10-31T00:13:56.244481,3.9522856241092086e-05
2025-10-31T00:14:38.883043,3.730949174496345e-05
2025-10-31T00:15:19.729989,3.567543171811849e-05
2025-10-31T00:16:01.833144,3.581812416086905e-05
2025-10-31T00:16:42.129270,3.5602221032604575e-05
2025-10-31T00:17:25.371236,3.6768688005395234e-05
2025-10-31T00:18:06.965771,3.40143742505461e-05
2025-10-31T00:18:48.006280,3.4368145861662924e-05
2025-10-31T00:19:29.652244,3.345450386404991e-05
2025-10-31T00:20:12.114016,3.327574086142704e-05
2025-10-31T00:20:54.888716,3.304049459984526e-05
2025-10-31T00:21:37.397983,3.281838144175708e-05
2025-10-31T00:22:18.361552,3.0432318453677e-05
2025-10-31T00:23:02.866280,3.05049070448149e-05
2025-10-31T00:23:44.218613,3.1057272281032056e-05
2025-10-31T00:24:26.037626,2.9509688829421066e-05
2025-10-31T00:25:06.545622,2.7873458748217672e-05
2025-10-31T00:25:47.789954,2.8428739824448712e-05
2025-10-31T00:26:28.840760,2.7389176466385834e-05
2025-10-31T00:27:07.652973,2.624989974719938e-05
2025-10-31T00:27:50.224593,2.642402978381142e-05
2025-10-31T00:28:31.195919,2.5928427930921316e-05
2025-10-31T00:29:13.616420,2.6266463464708067e-05
2025-10-31T00:29:57.933607,2.5727069441927597e-05
2025-10-31T00:30:40.241358,2.5669623937574215e-05
2025-10-31T00:31:20.009164,2.4776287318672985e-05
2025-10-31T00:32:00.231311,2.4744256734265946e-05
2025-10-31T00:32:42.566331,2.3870752556831576e-05
2025-10-31T00:33:22.573494,2.340762148378417e-05
2025-10-31T00:34:02.364362,2.3255015548784286e-05
2025-10-31T00:34:44.722093,2.2655574866803363e-05
2025-10-31T00:35:25.259268,2.3029777366900817e-05
2025-10-31T00:36:06.310894,2.191579005739186e-05
2025-10-31T00:36:46.516203,2.2619609808316454e-05
2025-10-31T00:37:26.939725,2.1807602024637163e-05
2025-10-31T00:38:09.486062,2.1374387870309874e-05
2025-10-31T00:38:53.074177,2.058074824162759e-05
2025-10-31T00:39:35.935488,2.0447358110686764e-05
2025-10-31T00:40:19.186283,2.092744216497522e-05
2025-10-31T00:41:02.111655,1.9314349628984928e-05
2025-10-31T00:41:44.053571,2.0187966583762318e-05
2025-10-31T00:42:26.511341,1.8684064343688078e-05
2025-10-31T00:43:07.516579,1.9135361071676016e-05
2025-10-31T00:43:48.751169,1.893593253043946e-05
2025-10-31T00:44:32.610474,1.8214283045381308e-05
2025-10-31T00:45:15.217154,1.7790422134567052e-05
2025-10-31T00:45:56.743490,1.7489153833594173e-05
2025-10-31T00:46:40.166955,1.8225859093945473e-05
2025-10-31T00:47:22.797913,1.702516237855889e-05
2025-10-31T00:48:05.957703,1.6880123439477757e-05
2025-10-31T00:48:46.462420,1.635480293771252e-05
2025-10-31T00:49:29.660097,1.6283120203297585e-05
2025-10-31T00:50:11.176361,1.6433545170002617e-05
2025-10-31T00:50:53.007907,1.5793630154803395e-05
2025-10-31T00:51:32.508984,1.557567884447053e-05
2025-10-31T00:52:13.500161,1.604835779289715e-05
2025-10-31T00:52:56.442485,1.5012175936135463e-05
2025-10-31T00:53:38.643033,1.4796622963331174e-05
2025-10-31T00:54:19.879750,1.4403900422621518e-05
2025-10-31T00:55:00.238852,1.397940195602132e-05
2025-10-31T00:55:41.034786,1.3697999747819267e-05
2025-10-31T00:56:21.268975,1.3603106708615087e-05
2025-10-31T00:57:02.164996,1.3106142432661727e-05
2025-10-31T00:57:44.114288,1.2893895473098382e-05
2025-10-31T00:58:26.923476,1.2843353033531457e-05
2025-10-31T00:59:08.382188,1.2532666005427018e-05
2025-10-31T00:59:49.743422,1.2974527635378763e-05
2025-10-31T01:00:31.190279,1.3435415894491598e-05
2025-10-31T01:01:11.606704,1.277828687307192e-05
2025-10-31T01:01:52.942722,1.2409075679897796e-05
2025-10-31T01:02:35.164870,1.2945796697749756e-05
2025-10-31T01:03:16.259468,1.2437836630851962e-05
2025-10-31T01:03:56.014798,1.0776821000035852e-05
2025-10-31T01:04:37.169111,1.0976087651215494e-05
2025-10-31T01:05:19.197132,1.06654242699733e-05
2025-10-31T01:06:03.178181,1.1176279258506838e-05
2025-10-31T01:06:45.844286,1.1099851690232754e-05
2025-10-31T01:07:28.655755,1.0976025805575773e-05
2025-10-31T01:08:12.338219,9.990085345634725e-06
2025-10-31T01:08:55.041182,1.0374596968176775e-05
2025-10-31T01:09:39.476403,9.933839464792982e-06
2025-10-31T01:10:22.811080,1.050789524015272e-05
2025-10-31T01:11:07.422577,1.0602035217743833e-05
2025-10-31T01:11:51.414778,9.94386209640652e-06
2025-10-31T01:12:36.642790,9.250170478480868e-06
2025-10-31T01:13:21.477388,9.943400073098019e-06
2025-10-31T01:14:07.431715,9.213319572154433e-06
2025-10-31T01:14:52.176659,9.174482329399325e-06
2025-10-31T01:15:38.010326,9.481049346504733e-06
2025-10-31T01:16:22.221106,8.469633030472323e-06
2025-10-31T01:17:07.155985,8.717216587683652e-06
2025-10-31T01:17:52.470747,8.572244041715749e-06
2025-10-31T01:18:36.006925,8.185517799574882e-06
2025-10-31T01:19:20.031683,8.175099537766073e-06
2025-10-31T01:20:02.585269,7.945331162773073e-06
2025-10-31T01:20:43.973863,7.986303899087943e-06
2025-10-31T01:21:26.622896,7.994151928869542e-06
2025-10-31T01:22:07.447464,7.482324690499809e-06
2025-10-31T01:22:45.653577,8.193033863790333e-06
2025-10-31T01:23:25.753210,7.246435416163877e-06
2025-10-31T01:24:06.962821,7.0376308940467425e-06
2025-10-31T01:24:48.123841,7.738846761640161e-06
2025-10-31T01:25:29.883696,6.9441348387044854e-06
2025-10-31T01:26:14.712728,6.95246308168862e-06
2025-10-31T01:26:57.966580,6.862257578177378e-06
2025-10-31T01:27:40.206698,6.538598881888902e-06
2025-10-31T01:28:21.644950,6.514368578791618e-06
2025-10-31T01:29:03.118527,6.457402378146071e-06
2025-10-31T01:29:43.861954,6.2594453993369825e-06
2025-10-31T01:30:24.936956,6.252717867027968e-06
2025-10-31T01:31:06.633635,6.221519470273051e-06
2025-10-31T01:31:48.324166,5.982781658531167e-06
2025-10-31T01:32:29.488719,6.0115321502962615e-06
2025-10-31T01:33:12.134619,6.086416760808788e-06
2025-10-31T01:33:54.679196,5.688901183020789e-06
2025-10-31T01:34:35.600716,5.725070877815597e-06
2025-10-31T01:35:19.521125,5.7188317441614345e-06
2025-10-31T01:36:01.946159,5.522715582628734e-06
2025-10-31T01:36:44.090796,5.344723831512965e-06
2025-10-31T01:37:25.530882,5.173348654352594e-06
2025-10-31T01:38:08.766154,5.155152393854223e-06
2025-10-31T01:38:50.103351,5.070419319963548e-06
2025-10-31T01:39:31.423258,4.936076948069967e-06
2025-10-31T01:40:11.748189,5.204058652452659e-06
2025-10-31T01:40:53.826366,4.882777830061968e-06
2025-10-31T01:41:36.170976,4.857447493122891e-06
2025-10-31T01:42:18.246276,4.910496500087902e-06
2025-10-31T01:43:02.568911,4.704729690274689e-06
2025-10-31T01:43:45.764299,4.743217687064316e-06
2025-10-31T01:44:28.642939,4.509617610892747e-06
2025-10-31T01:45:11.604611,4.415250259626191e-06
2025-10-31T01:45:55.038074,4.260221430740785e-06
2025-10-31T01:46:37.125460,4.518980858847499e-06
2025-10-31T01:47:20.369554,4.523010829871055e-06
2025-10-31T01:48:00.627501,4.315685146139003e-06
2025-10-31T01:48:42.860439,4.206409812468337e-06
2025-10-31T01:49:25.418699,4.003209141956177e-06
2025-10-31T01:50:05.482784,3.988327989645768e-06
2025-10-31T01:50:49.476837,3.800121703534387e-06
2025-10-31T01:51:28.813552,4.002704372396693e-06
2025-10-31T01:52:10.133192,3.5853472581948154e-06
2025-10-31T01:52:53.030781,3.546661446307553e-06
2025-10-31T01:53:34.287508,3.6291244214226026e-06
2025-10-31T01:54:15.067349,3.5479370126267895e-06
2025-10-31T01:54:56.548712,3.5144803405273706e-06
2025-10-31T01:55:38.265255,3.7060840440972243e-06
2025-10-31T01:56:20.270265,3.435889539105119e-06
2025-10-31T01:57:02.670951,3.387857759662438e-06
2025-10-31T01:57:44.194330,3.4142465210607043e-06
2025-10-31T01:58:26.201639,3.34859441863955e-06
2025-10-31T01:59:07.976368,3.480131226751837e-06
2025-10-31T01:59:50.344201,3.0902092476026155e-06
2025-10-31T02:00:32.213167,3.1408117138198577e-06
2025-10-31T02:01:14.413399,2.925894705185783e-06
2025-10-31T02:01:59.092501,3.164626377838431e-06
2025-10-31T02:02:41.437896,2.9414795790216886e-06
2025-10-31T02:03:23.992410,2.8289664442127105e-06
2025-10-31T02:04:07.869777,2.778240741463378e-06
2025-10-31T02:04:51.230560,2.932974439318059e-06
2025-10-31T02:05:33.139237,2.630289145599818e-06
2025-10-31T02:06:16.642420,2.6579175482766004e-06
2025-10-31T02:06:57.579722,2.6409893507661764e-06
2025-10-31T02:07:39.738192,2.5678923520899843e-06
2025-10-31T02:08:21.879939,2.623692580527859e-06
2025-10-31T02:09:06.872350,2.5422659746254794e-06
2025-10-31T02:09:49.474431,2.657992126842146e-06
2025-10-31T02:10:32.930516,2.484094238752732e-06
2025-10-31T02:11:14.826557,2.400563971605152e-06
2025-10-31T02:11:56.963777,2.4238815967692062e-06
2025-10-31T02:12:37.684840,2.509123078198172e-06
2025-10-31T02:13:18.297429,2.452302624078584e-06
2025-10-31T02:14:02.137105,2.2812387214798946e-06
2025-10-31T02:14:44.596432,2.1205901248322334e-06
2025-10-31T02:15:27.548087,2.2309061478154035e-06
2025-10-31T02:16:08.663369,2.1686014406441245e-06
2025-10-31T02:16:52.502686,2.070247546726023e-06
2025-10-31T02:17:34.692165,2.1544474293477833e-06
2025-10-31T02:18:16.308524,2.1458442915900378e-06
2025-10-31T02:18:59.235389,1.954912022483768e-06
2025-10-31T02:19:40.629710,1.9141029952152167e-06
2025-10-31T02:20:21.866036,1.9313733901071828e-06
2025-10-31T02:21:00.745210,1.8571688542579068e-06
2025-10-31T02:21:42.071191,1.930336338773486e-06
2025-10-31T02:22:25.755815,1.8143219904231955e-06
2025-10-31T02:23:07.173457,1.7816894342104206e-06
2025-10-31T02:23:48.146863,1.7836886172517552e-06
2025-10-31T02:24:28.216678,1.7625616237637587e-06
2025-10-31T02:25:11.588815,1.9208646335755475e-06
2025-10-31T02:25:55.120924,1.758932171469496e-06
2025-10-31T02:26:37.075683,1.6502722246514168e-06
2025-10-31T02:27:19.317697,1.7139919918918167e-06
2025-10-31T02:28:01.466328,1.582961886015255e-06
2025-10-31T02:28:41.673441,1.5607200793965603e-06
2025-10-31T02:29:23.155189,1.4548502349498449e-06
2025-10-31T02:30:06.646053,1.4869472124701133e-06
2025-10-31T02:30:47.490645,1.5153796084632631e-06
2025-10-31T02:31:29.312835,1.4629265479015885e-06
2025-10-31T02:32:10.796788,1.3736309938394697e-06
2025-10-31T02:32:52.010124,1.3591852621175349e-06
2025-10-31T02:33:34.139518,1.3550694575314992e-06
2025-10-31T02:34:14.503035,1.3385576949076494e-06
2025-10-31T02:34:54.078750,1.3223225323599763e-06
2025-10-31T02:35:37.761011,1.3636273479278316e-06
2025-10-31T02:36:19.253298,1.3949972981208703e-06
2025-10-31T02:37:01.491026,1.302157215832267e-06
2025-10-31T02:37:43.269312,1.2562279607664095e-06
2025-10-31T02:38:26.305180,1.2152765975770308e-06
2025-10-31T02:39:07.299767,1.272690838050039e-06
2025-10-31T02:39:49.955570,1.2358394769762526e-06
2025-10-31T02:40:32.388568,1.2635208577194135e-06
2025-10-31T02:41:13.710347,1.2598579814948607e-06
2025-10-31T02:41:56.982505,1.1423076102801133e-06
2025-10-31T02:42:40.310565,1.1235566717004986e-06
2025-10-31T02:43:24.099358,1.1879219528054819e-06
2025-10-31T02:44:08.403447,1.1041151992685627e-06
2025-10-31T02:44:50.721734,1.0971683650495834e-06
2025-10-31T02:45:34.019275,1.133247337747889e-06
2025-10-31T02:46:16.790326,1.091287799681595e-06
2025-10-31T02:47:00.514439,1.171427356894128e-06
2025-10-31T02:47:45.221178,9.583586688677315e-07
2025-10-31T02:48:27.884292,1.0213952919002622e-06
2025-10-31T02:49:10.473334,9.93008370642201e-07
2025-10-31T02:49:52.078124,9.491545256423706e-07
2025-10-31T02:50:34.955845,9.17845795811445e-07
2025-10-31T02:51:19.129502,1.016691271615855e-06
2025-10-31T02:52:03.879008,9.834368484007427e-07
2025-10-31T02:52:49.225645,9.009071959553694e-07
2025-10-31T02:53:33.412237,8.598099157097749e-07
2025-10-31T02:54:17.784989,8.789191952018882e-07
2025-10-31T02:55:02.323531,8.184414923562144e-07
2025-10-31T02:55:46.342068,8.214983608922921e-07
2025-10-31T02:56:30.878765,8.247578193731897e-07
2025-10-31T02:57:12.804749,8.20595460027107e-07
2025-10-31T02:57:55.135856,7.828567163414846e-07
2025-10-31T02:58:38.281828,7.959241088428826e-07
2025-10-31T02:59:19.005028,7.979077736308682e-07
2025-10-31T03:00:01.652913,8.076071935647633e-07
2025-10-31T03:00:42.852678,7.365858323282737e-07
2025-10-31T03:01:25.867452,6.955040134926094e-07
2025-10-31T03:02:08.200264,7.713194918324007e-07
2025-10-31T03:02:52.039502,6.806124019931303e-07
2025-10-31T03:03:32.106859,7.032932671791059e-07
2025-10-31T03:04:14.088847,7.247970188473118e-07
2025-10-31T03:04:56.761764,6.834619625806226e-07
2025-10-31T03:05:37.765635,6.648848511758843e-07
2025-10-31T16:33:05.936234,7.07633489582804e-07
2025-10-31T16:33:06.602424,0.595424473285675
2025-10-31T16:33:49.696292,6.377579211402917e-07
2025-10-31T16:33:49.715630,0.5769933462142944
2025-10-31T16:34:31.983827,0.558914065361023
2025-10-31T16:34:31.994510,6.408725994333508e-07
2025-10-31T16:35:12.941821,0.5424902439117432
2025-10-31T16:35:54.066265,0.5256936550140381
2025-10-31T16:36:33.978154,0.5105189681053162
2025-10-31T16:37:14.225485,0.4950971007347107
2025-10-31T16:37:53.568632,0.4805624485015869
2025-10-31T16:38:34.199744,0.46640875935554504
2025-10-31T16:39:14.831800,0.4532521963119507
2025-10-31T16:39:54.330609,0.4394642114639282
2025-10-31T16:40:35.957997,0.42648112773895264
2025-10-31T16:41:17.326586,0.41416093707084656
2025-10-31T16:41:55.674566,0.4029523432254791
2025-10-31T16:42:36.589661,0.3911195993423462
2025-10-31T16:43:18.212390,0.37906399369239807
2025-10-31T16:43:59.107263,0.36938726902008057
2025-10-31T16:44:39.995760,0.3586580157279968
2025-10-31T16:45:19.313945,0.34872889518737793
2025-10-31T16:45:59.686930,0.33909446001052856
2025-10-31T16:46:38.608975,0.32949960231781006
2025-10-31T16:47:19.187524,0.3207179307937622
2025-10-31T16:47:59.766477,0.3121112883090973
2025-10-31T16:48:40.582732,0.30401527881622314
2025-10-31T16:49:21.208375,0.2953425347805023
2025-10-31T16:50:01.778077,0.28709524869918823
2025-10-31T16:50:40.604857,0.27917420864105225
2025-10-31T16:51:21.733743,0.27163785696029663
2025-10-31T16:52:01.637425,0.2649434506893158
2025-10-31T16:52:43.493374,0.25804653763771057
2025-10-31T16:53:24.133987,0.25151747465133667
2025-10-31T16:54:04.647946,0.24488072097301483
2025-10-31T16:54:45.889199,0.23854869604110718
2025-10-31T16:55:24.710024,0.23259592056274414
2025-10-31T16:56:06.861006,0.22668960690498352
2025-10-31T16:56:46.884116,0.22149446606636047
2025-10-31T16:57:27.026710,0.21505430340766907
2025-10-31T16:58:07.827660,0.21000200510025024
2025-10-31T16:58:47.326870,0.20493778586387634
2025-10-31T16:59:26.788854,0.20014673471450806
2025-10-31T17:00:08.813718,0.19531020522117615
2025-10-31T17:00:49.756093,0.19084803760051727
2025-10-31T17:01:29.918040,0.18582506477832794
2025-10-31T17:02:10.718546,0.18195368349552155
2025-10-31T17:02:51.785232,0.17697080969810486
2025-10-31T17:03:32.186153,0.17305998504161835
2025-10-31T17:04:12.003573,0.16878296434879303
2025-10-31T17:04:53.241509,0.1646837443113327
2025-10-31T17:05:34.132290,0.16128036379814148
2025-10-31T17:06:14.127466,0.15702030062675476
2025-10-31T17:06:55.293094,0.15393339097499847
2025-10-31T17:07:35.283109,0.15048688650131226
2025-10-31T17:08:15.502315,0.14706337451934814
2025-10-31T17:08:55.129743,0.14325487613677979
2025-10-31T17:09:35.877807,0.13998553156852722
2025-10-31T17:10:15.641828,0.13688677549362183
2025-10-31T17:10:55.322951,0.13437598943710327
2025-10-31T17:11:35.640635,0.13091826438903809
2025-10-31T17:12:15.896048,0.12858954071998596
2025-10-31T17:12:55.403362,0.1251608282327652
2025-10-31T17:13:35.877713,0.12300976365804672
2025-10-31T17:14:16.838130,0.11956003308296204
2025-10-31T17:14:56.357821,0.11720531433820724
2025-10-31T17:15:37.649124,0.11439922451972961
2025-10-31T17:16:17.952329,0.11239432543516159
2025-10-31T17:16:57.481873,0.11003565788269043
2025-10-31T17:17:36.816982,0.10778103023767471
2025-10-31T17:18:17.001820,0.10508952289819717
2025-10-31T17:18:57.872446,0.10298634320497513
2025-10-31T17:19:38.470624,0.10071223974227905
2025-10-31T17:20:20.065843,0.09879422187805176
2025-10-31T17:21:00.168113,0.096441350877285
2025-10-31T17:21:40.214310,0.09453363716602325
2025-10-31T17:22:20.993896,0.09259343147277832
2025-10-31T17:23:01.836637,0.09103626757860184
2025-10-31T17:23:41.259201,0.08930575847625732
2025-10-31T17:24:20.586518,0.0872214287519455
2025-10-31T17:25:02.684944,0.08494026958942413
2025-10-31T17:25:42.113113,0.08368074893951416
2025-10-31T17:26:22.708626,0.0816526710987091
2025-10-31T17:27:05.638971,0.0799843817949295
2025-10-31T17:27:47.700096,0.07850810885429382
2025-10-31T17:28:28.295226,0.0773766040802002
2025-10-31T17:29:09.654747,0.07557661831378937
2025-10-31T17:29:50.842824,0.07418639957904816
2025-10-31T17:30:30.449965,0.07305984199047089
2025-10-31T17:31:12.193289,0.07160721719264984
2025-10-31T17:31:53.903159,0.06975710391998291
2025-10-31T17:32:33.607623,0.06827841699123383
2025-10-31T17:33:13.869801,0.06723109632730484
2025-10-31T17:33:53.994354,0.06568145751953125
2025-10-31T17:34:34.903280,0.06427446007728577
2025-10-31T17:35:16.195281,0.06326676905155182
2025-10-31T17:35:56.395295,0.06217655912041664
2025-10-31T17:36:37.063764,0.06097780913114548
2025-10-31T17:37:17.373205,0.05966354161500931
2025-10-31T17:37:58.506060,0.05836353078484535
2025-10-31T17:38:39.668802,0.05762773007154465
2025-10-31T17:39:21.379172,0.056542135775089264
2025-10-31T17:40:01.686578,0.055492885410785675
2025-10-31T17:40:43.409251,0.05414028465747833
2025-10-31T17:41:24.974621,0.05291726440191269
2025-10-31T17:42:04.861547,0.051954396069049835
2025-10-31T17:42:46.130457,0.050982765853405
2025-10-31T17:43:28.328354,0.050539251416921616
2025-10-31T17:44:08.674090,0.04934808611869812
2025-10-31T17:44:49.367486,0.04846620559692383
2025-10-31T17:45:30.466788,0.04750603437423706
2025-10-31T17:46:10.985532,0.046497903764247894
2025-10-31T17:46:52.579697,0.045800335705280304
2025-10-31T17:47:33.552013,0.0447804257273674
2025-10-31T17:48:15.696216,0.0439523309469223
2025-10-31T17:48:56.734295,0.04321200028061867
2025-10-31T17:49:35.851921,0.0421178862452507
2025-10-31T17:50:16.978385,0.04171764850616455
2025-10-31T17:50:57.514614,0.040639832615852356
2025-10-31T17:51:37.146478,0.04002493992447853
2025-10-31T17:52:18.329880,0.039303459227085114
2025-10-31T17:52:58.337813,0.0386347696185112
2025-10-31T17:53:39.992105,0.038161471486091614
2025-10-31T17:54:20.196698,0.03732888400554657
2025-10-31T17:55:01.829665,0.036515675485134125
2025-10-31T17:55:42.088219,0.0359719842672348
2025-10-31T17:56:24.233495,0.03546854853630066
2025-10-31T17:57:05.964034,0.03487294912338257
2025-10-31T17:57:48.856561,0.033747587352991104
2025-10-31T17:58:28.854475,0.033601924777030945
2025-10-31T17:59:09.179957,0.032897934317588806
2025-10-31T17:59:50.624608,0.03232433646917343
2025-10-31T18:00:30.815464,0.03191116824746132
2025-10-31T18:01:11.883644,0.03150344267487526
2025-10-31T18:01:53.316460,0.03035667911171913
2025-10-31T18:02:34.127830,0.030005406588315964
2025-10-31T18:03:13.645495,0.02945927157998085
2025-10-31T18:03:53.613646,0.028977204114198685
2025-10-31T18:04:32.952786,0.02843514457345009
2025-10-31T18:05:14.264408,0.028036966919898987
2025-10-31T18:05:54.335015,0.02723231166601181
2025-10-31T18:06:34.907293,0.026768848299980164
2025-10-31T18:07:15.826676,0.026474935933947563
2025-10-31T18:07:55.676568,0.0261811763048172
2025-10-31T18:08:36.848363,0.02558271586894989
2025-10-31T18:09:17.115126,0.025209084153175354
2025-10-31T18:09:59.625493,0.024767614901065826
2025-10-31T18:10:39.616485,0.02412824146449566
2025-10-31T18:11:20.113476,0.023820163682103157
2025-10-31T18:12:01.142149,0.02322130650281906
2025-10-31T18:12:41.573394,0.022876698523759842
2025-10-31T18:13:22.511071,0.022698141634464264
2025-10-31T18:14:02.447198,0.022182930260896683
2025-10-31T18:14:43.032815,0.02167692594230175
2025-10-31T18:15:23.127026,0.021493948996067047
2025-10-31T18:16:05.041735,0.02084958553314209
2025-10-31T18:16:45.149217,0.020505214110016823
2025-10-31T18:17:26.161916,0.020396750420331955
2025-10-31T18:18:07.375691,0.020078931003808975
2025-10-31T18:18:47.143038,0.019722335040569305
2025-10-31T18:19:28.552185,0.019205130636692047
2025-10-31T18:20:10.275286,0.018762212246656418
2025-10-31T18:20:51.467952,0.018588412553071976
2025-10-31T18:21:35.138750,0.01821744069457054
2025-10-31T18:22:17.074279,0.018194422125816345
2025-10-31T18:22:58.388710,0.017542339861392975
2025-10-31T18:23:38.995630,0.017504829913377762
2025-10-31T18:24:20.287762,0.017116080969572067
2025-10-31T18:25:01.722681,0.01673370599746704
2025-10-31T18:25:42.019517,0.016235414892435074
2025-10-31T18:26:23.029964,0.01625863090157509
2025-10-31T18:27:03.770198,0.016008835285902023
2025-10-31T18:27:45.471121,0.015564490109682083
2025-10-31T18:28:26.571337,0.01535013783723116
2025-10-31T18:29:07.542048,0.015162961557507515
2025-10-31T18:29:50.599999,0.014768973924219608
2025-10-31T18:30:31.684193,0.014490731060504913
2025-10-31T18:31:12.475844,0.01447655912488699
2025-10-31T18:31:53.758313,0.01408536359667778
2025-10-31T18:32:35.913297,0.01400490291416645
2025-10-31T18:33:17.525811,0.013615665957331657
2025-10-31T18:33:59.300761,0.01333254761993885
2025-10-31T18:34:40.469268,0.013107586652040482
2025-10-31T18:35:21.341306,0.013103669509291649
2025-10-31T18:36:01.970817,0.012790083885192871
2025-10-31T18:36:44.368775,0.012537035159766674
2025-10-31T18:37:24.722746,0.012388273142278194
2025-10-31T18:38:05.677987,0.012134019285440445
2025-10-31T18:38:47.248899,0.011901406571269035
2025-10-31T18:39:28.328976,0.011793000623583794
2025-10-31T18:40:09.686685,0.011583147570490837
2025-10-31T18:40:52.262303,0.011249247938394547
2025-10-31T18:41:33.580938,0.011243048124015331
2025-10-31T18:42:14.807198,0.010887246578931808
2025-10-31T18:42:54.962277,0.01062491349875927
2025-10-31T18:43:35.573475,0.010460970923304558
2025-10-31T18:44:15.836321,0.010372450575232506
2025-10-31T18:44:58.149535,0.01019556075334549
2025-10-31T18:45:37.978168,0.010092148557305336
2025-10-31T18:46:17.794007,0.00975868571549654
2025-10-31T18:46:58.322214,0.00960073247551918
2025-10-31T18:47:37.876436,0.009639943018555641
2025-10-31T18:48:19.520109,0.009269755333662033
2025-10-31T18:49:00.623505,0.009142016991972923
2025-10-31T18:49:41.367861,0.00904931128025055
2025-10-31T18:50:22.247459,0.00905020721256733
2025-10-31T18:51:03.039875,0.008757378906011581
2025-10-31T18:51:45.050648,0.008581189438700676
2025-10-31T18:52:25.777760,0.008464500308036804
2025-10-31T18:53:05.973507,0.008391574025154114
2025-10-31T18:53:47.639625,0.008180207572877407
2025-10-31T18:54:29.281508,0.008011706173419952
2025-10-31T18:55:11.089351,0.00785353034734726
2025-10-31T18:55:53.033990,0.007782696280628443
2025-10-31T18:56:35.313605,0.007606798317283392
2025-10-31T18:57:15.146569,0.007385512813925743
2025-10-31T18:57:55.252965,0.007385525852441788
2025-10-31T18:58:37.794286,0.007256383076310158
2025-10-31T18:59:18.543265,0.007135017774999142
2025-10-31T19:00:00.121266,0.0069785695523023605
2025-10-31T19:00:40.886124,0.006808049976825714
2025-10-31T19:01:22.818098,0.006798882968723774
2025-10-31T19:02:04.101351,0.006650172173976898
2025-10-31T19:02:46.517423,0.006520478054881096
2025-10-31T19:03:28.789670,0.0064071426168084145
2025-10-31T19:04:10.613134,0.006352514028549194
2025-10-31T19:04:52.595648,0.006147077307105064
2025-10-31T19:05:34.109140,0.0061478218995034695
2025-10-31T19:06:14.362445,0.006047266535460949
2025-10-31T19:06:56.497969,0.005967782344669104
2025-10-31T19:07:37.071444,0.0058213951997458935
2025-10-31T19:08:18.118094,0.005750860087573528
2025-10-31T19:08:57.985130,0.005589024163782597
2025-10-31T19:09:38.025359,0.005581730976700783
2025-10-31T19:10:18.962499,0.005382678471505642
2025-10-31T19:11:00.928186,0.005390599835664034
2025-10-31T19:11:43.203387,0.005167013965547085
2025-10-31T19:12:23.755306,0.0051407841965556145
2025-10-31T19:13:05.704613,0.0050995852798223495
2025-10-31T19:13:46.330683,0.004901067353785038
2025-10-31T19:14:27.299351,0.004982021637260914
2025-10-31T19:15:08.858532,0.004831938073039055
2025-10-31T19:15:49.681597,0.004719827324151993
2025-10-31T19:16:34.723636,0.0047594597563147545
2025-10-31T19:17:16.632845,0.004641903564333916
2025-10-31T19:17:57.760867,0.004491697996854782
2025-10-31T19:18:39.617175,0.004447409883141518
2025-10-31T19:19:21.535663,0.004409934394061565
2025-10-31T19:20:01.296778,0.004269711673259735
2025-10-31T19:20:46.704621,0.004197181202471256
2025-10-31T19:21:30.449535,0.004110035020858049
2025-10-31T19:22:11.798401,0.004086603410542011
2025-10-31T19:22:53.292314,0.004077374469488859
2025-10-31T19:23:34.616531,0.003909069113433361
2025-10-31T19:24:15.162279,0.0038604550063610077
2025-10-31T19:24:57.452039,0.003857199102640152
2025-10-31T19:25:39.775425,0.0038098804652690887
2025-10-31T19:26:23.259694,0.0037724957801401615
2025-10-31T19:27:05.901577,0.0036097001284360886
2025-10-31T19:27:48.740426,0.0035000767093151808
2025-10-31T19:28:30.340320,0.0036017547827214003
2025-10-31T19:29:10.775850,0.0034809280186891556
2025-10-31T19:29:53.971101,0.003412836231291294
2025-10-31T19:30:34.892292,0.003298488212749362
2025-10-31T19:31:17.606577,0.003261225065216422
2025-10-31T19:32:00.910102,0.0032312495168298483
2025-10-31T19:32:43.331337,0.003145599504932761
2025-10-31T19:33:24.379917,0.003110527992248535
2025-10-31T19:34:05.993091,0.003076552879065275
2025-10-31T19:34:47.128036,0.0029895363841205835
2025-10-31T19:35:29.162433,0.00298504950478673
2025-10-31T19:36:12.661896,0.0028944998048245907
2025-10-31T19:36:54.774050,0.002899766433984041
2025-10-31T19:37:36.316318,0.0028395256958901882
2025-10-31T19:38:16.698839,0.0027772006578743458
2025-10-31T19:38:58.462316,0.0028118975460529327
2025-10-31T19:39:40.512822,0.0027234815061092377
2025-10-31T19:40:23.559746,0.002640520455315709
2025-10-31T19:41:06.667357,0.002650582231581211
2025-10-31T19:41:48.188194,0.002577303908765316
2025-10-31T19:42:30.855799,0.002579855266958475
2025-10-31T19:43:12.532230,0.0024688418488949537
2025-10-31T19:43:52.517993,0.0024313325993716717
2025-10-31T19:44:36.222959,0.0024262298829853535
2025-10-31T19:45:18.202137,0.002351099159568548
2025-10-31T19:46:00.994175,0.0022704252041876316
2025-10-31T19:46:44.137449,0.0022925706580281258
2025-10-31T19:47:24.800258,0.0022416303399950266
2025-10-31T19:48:06.312966,0.0022111297585070133
2025-10-31T19:48:47.702518,0.0021615864243358374
2025-10-31T19:49:30.126441,0.002183837816119194
2025-10-31T19:50:13.879514,0.002078758552670479
2025-10-31T19:50:54.388328,0.0020397179760038853
2025-10-31T19:51:36.312309,0.0020502726547420025
2025-10-31T19:52:18.243232,0.002022871281951666
2025-10-31T19:53:01.629903,0.0019494964508339763
2025-10-31T19:53:43.692639,0.0019290427444502711
2025-10-31T19:54:25.453614,0.001899093622341752
2025-10-31T19:55:07.696509,0.0018872186774387956
2025-10-31T19:55:50.267052,0.0018482996383681893
2025-10-31T19:56:33.620262,0.001806412823498249
2025-10-31T19:57:15.474666,0.0018223451916128397
2025-10-31T19:57:57.750541,0.0017906262073665857
2025-10-31T19:58:38.337965,0.0017145914025604725
2025-10-31T19:59:21.493668,0.0016660408582538366
2025-10-31T20:00:03.473122,0.0016354273539036512
2025-10-31T20:00:44.383039,0.0016276267124339938
2025-10-31T20:01:27.724406,0.0015946031780913472
2025-10-31T20:02:08.296456,0.0016010175459086895
2025-10-31T20:02:50.348163,0.0015329032903537154
2025-10-31T20:03:31.210741,0.001526908716186881
2025-10-31T20:04:14.028543,0.0015322224935516715
2025-10-31T20:04:57.230953,0.0015097155701369047
2025-10-31T20:05:39.382144,0.0014753497671335936
2025-10-31T20:06:21.522303,0.0014710655668750405
2025-10-31T20:07:02.896850,0.0014558235416188836
2025-10-31T20:07:45.140852,0.0013753348030149937
2025-10-31T20:08:29.158796,0.0014164072927087545
2025-10-31T20:09:11.089516,0.0013491197023540735
2025-10-31T20:09:53.010553,0.001319424482062459
2025-10-31T20:10:34.280944,0.0013221870176494122
2025-10-31T20:11:16.729131,0.001274563604965806
2025-10-31T20:11:57.783493,0.0012740608071908355
2025-10-31T20:12:42.465369,0.001251275883987546
2025-10-31T20:13:25.999255,0.0012024291791021824
2025-10-31T20:14:08.114354,0.0012018285924568772
2025-10-31T20:14:51.767876,0.0011591969523578882
2025-10-31T20:15:34.887152,0.0011365213431417942
2025-10-31T20:16:17.792684,0.0011318526230752468
2025-10-31T20:17:00.386702,0.0011227813083678484
2025-10-31T20:17:44.289076,0.0011185926850885153
2025-10-31T20:18:26.225345,0.001074214931577444
2025-10-31T20:19:08.685148,0.0010656833183020353
2025-10-31T20:19:50.806949,0.0010512579465284944
2025-10-31T20:20:33.936855,0.001032265368849039
2025-10-31T20:21:17.063030,0.0010129548609256744
2025-10-31T20:22:00.224760,0.0009747380390763283
2025-10-31T20:22:42.788602,0.000997381517663598
2025-10-31T20:23:27.415131,0.0009415282984264195
2025-10-31T20:24:10.292228,0.0009342461708001792
2025-10-31T20:24:52.324449,0.0009467249037697911
2025-10-31T20:25:35.934759,0.0009095287532545626
2025-10-31T20:26:20.488954,0.0008776791510172188
2025-10-31T20:27:03.193570,0.0009041302837431431
2025-10-31T20:27:46.090404,0.0008734646835364401
2025-10-31T20:28:28.642134,0.0008455871138721704
2025-10-31T20:29:11.989553,0.0008500713156536222
2025-10-31T20:29:55.328629,0.0008405459229834378
2025-10-31T20:30:37.809677,0.0008097619866020977
2025-10-31T20:31:21.417831,0.0007926548132672906
2025-10-31T20:32:05.045770,0.0007843013154342771
2025-10-31T20:32:48.653724,0.0007711437065154314
2025-10-31T20:33:29.850412,0.0007640145486220717
2025-10-31T20:34:14.022107,0.0007422263151966035
2025-10-31T20:34:55.829375,0.0007542564999312162
2025-10-31T20:35:38.246434,0.0007219896069727838
2025-10-31T20:36:20.920302,0.0007168066222220659
2025-10-31T20:37:04.277073,0.0006958528538234532
2025-10-31T20:37:46.529244,0.0006914815166965127
2025-10-31T20:38:28.928546,0.000684544094838202
2025-10-31T20:39:12.034128,0.000651224865578115
2025-10-31T20:39:56.191133,0.0006428492488339543
2025-10-31T20:40:36.890891,0.0006333657074719667
2025-10-31T20:41:19.547577,0.0006278931978158653
2025-10-31T20:42:02.354078,0.0006402809522114694
2025-10-31T20:42:46.523405,0.0006191328284330666
2025-10-31T20:43:28.575946,0.0006132693379186094
2025-10-31T20:44:09.694769,0.0005940372357144952
2025-10-31T20:44:52.950652,0.0005831086309626698
2025-10-31T20:45:36.435404,0.0005772699369117618
2025-10-31T20:46:18.658230,0.000553881807718426
2025-10-31T20:47:00.407110,0.0005481536500155926
2025-10-31T20:47:43.197362,0.0005459834355860949
2025-10-31T20:48:26.352845,0.0005271575064398348
2025-10-31T20:49:08.419066,0.0005152733065187931
2025-10-31T20:49:51.608510,0.0005237441509962082
2025-10-31T20:50:35.816853,0.0005075500812381506
2025-10-31T20:51:17.216363,0.0005083655705675483
2025-10-31T20:52:00.578192,0.0004931793082505465
2025-10-31T20:52:44.376623,0.00048319969209842384
2025-10-31T20:53:27.257867,0.0004829849349334836
2025-10-31T20:54:09.880372,0.00046867848141118884
2025-10-31T20:54:53.351898,0.0004631030315067619
2025-10-31T20:55:36.943696,0.0004596826038323343
2025-10-31T20:56:18.791353,0.0004525147960521281
2025-10-31T20:57:02.369029,0.0004346413479652256
2025-10-31T20:57:45.147862,0.00042706922977231443
2025-10-31T20:58:27.984270,0.0004260831046849489
2025-10-31T20:59:10.597204,0.00042246925295330584
2025-10-31T20:59:53.424651,0.00041573739144951105
2025-10-31T21:00:35.518437,0.0004170618485659361
2025-10-31T21:01:19.470285,0.00040405255276709795
2025-10-31T21:02:02.266204,0.0003868106286972761
2025-10-31T21:02:44.869188,0.0004030880518257618
2025-10-31T21:03:26.775496,0.0003719243686646223
2025-10-31T21:04:10.170528,0.00037697574589401484
2025-10-31T21:04:53.179491,0.0003628793638199568
2025-10-31T21:05:34.649817,0.00036903779255226254
2025-10-31T21:06:18.464842,0.0003610186977311969
2025-10-31T21:07:02.185027,0.0003478960716165602
2025-10-31T21:07:45.525283,0.00034504319773986936
2025-10-31T21:08:27.286033,0.00033373586484231055
2025-10-31T21:09:10.997963,0.00032731343526393175
2025-10-31T21:09:55.549741,0.0003353450447320938
2025-10-31T21:10:38.111942,0.00031800969736650586
2025-10-31T21:11:21.603003,0.0003108696546405554
2025-10-31T21:12:05.541405,0.00031334738014265895
2025-10-31T21:12:48.211615,0.0003076523425988853
2025-10-31T21:13:31.642031,0.00029371801065281034
2025-10-31T21:14:16.023578,0.0003008724597748369
2025-10-31T21:14:58.906819,0.0003046622732654214
2025-10-31T21:15:41.237811,0.0002841204113792628
2025-10-31T21:16:25.237309,0.00029302819166332483
2025-10-31T21:17:08.787246,0.0002737660543061793
2025-10-31T21:17:52.458820,0.00026776944287121296
2025-10-31T21:18:35.657109,0.0002651901450008154
2025-10-31T21:19:18.940586,0.0002724279183894396
2025-10-31T21:20:01.990134,0.0002535123785492033
2025-10-31T21:20:45.541615,0.0002492077765055001
2025-10-31T21:21:28.127530,0.00025397544959560037
2025-10-31T21:22:12.891503,0.0002443136181682348
2025-10-31T21:22:56.443471,0.0002417402865830809
2025-10-31T21:23:39.591321,0.00023165282618720084
2025-10-31T21:24:23.731534,0.00022970301506575197
2025-10-31T21:25:05.116684,0.00022970163263380527
2025-10-31T21:25:49.199134,0.00023045853595249355
2025-10-31T21:26:32.878755,0.00022246682783588767
2025-10-31T21:27:16.894693,0.00022816854470875114
2025-10-31T21:27:59.946716,0.0002134745882358402
2025-10-31T21:28:44.342435,0.0002148613566532731
2025-10-31T21:29:29.115394,0.00020490435417741537
2025-10-31T21:30:11.782439,0.00020839643548242748
2025-10-31T21:30:55.805575,0.00020301740732975304
2025-10-31T21:31:40.723274,0.00019968538254033774
2025-10-31T21:32:24.567129,0.00019526609685271978
2025-10-31T21:33:08.175473,0.00019296607933938503
2025-10-31T21:33:49.530646,0.00019357859855517745
2025-10-31T21:34:32.339852,0.00017461793322581798
2025-10-31T21:35:15.260519,0.00018416282546240836
2025-10-31T21:35:59.292614,0.00018105452181771398
2025-10-31T21:36:43.300349,0.00017459396622143686
2025-10-31T21:37:27.356320,0.00017614538955967873
2025-10-31T21:38:12.020742,0.0001734640245558694
2025-10-31T21:38:54.670575,0.00015804290887899697
2025-10-31T21:39:37.779795,0.00016926588432397693
2025-10-31T21:40:20.977777,0.00015832221833989024
2025-10-31T21:41:03.816393,0.00016740206046961248
2025-10-31T21:41:48.548286,0.0001604350545676425
2025-10-31T21:42:33.143507,0.00015393798821605742
2025-10-31T21:43:15.661016,0.00015342532424256206
2025-10-31T21:43:58.335327,0.0001537256466690451
2025-10-31T21:44:42.191914,0.00014531941269524395
2025-10-31T21:45:25.430434,0.00014330551493912935
2025-10-31T21:46:10.097397,0.00014123006258159876
2025-10-31T21:46:54.758205,0.00014055243809707463
2025-10-31T21:47:38.206096,0.00013637110532727093
2025-10-31T21:48:22.905666,0.00014061451656743884
2025-10-31T21:49:05.834367,0.0001412372075719759
2025-10-31T21:49:49.523248,0.00012694836186710745
2025-10-31T21:50:32.033284,0.00012530660023912787
2025-10-31T21:51:16.198815,0.00012296051136218011
2025-10-31T21:52:00.647219,0.00012617123138625175
2025-10-31T21:52:42.645134,0.00011814209574367851
2025-10-31T21:53:25.737484,0.00012397897080518305
2025-10-31T21:54:08.872490,0.00011966362944804132
2025-10-31T21:54:52.214574,0.00011808722774730995
2025-10-31T21:55:36.222644,0.0001135330312536098
2025-10-31T21:56:19.863303,0.0001172234769910574
2025-10-31T21:57:04.873995,0.00011334056034684181
2025-10-31T21:57:48.002442,0.0001117551073548384
2025-10-31T21:58:31.471269,0.00010907545947702602
2025-10-31T21:59:14.368666,0.00010504501551622525
2025-10-31T21:59:58.101813,0.0001025340607156977
2025-10-31T22:00:42.511805,0.00010213653149548918
2025-10-31T22:01:24.251576,9.694018808659166e-05
2025-10-31T22:02:07.044097,9.659600618761033e-05
2025-10-31T22:02:50.416728,9.432059596292675e-05
2025-10-31T22:03:34.979557,9.27611836232245e-05
2025-10-31T22:04:18.144122,9.39303427003324e-05
2025-10-31T22:05:00.243583,9.288627916248515e-05
2025-10-31T22:05:43.453237,9.083142504096031e-05
2025-10-31T22:06:28.324664,8.650962263345718e-05
2025-10-31T22:07:11.025029,8.948631148086861e-05
2025-10-31T22:07:56.612361,8.867155702318996e-05
2025-10-31T22:08:41.665500,8.500045805703849e-05
2025-10-31T22:09:24.287617,8.246638026321307e-05
2025-10-31T22:10:08.530395,7.840097532607615e-05
2025-10-31T22:10:52.389356,8.116804383462295e-05
2025-10-31T22:11:34.381146,8.290122787002474e-05
2025-10-31T22:12:20.045165,7.716048276051879e-05
2025-10-31T22:13:03.940211,7.934428140288219e-05
2025-10-31T22:13:48.604706,7.46160076232627e-05
2025-10-31T22:14:33.426283,7.554807234555483e-05
2025-10-31T22:15:16.337414,6.898461288074031e-05
2025-10-31T22:16:00.697027,7.132508471840993e-05
2025-10-31T22:16:44.658869,7.12832115823403e-05
2025-10-31T22:17:28.123448,7.266108877956867e-05
2025-10-31T22:18:11.983195,6.977464363444597e-05
2025-10-31T22:18:56.461517,7.113205356290564e-05
2025-10-31T22:19:39.775122,6.544987263623625e-05
2025-10-31T22:20:24.403994,6.626487447647378e-05
2025-10-31T22:21:09.273780,6.656328332610428e-05
2025-10-31T22:21:53.449290,6.277304055402055e-05
2025-10-31T22:22:37.134128,6.13935844739899e-05
2025-10-31T22:23:20.454831,6.43809835310094e-05
2025-10-31T22:24:04.318170,6.056617712602019e-05
2025-10-31T22:24:48.675636,5.941890412941575e-05
2025-10-31T22:25:32.157719,5.948160105617717e-05
2025-10-31T22:26:16.870903,5.6783748732414097e-05
2025-10-31T22:27:02.622003,5.529442569240928e-05
2025-10-31T22:27:46.550056,5.663158299284987e-05
2025-10-31T22:28:31.006323,5.49689466424752e-05
2025-10-31T22:29:15.526802,5.085996963316575e-05
2025-10-31T22:30:00.955890,4.978786455467343e-05
2025-10-31T22:30:43.750206,5.285935185384005e-05
2025-10-31T22:31:28.371213,5.265428626444191e-05
2025-10-31T22:32:12.131708,4.8938451072899625e-05
2025-10-31T22:32:55.355373,4.949632420903072e-05
2025-10-31T22:33:39.093316,4.6328885218827054e-05
2025-10-31T22:34:23.038180,4.7619636461604387e-05
2025-10-31T22:35:06.735803,4.679288394981995e-05
2025-10-31T22:35:50.437275,4.961796003044583e-05
2025-10-31T22:36:34.972935,4.771508974954486e-05
2025-10-31T22:37:18.995883,4.414185241330415e-05
2025-10-31T22:38:02.263337,4.445877857506275e-05
2025-10-31T22:38:45.856947,4.4019157940056175e-05
2025-10-31T22:39:29.283848,4.066783731104806e-05
2025-10-31T22:40:13.620042,4.325478948885575e-05
2025-10-31T22:40:58.947691,4.310711665311828e-05
2025-10-31T22:41:43.324955,3.9557158743264154e-05
2025-10-31T22:42:26.343822,3.861344885081053e-05
2025-10-31T22:43:10.426068,3.9083315641619265e-05
2025-10-31T22:43:53.970798,3.957679291488603e-05
2025-10-31T22:44:37.133233,3.969316458096728e-05
2025-10-31T22:45:19.426738,3.6046716559212655e-05
2025-10-31T22:46:04.421471,3.5083197872154415e-05
2025-10-31T22:46:48.077231,3.699172521010041e-05
2025-10-31T22:47:33.177423,3.501912942738272e-05
2025-10-31T22:48:17.297060,3.5178178222849965e-05
2025-10-31T22:49:01.948389,3.464438486844301e-05
2025-10-31T22:49:45.498124,3.3345208066748455e-05
2025-10-31T22:50:29.892569,3.413559898035601e-05
2025-10-31T22:51:12.717507,3.286600622232072e-05
2025-10-31T22:51:58.084685,3.1029914680402726e-05
2025-10-31T22:52:41.790162,3.236017073504627e-05
2025-10-31T22:53:25.924516,3.0391518521355465e-05
2025-10-31T22:54:09.150355,2.8745071176672354e-05
2025-10-31T22:54:55.326521,3.0168779630912468e-05
2025-10-31T22:55:38.611185,3.0124861950753257e-05
2025-10-31T22:56:22.332211,2.8421713068382815e-05
2025-10-31T22:57:06.699100,2.875208156183362e-05
2025-10-31T22:57:51.465248,2.803302777465433e-05
2025-10-31T22:58:36.415644,2.753523222054355e-05
2025-10-31T22:59:19.860021,2.7526983103598468e-05
2025-10-31T23:00:04.495233,2.703318023122847e-05
2025-10-31T23:00:47.376121,2.754623164946679e-05
2025-10-31T23:01:32.231978,2.52015634032432e-05
2025-10-31T23:02:17.319840,2.5295496016042307e-05
2025-10-31T23:03:00.756131,2.491466329956893e-05
2025-10-31T23:03:44.069718,2.4495122488588095e-05
2025-10-31T23:04:27.991018,2.36437663261313e-05
2025-10-31T23:05:10.762429,2.3558315660920925e-05
2025-10-31T23:05:55.464591,2.414421396679245e-05
2025-10-31T23:06:40.591361,2.3290504032047465e-05
2025-10-31T23:07:26.246087,2.3318090825341642e-05
2025-10-31T23:08:10.394469,2.3953240088303573e-05
2025-10-31T23:08:54.347539,2.2462394554167986e-05
2025-10-31T23:09:39.722088,2.140008655260317e-05
2025-10-31T23:10:23.923644,2.182684329454787e-05
2025-10-31T23:11:08.284276,2.0929881429765373e-05
2025-10-31T23:11:52.817335,1.963076283573173e-05
2025-10-31T23:12:37.519885,1.9743747543543577e-05
2025-10-31T23:13:22.363340,1.9311773939989507e-05
2025-10-31T23:14:06.120506,1.9233419152442366e-05
2025-10-31T23:14:49.574549,1.8651549908099696e-05
2025-10-31T23:15:34.229887,1.8913498934125528e-05
2025-10-31T23:16:17.372274,1.8518714568926953e-05
2025-10-31T23:17:02.817995,1.8543250916991383e-05
2025-10-31T23:17:47.334683,1.779158628778532e-05
2025-10-31T23:18:31.061790,1.7934013158082962e-05
2025-10-31T23:19:16.556643,1.7051450413418934e-05
2025-10-31T23:19:59.547246,1.685530151007697e-05
2025-10-31T23:20:44.513054,1.652626451686956e-05
2025-10-31T23:21:28.559722,1.697076004347764e-05
2025-10-31T23:22:14.122714,1.713762139843311e-05
2025-10-31T23:22:57.832205,1.65031487995293e-05
2025-10-31T23:23:41.846074,1.539728691568598e-05
2025-10-31T23:24:26.890972,1.479636921430938e-05
2025-10-31T23:25:10.701517,1.652043101785239e-05
2025-10-31T23:25:55.946736,1.5344221537816338e-05
2025-10-31T23:26:39.801562,1.4244111298467033e-05
2025-10-31T23:27:24.614345,1.4729595022799913e-05
2025-10-31T23:28:07.588720,1.5286925190594047e-05
2025-10-31T23:28:52.092532,1.4496796211460605e-05
2025-10-31T23:29:36.307797,1.4202838428900577e-05
2025-10-31T23:30:20.673340,1.3133018001099117e-05
2025-10-31T23:31:05.307090,1.3726109500566963e-05
2025-10-31T23:31:49.634425,1.2049104952893686e-05
2025-10-31T23:32:34.194343,1.3522643712349236e-05
2025-10-31T23:33:17.678419,1.296471236855723e-05
2025-10-31T23:34:01.563949,1.2068075193383265e-05
2025-10-31T23:34:47.140509,1.2869359125033952e-05
2025-10-31T23:35:31.479818,1.1345626262482256e-05
2025-10-31T23:36:15.066075,1.2071439414285123e-05
2025-10-31T23:36:59.332912,1.2120257451897487e-05
2025-10-31T23:37:45.561056,1.1168333003297448e-05
2025-10-31T23:38:29.980255,1.120628985518124e-05
2025-10-31T23:39:13.412511,1.1012898539775051e-05
2025-10-31T23:39:58.399699,1.1176831321790814e-05
2025-10-31T23:40:43.126466,1.0861085684155114e-05
2025-10-31T23:41:26.937359,1.08111644294695e-05
2025-10-31T23:42:12.135383,1.0242806638416369e-05
2025-10-31T23:42:55.827535,1.0033918442786671e-05
2025-10-31T23:43:41.099124,9.464156391914003e-06
2025-10-31T23:44:25.293271,9.77383206191007e-06
2025-10-31T23:45:10.053660,1.0060379281640053e-05
2025-10-31T23:45:55.142499,9.36511241889093e-06
2025-10-31T23:46:39.552161,8.860598427418154e-06
2025-10-31T23:47:23.212933,8.989087291411124e-06
2025-10-31T23:48:08.269228,8.697248631506227e-06
2025-10-31T23:48:54.266542,9.655154826759826e-06
2025-10-31T23:49:38.496539,8.821092706057243e-06
2025-10-31T23:50:22.646900,8.478958989144303e-06
2025-10-31T23:51:08.472578,8.398533282161225e-06
2025-10-31T23:51:51.942047,9.060120646608993e-06
2025-10-31T23:52:36.130265,8.260498361778446e-06
2025-10-31T23:53:20.883105,7.787630238453858e-06
2025-10-31T23:54:05.859073,7.875338269514032e-06
2025-10-31T23:54:50.828696,8.587799129600171e-06
2025-10-31T23:55:36.351476,8.043990419537295e-06
2025-10-31T23:56:20.700215,7.504188033635728e-06
2025-10-31T23:57:05.383112,7.78661615186138e-06
2025-10-31T23:57:50.655765,7.444501534337178e-06
2025-10-31T23:58:34.729936,7.260272013809299e-06
2025-10-31T23:59:19.429550,7.239144451887114e-06
2025-11-01T00:00:02.407716,6.83731195749715e-06
2025-11-01T00:00:46.548130,6.867542197142029e-06
2025-11-01T00:01:30.239307,6.679437319689896e-06
2025-11-01T00:02:14.237796,7.012019068497466e-06
2025-11-01T00:02:58.001507,6.879694865347119e-06
2025-11-01T00:03:43.711430,6.24696804152336e-06
2025-11-01T00:04:27.040912,6.739781383657828e-06
2025-11-01T00:05:11.095134,6.079284503357485e-06
2025-11-01T00:05:59.039469,6.250184014788829e-06
2025-11-01T00:06:42.634760,5.898852577956859e-06
2025-11-01T00:07:27.405359,6.403345651051495e-06
2025-11-01T00:08:11.622017,5.889776275580516e-06
2025-11-01T00:08:56.054646,5.783072083431762e-06
2025-11-01T00:09:41.661967,5.436943865788635e-06
2025-11-01T00:10:25.608865,5.645933924824931e-06
2025-11-01T00:11:09.510930,5.700373549188953e-06
2025-11-01T00:11:55.202331,5.415510713646654e-06
2025-11-01T00:12:38.546360,5.057294401922263e-06
2025-11-01T00:13:24.102634,4.902532054984476e-06
2025-11-01T00:14:09.004949,5.144947863300331e-06
2025-11-01T00:14:53.987125,5.087427325634053e-06
2025-11-01T00:15:38.572888,5.0686321628745645e-06
2025-11-01T00:16:22.476574,4.582528163155075e-06
2025-11-01T00:17:06.936579,5.4096130952530075e-06
2025-11-01T00:17:52.622881,4.770486157212872e-06
2025-11-01T00:18:37.144024,4.476323738344945e-06
2025-11-01T00:19:20.569744,4.72828651254531e-06
2025-11-01T00:20:05.334134,4.770369287143694e-06
2025-11-01T00:20:49.365513,4.482183612708468e-06
2025-11-01T00:21:32.591209,4.2636957005015574e-06
2025-11-01T00:22:17.120079,4.556963631330291e-06
2025-11-01T00:23:03.410408,4.296358383726329e-06
2025-11-01T00:23:47.857198,4.303219611756504e-06
2025-11-01T00:24:31.768053,3.910551640728954e-06
2025-11-01T00:25:16.004692,4.2632550503185485e-06
2025-11-01T00:26:01.113439,4.016003003926016e-06
2025-11-01T00:26:44.624061,4.060366336489096e-06
2025-11-01T00:27:30.813232,4.33257127951947e-06
2025-11-01T00:28:16.285617,3.5522839425539132e-06
2025-11-01T00:29:01.406744,3.7555457765847677e-06
2025-11-01T00:29:45.955700,3.7695754144806415e-06
2025-11-01T00:30:31.221781,3.330815161461942e-06
2025-11-01T00:31:14.786497,3.5277564620628254e-06
2025-11-01T00:31:59.432901,3.6045771594217513e-06
2025-11-01T00:32:44.028162,3.2194211598834954e-06
2025-11-01T00:33:29.007873,3.3598903428355698e-06
2025-11-01T00:34:14.445254,3.1154077078099363e-06
2025-11-01T00:34:59.117312,3.200729224772658e-06
2025-11-01T00:35:43.549818,3.023570570803713e-06
2025-11-01T00:36:27.957165,3.098923116340302e-06
2025-11-01T00:37:13.055616,3.0510523174598347e-06
2025-11-01T00:37:59.283213,2.8409781407390255e-06
2025-11-01T00:38:43.605321,2.7073019737144932e-06
2025-11-01T00:39:26.872569,2.994207079609623e-06
2025-11-01T00:40:11.807040,2.75530601356877e-06
2025-11-01T00:40:56.330822,2.8772574296453968e-06
2025-11-01T00:41:39.447294,2.8232475415279623e-06
2025-11-01T00:42:25.375847,2.7131254682899453e-06
2025-11-01T00:43:10.785256,2.8792169359803665e-06
2025-11-01T00:43:54.393993,2.7196247174288146e-06
2025-11-01T00:44:39.442918,2.6583038561511785e-06
2025-11-01T00:45:24.259033,2.584240064607002e-06
2025-11-01T00:46:09.602546,2.421524868623237e-06
2025-11-01T00:46:54.224807,2.5693948373373132e-06
2025-11-01T00:47:39.240803,2.4183220830309438e-06
2025-11-01T00:48:24.670718,2.4006801595533034e-06
2025-11-01T00:49:07.848964,2.3917327780509368e-06
2025-11-01T00:49:53.440953,2.2792594336351613e-06
2025-11-01T00:50:38.273367,2.450477950333152e-06
2025-11-01T00:51:22.667690,2.1308951545506716e-06
2025-11-01T00:52:07.923366,2.2444546630140394e-06
2025-11-01T00:52:54.526665,2.3351985873887315e-06
2025-11-01T00:53:40.486583,2.1436962924781255e-06
2025-11-01T00:54:26.215939,2.0374166069814237e-06
2025-11-01T00:55:11.404699,2.048616806860082e-06
2025-11-01T00:55:56.228344,2.0847403447987745e-06
2025-11-01T00:56:40.210117,2.1508135432668496e-06
2025-11-01T00:57:24.912827,1.8826341374733602e-06
2025-11-01T00:58:11.350045,1.9386191070225323e-06
2025-11-01T00:58:57.952402,1.9444405552349053e-06
2025-11-01T00:59:42.292159,1.8743173768598353e-06
2025-11-01T01:00:26.052659,1.7554873465996934e-06
2025-11-01T01:01:08.898160,1.7812961914387415e-06
2025-11-01T01:01:53.867238,1.7379134078510106e-06
2025-11-01T01:02:38.716060,1.7299091723543825e-06
2025-11-01T01:03:23.153727,1.6493893326696707e-06
2025-11-01T01:04:07.002237,1.759706492521218e-06
2025-11-01T01:04:51.716219,1.68404653777543e-06
2025-11-01T01:05:39.421324,1.6353732235074858e-06
2025-11-01T01:06:24.099473,1.5755466620248626e-06
2025-11-01T01:07:10.076665,1.6551681483178982e-06
2025-11-01T01:07:55.552218,1.6116605365823489e-06
2025-11-01T01:08:39.214261,1.5776342934259446e-06
2025-11-01T01:09:25.121371,1.5741027254989604e-06
2025-11-01T01:10:11.481114,1.4299234862846788e-06
2025-11-01T01:10:57.616244,1.5175339740380878e-06
2025-11-01T01:11:41.259083,1.5567500213364838e-06
2025-11-01T01:12:28.046141,1.4040322184882825e-06
2025-11-01T01:13:13.034430,1.394747073391045e-06
2025-11-01T01:13:57.834501,1.3759461126028327e-06
2025-11-01T01:14:42.437374,1.3877695437258808e-06
2025-11-01T01:15:28.118345,1.3392509572440758e-06
2025-11-01T01:16:13.059566,1.3166809367248788e-06
2025-11-01T01:16:58.438953,1.2962902928848052e-06
2025-11-01T01:17:43.734528,1.207991772389505e-06
2025-11-01T01:18:28.361866,1.2068236401319155e-06
2025-11-01T01:19:13.074047,1.2727836065096199e-06
2025-11-01T01:19:56.735445,1.205579906127241e-06
2025-11-01T01:20:41.781835,1.223025947183487e-06
2025-11-01T01:21:27.074141,1.2105149380658986e-06
2025-11-01T01:22:12.032622,1.0432316912556416e-06
2025-11-01T01:22:56.005189,1.2767316093231784e-06
2025-11-01T01:23:41.268448,1.1584164667510777e-06
2025-11-01T01:24:27.361710,1.0517335340409772e-06
2025-11-01T01:25:13.050891,1.0200674296356738e-06
2025-11-01T01:25:59.022244,1.1326731055305572e-06
2025-11-01T01:26:43.677302,1.1134508213217487e-06
2025-11-01T01:27:29.441330,1.0572066457825713e-06
2025-11-01T01:28:13.258875,9.33754279230925e-07
2025-11-01T01:28:59.516510,9.403584044775926e-07
2025-11-01T01:29:45.705920,8.763666983213625e-07
2025-11-01T01:30:31.461590,8.727281510800822e-07
2025-11-01T01:31:14.468054,8.690120694154757e-07
2025-11-01T01:31:59.072365,9.704189096737537e-07
2025-11-01T01:32:44.933261,9.115902912526508e-07
2025-11-01T01:33:30.283327,8.985429076346918e-07
2025-11-01T01:34:14.796718,8.503952813043725e-07
2025-11-01T01:34:59.134828,8.462372420581232e-07
2025-11-01T01:35:44.354602,9.185154112856253e-07
2025-11-01T01:36:28.864332,8.660522325953934e-07
2025-11-01T01:37:13.496639,7.831768584765086e-07
2025-11-01T01:37:58.719152,7.698530453126295e-07
2025-11-01T01:38:44.157854,8.489877245665411e-07
2025-11-01T01:39:28.790409,7.299510684788402e-07
2025-11-01T01:40:13.482779,7.755818387522595e-07
2025-11-01T01:40:57.537458,8.06817922693881e-07
2025-11-01T01:41:41.504024,7.669170827284688e-07
2025-11-01T01:42:26.846975,6.872065227980784e-07
2025-11-01T01:43:12.996309,7.234756367324735e-07
2025-11-01T01:43:57.316894,7.271277127074427e-07
2025-11-01T01:44:42.248873,6.95814946993778e-07
2025-11-01T01:45:26.809132,6.786414132875507e-07
2025-11-01T01:46:12.070141,6.714278129038576e-07
2025-11-01T01:46:56.805698,6.760099040548084e-07
2025-11-01T01:47:42.638999,5.935686431257636e-07
2025-11-01T01:48:28.028523,6.54514906273107e-07
2025-11-01T01:49:11.809499,7.28342911315849e-07
2025-11-01T01:49:58.619359,6.75150431561633e-07
2025-11-01T01:50:43.224496,6.725554726472183e-07
2025-11-03T14:14:09.272028,0.6231868863105774
2025-11-03T14:14:54.035327,0.6034936308860779
2025-11-03T14:15:38.867554,0.5844380855560303
2025-11-03T14:16:23.231499,0.5659326314926147
2025-11-03T14:17:07.454213,0.5482991933822632
2025-11-03T14:17:51.633354,0.5310961008071899
2025-11-03T14:18:33.446307,0.5148069858551025
2025-11-03T14:19:15.988687,0.4991844892501831
2025-11-03T14:20:00.744656,0.4836704134941101
2025-11-03T14:20:44.869690,0.46881812810897827
2025-11-03T14:21:28.170148,0.45450475811958313
2025-11-03T14:22:11.173071,0.4409024715423584
2025-11-03T14:22:54.047589,0.42767414450645447
2025-11-03T14:23:37.297937,0.41425174474716187
2025-11-03T14:24:20.781529,0.40276801586151123
2025-11-03T14:25:04.549003,0.39036017656326294
2025-11-03T14:25:48.940281,0.37902992963790894
2025-11-03T14:26:32.003984,0.36826372146606445
2025-11-03T14:27:16.280682,0.3569903075695038
2025-11-03T14:27:58.251937,0.347245454788208
2025-11-03T14:28:42.179325,0.33716267347335815
2025-11-03T14:29:26.429290,0.3271944522857666
2025-11-03T14:30:09.542590,0.31822699308395386
2025-11-03T14:30:54.195810,0.30991464853286743
2025-11-03T14:31:37.446611,0.30063608288764954
2025-11-03T14:32:20.119956,0.29172664880752563
2025-11-03T14:33:05.393562,0.28412145376205444
2025-11-03T14:33:46.619479,0.27604183554649353
2025-11-03T14:34:30.626777,0.2689546048641205
2025-11-03T14:35:14.748091,0.2617560625076294
2025-11-03T14:35:58.228060,0.2541534900665283
2025-11-03T14:36:42.293116,0.24754385650157928
2025-11-03T14:37:24.934578,0.24122777581214905
2025-11-03T14:38:08.700542,0.23439398407936096
2025-11-03T14:38:51.326439,0.22828228771686554
2025-11-03T14:39:34.296123,0.2226904332637787
2025-11-03T14:40:18.194631,0.21716567873954773
2025-11-03T14:41:01.562572,0.21087858080863953
2025-11-03T14:41:44.294410,0.20601452887058258
2025-11-03T14:42:28.854504,0.20032382011413574
2025-11-03T14:43:12.484878,0.19526469707489014
2025-11-03T14:43:55.479812,0.1904016137123108
2025-11-03T14:44:39.321327,0.18638630211353302
2025-11-03T14:45:22.295858,0.18066589534282684
2025-11-03T14:46:04.294584,0.1766059249639511
2025-11-03T14:46:49.201978,0.17220757901668549
2025-11-03T14:47:32.268858,0.16831594705581665
2025-11-03T14:48:16.078199,0.16398665308952332
2025-11-03T14:48:58.721870,0.16041266918182373
2025-11-03T14:49:42.765869,0.15625689923763275
2025-11-03T14:50:25.647009,0.15297038853168488
2025-11-03T14:51:08.967829,0.1495966911315918
2025-11-03T14:51:52.328763,0.14550766348838806
2025-11-03T14:52:36.105922,0.14226703345775604
2025-11-03T14:53:18.192350,0.13894203305244446
2025-11-03T14:54:01.376022,0.1354374885559082
2025-11-03T14:54:46.117874,0.13230565190315247
2025-11-03T14:55:29.758587,0.1290985345840454
2025-11-03T14:56:12.897707,0.12696479260921478
2025-11-03T14:56:56.291208,0.12375909835100174
2025-11-03T14:57:38.519050,0.12138547748327255
2025-11-03T14:58:21.430766,0.11830805987119675
2025-11-03T14:59:05.222601,0.11593878269195557
2025-11-03T14:59:49.776920,0.11304526031017303
2025-11-03T15:00:32.962374,0.1103997677564621
2025-11-03T15:01:16.056990,0.1080881804227829
2025-11-03T15:01:59.839769,0.1057310402393341
2025-11-03T15:02:41.148518,0.10304960608482361
2025-11-03T15:03:24.513391,0.10074721276760101
2025-11-03T15:04:07.338771,0.09930940717458725
2025-11-03T15:04:51.672079,0.0966777354478836
2025-11-03T15:05:34.454835,0.09447324275970459
2025-11-03T15:06:19.438998,0.09292636811733246
2025-11-03T15:07:03.620633,0.09037593007087708
2025-11-03T15:07:45.427024,0.08894617110490799
2025-11-03T15:08:30.350546,0.08680897951126099
2025-11-03T15:09:12.247071,0.08512986451387405
2025-11-03T15:09:56.139311,0.08288109302520752
2025-11-03T15:10:42.244598,0.08143895864486694
2025-11-03T15:11:25.942636,0.07985259592533112
2025-11-03T15:12:09.843223,0.07829535007476807
2025-11-03T15:12:53.597385,0.07697080075740814
2025-11-03T15:13:38.875097,0.07517586648464203
2025-11-03T15:14:21.349412,0.07289080321788788
2025-11-03T15:15:05.394092,0.07239776849746704
2025-11-03T15:15:49.953292,0.07063917815685272
2025-11-03T15:16:34.301479,0.06925326585769653
2025-11-03T15:17:18.134108,0.06789619475603104
2025-11-03T15:18:02.178204,0.066639244556427
2025-11-03T15:18:46.184176,0.06488341093063354
2025-11-03T15:19:30.486121,0.06384314596652985
2025-11-03T15:20:15.059840,0.06277652829885483
2025-11-03T15:20:59.207751,0.06117170676589012
2025-11-03T15:21:43.606780,0.06028399616479874
2025-11-03T15:22:27.253575,0.05919383466243744
2025-11-03T15:23:12.005759,0.05782356858253479
2025-11-03T15:23:55.091441,0.05661657825112343
2025-11-03T15:24:39.867624,0.05552425608038902
2025-11-03T15:25:22.206675,0.0545036606490612
2025-11-03T15:26:06.202151,0.05336185544729233
2025-11-03T15:26:49.697625,0.05215748772025108
2025-11-03T15:27:33.370571,0.05108688771724701
2025-11-03T15:28:17.927468,0.04985039681196213
2025-11-03T15:29:01.358021,0.049075379967689514
2025-11-03T15:29:45.177016,0.048556212335824966
2025-11-03T15:30:28.845247,0.04758041352033615
2025-11-03T15:31:13.253409,0.04647209122776985
2025-11-03T15:31:57.111050,0.04590027406811714
2025-11-03T15:32:41.810071,0.044842034578323364
2025-11-03T15:33:25.338619,0.04374628886580467
2025-11-03T15:34:08.448094,0.04284387081861496
2025-11-03T15:34:53.767535,0.0423954501748085
2025-11-03T15:35:36.786565,0.0413120873272419
2025-11-03T15:36:21.297767,0.04072015732526779
2025-11-03T15:37:05.487981,0.03992806002497673
2025-11-03T15:37:49.515357,0.03908587247133255
2025-11-03T15:38:32.883959,0.03865745663642883
2025-11-03T15:39:18.203842,0.037607721984386444
2025-11-03T15:40:02.736672,0.036891378462314606
2025-11-03T15:40:46.175794,0.03614996001124382
2025-11-03T15:41:30.749641,0.035873085260391235
2025-11-03T15:42:15.244744,0.035221319645643234
2025-11-03T15:42:57.311739,0.0344667062163353
2025-11-03T15:43:39.606472,0.03387782722711563
2025-11-03T15:44:23.802092,0.033081430941820145
2025-11-03T15:45:09.077186,0.03255995362997055
2025-11-03T15:45:53.230584,0.03204381465911865
2025-11-03T15:46:36.995249,0.03161616623401642
2025-11-03T15:47:21.666601,0.030678201466798782
2025-11-03T15:48:05.033514,0.03016645833849907
2025-11-03T15:48:50.003331,0.029724806547164917
2025-11-03T15:49:33.677744,0.029201142489910126
2025-11-03T15:50:18.790625,0.028400300070643425
2025-11-03T15:51:03.597903,0.02798829972743988
2025-11-03T15:51:45.764148,0.027425851672887802
2025-11-03T15:52:29.412447,0.027159670367836952
2025-11-03T15:53:12.544631,0.026671215891838074
2025-11-03T15:53:57.817995,0.026135317981243134
2025-11-03T15:54:41.827264,0.025516318157315254
2025-11-03T15:55:25.894816,0.02544187195599079
2025-11-03T15:56:10.268175,0.024714399129152298
2025-11-03T15:56:54.521444,0.024373287335038185
2025-11-03T15:57:38.102212,0.023839082568883896
2025-11-03T15:58:21.839034,0.02336382307112217
2025-11-03T15:59:04.061115,0.022968504577875137
2025-11-03T15:59:47.733765,0.022607706487178802
2025-11-03T16:00:31.171620,0.022099625319242477
2025-11-03T16:01:15.391822,0.021834027022123337
2025-11-03T16:01:59.270724,0.02151908352971077
2025-11-03T16:02:44.366102,0.02096986584365368
2025-11-03T16:03:28.867090,0.020531296730041504
2025-11-03T16:04:13.671381,0.020243190228939056
2025-11-03T16:04:55.603816,0.0199295487254858
2025-11-03T16:05:39.593645,0.019675767049193382
2025-11-03T16:06:24.472983,0.019239164888858795
2025-11-03T16:07:08.683943,0.018796972930431366
2025-11-03T16:07:51.776207,0.01864326000213623
2025-11-03T16:08:35.784464,0.018215954303741455
2025-11-03T16:09:22.216027,0.017953746020793915
2025-11-03T16:10:06.035387,0.017748650163412094
2025-11-03T16:10:50.769786,0.01738518662750721
2025-11-03T16:11:36.091532,0.016900477930903435
2025-11-03T16:12:20.361374,0.016635149717330933
2025-11-03T16:13:05.090719,0.016343416646122932
2025-11-03T16:13:48.450539,0.01622891053557396
2025-11-03T16:14:33.579019,0.015749305486679077
2025-11-03T16:15:18.306651,0.01535429060459137
2025-11-03T16:16:02.157408,0.015176678076386452
2025-11-03T16:16:47.564512,0.01497495174407959
2025-11-03T16:17:31.294599,0.014748983085155487
2025-11-03T16:18:16.867810,0.014500823803246021
2025-11-03T16:19:01.897604,0.014253064058721066
2025-11-03T16:19:46.100988,0.013950258493423462
2025-11-03T16:20:31.682438,0.013775952160358429
2025-11-03T16:21:16.425728,0.013570563867688179
2025-11-03T16:22:00.617751,0.013167648576200008
2025-11-03T16:22:46.327902,0.013001862913370132
2025-11-03T16:23:31.073849,0.012933371588587761
2025-11-03T16:24:16.576890,0.012499255128204823
2025-11-03T16:24:59.508101,0.01229740772396326
2025-11-03T16:25:44.070634,0.012048903852701187
2025-11-03T16:26:28.744984,0.011856390163302422
2025-11-03T16:27:13.637641,0.011547703295946121
2025-11-03T16:27:58.419665,0.01164020411670208
2025-11-03T16:28:42.462805,0.011367873288691044
2025-11-03T16:29:25.835234,0.01108219102025032
2025-11-03T16:30:10.633226,0.011020192876458168
2025-11-03T16:30:54.997807,0.010676514357328415
2025-11-03T16:31:40.007381,0.010604340583086014
2025-11-03T16:32:23.716647,0.010434851050376892
2025-11-03T16:33:08.439535,0.010218973271548748
2025-11-03T16:33:54.264216,0.010004866868257523
2025-11-03T16:34:38.284854,0.009699283167719841
2025-11-03T16:35:22.172321,0.009671980515122414
2025-11-03T16:36:06.106127,0.009455250576138496
2025-11-03T16:36:50.863247,0.009352613240480423
2025-11-03T16:37:35.453300,0.009104670956730843
2025-11-03T16:38:19.182538,0.008962769992649555
2025-11-03T16:39:04.011207,0.008834036998450756
2025-11-03T16:39:48.393864,0.008732723072171211
2025-11-03T16:40:33.800281,0.008585507981479168
2025-11-03T16:41:17.593923,0.008460290729999542
2025-11-03T16:42:03.267334,0.008335888385772705
2025-11-03T16:42:47.875678,0.008103901520371437
2025-11-03T16:43:31.364721,0.007937171496450901
2025-11-03T16:44:16.272228,0.007934571243822575
2025-11-03T16:45:00.872852,0.0077852956019341946
2025-11-03T16:45:45.639447,0.007583539467304945
2025-11-03T16:46:30.195011,0.007444912567734718
2025-11-03T16:47:15.034220,0.007319221738725901
2025-11-03T16:47:59.840614,0.007211554329842329
2025-11-03T16:48:44.079884,0.007040121126919985
2025-11-03T16:49:29.189195,0.006946941837668419
2025-11-03T16:50:12.637538,0.006905458401888609
2025-11-03T16:50:57.461013,0.006719979457557201
2025-11-03T16:51:41.625470,0.006692730821669102
2025-11-03T16:52:26.245733,0.00652129203081131
2025-11-03T16:53:10.374953,0.00636555440723896
2025-11-03T16:53:55.923642,0.006273570004850626
2025-11-03T16:54:40.323005,0.00615694560110569
2025-11-03T16:55:24.296145,0.006121881306171417
2025-11-03T16:56:09.399722,0.005978014785796404
2025-11-03T16:56:53.047580,0.005827568471431732
2025-11-03T16:57:37.747627,0.005822342354804277
2025-11-03T16:58:23.537397,0.005739948712289333
2025-11-03T16:59:07.461917,0.005598211660981178
2025-11-03T16:59:52.558606,0.005379461217671633
2025-11-03T17:00:36.611495,0.005385616794228554
2025-11-03T17:01:21.081153,0.005270467139780521
2025-11-03T17:02:04.743743,0.005228499881923199
2025-11-03T17:02:49.784814,0.005174180958420038
2025-11-03T17:03:33.888747,0.005041133146733046
2025-11-03T17:04:17.194483,0.004916877951472998
2025-11-03T17:05:01.311504,0.004894742742180824
2025-11-03T17:05:46.241054,0.0047726877965033054
2025-11-03T17:06:30.208009,0.004686728119850159
2025-11-03T17:07:15.969105,0.0045760078355669975
2025-11-03T17:07:59.784628,0.004571723751723766
2025-11-03T17:08:47.145487,0.004388853441923857
2025-11-03T17:09:31.618262,0.0042884256690740585
2025-11-03T17:10:17.167186,0.004326847847551107
2025-11-03T17:11:02.760293,0.004215188790112734
2025-11-03T17:11:47.540043,0.0042542521841824055
2025-11-03T17:12:32.020779,0.004123138263821602
2025-11-03T17:13:17.568984,0.004034262150526047
2025-11-03T17:14:02.902416,0.003924724645912647
2025-11-03T17:14:46.845970,0.00391029380261898
2025-11-03T17:15:32.200912,0.0038338389713317156
2025-11-03T17:16:17.798075,0.0037131812423467636
2025-11-03T17:17:03.482127,0.003670439822599292
2025-11-03T17:17:46.759019,0.0036083366721868515
2025-11-03T17:18:31.320124,0.0035907805431634188
2025-11-03T17:19:16.773691,0.003502151696011424
2025-11-03T17:20:01.867255,0.003383185248821974
2025-11-03T17:20:47.485428,0.0033508199267089367
2025-11-03T17:21:32.418942,0.003374021966010332
2025-11-03T17:22:17.469529,0.003326586913317442
2025-11-03T17:23:01.164502,0.0032120943069458008
2025-11-03T17:23:45.713813,0.0031432844698429108
2025-11-03T17:24:32.510637,0.0031187564600259066
2025-11-03T17:25:17.600058,0.003056305693462491
2025-11-03T17:26:02.582886,0.0029952190816402435
2025-11-03T17:26:47.606740,0.0029401746578514576
2025-11-03T17:27:32.602032,0.0029053138568997383
2025-11-03T17:28:16.915284,0.0028255973011255264
2025-11-03T17:29:01.139118,0.002830898854881525
2025-11-03T17:29:45.216404,0.0027806004509329796
2025-11-03T17:30:30.155874,0.0027111349627375603
2025-11-03T17:31:15.209915,0.0026686592027544975
2025-11-03T17:32:01.125585,0.0026405267417430878
2025-11-03T17:32:45.509972,0.0025580611545592546
2025-11-03T17:33:28.910230,0.002492430154234171
2025-11-03T17:34:13.594677,0.0024865944869816303
2025-11-03T17:34:59.254730,0.0024655419401824474
2025-11-03T17:35:42.669890,0.0023894580081105232
2025-11-03T17:36:29.935339,0.0023947730660438538
2025-11-03T17:37:14.774655,0.002342651830986142
2025-11-03T17:37:59.249661,0.002289291936904192
2025-11-03T17:38:44.326042,0.002245261101052165
2025-11-03T17:39:28.279099,0.0021736230701208115
2025-11-03T17:40:13.311968,0.0021686386317014694
2025-11-03T17:40:57.604732,0.002137881238013506
2025-11-03T17:41:41.708610,0.00208295532502234
2025-11-03T17:42:27.936063,0.0020933574996888638
2025-11-03T17:43:13.842633,0.0020441077649593353
2025-11-03T17:43:58.315085,0.0020017961505800486
2025-11-03T17:44:44.027449,0.0019533950835466385
2025-11-03T17:45:28.585848,0.0019676140509545803
2025-11-03T17:46:12.881934,0.0019310053903609514
2025-11-03T17:46:57.964288,0.0018803783459588885
2025-11-03T17:47:42.357434,0.0018152794800698757
2025-11-03T17:48:28.053725,0.0017811961006373167
2025-11-03T17:49:12.991871,0.0017900140956044197
2025-11-03T17:49:57.807940,0.001754304626956582
2025-11-03T17:50:41.952304,0.0017263751942664385
2025-11-03T17:51:27.224243,0.0017422056989744306
2025-11-03T17:52:12.327686,0.0016692390199750662
2025-11-03T17:52:56.761844,0.0016331614460796118
2025-11-03T17:53:41.405550,0.0015929427463561296
2025-11-03T17:54:23.919868,0.001609251950867474
2025-11-03T17:55:09.584467,0.0015499533619731665
2025-11-03T17:55:54.246415,0.0015342761762440205
2025-11-03T17:56:37.757309,0.0015017236582934856
2025-11-03T17:57:21.862045,0.0014762936625629663
2025-11-03T17:58:07.288165,0.0014691149117425084
2025-11-03T17:58:51.858048,0.001425126101821661
2025-11-03T17:59:36.888378,0.001421415712684393
2025-11-03T18:00:21.844601,0.00138899777084589
2025-11-03T18:01:06.585987,0.0013329577632248402
2025-11-03T18:01:51.055439,0.0013207219308242202
2025-11-03T18:02:36.198858,0.0012975874124094844
2025-11-03T18:03:20.185476,0.001261386787518859
2025-11-03T18:04:05.020841,0.0012800260446965694
2025-11-03T18:04:48.568599,0.0012240024516358972
2025-11-03T18:05:33.991454,0.0012379672843962908
2025-11-03T18:06:19.429931,0.0012102893088012934
2025-11-03T18:07:04.356558,0.0011830839794129133
2025-11-03T18:07:49.434503,0.0011775809107348323
2025-11-03T18:08:35.512768,0.0011521761771291494
2025-11-03T18:09:19.196334,0.0011432096362113953
2025-11-03T18:10:04.513339,0.0011010629823431373
2025-11-03T18:10:51.039430,0.0011014991905540228
2025-11-03T18:11:37.322222,0.0010520059149712324
2025-11-03T18:12:22.223568,0.001045043347403407
2025-11-03T18:13:06.654029,0.0010309810750186443
2025-11-03T18:13:52.567563,0.0010118733625859022
2025-11-03T18:14:35.569694,0.000995142268948257
2025-11-03T18:15:20.160964,0.0009693441679701209
2025-11-03T18:16:04.016040,0.0009889202192425728
2025-11-03T18:16:49.808283,0.0009517694124951959
2025-11-03T18:17:35.996550,0.0009415945969521999
2025-11-03T18:18:21.948203,0.0009302871767431498
2025-11-03T18:19:06.202351,0.0009068521903827786
2025-11-03T18:19:50.738077,0.0008835713961161673
2025-11-03T18:20:36.495686,0.0008740806370042264
2025-11-03T18:21:21.824838,0.0008644233457744122
2025-11-03T18:22:07.228191,0.0008417641511186957
2025-11-03T18:22:51.142929,0.0008251434192061424
2025-11-03T18:23:37.097995,0.0008195008849725127
2025-11-03T18:24:20.460072,0.0008047743467614055
2025-11-03T18:25:05.530319,0.0007776763522997499
2025-11-03T18:25:50.458184,0.0007821008330211043
2025-11-03T18:26:34.989784,0.0007536144694313407
2025-11-03T18:27:20.025775,0.0007668474572710693
2025-11-03T18:28:06.142914,0.0007310392102226615
2025-11-03T18:28:50.623330,0.0007224064902402461
2025-11-03T18:29:35.863181,0.000715728267095983
2025-11-03T18:30:19.775917,0.0007045131060294807
2025-11-03T18:31:03.885973,0.0006937161087989807
2025-11-03T18:31:49.166838,0.000685814069584012
2025-11-03T18:32:35.061011,0.0006688731955364347
2025-11-03T18:33:20.869222,0.0006537470035254955
2025-11-03T18:34:05.610953,0.0006481438176706433
2025-11-03T18:34:51.609494,0.0006372011266648769
2025-11-03T18:35:36.732550,0.0006190260173752904
2025-11-03T18:36:19.988847,0.0006135042058303952
2025-11-03T18:37:05.591868,0.0006081725587137043
2025-11-03T18:37:51.230332,0.0005850138841196895
2025-11-03T18:38:37.266967,0.0005928440950810909
2025-11-03T18:39:21.855946,0.0005769518902525306
2025-11-03T18:40:07.227620,0.0005688360542990267
2025-11-03T18:40:53.005428,0.0005527475150302052
2025-11-03T18:41:38.136110,0.0005491637857630849
2025-11-03T18:42:22.538003,0.0005282499478198588
2025-11-03T18:43:06.634615,0.0005284665385261178
2025-11-03T18:43:51.763666,0.0005177846178412437
2025-11-03T18:44:37.898045,0.0005043970886617899
2025-11-03T18:45:22.418065,0.0005132003570906818
2025-11-03T18:46:07.647046,0.00048754565068520606
2025-11-03T18:46:51.477006,0.0004801703616976738
2025-11-03T18:47:36.238660,0.0004768816288560629
2025-11-03T18:48:20.854667,0.00046811759239062667
2025-11-03T18:49:05.063990,0.0004551575402729213
2025-11-03T18:49:49.759860,0.00045239366590976715
2025-11-03T18:50:34.292956,0.00043680178350768983
2025-11-03T18:51:19.606403,0.00043649834697134793
2025-11-03T18:52:05.191404,0.0004294330137781799
2025-11-03T18:52:51.079210,0.00042714443407021463
2025-11-03T18:53:36.647097,0.00041924987453967333
2025-11-03T18:54:20.705317,0.000413508212659508
2025-11-03T18:55:05.795955,0.0003963892813771963
2025-11-03T18:55:51.043738,0.0003937573346775025
2025-11-03T18:56:36.688345,0.00038936189957894385
2025-11-03T18:57:22.001890,0.00037939107278361917
2025-11-03T18:58:06.538186,0.00037747638998553157
2025-11-03T18:58:52.209087,0.00036610302049666643
2025-11-03T18:59:36.507810,0.0003650622093118727
2025-11-03T19:00:21.118572,0.0003483950858935714
2025-11-03T19:01:05.697761,0.0003601391217671335
2025-11-03T19:01:50.512095,0.00034664542181417346
2025-11-03T19:02:36.188204,0.00033648652606643736
2025-11-03T19:03:20.446586,0.00033778013312257826
2025-11-03T19:04:04.951739,0.0003252043388783932
2025-11-03T19:04:49.432179,0.00032368963002227247
2025-11-03T19:05:34.366361,0.00031440594466403127
2025-11-03T19:06:19.372438,0.0003145325172226876
2025-11-03T19:07:03.599743,0.000297765014693141
2025-11-03T19:07:48.092616,0.0003071035025641322
2025-11-03T19:08:36.805627,0.000289483810774982
2025-11-03T19:09:22.074520,0.0002901049447245896
2025-11-03T19:10:07.638933,0.0002886707370635122
2025-11-03T19:10:51.748587,0.0002820231020450592
2025-11-03T19:11:37.461542,0.0002769399434328079
2025-11-03T19:12:23.241765,0.00027563280309550464
2025-11-03T19:13:07.476463,0.00026562687708064914
2025-11-03T19:13:52.072054,0.00025685958098620176
2025-11-03T19:14:36.890758,0.00026129261823371053
2025-11-03T19:15:20.625468,0.00025272881612181664
2025-11-03T19:16:06.002526,0.00025228632148355246
2025-11-03T19:16:52.049722,0.00024288802524097264
2025-11-03T19:17:38.232183,0.00024614413268864155
2025-11-03T19:18:22.524286,0.00023837936169002205
2025-11-03T19:19:08.525934,0.00023376193712465465
2025-11-03T19:19:52.857668,0.0002285377704538405
2025-11-03T19:20:38.932230,0.0002295012236572802
2025-11-03T19:21:23.423233,0.00022647563309874386
2025-11-03T19:22:08.578095,0.00021341678802855313
2025-11-03T19:22:54.348827,0.00021532957907766104
2025-11-03T19:23:39.659249,0.0002094494120683521
2025-11-03T19:24:24.207391,0.0002101442078128457
2025-11-03T19:25:10.501255,0.00020333973225206137
2025-11-03T19:25:55.558377,0.0002007660805247724
2025-11-03T19:26:42.258079,0.00019177529611624777
2025-11-03T19:27:27.886709,0.0001944543037097901
2025-11-03T19:28:13.389302,0.00019119174976367503
2025-11-03T19:28:57.920677,0.0001864376972662285
2025-11-03T19:29:43.937356,0.00018414377700537443
2025-11-03T19:30:28.431579,0.0001778086880221963
2025-11-03T19:31:13.030706,0.000182660500286147
2025-11-03T19:31:59.478314,0.00017384887905791402
2025-11-03T19:32:44.576140,0.00016898810281418264
2025-11-03T19:33:29.842367,0.00017130063497461379
2025-11-03T19:34:14.731272,0.00016549968859180808
2025-11-03T19:35:00.137292,0.00016156130004674196
2025-11-03T19:35:46.149705,0.0001562476099934429
2025-11-03T19:36:31.218739,0.00015578554302919656
2025-11-03T19:37:15.517410,0.00015911336231511086
2025-11-03T19:38:00.664915,0.00015667609113734215
2025-11-03T19:38:46.051848,0.00015306708519347012
2025-11-03T19:39:30.765938,0.00014997557445894927
2025-11-03T19:40:15.953101,0.00014871582970954478
2025-11-03T19:41:01.527869,0.00014388169802259654
2025-11-03T19:41:46.626846,0.00014094123616814613
2025-11-03T19:42:31.699601,0.0001393602869939059
2025-11-03T19:43:17.825349,0.0001379430468659848
2025-11-03T19:44:03.181572,0.00013486083480529487
2025-11-03T19:44:46.535755,0.00013033353025093675
2025-11-03T19:45:32.328689,0.00012954790145158768
2025-11-03T19:46:17.571256,0.00012874024105258286
2025-11-03T19:47:04.087286,0.00012929092918056995
2025-11-03T19:47:48.262779,0.00012586999218910933
2025-11-03T19:48:33.161850,0.0001223045401275158
2025-11-03T19:49:19.861497,0.00011991101928288117
2025-11-03T19:50:06.363164,0.00011818310304079205
2025-11-03T19:50:51.954230,0.00011368861305527389
2025-11-03T19:51:37.919802,0.00011399617505958304
2025-11-03T19:52:23.895485,0.00011057715164497495
2025-11-03T19:53:09.041918,0.00010881332127610222
2025-11-03T19:53:54.239918,0.00011063623242080212
2025-11-03T19:54:39.080235,0.00010799171286635101
2025-11-03T19:55:23.370159,0.0001031856081681326
2025-11-03T19:56:08.783544,9.97089664451778e-05
2025-11-03T19:56:53.226350,9.92210625554435e-05
2025-11-03T19:57:37.661090,0.00010070839198306203
2025-11-03T19:58:23.690142,9.808479808270931e-05
2025-11-03T19:59:08.092840,9.463440801482648e-05
2025-11-03T19:59:53.331748,9.570193651597947e-05
2025-11-03T20:00:38.438421,9.217568731401116e-05
2025-11-03T20:01:23.566865,9.00180748431012e-05
2025-11-03T20:02:07.647828,8.989149500848725e-05
2025-11-03T20:02:53.133799,8.890812750905752e-05
2025-11-03T20:03:38.418170,8.65543115651235e-05
2025-11-03T20:04:23.297483,8.557231194572523e-05
2025-11-03T20:05:08.769414,8.68689312483184e-05
2025-11-03T20:05:54.776901,8.345897367689759e-05
2025-11-03T20:06:39.008957,8.097825048025697e-05
2025-11-03T20:07:23.353886,7.9923658631742e-05
2025-11-03T20:08:09.293467,7.680176349822432e-05
2025-11-03T20:08:57.080283,7.519251812482253e-05
2025-11-03T20:09:41.830844,7.617964729433879e-05
2025-11-03T20:10:27.630779,7.42190022720024e-05
2025-11-03T20:11:12.604670,7.242432911880314e-05
2025-11-03T20:11:57.574518,7.097880734363571e-05
2025-11-03T20:12:41.995303,6.920732266735286e-05
2025-11-03T20:13:25.976704,7.074645691318437e-05
2025-11-03T20:14:11.358201,6.658290658378974e-05
2025-11-03T20:14:57.542452,6.489228690043092e-05
2025-11-03T20:15:42.514019,6.673943425994366e-05
2025-11-03T20:16:27.469927,6.340113759506494e-05
2025-11-03T20:17:13.112544,6.498621951323003e-05
2025-11-03T20:17:58.519312,6.076727731851861e-05
2025-11-03T20:18:43.244909,6.378853868227452e-05
2025-11-03T20:19:27.667212,6.098555604694411e-05
2025-11-03T20:20:13.773086,5.980362766422331e-05
2025-11-03T20:20:59.247332,5.775563477072865e-05
2025-11-03T20:21:43.780950,5.8361012634122744e-05
2025-11-03T20:22:28.694783,5.6311950174858794e-05
2025-11-03T20:23:12.153163,5.5062650062609464e-05
2025-11-03T20:23:58.082934,5.5974556744331494e-05
2025-11-03T20:24:42.054340,5.408863216871396e-05
2025-11-03T20:25:28.391878,5.288982356432825e-05
2025-11-03T20:26:13.785335,5.284764483803883e-05
2025-11-03T20:26:59.122419,5.137854168424383e-05
2025-11-03T20:27:44.266259,5.013891859562136e-05
2025-11-03T20:28:28.416930,5.0173915951745585e-05
2025-11-03T20:29:14.588525,4.8358531785197556e-05
2025-11-03T20:29:59.761290,4.81055467389524e-05
2025-11-03T20:30:44.018638,4.86688622913789e-05
2025-11-03T20:31:30.021665,4.5401102397590876e-05
2025-11-03T20:32:17.120167,4.707531479652971e-05
2025-11-03T20:33:02.426337,4.520200309343636e-05
2025-11-03T20:33:47.203382,4.498058115132153e-05
2025-11-03T20:34:32.096011,4.444973455974832e-05
2025-11-03T20:35:17.184504,4.190091203781776e-05
2025-11-03T20:36:02.575427,4.2106305045308545e-05
2025-11-03T20:36:48.989516,4.096116026630625e-05
2025-11-03T20:37:32.954438,4.0881124732550234e-05
2025-11-03T20:38:19.857490,3.9774211472831666e-05
2025-11-03T20:39:05.473120,3.822075086645782e-05
2025-11-03T20:39:50.130314,3.8119771488709375e-05
2025-11-03T20:40:34.456822,3.807297252933495e-05
2025-11-03T20:41:19.780062,3.8172598578967154e-05
2025-11-03T20:42:05.457940,3.53629766323138e-05
2025-11-03T20:42:51.281386,3.5954788472736254e-05
2025-11-03T20:43:37.024177,3.519321762723848e-05
2025-11-03T20:44:22.112153,3.5751792893279344e-05
2025-11-03T20:45:09.272326,3.4245505958097056e-05
2025-11-03T20:45:55.091063,3.45477310474962e-05
2025-11-03T20:46:40.605543,3.336719601065852e-05
2025-11-03T20:47:25.373958,3.2423893571831286e-05
2025-11-03T20:48:11.182855,3.2870691939024255e-05
2025-11-03T20:48:56.249132,3.165643647662364e-05
2025-11-03T20:49:41.194934,3.179482519044541e-05
2025-11-03T20:50:27.474734,3.0202465495676734e-05
2025-11-03T20:51:12.676921,3.0664014047943056e-05
2025-11-03T20:51:58.565910,2.9571274353656918e-05
2025-11-03T20:52:43.434735,2.950767520815134e-05
2025-11-03T20:53:29.043205,2.8232228942215443e-05
2025-11-03T20:54:13.487345,2.811373633448966e-05
2025-11-03T20:54:59.541952,2.8149457648396492e-05
2025-11-03T20:55:44.864201,2.8441918402677402e-05
2025-11-03T20:56:29.762602,2.5937126338249072e-05
2025-11-03T20:57:15.634399,2.5634048142819665e-05
2025-11-03T20:57:59.306669,2.607465830806177e-05
2025-11-03T20:58:44.611677,2.5599496439099312e-05
2025-11-03T20:59:30.358482,2.381203194090631e-05
2025-11-03T21:00:16.111865,2.4382434276049025e-05
2025-11-03T21:01:01.643588,2.4213346478063613e-05
2025-11-03T21:01:46.949886,2.3794276785338297e-05
2025-11-03T21:02:31.869611,2.3379825506708585e-05
2025-11-03T21:03:17.221500,2.3245156626217067e-05
2025-11-03T21:04:02.925943,2.234492239949759e-05
2025-11-03T21:04:46.883366,2.2514370357384905e-05
2025-11-03T21:05:31.888729,2.25330404646229e-05
2025-11-03T21:06:17.683171,2.0199280697852373e-05
2025-11-03T21:07:02.176026,2.1660809579771012e-05
2025-11-03T21:07:47.228417,2.0984500224585645e-05
2025-11-03T21:08:31.313045,2.1214105800027028e-05
2025-11-03T21:09:19.574111,2.0358749679871835e-05
2025-11-03T21:10:05.042399,1.9467814126983285e-05
2025-11-03T21:10:49.884462,1.9984046957688406e-05
2025-11-03T21:11:36.898950,1.899251583381556e-05
2025-11-03T21:12:22.138815,1.9092447473667562e-05
2025-11-03T21:13:06.587918,1.8086720956489444e-05
2025-11-03T21:13:53.194366,1.8499154975870624e-05
2025-11-03T21:14:38.674107,1.7726757505442947e-05
2025-11-03T21:15:24.283212,1.7524478607811034e-05
2025-11-03T21:16:10.292372,1.7262289475183934e-05
2025-11-03T21:16:56.082488,1.702264489722438e-05
2025-11-03T21:17:41.421966,1.6386566130677238e-05
2025-11-03T21:18:25.334056,1.6564197721891105e-05
2025-11-03T21:19:10.424432,1.629526013857685e-05
2025-11-03T21:19:56.574712,1.6207859516725875e-05
2025-11-03T21:20:41.153000,1.572827204654459e-05
2025-11-03T21:21:27.399467,1.5678695490350947e-05
2025-11-03T21:22:12.419897,1.551275454403367e-05
2025-11-03T21:23:00.156584,1.4823166566202417e-05
2025-11-03T21:23:45.941739,1.4471643225988373e-05
2025-11-03T21:24:31.907704,1.4568618098564912e-05
2025-11-03T21:25:17.023223,1.3318592209543567e-05
2025-11-03T21:26:02.393086,1.3591423339676112e-05
2025-11-03T21:26:47.036012,1.3326294720172882e-05
2025-11-03T21:27:31.412695,1.4310539881989826e-05
2025-11-03T21:28:16.469037,1.2734371921396814e-05
2025-11-03T21:29:02.650903,1.3344071703613736e-05
2025-11-03T21:29:47.854629,1.2585277545440476e-05
2025-11-03T21:30:32.855851,1.2936608982272446e-05
2025-11-03T21:31:18.408982,1.2103690096409991e-05
2025-11-03T21:32:04.437955,1.2063719623256475e-05
2025-11-03T21:32:49.276344,1.1608490240178071e-05
2025-11-03T21:33:34.690472,1.178718957817182e-05
2025-11-03T21:34:20.031643,1.1482773516036104e-05
2025-11-03T21:35:04.789111,1.1238450497330632e-05
2025-11-03T21:35:49.719004,1.0876710803131573e-05
2025-11-03T21:36:36.166170,1.0733616363722831e-05
2025-11-03T21:37:20.988042,1.0606487194309011e-05
2025-11-03T21:38:06.013033,1.0576946806395426e-05
2025-11-03T21:38:50.369362,1.025740675686393e-05
2025-11-03T21:39:36.263296,9.716686690808274e-06
2025-11-03T21:40:20.403580,1.013960445561679e-05
2025-11-03T21:41:06.842318,9.924437108566053e-06
2025-11-03T21:41:52.352936,9.614680493541528e-06
2025-11-03T21:42:37.560919,9.33868795982562e-06
2025-11-03T21:43:22.265461,9.356397640658543e-06
2025-11-03T21:44:08.148706,9.235999641532544e-06
2025-11-03T21:44:53.709729,8.914053069020156e-06
2025-11-03T21:45:39.107343,8.714294381206855e-06
2025-11-03T21:46:24.749691,8.66304435476195e-06
2025-11-03T21:47:09.899296,8.600308319728356e-06
2025-11-03T21:47:54.767074,8.359811545233242e-06
2025-11-03T21:48:41.005970,8.564019481127616e-06
2025-11-03T21:49:24.967745,8.017961590667255e-06
2025-11-03T21:50:11.493223,7.929920684546232e-06
2025-11-03T21:50:56.924546,7.841494152671658e-06
2025-11-03T21:51:41.877450,7.763599569443613e-06
2025-11-03T21:52:28.307505,7.565021405753214e-06
2025-11-03T21:53:12.636597,7.353024557232857e-06
2025-11-03T21:53:57.593045,7.841279511922039e-06
2025-11-03T21:54:43.573836,7.419095709337853e-06
2025-11-03T21:55:30.106299,7.6109240580990445e-06
2025-11-03T21:56:15.106508,7.199717401817907e-06
2025-11-03T21:57:02.091171,6.91835430188803e-06
2025-11-03T21:57:47.679153,6.905292138981167e-06
2025-11-03T21:58:31.828184,6.766563728888286e-06
2025-11-03T21:59:16.616927,6.667247816949384e-06
2025-11-03T22:00:01.697619,6.594926617253805e-06
2025-11-03T22:00:46.419981,6.567003765667323e-06
2025-11-03T22:01:31.797672,6.410395144484937e-06
2025-11-03T22:02:16.448134,5.911643256695243e-06
2025-11-03T22:03:02.536273,6.1859918787376955e-06
2025-11-03T22:03:46.682948,5.880607204744592e-06
2025-11-03T22:04:32.316144,5.672371571563417e-06
2025-11-03T22:05:16.699849,5.832192073285114e-06
2025-11-03T22:06:03.032814,5.971643986413255e-06
2025-11-03T22:06:48.609371,5.71765485801734e-06
2025-11-03T22:07:33.589140,5.407207936514169e-06
2025-11-03T22:08:17.911114,5.26795201949426e-06
2025-11-03T22:09:02.959673,5.3784278861712664e-06
2025-11-03T22:09:50.915411,5.149488060851581e-06
2025-11-03T22:10:36.251172,5.027156475989614e-06
2025-11-03T22:11:21.870133,5.116452484799083e-06
2025-11-03T22:12:07.594399,4.808479388884734e-06
2025-11-03T22:12:53.390843,4.772873580805026e-06
2025-11-03T22:13:37.457120,4.776636160386261e-06
2025-11-03T22:14:22.878757,4.831837031815667e-06
2025-11-03T22:15:08.576149,4.552882273856085e-06
2025-11-03T22:15:53.838248,4.681431164499372e-06
2025-11-03T22:16:38.049076,4.4272842387727e-06
2025-11-03T22:17:24.100005,4.352752512204461e-06
2025-11-03T22:18:10.049047,4.087513843842316e-06
2025-11-03T22:18:55.776007,4.145151251577772e-06
2025-11-03T22:19:41.353206,4.110204827156849e-06
2025-11-03T22:20:27.070768,4.155831902608043e-06
2025-11-03T22:21:12.139227,4.354619704827201e-06
2025-11-03T22:21:58.252256,3.995529823441757e-06
2025-11-03T22:22:42.977337,3.945775461033918e-06
2025-11-03T22:23:28.260735,3.893817847711034e-06
2025-11-03T22:24:14.031171,3.887892034981633e-06
2025-11-03T22:24:59.627343,3.566136001609266e-06
2025-11-03T22:25:44.944732,3.5570765248849057e-06
2025-11-03T22:26:29.971930,3.612987484302721e-06
2025-11-03T22:27:16.948698,3.592042048694566e-06
2025-11-03T22:28:03.190446,3.6213300518284086e-06
2025-11-03T22:28:49.455864,3.455098976701265e-06
2025-11-03T22:29:34.413340,3.349219241499668e-06
2025-11-03T22:30:19.579313,3.3027688459696947e-06
2025-11-03T22:31:05.136240,3.174192670485354e-06
2025-11-03T22:31:49.890824,3.4209704153909115e-06
2025-11-03T22:32:36.340792,3.039854846065282e-06
2025-11-03T22:33:19.933185,3.1577060326526407e-06
2025-11-03T22:34:06.731851,3.052145075344015e-06
2025-11-03T22:34:52.236101,3.2226032544713235e-06
2025-11-03T22:35:37.453825,2.886229822252062e-06
2025-11-03T22:36:22.790533,2.7130095077154692e-06
2025-11-03T22:37:08.869754,2.924522505054483e-06
2025-11-03T22:37:53.853507,2.8863828447356354e-06
2025-11-03T22:38:40.607423,2.6575796709948918e-06
2025-11-03T22:39:25.847150,2.7858761768584372e-06
2025-11-03T22:40:10.604025,2.739084266067948e-06
2025-11-03T22:40:56.070970,2.4884502636268735e-06
2025-11-03T22:41:41.880002,2.4642997686896706e-06
2025-11-03T22:42:27.029328,2.4667031084391056e-06
2025-11-03T22:43:13.998125,2.5786862352106255e-06
2025-11-03T22:44:00.260033,2.392348051216686e-06
2025-11-03T22:44:44.779663,2.3506236175308004e-06
2025-11-03T22:45:29.177473,2.3353072720055934e-06
2025-11-03T22:46:15.279956,2.281944261994795e-06
2025-11-03T22:47:01.444416,2.20872516365489e-06
2025-11-03T22:47:46.553251,2.315512347195181e-06
2025-11-03T22:48:33.459216,2.292980752827134e-06
2025-11-03T22:49:19.840763,2.1004384507250506e-06
2025-11-03T22:50:05.750439,2.1201649360591546e-06
2025-11-03T22:50:51.233777,2.077709496006719e-06
2025-11-03T22:51:37.531603,2.213778770965291e-06
2025-11-03T22:52:20.971403,2.063912234007148e-06
2025-11-03T22:53:05.043051,1.9951717149524484e-06
2025-11-03T22:53:51.138562,2.0190514078421984e-06
2025-11-03T22:54:37.123394,1.917304643939133e-06
2025-11-03T22:55:22.884799,1.9195317690900993e-06
2025-11-03T22:56:08.934570,1.8682862901187036e-06
2025-11-03T22:56:53.308185,1.789690713849268e-06
2025-11-03T22:57:40.065314,1.8617306523083244e-06
2025-11-03T22:58:26.188220,1.8282109977008076e-06
2025-11-03T22:59:10.223931,1.7439624571125023e-06
2025-11-03T22:59:55.783905,1.6290556459352956e-06
2025-11-03T23:00:41.983471,1.5707587408542167e-06
2025-11-03T23:01:26.867809,1.6764795418566791e-06
2025-11-03T23:02:12.141139,1.5914041568976245e-06
2025-11-03T23:02:57.653057,1.6572937511227792e-06
2025-11-03T23:03:43.273194,1.5924488252494484e-06
2025-11-03T23:04:28.851705,1.558339363327832e-06
2025-11-03T23:05:15.233290,1.4739398466190323e-06
2025-11-03T23:06:00.365936,1.4290426406660117e-06
2025-11-03T23:06:44.936812,1.480021637689788e-06
2025-11-03T23:07:29.149386,1.4159252259560162e-06
2025-11-03T23:08:13.859543,1.4449823311224463e-06
2025-11-03T23:09:00.085407,1.4041127087693894e-06
2025-11-03T23:09:46.135983,1.3235128335509216e-06
2025-11-03T23:10:35.149174,1.3441535884339828e-06
2025-11-03T23:11:20.280046,1.3003934782318538e-06
2025-11-03T23:12:04.927103,1.346776571153896e-06
2025-11-03T23:12:50.479830,1.3179753750591772e-06
2025-11-03T23:13:36.581616,1.3528510862670373e-06
2025-11-03T23:14:21.240755,1.2254175771886366e-06
2025-11-03T23:15:06.121106,1.2584927162606618e-06
2025-11-03T23:15:52.954878,1.2002899438812165e-06
2025-11-03T23:16:37.011545,1.261283159692539e-06
2025-11-03T23:17:23.632458,1.1498077583382837e-06
2025-11-03T23:18:08.199427,1.1847939731524093e-06
2025-11-03T23:18:54.425679,1.1245093674006057e-06
2025-11-03T23:19:39.267708,1.0930507414741442e-06
2025-11-03T23:20:25.275433,1.08182439362281e-06
2025-11-03T23:21:10.013775,1.0479282082087593e-06
2025-11-03T23:21:56.273045,1.0245177008982864e-06
2025-11-03T23:22:42.836061,1.0457328016855172e-06
2025-11-03T23:23:27.371744,1.0269370704918401e-06
2025-11-03T23:24:12.276783,1.0313609664081014e-06
2025-11-03T23:24:57.553110,9.913553640217287e-07
2025-11-03T23:25:42.194620,9.506007359050272e-07
2025-11-03T23:26:28.278142,9.043403679243056e-07
2025-11-03T23:27:14.192255,9.410458119418763e-07
2025-11-03T23:27:59.566365,9.593532013241202e-07
2025-11-03T23:28:43.187512,9.111371355174924e-07
2025-11-03T23:29:28.680391,8.831216860016866e-07
2025-11-03T23:30:14.168944,8.851598067849409e-07
2025-11-03T23:30:59.766052,8.424906923210074e-07
2025-11-03T23:31:44.374617,8.736018344279728e-07
2025-11-03T23:32:29.873154,8.441993486485444e-07
2025-11-03T23:33:13.922454,8.414118610744481e-07
2025-11-03T23:34:00.704885,8.100781201392238e-07
2025-11-03T23:34:45.346511,8.074217703324393e-07
2025-11-03T23:35:30.385468,8.145246965796105e-07
2025-11-03T23:36:15.925335,8.126386887852277e-07
2025-11-03T23:37:01.945717,7.37532729999657e-07
2025-11-03T23:37:48.310299,7.148016152314085e-07
2025-11-03T23:38:33.050722,7.211573347376543e-07
2025-11-03T23:39:18.494810,7.418891527777305e-07
2025-11-03T23:40:05.677482,7.555083811894292e-07
2025-11-03T23:40:50.436257,7.26896018932166e-07
2025-11-03T23:41:35.239895,7.03518253430957e-07
2025-11-03T23:42:21.217003,7.042684160296631e-07
2025-11-03T23:43:07.843131,6.505072178697446e-07
2025-11-03T23:43:53.259763,6.576506166311447e-07
2025-11-03T23:44:38.257356,5.901190434087766e-07
2025-11-03T23:45:24.610538,6.713730158480757e-07
2025-11-03T23:46:10.004147,6.280478714870696e-07
2025-11-03T23:46:54.530602,6.285080758061667e-07
2025-11-03T23:47:40.542870,5.804596412417595e-07
2025-11-03T23:48:26.608169,5.729971235268749e-07
2025-11-03T23:49:12.469985,5.710622872356907e-07
2025-11-03T23:49:57.248574,5.819131274620304e-07
2025-11-03T23:50:43.962533,5.480898721543781e-07
2025-11-03T23:51:29.635426,5.756267569267948e-07
2025-11-03T23:52:15.380038,5.466081915983523e-07
2025-11-03T23:53:00.288607,5.342294002730341e-07
2025-11-03T23:53:45.919380,5.174860007173265e-07
2025-11-03T23:54:31.141346,5.138150527272956e-07
2025-11-03T23:55:17.359478,5.036328047935967e-07
2025-11-03T23:56:03.277708,4.910961024506832e-07
2025-11-03T23:56:49.289306,4.949520189256873e-07
2025-11-03T23:57:35.007258,4.671598219374573e-07
2025-11-03T23:58:21.129173,4.38292488524894e-07
2025-11-03T23:59:06.993680,4.4495197926153196e-07
2025-11-03T23:59:52.878055,4.793796506419312e-07
2025-11-04T00:00:38.135317,4.516319336289598e-07
2025-11-04T00:01:23.588852,4.453504516277462e-07
2025-11-04T00:02:09.387740,4.45708280949475e-07
2025-11-04T00:02:55.441024,4.3805573568533873e-07
2025-11-04T00:03:41.590287,4.3531332494239905e-07
2025-11-04T00:04:27.453570,4.1084379631683987e-07
2025-11-04T00:05:12.235177,4.121793040212651e-07
2025-11-04T00:05:57.795302,3.869381544063799e-07
2025-11-04T00:06:44.223125,3.7733985891463817e-07
2025-11-04T00:07:28.242711,3.8236390764723183e-07
2025-11-04T00:08:12.383490,4.102839739061892e-07
2025-11-04T00:08:59.048054,3.763808535950375e-07
2025-11-04T00:09:45.168659,3.811075828252797e-07
2025-11-04T00:10:29.534364,4.01766044433316e-07
2025-11-04T00:11:17.969120,3.473736853720766e-07
2025-11-04T00:12:03.707104,3.2753285950093414e-07
2025-11-04T00:12:49.936567,3.2464959076605737e-07
2025-11-04T00:13:34.823007,3.457558364061697e-07
2025-11-04T00:14:21.310554,3.3860493431348004e-07
2025-11-04T00:15:06.424924,3.474674770131969e-07
2025-11-04T00:15:52.189240,3.092353892952815e-07
2025-11-04T00:16:37.757036,2.9708181159548985e-07
2025-11-04T00:17:23.324307,3.118969402748917e-07
2025-11-04T00:18:08.265199,3.1012527301754744e-07
2025-11-04T00:18:55.065714,2.90700995719817e-07
2025-11-04T00:19:40.532521,3.096498630839051e-07
2025-11-04T00:20:26.298732,3.015996412614186e-07
2025-11-04T00:21:11.093330,2.687581286409113e-07
2025-11-04T00:21:56.518997,2.6215511184091156e-07
2025-11-04T00:22:42.116416,2.7612750841399247e-07
2025-11-04T00:23:27.075114,2.6507476036385924e-07
2025-11-04T00:24:12.894639,2.825448461862834e-07
2025-11-04T00:24:58.470968,2.495856961104437e-07
2025-11-04T00:25:44.649240,2.621939643177029e-07
2025-11-04T00:26:29.826878,2.548592874518363e-07
2025-11-04T00:27:16.189374,2.582352465196891e-07
2025-11-04T00:28:01.201962,2.4100037876451097e-07
2025-11-04T00:28:47.740928,2.5762915356608573e-07
2025-11-04T00:29:34.245401,2.39999025097859e-07
2025-11-04T00:30:20.255360,2.3320839659390913e-07
2025-11-04T00:31:05.832932,2.325711108142059e-07
2025-11-04T00:31:51.724389,2.2549322409304295e-07
2025-11-04T00:32:37.675651,2.24632231038413e-07
2025-11-04T00:33:22.756239,2.2772736940623872e-07
2025-11-04T00:34:07.635162,2.1532184746320127e-07
2025-11-04T00:34:54.313409,1.9402358475417714e-07
2025-11-04T00:35:39.916783,2.1202957611876627e-07
2025-11-04T00:36:25.899142,1.9771140102875506e-07
2025-11-04T00:37:10.999165,1.9358753888809588e-07
2025-11-04T00:37:56.260156,1.9727494304788706e-07
2025-11-04T00:38:41.854616,2.0184913296361628e-07
2025-11-04T00:39:26.619024,1.9350864022271708e-07
2025-11-04T00:40:14.005293,1.8548692537478928e-07
2025-11-04T00:40:59.627258,1.8293424375315226e-07
2025-11-04T00:41:43.789078,1.8777161869820702e-07
2025-11-04T00:42:28.814329,1.7602906154934317e-07
2025-11-04T00:43:14.321211,1.783453313919381e-07
2025-11-04T00:43:59.491291,1.832864313655591e-07
2025-11-04T00:44:44.866252,1.8519148170526023e-07
2025-11-04T00:45:30.569428,1.7697618659440195e-07
2025-11-04T00:46:16.637122,1.6829667970341688e-07
2025-11-04T00:47:01.570150,1.703728855773079e-07
2025-11-04T00:47:45.576233,1.6020578641473548e-07
2025-11-04T00:48:30.728012,1.5969649780345208e-07
2025-11-04T00:49:16.688305,1.5473443681912613e-07
2025-11-04T00:50:02.243609,1.3953932409549452e-07
2025-11-04T00:50:47.374779,1.4982143170527706e-07
2025-11-04T00:51:33.484323,1.5419246324199776e-07
2025-11-04T00:52:19.097611,1.474886772712125e-07
2025-11-04T00:53:05.818532,1.4511635981762083e-07
2025-11-04T00:53:52.772834,1.423349260676332e-07
2025-11-04T00:54:38.464570,1.3333159643025283e-07
2025-11-04T00:55:22.624840,1.430773295396648e-07
2025-11-04T00:56:09.019561,1.3640246265822498e-07
2025-11-04T00:56:53.445719,1.3126735609603202e-07
2025-11-04T00:57:39.422457,1.313686652792967e-07
2025-11-04T00:58:25.707966,1.268949887389681e-07
2025-11-04T00:59:11.477450,1.216028948647363e-07
2025-11-04T00:59:56.123982,1.3191925063438248e-07
2025-11-04T01:00:42.734454,1.2164937857050973e-07
2025-11-04T01:01:27.136068,1.155153768195305e-07
2025-11-04T01:02:12.657827,1.1737667193756351e-07
2025-11-04T01:02:58.579672,1.1747189176958273e-07
2025-11-04T01:03:44.491393,1.1571300717605482e-07
2025-11-04T01:04:29.875757,1.135160232479393e-07
2025-11-04T01:05:15.187948,1.1973452274105512e-07
2025-11-04T01:05:58.742392,1.0597803878908962e-07
2025-11-04T01:06:45.814929,1.0046958465181888e-07
2025-11-04T01:07:32.106329,1.0929269933512842e-07
2025-11-04T01:08:18.325984,1.0437531727802707e-07
2025-11-04T01:09:03.950619,1.0999349342455389e-07
2025-11-04T01:09:50.060353,1.0330188615625957e-07
2025-11-04T01:10:35.022348,1.096373409836815e-07
2025-11-04T01:11:20.369951,1.0231000402427526e-07
2025-11-04T01:12:08.379184,9.977512149816903e-08
2025-11-04T01:12:55.269046,1.0483436341246488e-07
2025-11-04T01:13:39.581837,9.961395619484392e-08
2025-11-04T01:14:24.873649,8.983665367168214e-08
2025-11-04T01:15:10.568473,9.12511097794777e-08
2025-11-04T01:15:57.222475,8.772602910767091e-08
2025-11-04T01:16:43.688537,8.704279252924607e-08
2025-11-04T01:17:29.669492,9.066543071867272e-08
2025-11-04T01:18:14.215548,8.821579911000299e-08
2025-11-04T01:18:59.880340,8.304277798742987e-08
2025-11-04T01:19:46.303372,7.858493233925401e-08
2025-11-04T01:20:33.038388,7.98708299498685e-08
2025-11-04T01:21:18.742630,8.411404905928066e-08
2025-11-04T01:22:04.834232,7.447476946254028e-08
2025-11-04T01:22:49.843516,7.982743710499562e-08
2025-11-04T01:23:34.871034,7.997046225227677e-08
2025-11-04T01:24:20.151747,7.69852874782373e-08
2025-11-04T01:25:05.012230,7.04834661746645e-08
2025-11-04T01:25:50.353484,6.964647525364853e-08
2025-11-04T01:26:36.316873,7.38424859036968e-08
2025-11-04T01:27:21.643507,7.240270605279875e-08
2025-11-04T01:28:07.836508,6.571319488557492e-08
2025-11-04T01:28:53.321884,6.918827466506627e-08
2025-11-04T01:29:39.207471,6.855950118733745e-08
2025-11-04T01:30:23.987799,6.940101116015285e-08
2025-11-04T01:31:09.363579,6.300486177224229e-08
2025-11-04T01:31:54.376665,6.004643893220418e-08
2025-11-04T01:32:38.850355,6.518197892546596e-08
2025-11-04T01:33:24.771784,6.019217835273594e-08
2025-11-04T01:34:10.232152,6.166719401790033e-08
2025-11-04T01:34:55.470891,5.658838375666164e-08
2025-11-04T01:35:40.265668,5.879250508655787e-08
2025-11-04T01:36:25.591898,5.745143738522529e-08
2025-11-04T01:37:11.804776,5.5281383026795083e-08
2025-11-04T01:37:56.411478,5.684527693006203e-08
2025-11-04T01:38:41.760314,5.884598408556485e-08
2025-11-04T01:39:27.124541,5.397063773671107e-08
2025-11-04T01:40:14.660580,5.5741494975336536e-08
2025-11-04T01:41:00.786883,5.2024574870301876e-08
2025-11-04T01:41:46.523758,5.268856995144233e-08
2025-11-04T01:42:32.451101,5.181395579256787e-08
2025-11-04T01:43:18.272209,5.425632565447813e-08
2025-11-04T01:44:02.948863,4.943006359781066e-08
2025-11-04T01:44:49.383863,4.672622466728171e-08
2025-11-04T01:45:36.165081,5.062598518179584e-08
2025-11-04T01:46:21.861155,4.755466420647281e-08
2025-11-04T01:47:07.825164,4.450054191806885e-08
2025-11-04T01:47:53.933862,4.5038390794616134e-08
2025-11-04T01:48:40.084488,4.9747761465823714e-08
2025-11-04T01:49:24.783901,4.6501565265089084e-08
2025-11-04T01:50:10.449593,4.362590644291231e-08
2025-11-04T01:50:55.007383,4.251702279134406e-08
2025-11-04T01:51:39.627457,4.420621024792126e-08
2025-11-04T01:52:24.723330,4.0704218662312996e-08
2025-11-04T01:53:09.687481,3.870477272016615e-08
2025-11-04T01:53:56.009141,4.3377987424264575e-08
2025-11-04T01:54:40.647174,4.0431256564943396e-08
2025-11-04T01:55:25.893994,3.920808921975549e-08
2025-11-04T01:56:11.334580,3.7533162355885e-08
2025-11-04T01:56:56.231911,3.881284627027526e-08
2025-11-04T01:57:42.605244,3.9301376375533437e-08
2025-11-04T01:58:28.050263,3.635306455862519e-08
2025-11-04T01:59:13.600354,4.048186497129791e-08
2025-11-04T01:59:59.265396,3.788920110991967e-08
2025-11-04T02:00:46.268204,3.701012474266463e-08
2025-11-04T02:01:32.463554,3.6637715083998046e-08
2025-11-04T02:02:17.549632,3.4998670628283435e-08
2025-11-04T02:03:03.382236,3.6155501703660775e-08
2025-11-04T02:03:49.078858,3.423343741815188e-08
2025-11-04T02:04:35.062334,3.313096286206019e-08
2025-11-04T02:05:21.624346,3.2964866392148906e-08
2025-11-04T02:06:07.225811,3.4372682478078787e-08
2025-11-04T02:06:51.240084,3.343827970070379e-08
2025-11-04T02:07:36.640565,2.8429870013724212e-08
2025-11-04T02:08:22.283755,3.25585745031276e-08
2025-11-04T02:09:07.512957,3.011616911408055e-08
2025-11-04T02:09:52.709559,3.067307474680092e-08
2025-11-04T02:10:38.054310,3.015352234569946e-08
2025-11-04T02:11:23.733915,2.9703894455224145e-08
2025-11-04T02:12:10.753170,3.0461169586715187e-08
2025-11-04T02:12:58.534665,2.7969051075160678e-08
2025-11-04T02:13:43.587536,2.9426400871557234e-08
2025-11-04T02:14:30.071121,2.877421678704195e-08
2025-11-04T02:15:14.996991,2.849971636464943e-08
2025-11-04T02:16:01.315507,2.624502037917864e-08
2025-11-04T02:16:46.026289,2.6116225626537926e-08
2025-11-04T02:17:31.700551,2.6970976563234217e-08
2025-11-04T02:18:17.065116,2.5035891582092518e-08
2025-11-04T02:19:02.661743,2.6136875774795953e-08
2025-11-04T02:19:48.098616,2.5622462374030874e-08
2025-11-04T02:20:31.864246,2.534841314627556e-08
2025-11-04T02:21:17.882129,2.2654340625649638e-08
2025-11-04T02:22:04.583541,2.4849477142652177e-08
2025-11-04T02:22:51.458549,2.4203385962096036e-08
2025-11-04T02:23:36.753314,2.1938792116316108e-08
2025-11-04T02:24:23.877828,2.3767855239498203e-08
2025-11-04T02:25:08.774127,2.268270549166118e-08
2025-11-04T02:25:54.842120,2.1274782824320937e-08
2025-11-04T02:26:41.068236,2.1425536900210318e-08
2025-11-04T02:27:26.204942,2.3099163470874373e-08
2025-11-04T02:28:12.207637,2.0655534171964973e-08
2025-11-04T02:28:57.491785,2.0748116114077675e-08
2025-11-04T02:29:42.914198,2.108841457015842e-08
2025-11-04T02:30:28.736638,2.0533200029149157e-08
2025-11-04T02:31:14.787887,2.10958166491082e-08
2025-11-04T02:32:00.601444,2.085555372843828e-08
2025-11-04T02:32:46.464985,1.945413252713024e-08
2025-11-04T02:33:31.687225,1.8662840162164684e-08
2025-11-04T02:34:18.839482,1.8188380579431396e-08
2025-11-04T02:35:04.415369,1.889645417918473e-08
2025-11-04T02:35:49.852171,1.7289030651568282e-08
2025-11-04T02:36:34.608817,1.793201676036915e-08
2025-11-04T02:37:21.036392,1.9778180870844153e-08
2025-11-04T02:38:05.856889,1.8405460266990303e-08
2025-11-04T02:38:51.813420,1.8169377113963492e-08
2025-11-04T02:39:36.189916,1.7184355272092944e-08
2025-11-04T02:40:21.688546,1.668248472697087e-08
2025-11-04T02:41:06.376814,1.534551685722363e-08
2025-11-04T02:41:51.486810,1.6590526286108798e-08
2025-11-04T02:42:36.705442,1.7192590462400403e-08
2025-11-04T02:43:22.132558,1.6600335328575966e-08
2025-11-04T02:44:08.269288,1.654523273941777e-08
2025-11-04T02:44:53.911801,1.523619275189958e-08
2025-11-04T02:45:38.311402,1.7005849173301613e-08
2025-11-04T02:46:24.408809,1.5457658264494967e-08
2025-11-04T02:47:10.590283,1.61512190288704e-08
2025-11-04T02:47:55.682562,1.638656499380886e-08
2025-11-04T02:48:42.266705,1.6259372515037285e-08
2025-11-04T02:49:28.624612,1.4476640330940427e-08
2025-11-04T02:50:13.891291,1.579902431103619e-08
2025-11-04T02:50:58.329647,1.3501398221649197e-08
2025-11-04T02:51:43.232557,1.4051058983000075e-08
2025-11-04T02:52:28.342564,1.346051625716882e-08
2025-11-04T02:53:12.986199,1.4827234551262336e-08
2025-11-04T02:53:58.640020,1.324148701797867e-08
2025-11-04T02:54:44.121245,1.4402724346496143e-08
2025-11-04T02:55:29.591474,1.3197454684643617e-08
2025-11-04T02:56:15.268653,1.2647126013121124e-08
2025-11-04T02:57:00.847031,1.2496503387637858e-08
2025-11-04T02:57:47.473202,1.4003970427722834e-08
2025-11-04T02:58:32.536229,1.2746323108103752e-08
2025-11-04T02:59:19.180833,1.3373330887134216e-08
2025-11-04T03:00:05.911361,1.2884317612815721e-08
2025-11-04T03:00:50.873697,1.1840574742905119e-08
2025-11-04T03:01:36.171382,1.2620964717768857e-08
2025-11-04T03:02:21.231174,1.2765348778032148e-08
2025-11-04T03:03:06.319652,1.1324453375038956e-08
2025-11-04T03:03:50.707977,1.0683151252521839e-08
2025-11-04T03:04:37.770148,1.1595998827829135e-08
2025-11-04T03:05:23.832743,1.1877738792520631e-08
2025-11-04T03:06:10.667734,1.1289825074811688e-08
2025-11-04T03:06:55.977495,1.0727795540788065e-08
2025-11-04T03:07:40.730237,1.0778464343275118e-08
2025-11-04T03:08:26.254933,1.1095059093690907e-08
2025-11-04T03:09:11.349205,1.1603017213701605e-08
2025-11-04T03:09:58.597152,1.0823949736504801e-08
2025-11-04T03:10:44.103407,1.0172185760382035e-08
2025-11-04T03:11:29.642773,9.71684777084647e-09
2025-11-04T03:12:14.816385,1.015125938863548e-08
2025-11-04T03:12:59.889459,1.040183050804444e-08
2025-11-04T03:13:49.029289,9.671396128396736e-09
2025-11-04T03:14:34.386087,9.313925630749509e-09
2025-11-04T03:15:19.680129,1.0315102549895983e-08
2025-11-04T03:16:04.931331,1.020898743320231e-08
2025-11-04T03:16:51.410390,9.271466261395744e-09
2025-11-04T03:17:35.647139,9.449265370164994e-09
2025-11-04T03:18:19.920073,9.840464443300334e-09
2025-11-04T03:19:06.651007,9.108632070820022e-09
2025-11-04T03:19:51.676139,8.20198930995275e-09
2025-11-04T03:20:37.493719,8.857034217157889e-09
2025-11-04T03:21:21.695990,8.7359186551339e-09
2025-11-04T03:22:07.748902,8.4494535812496e-09
2025-11-04T03:22:52.560111,9.052615546067955e-09
2025-11-04T03:23:38.401152,9.363338548951106e-09
2025-11-04T03:24:24.191788,7.934158219313758e-09
2025-11-04T03:25:08.777724,8.17266965214003e-09
2025-11-04T03:25:54.632767,8.075557111908438e-09
2025-11-04T03:26:39.455568,8.85703066444421e-09
2025-11-04T03:27:25.453704,8.807726992188236e-09
2025-11-04T03:28:11.413720,7.902487553224091e-09
2025-11-04T03:28:58.079871,8.394089867636012e-09
2025-11-04T03:29:43.586313,7.907223320557932e-09
2025-11-04T03:30:28.549608,7.66995711387608e-09
2025-11-04T03:31:14.674126,7.696574044757654e-09
2025-11-04T03:31:59.247603,7.164586257601968e-09
2025-11-04T03:32:45.357546,7.982022154351398e-09
2025-11-04T03:33:30.941954,7.713363281425245e-09
2025-11-04T03:34:16.655162,7.405309698782503e-09
2025-11-04T03:35:01.148079,7.550767122666002e-09
2025-11-04T03:35:46.823237,7.4237749281280685e-09
2025-11-04T03:36:32.106565,6.6503016427077455e-09
2025-11-04T03:37:17.397721,6.871843094558017e-09
2025-11-04T03:38:02.825298,7.038995608610321e-09
2025-11-04T03:38:48.622621,6.977402655650167e-09
2025-11-04T03:39:33.480240,6.849379730056171e-09
2025-11-04T03:40:19.207617,6.324175849670155e-09
2025-11-04T03:41:04.286820,6.473499958303819e-09
2025-11-04T03:41:49.816155,7.18706161251248e-09
2025-11-04T03:42:34.383393,6.711932787339947e-09
2025-11-04T03:43:19.871939,6.507774763520047e-09
2025-11-04T03:44:07.214564,6.630501481197371e-09
2025-11-04T03:44:52.666002,6.336398961082068e-09
2025-11-04T03:45:38.930171,6.961672571748068e-09
2025-11-04T03:46:22.875856,6.645072048172551e-09
2025-11-04T03:47:07.435333,6.035032029672038e-09
2025-11-04T03:47:54.201296,6.0460614292878745e-09
2025-11-04T03:48:39.681426,6.035727917463873e-09
2025-11-04T03:49:25.503948,6.425260323794646e-09
2025-11-04T03:50:10.544358,5.847105022382948e-09
2025-11-04T03:50:55.797367,5.938918690162609e-09
2025-11-04T03:51:40.677438,5.403448355423279e-09
2025-11-04T03:52:25.213494,5.918415979522251e-09
2025-11-04T03:53:11.412873,6.142379049833835e-09
2025-11-04T03:53:55.405735,5.680560022369718e-09
2025-11-04T03:54:41.656015,6.287081077971379e-09
2025-11-04T03:55:27.244033,5.551998860653384e-09
2025-11-04T03:56:13.889912,5.739490216427612e-09
2025-11-04T03:56:59.583374,5.79976955350503e-09
2025-11-04T03:57:46.012799,5.393490987160021e-09
2025-11-04T03:58:32.575295,5.605848674150593e-09
2025-11-04T03:59:17.038833,5.78016257080094e-09
2025-11-04T04:00:03.036953,5.76748515612735e-09
2025-11-04T04:00:49.794519,5.7006261933167934e-09
2025-11-04T04:01:35.777737,4.934299191461378e-09
2025-11-04T04:02:21.648244,5.292515758981153e-09
2025-11-04T04:03:07.137292,5.093996335858719e-09
2025-11-04T04:03:52.737686,4.7935828639822375e-09
2025-11-04T04:04:39.605066,5.116525869652833e-09
2025-11-04T04:05:25.602801,5.049606954798946e-09
2025-11-04T04:06:09.995989,4.753791582601252e-09
2025-11-04T04:06:54.765783,4.890241545041363e-09
2025-11-04T04:07:41.218666,5.264712221730861e-09
2025-11-04T04:08:26.596974,4.375636741826838e-09
2025-11-04T04:09:12.167644,4.830445377024262e-09
2025-11-04T04:09:57.949061,4.754292071140753e-09
2025-11-04T04:10:44.987080,4.4733026172139034e-09
2025-11-04T04:11:31.235096,4.586233615100355e-09
2025-11-04T04:12:17.039844,4.810657650011763e-09
2025-11-04T04:13:02.390883,4.634422623439605e-09
2025-11-04T04:13:48.479774,4.621175442309777e-09
2025-11-04T04:14:36.298228,4.3796819504393625e-09
2025-11-04T04:15:21.869532,4.3676600114395114e-09
2025-11-04T04:16:09.296554,4.384019369751968e-09
2025-11-04T04:16:54.229141,4.577793255577944e-09
2025-11-04T04:17:39.137853,4.7515369416828435e-09
2025-11-04T04:18:24.426583,4.309743673047706e-09
2025-11-04T04:19:10.733937,4.116964102962584e-09
2025-11-04T04:19:56.374539,4.316706547768945e-09
2025-11-04T04:20:42.413805,3.903676493166586e-09
2025-11-04T04:21:28.551832,4.122947760976103e-09
2025-11-04T04:22:13.530824,4.160281896758988e-09
2025-11-04T04:22:59.009901,4.148092536127024e-09
2025-11-04T04:23:43.995231,4.089531380202516e-09
2025-11-04T04:24:31.496193,3.885524790803174e-09
2025-11-04T04:25:16.440379,4.002134623704023e-09
2025-11-04T04:26:03.442241,4.058807512308249e-09
2025-11-04T04:26:49.134868,4.3285370843193505e-09
2025-11-04T04:27:34.341762,3.846970741960831e-09
2025-11-04T04:28:19.318472,4.272800779858699e-09
2025-11-04T04:29:04.245857,4.162876710012142e-09
2025-11-04T04:29:49.247034,3.481872123956009e-09
2025-11-04T04:30:34.540274,4.15251655283555e-09
2025-11-04T04:31:19.371941,3.693690242556613e-09
2025-11-04T04:32:04.301243,3.6970755346033e-09
2025-11-04T04:32:49.548996,3.6731071517692726e-09
2025-11-04T04:33:34.372617,3.678440219090362e-09
2025-11-04T04:34:20.312026,3.560630013055288e-09
2025-11-04T04:35:06.410865,3.740754817016523e-09
2025-11-04T04:35:52.824704,3.4673912630012182e-09
2025-11-04T04:36:38.517570,3.904738310467337e-09
2025-11-04T04:37:23.943160,3.799764947132189e-09
2025-11-04T04:38:10.801125,3.93117982611102e-09
2025-11-04T04:38:56.397300,3.42963812904884e-09
2025-11-04T04:39:42.180750,3.746199794818494e-09
2025-11-04T04:40:27.618352,3.61732843678908e-09
2025-11-04T04:41:12.925819,3.767106626639816e-09
2025-11-04T04:41:58.865032,3.816302829307006e-09
2025-11-04T04:42:44.423387,3.1598450522807298e-09
2025-11-04T04:43:29.856575,3.3618041683780575e-09
2025-11-04T04:44:14.725835,3.163309614251375e-09
2025-11-04T04:45:00.433997,3.173794560495935e-09
2025-11-04T04:45:46.523585,3.1090618968221406e-09
2025-11-04T04:46:31.156063,3.3674139032768835e-09
2025-11-04T04:47:18.458592,3.5436722445325586e-09
2025-11-04T04:48:03.431178,3.2958060725007954e-09
2025-11-04T04:48:49.108821,3.1490998697591976e-09
2025-11-04T04:49:34.970532,3.4212663813093513e-09
2025-11-04T04:50:20.925806,3.1312641368685945e-09
2025-11-04T04:51:06.309834,3.1526332655573697e-09
2025-11-04T04:51:53.829352,3.4980955909702516e-09
2025-11-04T04:52:39.468716,2.926031639205462e-09
2025-11-04T04:53:24.521923,3.2083216083833577e-09
2025-11-04T04:54:10.918549,2.9704281256925924e-09
2025-11-04T04:54:56.000370,3.1147431300837525e-09
2025-11-04T04:55:42.441012,3.3988030168075056e-09
2025-11-04T04:56:27.849305,3.1276119472067876e-09
2025-11-04T04:57:13.869595,3.3024374346268814e-09
2025-11-04T04:57:59.895332,2.882386329616793e-09
2025-11-04T04:58:46.810679,2.8955851050227466e-09
2025-11-04T04:59:31.014880,2.8305144894602563e-09
2025-11-04T05:00:16.929986,3.035033113718555e-09
2025-11-04T05:01:03.510337,2.9660378597640147e-09
2025-11-04T05:01:48.826560,2.943062016314002e-09
2025-11-04T05:02:33.917310,2.799895870708724e-09
2025-11-04T05:03:20.272393,2.659214626277162e-09
2025-11-04T05:04:05.545738,3.0254996286060987e-09
2025-11-04T05:04:51.135991,2.7252586853876437e-09
2025-11-04T05:05:35.862972,2.8254785178205566e-09
2025-11-04T05:06:22.445228,2.9758151498526786e-09
2025-11-04T05:07:07.401616,2.8301707644118324e-09
2025-11-04T05:07:53.070664,2.6899455995987864e-09
2025-11-04T05:08:39.160935,2.947312394141477e-09
2025-11-04T05:09:24.822395,2.7052584616882314e-09
2025-11-04T05:10:09.862471,2.6895063953702447e-09
2025-11-04T05:10:53.537141,2.6995365942639182e-09
2025-11-04T05:11:39.459496,2.598065318437648e-09
2025-11-04T05:12:26.503660,2.570185175798656e-09
2025-11-04T05:13:11.415487,2.71899036619061e-09
2025-11-04T05:13:57.465031,2.8836344423410765e-09
2025-11-04T05:14:42.203748,2.623528061462821e-09
2025-11-04T05:15:30.106723,2.6455009294323872e-09
2025-11-04T05:16:14.563441,2.621652894774229e-09
2025-11-04T05:17:00.242868,2.420281308701533e-09
2025-11-04T05:17:45.746935,2.4044997104510912e-09
2025-11-04T05:18:31.823023,2.5807107562059173e-09
2025-11-04T05:19:17.084293,2.392845477316996e-09
2025-11-04T05:20:02.774850,2.6315938317367227e-09
2025-11-04T05:20:47.832057,2.293458756241762e-09
2025-11-04T05:21:32.511714,2.429945356041685e-09
2025-11-04T05:22:18.281171,2.5687856286538135e-09
2025-11-04T05:23:04.393659,2.435827095581544e-09
2025-11-04T05:23:49.668215,2.3931112647090913e-09
2025-11-04T05:24:35.225511,2.717826852460803e-09
2025-11-04T05:25:20.153653,2.703858470454179e-09
2025-11-04T05:26:05.177934,2.155120526481369e-09
2025-11-04T05:26:49.412920,2.724454883917815e-09
2025-11-04T05:27:36.322513,2.321678849170894e-09
2025-11-04T05:28:22.422389,2.2090129725427232e-09
2025-11-04T05:29:08.634761,2.239570751072506e-09
2025-11-04T05:29:54.292411,2.197646065127401e-09
2025-11-04T05:30:40.253045,2.450311065160804e-09
2025-11-04T05:31:25.838595,2.252226405374813e-09
2025-11-04T05:32:10.843678,2.2329669224774307e-09
2025-11-04T05:32:56.307281,2.4703283862947956e-09
2025-11-04T05:33:41.341347,2.2964306012340785e-09
2025-11-04T05:34:26.857528,2.3146928818107426e-09
2025-11-04T05:35:13.005057,2.3029702589383305e-09
2025-11-04T05:35:58.616646,2.0082586704717187e-09
2025-11-04T05:36:42.723027,2.4710331558708276e-09
2025-11-04T05:37:28.351815,2.2220909556835977e-09
2025-11-04T05:38:14.215868,2.124193265728991e-09
2025-11-04T05:38:59.681533,2.0233994479923467e-09
2025-11-04T05:39:45.213112,2.180526870176891e-09
2025-11-04T05:40:30.704656,2.2930928267328454e-09
2025-11-04T05:41:16.896281,2.102994667296798e-09
2025-11-04T05:42:02.643126,2.1826316309869753e-09
2025-11-04T05:42:48.051228,2.135038368322739e-09
2025-11-04T05:43:32.671095,2.008571309275453e-09
2025-11-04T05:44:18.441315,2.254504138932134e-09
2025-11-04T05:45:03.776027,2.136895771442937e-09
2025-11-04T05:45:49.754916,2.1652428738860863e-09
2025-11-04T05:46:34.334832,2.1444737097198185e-09
2025-11-04T05:47:20.244605,2.220961192733739e-09
2025-11-04T05:48:05.335689,2.1456936227792767e-09
2025-11-04T05:48:50.909576,2.2569197621891135e-09
2025-11-04T05:49:35.825949,2.1158275131938353e-09
2025-11-04T05:50:21.864260,1.938856186711746e-09
2025-11-04T05:51:06.977416,2.186476555365857e-09
2025-11-04T05:51:52.299631,2.0377968201756858e-09
2025-11-04T05:52:38.028126,2.2968400514855603e-09
2025-11-04T05:53:24.423999,1.8108032850960853e-09
2025-11-04T05:54:11.028762,2.0481636386904256e-09
2025-11-04T05:54:56.145706,2.0583090787340552e-09
2025-11-04T05:55:43.228551,2.026762757623146e-09
2025-11-04T05:56:28.938540,1.9677919294025514e-09
2025-11-04T05:57:13.924384,2.0677888290521196e-09
2025-11-04T05:57:58.622240,1.948674777096926e-09
2025-11-04T05:58:43.200519,1.952385586534433e-09
2025-11-04T05:59:30.136848,1.957077166991894e-09
2025-11-04T06:00:15.119611,1.9148749252906327e-09
2025-11-04T06:01:00.850245,2.2154393874984635e-09
2025-11-04T06:01:47.021977,1.8029537862673806e-09
2025-11-04T06:02:32.331109,1.897618284729674e-09
2025-11-04T06:03:17.258877,1.9309616128282414e-09
2025-11-04T06:04:01.994394,2.0760695385035888e-09
2025-11-04T06:04:47.413618,1.9096275671870444e-09
2025-11-04T06:05:31.889841,2.04628469724355e-09
2025-11-04T06:06:18.249486,1.828712847817826e-09
2025-11-04T06:07:02.766059,1.880084310457164e-09
2025-11-04T06:07:47.949866,1.8109800326016057e-09
2025-11-04T06:08:34.348771,1.8183490269052527e-09
2025-11-04T06:09:20.546842,1.9077104340681217e-09
2025-11-04T06:10:06.328886,1.7993214695977144e-09
2025-11-04T06:10:52.937133,1.6802796931614239e-09
2025-11-04T06:11:37.737521,1.912013436466964e-09
2025-11-04T06:12:25.094556,1.752530121024165e-09
2025-11-04T06:13:10.828940,1.8239226795557784e-09
2025-11-04T06:13:56.518640,1.7529221407741602e-09
2025-11-04T06:14:42.593381,1.8572196003319164e-09
2025-11-04T06:15:28.261079,1.7002483865269369e-09
2025-11-04T06:16:16.015848,1.8304844306982204e-09
2025-11-04T06:17:02.021883,1.674062444223523e-09
2025-11-04T06:17:48.030357,1.7247756556315608e-09
2025-11-04T06:18:34.374661,1.5739696213046273e-09
2025-11-04T06:19:18.496559,1.8106550703222979e-09
2025-11-04T06:20:03.552916,1.8429828774202406e-09
2025-11-04T06:20:48.247807,1.644654634702647e-09
2025-11-04T06:21:34.047941,1.8470841522955084e-09
2025-11-04T06:22:21.051552,1.6989225581909295e-09
2025-11-04T06:23:07.493093,1.6515708800568518e-09
2025-11-04T06:23:52.604466,1.7438426258564732e-09
2025-11-04T06:24:38.310091,1.8001030666070506e-09
2025-11-04T06:25:23.006038,1.6908070499255246e-09
2025-11-04T06:26:09.176761,1.6088317345008818e-09
2025-11-04T06:26:54.268767,1.868533328064359e-09
2025-11-04T06:27:41.337863,1.6961959614647526e-09
2025-11-04T06:28:28.008290,1.4897225675269965e-09
2025-11-04T06:29:13.645033,1.8587231753741662e-09
2025-11-04T06:29:58.429392,1.5940035957839882e-09
2025-11-04T06:30:43.197634,1.997970899836332e-09
2025-11-04T06:31:28.795551,1.5705516887010162e-09
2025-11-04T06:32:14.108926,1.5941439279743008e-09
2025-11-04T06:32:59.756258,1.5300727351785781e-09
2025-11-04T06:33:44.173742,1.4633538825137293e-09
2025-11-04T06:34:29.578503,1.622813883273011e-09
2025-11-04T06:35:15.407374,1.6398578051024515e-09
2025-11-04T06:36:00.677235,1.7004490038274866e-09
2025-11-04T06:36:45.332185,1.5808353515112117e-09
2025-11-04T06:37:31.506670,1.543907890422247e-09
2025-11-04T06:38:16.969793,1.6441024097701984e-09
2025-11-04T06:39:03.943018,1.6570649297165119e-09
2025-11-04T06:39:48.957634,1.4685295202099269e-09
2025-11-04T06:40:35.048958,1.5393385455197972e-09
2025-11-04T06:41:19.948293,1.502249880047657e-09
2025-11-04T06:42:06.161720,1.6245055300956324e-09
2025-11-04T06:42:51.825495,1.3005596599668934e-09
2025-11-04T06:43:37.716467,1.4746655008224252e-09
2025-11-04T06:44:23.700624,1.5172268996721527e-09
2025-11-04T06:45:09.493155,1.5823651278168427e-09
2025-11-04T06:45:55.374986,1.5708585543450226e-09
2025-11-04T06:46:40.794763,1.5597446667570125e-09
2025-11-04T06:47:26.132818,1.6384602563590533e-09
2025-11-04T06:48:11.873834,1.4552672400469646e-09
2025-11-04T06:48:56.970189,1.4304331052983343e-09
2025-11-04T06:49:42.156612,1.4683647631130725e-09
2025-11-04T06:50:27.112385,1.6728078922056966e-09
2025-11-04T06:51:12.301683,1.5848071743818082e-09
2025-11-04T06:51:57.099687,1.5992982493884256e-09
2025-11-04T06:52:42.338920,1.4526210234677706e-09
2025-11-04T06:53:28.036788,1.5518792917390556e-09
2025-11-04T06:54:13.820682,1.4603496190090937e-09
2025-11-04T06:55:00.916628,1.5021425214811757e-09
2025-11-04T06:55:45.313435,1.509911973229805e-09
2025-11-04T06:56:31.125858,1.3997468739646024e-09
2025-11-04T06:57:16.654582,1.3358155692699825e-09
2025-11-04T06:58:03.149606,1.4840806361604564e-09
2025-11-04T06:58:48.443157,1.5728178759388811e-09
2025-11-04T06:59:34.375829,1.5188269530952425e-09
2025-11-04T07:00:18.163088,1.4845734641610875e-09
2025-11-04T07:01:03.589383,1.4052898844596484e-09
2025-11-04T07:01:50.369010,1.5206391701383382e-09
2025-11-04T07:02:35.387925,1.5064411940102218e-09
2025-11-04T07:03:21.291704,1.3547127863944297e-09
2025-11-04T07:04:07.333998,1.324967802140975e-09
2025-11-04T07:04:53.430994,1.4360594935425297e-09
2025-11-04T07:05:38.140611,1.2270990890073108e-09
2025-11-04T07:06:24.577279,1.3592627023939485e-09
2025-11-04T07:07:09.541875,1.5080159343483501e-09
2025-11-04T07:07:53.761213,1.3642111884593078e-09
2025-11-04T07:08:39.337527,1.3540267795875138e-09
2025-11-04T07:09:25.750742,1.3591802128232189e-09
2025-11-04T07:10:11.000172,1.3780960816944798e-09
2025-11-04T07:10:56.819677,1.3389209740921615e-09
2025-11-04T07:11:42.615595,1.4217933497207014e-09
2025-11-04T07:12:28.272193,1.3561637368653123e-09
2025-11-04T07:13:14.317669,1.4049796881465682e-09
2025-11-04T07:14:00.445038,1.3994290171126522e-09
2025-11-04T07:14:46.152568,1.2848070385373944e-09
2025-11-04T07:15:30.970764,1.3589496195010042e-09
2025-11-04T07:16:17.145984,1.3682841526474476e-09
2025-11-04T07:17:04.952821,1.3605330195787246e-09
2025-11-04T07:17:50.023446,1.3421420641535065e-09
2025-11-04T07:18:35.796912,1.2547387573391688e-09
2025-11-04T07:19:21.456644,1.3266763243535706e-09
2025-11-04T07:20:07.727534,1.2367981083727386e-09
2025-11-04T07:20:53.403246,1.3650021113420507e-09
2025-11-04T07:21:39.404824,1.4209911025631072e-09
2025-11-04T07:22:24.165451,1.2231712309684895e-09
2025-11-04T07:23:08.925278,1.2509628888324187e-09
2025-11-04T07:23:54.283455,1.3055290182251156e-09
2025-11-04T07:24:40.284244,1.2769525437050788e-09
2025-11-04T07:25:25.104006,1.285807904594094e-09
2025-11-04T07:26:10.170340,1.2128651416531966e-09
2025-11-04T07:26:55.884470,1.348039013748803e-09
2025-11-04T07:27:40.814408,1.3407650545360639e-09
2025-11-04T07:28:25.938199,1.295555440705698e-09
2025-11-04T07:29:12.502997,1.271058147622739e-09
2025-11-04T07:29:58.921779,1.2806162796863418e-09
2025-11-04T07:30:44.652129,1.1598807470036832e-09
2025-11-04T07:31:28.658194,1.218218859122544e-09
2025-11-04T07:32:13.453457,1.2181338160388577e-09
2025-11-04T07:32:59.461915,1.3800299791810744e-09
2025-11-04T07:33:45.651145,1.3582566182890332e-09
2025-11-04T07:34:31.059259,1.3332469572802097e-09
2025-11-04T07:35:17.402549,1.2864040943583177e-09
2025-11-04T07:36:03.691261,1.2817852335089697e-09
2025-11-04T07:36:48.348333,1.255218373685807e-09
2025-11-04T07:37:32.161617,1.176852504336523e-09
2025-11-04T07:38:16.896896,1.3334718884649988e-09
2025-11-04T07:39:02.279352,1.2905658763884276e-09
2025-11-04T07:39:47.588584,1.1526495313773921e-09
2025-11-04T07:40:34.480388,1.0633620650679632e-09
2025-11-04T07:41:20.644109,1.1392999876846943e-09
2025-11-04T07:42:05.630749,1.2024552464851013e-09
2025-11-04T07:42:51.701838,1.2566432339156108e-09
2025-11-04T07:43:36.746609,1.1341032557510289e-09
2025-11-04T07:44:21.970187,1.2265932713972916e-09
2025-11-04T07:45:07.986198,1.2128482662632223e-09
2025-11-04T07:45:54.054420,1.301567520428648e-09
2025-11-04T07:46:38.772403,1.207780209178111e-09
2025-11-04T07:47:25.060678,1.174890407185103e-09
2025-11-04T07:48:10.789119,1.3467672532740949e-09
2025-11-04T07:48:55.739348,1.198398047463911e-09
2025-11-04T07:49:40.842178,1.1327043747400012e-09
2025-11-04T07:50:25.668681,1.2099190538350513e-09
2025-11-04T07:51:11.648699,1.281491246452049e-09
2025-11-04T07:51:58.170397,1.049886400039668e-09
2025-11-04T07:52:43.002771,1.1050158565950596e-09
2025-11-04T07:53:27.123495,1.0671574734999467e-09
2025-11-04T07:54:14.504412,1.1217791140438749e-09
2025-11-04T07:55:01.190511,1.0165992492261466e-09
2025-11-04T07:55:46.656559,1.0723713028681914e-09
2025-11-04T07:56:31.787601,1.1284593259830444e-09
2025-11-04T07:57:17.196518,1.0432449348840578e-09
2025-11-04T07:58:03.060211,1.107927638521744e-09
2025-11-04T07:58:48.921422,1.1259808641028712e-09
2025-11-04T07:59:34.468065,1.142872907422543e-09
2025-11-04T08:00:19.969356,1.0680505369009552e-09
2025-11-04T08:01:06.054501,1.1061572768866768e-09
2025-11-04T08:01:51.196308,1.0649588988442815e-09
2025-11-04T08:02:35.915700,1.1687197876142363e-09
2025-11-04T08:03:21.435426,1.137035354759064e-09
2025-11-04T08:04:08.358735,1.2092962187182366e-09
2025-11-04T08:04:53.800627,1.177939634722236e-09
2025-11-04T08:05:40.355496,1.1000975685959702e-09
2025-11-04T08:06:26.036038,1.214700562357507e-09
2025-11-04T08:07:12.452798,1.1701997149060617e-09
2025-11-04T08:07:56.451535,1.1554626144771873e-09
2025-11-04T08:08:41.073903,1.064146215590256e-09
2025-11-04T08:09:27.402493,1.1217198281343599e-09
2025-11-04T08:10:12.584981,1.1006435762794808e-09
2025-11-04T08:10:58.681475,1.1693744861318578e-09
2025-11-04T08:11:44.593881,1.0268224048815e-09
2025-11-04T08:12:28.766460,1.1724320403416755e-09
2025-11-04T08:13:15.743463,9.615831464415692e-10
2025-11-04T08:14:01.748249,1.0854931398185386e-09
2025-11-04T08:14:47.181809,1.0926812787914741e-09
2025-11-04T08:15:33.500601,1.1273038058590146e-09
2025-11-04T08:16:18.930874,1.2759390211058985e-09
2025-11-04T08:17:04.576916,1.0701689534542425e-09
2025-11-04T08:17:51.670118,1.0933556282566315e-09
2025-11-04T08:18:38.186061,1.0607787981342653e-09
2025-11-04T08:19:23.673167,9.585015003921171e-10
2025-11-04T08:20:09.026176,1.0102234604403293e-09
2025-11-04T08:20:53.424564,1.0209915135561687e-09
2025-11-04T08:21:38.454737,1.0176811615636439e-09
2025-11-04T08:22:22.849868,1.1492315987737811e-09
2025-11-04T08:23:07.884943,1.1397018884196086e-09
2025-11-04T08:23:53.596279,1.1059412274860847e-09
2025-11-04T08:24:38.548563,9.863498906526047e-10
2025-11-04T08:25:24.713901,9.57832257952873e-10
2025-11-04T08:26:09.709389,9.432519210150758e-10
2025-11-04T08:26:54.944955,9.698419844994532e-10
2025-11-04T08:27:40.791383,1.0402241290563552e-09
2025-11-04T08:28:26.408387,9.477544304914431e-10
2025-11-04T08:29:11.838804,1.008738759189498e-09
2025-11-04T08:29:56.655881,1.1595241433681736e-09
2025-11-04T08:30:42.049444,1.1354543971719977e-09
2025-11-04T08:31:26.495539,1.009605288260218e-09
2025-11-04T08:32:11.571137,1.068996224873331e-09
2025-11-04T08:32:57.584429,9.351523999612255e-10
2025-11-04T08:33:43.428188,9.69883950929784e-10
2025-11-04T08:34:28.371806,1.0573856235041035e-09
2025-11-04T08:35:13.187789,1.0106859793523881e-09
2025-11-04T08:35:58.082315,1.0351266510610913e-09
2025-11-04T08:36:43.239692,9.592046046336122e-10
2025-11-04T08:37:27.485103,9.441302184498568e-10
2025-11-04T08:38:12.734945,1.1073948424922264e-09
2025-11-04T08:38:58.595349,1.0567682284801094e-09
2025-11-04T08:39:44.608440,9.733067685147034e-10
2025-11-04T08:40:29.742025,9.990837046558454e-10
2025-11-04T08:41:15.072565,9.1062235529904e-10
2025-11-04T08:42:01.519284,9.660343636141988e-10
2025-11-04T08:42:45.888897,1.0326102195534759e-09
2025-11-04T08:43:30.893136,1.0739117373148588e-09
2025-11-04T08:44:16.967594,8.854754707243728e-10
2025-11-04T08:45:01.198420,8.910001625395125e-10
2025-11-04T08:45:45.434057,9.554768087838283e-10
2025-11-04T08:46:30.285932,8.852096278211263e-10
2025-11-04T08:47:15.561832,9.647415089020228e-10
2025-11-04T08:48:00.286682,1.0184031395965576e-09
2025-11-04T08:48:44.666150,9.588920768521803e-10
2025-11-04T08:49:30.890261,1.0141827377907475e-09
2025-11-04T08:50:16.418600,9.465482841974904e-10
2025-11-04T08:51:02.376606,8.837029441544075e-10
2025-11-04T08:51:47.798585,9.953118329519839e-10
2025-11-04T08:52:32.442936,9.133883094314399e-10
2025-11-04T08:53:18.157180,9.094351938188083e-10
2025-11-04T08:54:02.419745,9.52187217961864e-10
2025-11-04T08:54:48.034187,9.415812574076199e-10
2025-11-04T08:55:32.633205,1.0208192069427469e-09
2025-11-04T08:56:18.265408,9.387889354783852e-10
2025-11-04T08:57:03.015217,8.931620998353651e-10
2025-11-04T08:57:48.547800,8.823838326676992e-10
2025-11-04T08:58:33.650434,9.043986670675963e-10
2025-11-04T08:59:18.980156,8.947579899221125e-10
2025-11-04T09:00:04.220736,8.541125029459806e-10
2025-11-04T09:00:49.514324,9.964318259392257e-10
2025-11-04T09:01:33.990680,8.703360254713743e-10
2025-11-04T09:02:20.247390,9.12864561719573e-10
2025-11-04T09:03:05.143243,9.268877887436133e-10
2025-11-04T09:03:50.549505,9.644676168818478e-10
2025-11-04T09:04:35.840389,9.613623230819712e-10
2025-11-04T09:05:21.158854,9.303314230102444e-10
2025-11-04T09:06:08.646878,9.109989429489929e-10
2025-11-04T09:06:55.487037,8.852131805348051e-10
2025-11-04T09:07:41.151090,9.116644106299532e-10
2025-11-04T09:08:27.138735,9.43929601149307e-10
2025-11-04T09:09:11.505168,8.806381734949298e-10
2025-11-04T09:09:57.135652,9.560705560573979e-10
2025-11-04T09:10:41.673969,9.757480379235517e-10
2025-11-04T09:11:27.010212,9.42597111475152e-10
2025-11-04T09:12:13.223699,9.030837744283815e-10
2025-11-04T09:12:58.268764,7.819461189662036e-10
2025-11-04T09:13:43.820882,8.302283860395221e-10
2025-11-04T09:14:29.669717,8.721006694578648e-10
2025-11-04T09:15:15.118443,8.436668030853411e-10
2025-11-04T09:16:00.568071,9.331588834982085e-10
2025-11-04T09:16:45.450671,8.180267574431355e-10
2025-11-04T09:17:31.257922,9.258781519250192e-10
2025-11-04T09:18:19.284310,8.935697182188562e-10
2025-11-04T09:19:03.891618,8.322325051324242e-10
2025-11-04T09:19:49.506587,9.737356476691161e-10
2025-11-04T09:20:34.566045,8.565057552090138e-10
2025-11-04T09:21:20.350302,8.152519770376898e-10
2025-11-04T09:22:04.891898,9.373211096175282e-10
2025-11-04T09:22:50.493337,8.828536790517205e-10
2025-11-04T09:23:36.642882,8.662939254833191e-10
2025-11-04T09:24:22.045273,8.334416490285435e-10
2025-11-04T09:25:09.275459,7.942140278771603e-10
2025-11-04T09:25:54.337949,7.831170711902757e-10
2025-11-04T09:26:40.985657,8.579485455406655e-10
2025-11-04T09:27:26.160413,7.779598076851357e-10
2025-11-04T09:28:11.010018,8.41439917742548e-10
2025-11-04T09:28:57.859182,8.714127197606558e-10
2025-11-04T09:29:43.472301,8.53456083582671e-10
2025-11-04T09:30:28.594117,8.091511904950721e-10
2025-11-04T09:31:14.446433,7.969432891385964e-10
2025-11-04T09:31:59.596551,8.789377559104139e-10
2025-11-04T09:32:45.716603,8.518106775490253e-10
2025-11-04T09:33:31.498789,8.322392219817232e-10
2025-11-04T09:34:17.659873,8.11455791449589e-10
2025-11-04T09:35:03.312445,7.474590946188187e-10
2025-11-04T09:35:49.173672,7.286506953363414e-10
2025-11-04T09:36:33.828574,8.026979081421359e-10
2025-11-04T09:37:17.832336,7.64116769857992e-10
2025-11-04T09:38:03.755696,8.335319101604455e-10
2025-11-04T09:38:50.011221,8.302401544035831e-10
2025-11-04T09:39:35.079958,7.472438223743438e-10
2025-11-04T09:40:20.621589,7.750234898296071e-10
2025-11-04T09:41:06.152569,8.183788091642441e-10
2025-11-04T09:41:52.790238,8.516911620404244e-10
2025-11-04T09:42:39.256577,8.542578866510553e-10
2025-11-04T09:43:23.525446,8.46155756573097e-10
2025-11-04T09:44:09.796854,7.945273328147096e-10
2025-11-04T09:44:55.440586,8.557460295932628e-10
2025-11-04T09:45:41.702332,8.072907897727077e-10
2025-11-04T09:46:26.429892,8.41638425619351e-10
2025-11-04T09:47:11.893701,7.775087795813818e-10
2025-11-04T09:47:56.352425,7.903147580812231e-10
2025-11-04T09:48:42.509480,8.100664583565731e-10
2025-11-04T09:49:28.442020,8.033282927755181e-10
2025-11-04T09:50:12.447259,7.046349059791623e-10
